time,log_dt_us,autopilot_mode,motors_on,autopilot_in_flight,rc_status,rc_time_since_last_frame,rc_frame_rate,rc_roll,rc_pitch,rc_yaw,rc_throttle,rc_mode,pos_x,pos_y,pos_z,vel_x,vel_y,vel_z,att_phi,att_theta,att_psi,rate_p,rate_q,rate_r,mixer_cmd_1,mixer_cmd_2,mixer_cmd_3,mixer_cmd_4,rl_enabled,rl_periodic_count,rl_waypoint_index,rl_target_x,rl_target_y,rl_target_z,rl_err_x,rl_err_y,rl_err_z,rl_dist,rl_mean_policy_rpm,rl_raw_mean_rpm,rl_obs_0,rl_obs_1,rl_obs_2,rl_obs_3,rl_obs_4,rl_obs_5,rl_obs_6,rl_obs_7,rl_obs_8,rl_obs_9,rl_obs_10,rl_obs_11,rl_obs_12,rl_obs_13,rl_obs_14,rl_obs_15,rl_obs_16,rl_obs_17,rl_obs_18,rl_obs_19,rl_policy_raw1,rl_policy_raw2,rl_policy_raw3,rl_policy_raw4,rl_action1,rl_action2,rl_action3,rl_action4,rl_motor_state1,rl_motor_state2,rl_motor_state3,rl_motor_state4,rl_rpm_cmd1,rl_rpm_cmd2,rl_rpm_cmd3,rl_rpm_cmd4,rl_rpm_applied1,rl_rpm_applied2,rl_rpm_applied3,rl_rpm_applied4,rl_periodic_dt_us,rl_sensor_read_time_us,rl_inference_time_us,rl_total_time_us,cmd_thrust,cmd_roll,cmd_pitch,cmd_yaw
0.001954,0,13,0,0,2,60,0,0,0,0,0,0,-0.000000,-0.000000,-0.099941,-0.000000,-0.000000,0.029400,0.000000,-0.000000,1.570796,-0.000000,-0.000000,0.000000,0,0,0,0,0,0,0,0.000000,0.000000,0.000000,0.000000,0.000000,0.000000,0.000000,0.000000,0,0.000000,0.000000,0.000000,0.000000,0.000000,0.000000,0.000000,0.000000,0.000000,0.000000,0.000000,0.000000,0.000000,0.000000,0.000000,0.000000,0.000000,0.000000,0.000000,0.000000,0.000000,0.000000,0.000000,0.000000,0.000000,0.000000,0.000000,0.000000,0.000000,0.000000,0.000000,0.000000,0,0,0,0,0,0,0,0,0,0,0,0,0,0,0,0
0.011724,9770,13,0,0,2,60,0,0,0,0,0,0,0.000000,0.000000,-0.099108,0.000000,0.000000,0.127400,0.000000,-0.000000,1.570796,-0.000000,-0.000000,0.000000,-9600,-9600,-9600,-9600,0,0,0,0.000000,0.000000,0.000000,0.000000,0.000000,0.000000,0.000000,0.000000,0,0.000000,0.000000,0.000000,0.000000,0.000000,0.000000,0.000000,0.000000,0.000000,0.000000,0.000000,0.000000,0.000000,0.000000,0.000000,0.000000,0.000000,0.000000,0.000000,0.000000,0.000000,0.000000,0.000000,0.000000,0.000000,0.000000,0.000000,0.000000,0.000000,0.000000,0.000000,0.000000,0,0,0,0,0,0,0,0,0,0,0,0,0,0,0,0
0.021494,9770,13,0,0,2,60,0,0,0,0,0,0,0.000000,-0.000000,-0.097295,-0.000000,-0.000000,0.225400,0.000000,-0.000000,1.570796,-0.000000,-0.000000,0.000000,-9600,-9600,-9600,-9600,0,0,0,0.000000,0.000000,0.000000,0.000000,0.000000,0.000000,0.000000,0.000000,0,0.000000,0.000000,0.000000,0.000000,0.000000,0.000000,0.000000,0.000000,0.000000,0.000000,0.000000,0.000000,0.000000,0.000000,0.000000,0.000000,0.000000,0.000000,0.000000,0.000000,0.000000,0.000000,0.000000,0.000000,0.000000,0.000000,0.000000,0.000000,0.000000,0.000000,0.000000,0.000000,0,0,0,0,0,0,0,0,0,0,0,0,0,0,0,0
0.031264,9770,13,0,0,2,60,0,0,0,0,0,0,0.000000,-0.000000,-0.094502,0.000000,-0.000000,0.323400,0.000000,-0.000000,1.570796,0.000000,0.000000,0.000000,-9600,-9600,-9600,-9600,0,0,0,0.000000,0.000000,0.000000,0.000000,0.000000,0.000000,0.000000,0.000000,0,0.000000,0.000000,0.000000,0.000000,0.000000,0.000000,0.000000,0.000000,0.000000,0.000000,0.000000,0.000000,0.000000,0.000000,0.000000,0.000000,0.000000,0.000000,0.000000,0.000000,0.000000,0.000000,0.000000,0.000000,0.000000,0.000000,0.000000,0.000000,0.000000,0.000000,0.000000,0.000000,0,0,0,0,0,0,0,0,0,0,0,0,0,0,0,0
0.041034,9770,13,0,0,2,60,0,0,0,0,0,0,0.000000,0.000000,-0.090729,0.000000,0.000000,0.421400,0.000000,0.000000,1.570796,0.000000,0.000000,0.000000,-9600,-9600,-9600,-9600,0,0,0,0.000000,0.000000,0.000000,0.000000,0.000000,0.000000,0.000000,0.000000,0,0.000000,0.000000,0.000000,0.000000,0.000000,0.000000,0.000000,0.000000,0.000000,0.000000,0.000000,0.000000,0.000000,0.000000,0.000000,0.000000,0.000000,0.000000,0.000000,0.000000,0.000000,0.000000,0.000000,0.000000,0.000000,0.000000,0.000000,0.000000,0.000000,0.000000,0.000000,0.000000,0,0,0,0,0,0,0,0,0,0,0,0,0,0,0,0
0.050804,9770,13,0,0,2,60,0,0,0,0,0,0,0.000000,0.000000,-0.085976,0.000000,0.000000,0.519400,0.000000,0.000000,1.570796,0.000000,-0.000000,0.000000,-9600,-9600,-9600,-9600,0,0,0,0.000000,0.000000,0.000000,0.000000,0.000000,0.000000,0.000000,0.000000,0,0.000000,0.000000,0.000000,0.000000,0.000000,0.000000,0.000000,0.000000,0.000000,0.000000,0.000000,0.000000,0.000000,0.000000,0.000000,0.000000,0.000000,0.000000,0.000000,0.000000,0.000000,0.000000,0.000000,0.000000,0.000000,0.000000,0.000000,0.000000,0.000000,0.000000,0.000000,0.000000,0,0,0,0,0,0,0,0,0,0,0,0,0,0,0,0
0.060574,9770,13,0,0,2,60,0,0,0,0,0,0,-0.000000,-0.000000,-0.080243,0.000000,0.000000,0.617400,0.000000,0.000000,1.570796,0.000000,0.000000,0.000000,-9600,-9600,-9600,-9600,0,0,0,0.000000,0.000000,0.000000,0.000000,0.000000,0.000000,0.000000,0.000000,0,0.000000,0.000000,0.000000,0.000000,0.000000,0.000000,0.000000,0.000000,0.000000,0.000000,0.000000,0.000000,0.000000,0.000000,0.000000,0.000000,0.000000,0.000000,0.000000,0.000000,0.000000,0.000000,0.000000,0.000000,0.000000,0.000000,0.000000,0.000000,0.000000,0.000000,0.000000,0.000000,0,0,0,0,0,0,0,0,0,0,0,0,0,0,0,0
0.070344,9770,13,0,0,2,60,0,0,0,0,0,0,0.000000,0.000000,-0.073530,0.000000,0.000000,0.715400,0.000000,0.000000,1.570796,0.000000,-0.000000,0.000000,-9600,-9600,-9600,-9600,0,0,0,0.000000,0.000000,0.000000,0.000000,0.000000,0.000000,0.000000,0.000000,0,0.000000,0.000000,0.000000,0.000000,0.000000,0.000000,0.000000,0.000000,0.000000,0.000000,0.000000,0.000000,0.000000,0.000000,0.000000,0.000000,0.000000,0.000000,0.000000,0.000000,0.000000,0.000000,0.000000,0.000000,0.000000,0.000000,0.000000,0.000000,0.000000,0.000000,0.000000,0.000000,0,0,0,0,0,0,0,0,0,0,0,0,0,0,0,0
0.080114,9770,13,0,0,2,60,0,0,0,0,0,0,-0.000000,0.000000,-0.065837,0.000000,0.000000,0.813400,0.000000,0.000000,1.570796,0.000000,0.000000,0.000000,-9600,-9600,-9600,-9600,0,0,0,0.000000,0.000000,0.000000,0.000000,0.000000,0.000000,0.000000,0.000000,0,0.000000,0.000000,0.000000,0.000000,0.000000,0.000000,0.000000,0.000000,0.000000,0.000000,0.000000,0.000000,0.000000,0.000000,0.000000,0.000000,0.000000,0.000000,0.000000,0.000000,0.000000,0.000000,0.000000,0.000000,0.000000,0.000000,0.000000,0.000000,0.000000,0.000000,0.000000,0.000000,0,0,0,0,0,0,0,0,0,0,0,0,0,0,0,0
0.089884,9770,13,0,0,2,60,0,0,0,0,0,0,-0.000000,-0.000000,-0.057164,-0.000000,-0.000000,0.911400,0.000000,0.000000,1.570796,-0.000000,-0.000000,0.000000,-9600,-9600,-9600,-9600,0,0,0,0.000000,0.000000,0.000000,0.000000,0.000000,0.000000,0.000000,0.000000,0,0.000000,0.000000,0.000000,0.000000,0.000000,0.000000,0.000000,0.000000,0.000000,0.000000,0.000000,0.000000,0.000000,0.000000,0.000000,0.000000,0.000000,0.000000,0.000000,0.000000,0.000000,0.000000,0.000000,0.000000,0.000000,0.000000,0.000000,0.000000,0.000000,0.000000,0.000000,0.000000,0,0,0,0,0,0,0,0,0,0,0,0,0,0,0,0
0.099654,9770,13,0,0,2,60,0,0,0,0,0,0,-0.000000,0.000000,-0.047511,0.000000,0.000000,1.009400,0.000000,-0.000000,1.570796,-0.000000,-0.000000,0.000000,-9600,-9600,-9600,-9600,0,0,0,0.000000,0.000000,0.000000,0.000000,0.000000,0.000000,0.000000,0.000000,0,0.000000,0.000000,0.000000,0.000000,0.000000,0.000000,0.000000,0.000000,0.000000,0.000000,0.000000,0.000000,0.000000,0.000000,0.000000,0.000000,0.000000,0.000000,0.000000,0.000000,0.000000,0.000000,0.000000,0.000000,0.000000,0.000000,0.000000,0.000000,0.000000,0.000000,0.000000,0.000000,0,0,0,0,0,0,0,0,0,0,0,0,0,0,0,0
0.109424,9770,13,0,0,2,60,0,0,0,0,0,0,-0.000000,0.000000,-0.036878,0.000000,0.000000,1.107400,0.000000,-0.000000,1.570796,-0.000000,-0.000000,0.000000,-9600,-9600,-9600,-9600,0,0,0,0.000000,0.000000,0.000000,0.000000,0.000000,0.000000,0.000000,0.000000,0,0.000000,0.000000,0.000000,0.000000,0.000000,0.000000,0.000000,0.000000,0.000000,0.000000,0.000000,0.000000,0.000000,0.000000,0.000000,0.000000,0.000000,0.000000,0.000000,0.000000,0.000000,0.000000,0.000000,0.000000,0.000000,0.000000,0.000000,0.000000,0.000000,0.000000,0.000000,0.000000,0,0,0,0,0,0,0,0,0,0,0,0,0,0,0,0
0.119194,9770,13,0,0,2,60,0,0,0,0,0,0,-0.000003,-0.000000,-0.034978,-0.002634,-0.000010,0.014459,0.000110,-0.000000,1.570796,0.122294,0.000000,0.000050,-9600,-9600,-9600,-9600,0,0,0,0.000000,0.000000,0.000000,0.000000,0.000000,0.000000,0.000000,0.000000,0,0.000000,0.000000,0.000000,0.000000,0.000000,0.000000,0.000000,0.000000,0.000000,0.000000,0.000000,0.000000,0.000000,0.000000,0.000000,0.000000,0.000000,0.000000,0.000000,0.000000,0.000000,0.000000,0.000000,0.000000,0.000000,0.000000,0.000000,0.000000,0.000000,0.000000,0.000000,0.000000,0,0,0,0,0,0,0,0,0,0,0,0,0,12,5,0
0.128964,9770,13,0,0,2,60,0,0,0,0,0,0,-0.000016,-0.000000,-0.034856,-0.004642,-0.000000,0.033094,0.000722,0.000000,1.570796,0.215488,0.000000,0.000001,-9600,-9600,-9600,-9600,0,0,0,0.000000,0.000000,0.000000,0.000000,0.000000,0.000000,0.000000,0.000000,0,0.000000,0.000000,0.000000,0.000000,0.000000,0.000000,0.000000,0.000000,0.000000,0.000000,0.000000,0.000000,0.000000,0.000000,0.000000,0.000000,0.000000,0.000000,0.000000,0.000000,0.000000,0.000000,0.000000,0.000000,0.000000,0.000000,0.000000,0.000000,0.000000,0.000000,0.000000,0.000000,0,0,0,0,0,0,0,0,0,0,0,0,0,72,0,0
0.138734,9770,13,0,0,2,60,0,0,0,0,0,0,-0.000020,-0.000000,-0.034820,-0.004873,-0.000000,0.035223,0.000899,-0.000000,1.570796,0.226140,0.000000,0.000000,-9600,-9600,-9600,-9600,0,0,0,0.000000,0.000000,0.000000,0.000000,0.000000,0.000000,0.000000,0.000000,0,0.000000,0.000000,0.000000,0.000000,0.000000,0.000000,0.000000,0.000000,0.000000,0.000000,0.000000,0.000000,0.000000,0.000000,0.000000,0.000000,0.000000,0.000000,0.000000,0.000000,0.000000,0.000000,0.000000,0.000000,0.000000,0.000000,0.000000,0.000000,0.000000,0.000000,0.000000,0.000000,0,0,0,0,0,0,0,0,0,0,0,0,0,89,0,0
0.148504,9770,13,0,0,2,60,0,0,0,0,0,0,-0.000020,-0.000000,-0.034814,-0.004899,-0.000000,0.035464,0.000932,-0.000000,1.570796,0.227346,0.000000,0.000000,-9600,-9600,-9600,-9600,0,0,0,0.000000,0.000000,0.000000,0.000000,0.000000,0.000000,0.000000,0.000000,0,0.000000,0.000000,0.000000,0.000000,0.000000,0.000000,0.000000,0.000000,0.000000,0.000000,0.000000,0.000000,0.000000,0.000000,0.000000,0.000000,0.000000,0.000000,0.000000,0.000000,0.000000,0.000000,0.000000,0.000000,0.000000,0.000000,0.000000,0.000000,0.000000,0.000000,0.000000,0.000000,0,0,0,0,0,0,0,0,0,0,0,0,0,100,0,0
0.158274,9770,13,0,0,2,60,0,0,0,0,0,0,-0.000020,-0.000000,-0.034813,-0.004902,-0.000000,0.035491,0.000937,-0.000000,1.570796,0.227481,0.000000,0.000000,-9600,-9600,-9600,-9600,0,0,0,0.000000,0.000000,0.000000,0.000000,0.000000,0.000000,0.000000,0.000000,0,0.000000,0.000000,0.000000,0.000000,0.000000,0.000000,0.000000,0.000000,0.000000,0.000000,0.000000,0.000000,0.000000,0.000000,0.000000,0.000000,0.000000,0.000000,0.000000,0.000000,0.000000,0.000000,0.000000,0.000000,0.000000,0.000000,0.000000,0.000000,0.000000,0.000000,0.000000,0.000000,0,0,0,0,0,0,0,0,0,0,0,0,0,108,0,0
0.168044,9770,13,0,0,2,60,0,0,0,0,0,0,-0.000020,-0.000000,-0.034813,-0.004902,-0.000000,0.035494,0.000938,0.000000,1.570796,0.227496,0.000000,0.000000,-9600,-9600,-9600,-9600,0,0,0,0.000000,0.000000,0.000000,0.000000,0.000000,0.000000,0.000000,0.000000,0,0.000000,0.000000,0.000000,0.000000,0.000000,0.000000,0.000000,0.000000,0.000000,0.000000,0.000000,0.000000,0.000000,0.000000,0.000000,0.000000,0.000000,0.000000,0.000000,0.000000,0.000000,0.000000,0.000000,0.000000,0.000000,0.000000,0.000000,0.000000,0.000000,0.000000,0.000000,0.000000,0,0,0,0,0,0,0,0,0,0,0,0,0,115,0,0
0.177814,9770,13,0,0,2,60,0,0,0,0,0,0,-0.000020,-0.000000,-0.034812,-0.004902,-0.000000,0.035494,0.000938,0.000000,1.570796,0.227498,0.000000,0.000000,-9600,-9600,-9600,-9600,0,0,0,0.000000,0.000000,0.000000,0.000000,0.000000,0.000000,0.000000,0.000000,0,0.000000,0.000000,0.000000,0.000000,0.000000,0.000000,0.000000,0.000000,0.000000,0.000000,0.000000,0.000000,0.000000,0.000000,0.000000,0.000000,0.000000,0.000000,0.000000,0.000000,0.000000,0.000000,0.000000,0.000000,0.000000,0.000000,0.000000,0.000000,0.000000,0.000000,0.000000,0.000000,0,0,0,0,0,0,0,0,0,0,0,0,0,122,0,0
0.187584,9770,13,0,0,2,60,0,0,0,0,0,0,-0.000021,-0.000000,-0.034812,-0.004902,-0.000000,0.035494,0.000938,-0.000000,1.570796,0.227498,0.000000,0.000000,-9600,-9600,-9600,-9600,0,0,0,0.000000,0.000000,0.000000,0.000000,0.000000,0.000000,0.000000,0.000000,0,0.000000,0.000000,0.000000,0.000000,0.000000,0.000000,0.000000,0.000000,0.000000,0.000000,0.000000,0.000000,0.000000,0.000000,0.000000,0.000000,0.000000,0.000000,0.000000,0.000000,0.000000,0.000000,0.000000,0.000000,0.000000,0.000000,0.000000,0.000000,0.000000,0.000000,0.000000,0.000000,0,0,0,0,0,0,0,0,0,0,0,0,0,127,0,0
0.197354,9770,13,0,0,2,60,0,0,0,0,0,0,-0.000021,-0.000000,-0.034812,-0.004902,-0.000000,0.035494,0.000938,0.000000,1.570796,0.227498,0.000000,0.000000,-9600,-9600,-9600,-9600,0,0,0,0.000000,0.000000,0.000000,0.000000,0.000000,0.000000,0.000000,0.000000,0,0.000000,0.000000,0.000000,0.000000,0.000000,0.000000,0.000000,0.000000,0.000000,0.000000,0.000000,0.000000,0.000000,0.000000,0.000000,0.000000,0.000000,0.000000,0.000000,0.000000,0.000000,0.000000,0.000000,0.000000,0.000000,0.000000,0.000000,0.000000,0.000000,0.000000,0.000000,0.000000,0,0,0,0,0,0,0,0,0,0,0,0,0,133,0,0
0.207124,9770,13,0,0,2,60,0,0,0,0,0,0,-0.000021,-0.000000,-0.034812,-0.004902,-0.000000,0.035494,0.000938,-0.000000,1.570796,0.227498,0.000000,0.000000,-9600,-9600,-9600,-9600,0,0,0,0.000000,0.000000,0.000000,0.000000,0.000000,0.000000,0.000000,0.000000,0,0.000000,0.000000,0.000000,0.000000,0.000000,0.000000,0.000000,0.000000,0.000000,0.000000,0.000000,0.000000,0.000000,0.000000,0.000000,0.000000,0.000000,0.000000,0.000000,0.000000,0.000000,0.000000,0.000000,0.000000,0.000000,0.000000,0.000000,0.000000,0.000000,0.000000,0.000000,0.000000,0,0,0,0,0,0,0,0,0,0,0,0,0,139,0,0
0.216894,9770,13,0,0,2,60,0,0,0,0,0,0,-0.000021,-0.000000,-0.034812,-0.004902,-0.000000,0.035494,0.000938,0.000000,1.570796,0.227498,0.000000,0.000000,-9600,-9600,-9600,-9600,0,0,0,0.000000,0.000000,0.000000,0.000000,0.000000,0.000000,0.000000,0.000000,0,0.000000,0.000000,0.000000,0.000000,0.000000,0.000000,0.000000,0.000000,0.000000,0.000000,0.000000,0.000000,0.000000,0.000000,0.000000,0.000000,0.000000,0.000000,0.000000,0.000000,0.000000,0.000000,0.000000,0.000000,0.000000,0.000000,0.000000,0.000000,0.000000,0.000000,0.000000,0.000000,0,0,0,0,0,0,0,0,0,0,0,0,0,144,0,0
0.226664,9770,13,0,0,2,60,0,0,0,0,0,0,-0.000021,-0.000000,-0.034812,-0.004902,-0.000000,0.035494,0.000938,0.000000,1.570796,0.227498,0.000000,0.000000,-9600,-9600,-9600,-9600,0,0,0,0.000000,0.000000,0.000000,0.000000,0.000000,0.000000,0.000000,0.000000,0,0.000000,0.000000,0.000000,0.000000,0.000000,0.000000,0.000000,0.000000,0.000000,0.000000,0.000000,0.000000,0.000000,0.000000,0.000000,0.000000,0.000000,0.000000,0.000000,0.000000,0.000000,0.000000,0.000000,0.000000,0.000000,0.000000,0.000000,0.000000,0.000000,0.000000,0.000000,0.000000,0,0,0,0,0,0,0,0,0,0,0,0,0,150,0,0
0.236434,9770,13,0,0,2,60,0,0,0,0,0,0,-0.000021,-0.000000,-0.034812,-0.004902,-0.000000,0.035494,0.000938,0.000000,1.570796,0.227498,0.000000,0.000000,-9600,-9600,-9600,-9600,0,0,0,0.000000,0.000000,0.000000,0.000000,0.000000,0.000000,0.000000,0.000000,0,0.000000,0.000000,0.000000,0.000000,0.000000,0.000000,0.000000,0.000000,0.000000,0.000000,0.000000,0.000000,0.000000,0.000000,0.000000,0.000000,0.000000,0.000000,0.000000,0.000000,0.000000,0.000000,0.000000,0.000000,0.000000,0.000000,0.000000,0.000000,0.000000,0.000000,0.000000,0.000000,0,0,0,0,0,0,0,0,0,0,0,0,0,156,0,0
0.246204,9770,13,0,0,2,60,0,0,0,0,0,0,-0.000021,-0.000000,-0.034812,-0.004902,-0.000000,0.035494,0.000938,0.000000,1.570796,0.227498,0.000000,0.000000,-9600,-9600,-9600,-9600,0,0,0,0.000000,0.000000,0.000000,0.000000,0.000000,0.000000,0.000000,0.000000,0,0.000000,0.000000,0.000000,0.000000,0.000000,0.000000,0.000000,0.000000,0.000000,0.000000,0.000000,0.000000,0.000000,0.000000,0.000000,0.000000,0.000000,0.000000,0.000000,0.000000,0.000000,0.000000,0.000000,0.000000,0.000000,0.000000,0.000000,0.000000,0.000000,0.000000,0.000000,0.000000,0,0,0,0,0,0,0,0,0,0,0,0,0,162,0,0
0.255974,9770,13,0,0,2,60,0,0,0,0,0,0,-0.000021,-0.000000,-0.034812,-0.004902,-0.000000,0.035494,0.000938,0.000000,1.570796,0.227498,0.000000,0.000000,-9600,-9600,-9600,-9600,0,0,0,0.000000,0.000000,0.000000,0.000000,0.000000,0.000000,0.000000,0.000000,0,0.000000,0.000000,0.000000,0.000000,0.000000,0.000000,0.000000,0.000000,0.000000,0.000000,0.000000,0.000000,0.000000,0.000000,0.000000,0.000000,0.000000,0.000000,0.000000,0.000000,0.000000,0.000000,0.000000,0.000000,0.000000,0.000000,0.000000,0.000000,0.000000,0.000000,0.000000,0.000000,0,0,0,0,0,0,0,0,0,0,0,0,0,168,0,0
0.265744,9770,13,0,0,2,60,0,0,0,0,0,0,-0.000021,-0.000000,-0.034812,-0.004902,-0.000000,0.035494,0.000938,0.000000,1.570796,0.227498,0.000000,0.000000,-9600,-9600,-9600,-9600,0,0,0,0.000000,0.000000,0.000000,0.000000,0.000000,0.000000,0.000000,0.000000,0,0.000000,0.000000,0.000000,0.000000,0.000000,0.000000,0.000000,0.000000,0.000000,0.000000,0.000000,0.000000,0.000000,0.000000,0.000000,0.000000,0.000000,0.000000,0.000000,0.000000,0.000000,0.000000,0.000000,0.000000,0.000000,0.000000,0.000000,0.000000,0.000000,0.000000,0.000000,0.000000,0,0,0,0,0,0,0,0,0,0,0,0,0,174,0,0
0.275514,9770,13,0,0,2,60,0,0,0,0,0,0,-0.000021,-0.000000,-0.034812,-0.004902,-0.000000,0.035494,0.000938,0.000000,1.570796,0.227498,0.000000,0.000000,-9600,-9600,-9600,-9600,0,0,0,0.000000,0.000000,0.000000,0.000000,0.000000,0.000000,0.000000,0.000000,0,0.000000,0.000000,0.000000,0.000000,0.000000,0.000000,0.000000,0.000000,0.000000,0.000000,0.000000,0.000000,0.000000,0.000000,0.000000,0.000000,0.000000,0.000000,0.000000,0.000000,0.000000,0.000000,0.000000,0.000000,0.000000,0.000000,0.000000,0.000000,0.000000,0.000000,0.000000,0.000000,0,0,0,0,0,0,0,0,0,0,0,0,0,180,0,0
0.285284,9770,13,0,0,2,60,0,0,0,0,0,0,-0.000021,-0.000000,-0.034812,-0.004902,-0.000000,0.035494,0.000938,0.000000,1.570796,0.227498,0.000000,0.000000,-9600,-9600,-9600,-9600,0,0,0,0.000000,0.000000,0.000000,0.000000,0.000000,0.000000,0.000000,0.000000,0,0.000000,0.000000,0.000000,0.000000,0.000000,0.000000,0.000000,0.000000,0.000000,0.000000,0.000000,0.000000,0.000000,0.000000,0.000000,0.000000,0.000000,0.000000,0.000000,0.000000,0.000000,0.000000,0.000000,0.000000,0.000000,0.000000,0.000000,0.000000,0.000000,0.000000,0.000000,0.000000,0,0,0,0,0,0,0,0,0,0,0,0,0,186,0,0
0.295054,9770,13,0,0,2,60,0,0,0,0,0,0,-0.000021,-0.000000,-0.034812,-0.004902,-0.000000,0.035494,0.000938,0.000000,1.570796,0.227498,0.000000,0.000000,-9600,-9600,-9600,-9600,0,0,0,0.000000,0.000000,0.000000,0.000000,0.000000,0.000000,0.000000,0.000000,0,0.000000,0.000000,0.000000,0.000000,0.000000,0.000000,0.000000,0.000000,0.000000,0.000000,0.000000,0.000000,0.000000,0.000000,0.000000,0.000000,0.000000,0.000000,0.000000,0.000000,0.000000,0.000000,0.000000,0.000000,0.000000,0.000000,0.000000,0.000000,0.000000,0.000000,0.000000,0.000000,0,0,0,0,0,0,0,0,0,0,0,0,0,192,0,0
0.304824,9770,13,0,0,2,60,0,0,0,0,0,0,-0.000021,-0.000000,-0.034812,-0.004902,-0.000000,0.035494,0.000938,0.000000,1.570796,0.227498,0.000000,0.000000,-9600,-9600,-9600,-9600,0,0,0,0.000000,0.000000,0.000000,0.000000,0.000000,0.000000,0.000000,0.000000,0,0.000000,0.000000,0.000000,0.000000,0.000000,0.000000,0.000000,0.000000,0.000000,0.000000,0.000000,0.000000,0.000000,0.000000,0.000000,0.000000,0.000000,0.000000,0.000000,0.000000,0.000000,0.000000,0.000000,0.000000,0.000000,0.000000,0.000000,0.000000,0.000000,0.000000,0.000000,0.000000,0,0,0,0,0,0,0,0,0,0,0,0,0,199,0,0
0.314594,9770,13,0,0,2,60,0,0,0,0,0,0,-0.000021,-0.000000,-0.034812,-0.004902,-0.000000,0.035494,0.000938,0.000000,1.570796,0.227498,0.000000,0.000000,-9600,-9600,-9600,-9600,0,0,0,0.000000,0.000000,0.000000,0.000000,0.000000,0.000000,0.000000,0.000000,0,0.000000,0.000000,0.000000,0.000000,0.000000,0.000000,0.000000,0.000000,0.000000,0.000000,0.000000,0.000000,0.000000,0.000000,0.000000,0.000000,0.000000,0.000000,0.000000,0.000000,0.000000,0.000000,0.000000,0.000000,0.000000,0.000000,0.000000,0.000000,0.000000,0.000000,0.000000,0.000000,0,0,0,0,0,0,0,0,0,0,0,0,0,205,0,0
0.324364,9770,13,0,0,2,60,0,0,0,0,0,0,-0.000021,-0.000000,-0.034812,-0.004902,-0.000000,0.035494,0.000938,0.000000,1.570796,0.227498,0.000000,0.000000,-9600,-9600,-9600,-9600,0,0,0,0.000000,0.000000,0.000000,0.000000,0.000000,0.000000,0.000000,0.000000,0,0.000000,0.000000,0.000000,0.000000,0.000000,0.000000,0.000000,0.000000,0.000000,0.000000,0.000000,0.000000,0.000000,0.000000,0.000000,0.000000,0.000000,0.000000,0.000000,0.000000,0.000000,0.000000,0.000000,0.000000,0.000000,0.000000,0.000000,0.000000,0.000000,0.000000,0.000000,0.000000,0,0,0,0,0,0,0,0,0,0,0,0,0,211,0,0
0.334134,9770,13,0,0,2,60,0,0,0,0,0,0,-0.000021,-0.000000,-0.034812,-0.004902,-0.000000,0.035494,0.000938,0.000000,1.570796,0.227498,0.000000,0.000000,-9600,-9600,-9600,-9600,0,0,0,0.000000,0.000000,0.000000,0.000000,0.000000,0.000000,0.000000,0.000000,0,0.000000,0.000000,0.000000,0.000000,0.000000,0.000000,0.000000,0.000000,0.000000,0.000000,0.000000,0.000000,0.000000,0.000000,0.000000,0.000000,0.000000,0.000000,0.000000,0.000000,0.000000,0.000000,0.000000,0.000000,0.000000,0.000000,0.000000,0.000000,0.000000,0.000000,0.000000,0.000000,0,0,0,0,0,0,0,0,0,0,0,0,0,218,0,0
0.343904,9770,13,0,0,2,60,0,0,0,0,0,0,-0.000021,-0.000000,-0.034812,-0.004902,-0.000000,0.035494,0.000938,0.000000,1.570796,0.227498,0.000000,0.000000,-9600,-9600,-9600,-9600,0,0,0,0.000000,0.000000,0.000000,0.000000,0.000000,0.000000,0.000000,0.000000,0,0.000000,0.000000,0.000000,0.000000,0.000000,0.000000,0.000000,0.000000,0.000000,0.000000,0.000000,0.000000,0.000000,0.000000,0.000000,0.000000,0.000000,0.000000,0.000000,0.000000,0.000000,0.000000,0.000000,0.000000,0.000000,0.000000,0.000000,0.000000,0.000000,0.000000,0.000000,0.000000,0,0,0,0,0,0,0,0,0,0,0,0,0,224,0,0
0.353674,9770,13,0,0,2,60,0,0,0,0,0,0,-0.000021,-0.000000,-0.034812,-0.004902,-0.000000,0.035494,0.000938,0.000000,1.570796,0.227498,0.000000,0.000000,-9600,-9600,-9600,-9600,0,0,0,0.000000,0.000000,0.000000,0.000000,0.000000,0.000000,0.000000,0.000000,0,0.000000,0.000000,0.000000,0.000000,0.000000,0.000000,0.000000,0.000000,0.000000,0.000000,0.000000,0.000000,0.000000,0.000000,0.000000,0.000000,0.000000,0.000000,0.000000,0.000000,0.000000,0.000000,0.000000,0.000000,0.000000,0.000000,0.000000,0.000000,0.000000,0.000000,0.000000,0.000000,0,0,0,0,0,0,0,0,0,0,0,0,0,230,0,0
0.363444,9770,13,0,0,2,60,0,0,0,0,0,0,-0.000021,-0.000000,-0.034812,-0.004902,-0.000000,0.035494,0.000938,0.000000,1.570796,0.227498,0.000000,0.000000,-9600,-9600,-9600,-9600,0,0,0,0.000000,0.000000,0.000000,0.000000,0.000000,0.000000,0.000000,0.000000,0,0.000000,0.000000,0.000000,0.000000,0.000000,0.000000,0.000000,0.000000,0.000000,0.000000,0.000000,0.000000,0.000000,0.000000,0.000000,0.000000,0.000000,0.000000,0.000000,0.000000,0.000000,0.000000,0.000000,0.000000,0.000000,0.000000,0.000000,0.000000,0.000000,0.000000,0.000000,0.000000,0,0,0,0,0,0,0,0,0,0,0,0,0,237,0,0
0.373214,9770,13,0,0,2,60,0,0,0,0,0,0,-0.000021,-0.000000,-0.034812,-0.004902,-0.000000,0.035494,0.000938,0.000000,1.570796,0.227498,0.000000,0.000000,-9600,-9600,-9600,-9600,0,0,0,0.000000,0.000000,0.000000,0.000000,0.000000,0.000000,0.000000,0.000000,0,0.000000,0.000000,0.000000,0.000000,0.000000,0.000000,0.000000,0.000000,0.000000,0.000000,0.000000,0.000000,0.000000,0.000000,0.000000,0.000000,0.000000,0.000000,0.000000,0.000000,0.000000,0.000000,0.000000,0.000000,0.000000,0.000000,0.000000,0.000000,0.000000,0.000000,0.000000,0.000000,0,0,0,0,0,0,0,0,0,0,0,0,0,243,0,0
0.382984,9770,13,0,0,2,60,0,0,0,0,0,0,-0.000021,-0.000000,-0.034812,-0.004902,-0.000000,0.035494,0.000938,0.000000,1.570796,0.227498,0.000000,0.000000,-9600,-9600,-9600,-9600,0,0,0,0.000000,0.000000,0.000000,0.000000,0.000000,0.000000,0.000000,0.000000,0,0.000000,0.000000,0.000000,0.000000,0.000000,0.000000,0.000000,0.000000,0.000000,0.000000,0.000000,0.000000,0.000000,0.000000,0.000000,0.000000,0.000000,0.000000,0.000000,0.000000,0.000000,0.000000,0.000000,0.000000,0.000000,0.000000,0.000000,0.000000,0.000000,0.000000,0.000000,0.000000,0,0,0,0,0,0,0,0,0,0,0,0,0,249,0,0
0.392754,9770,13,0,0,2,60,0,0,0,0,0,0,-0.000021,-0.000000,-0.034812,-0.004902,-0.000000,0.035494,0.000938,0.000000,1.570796,0.227498,0.000000,0.000000,-9600,-9600,-9600,-9600,0,0,0,0.000000,0.000000,0.000000,0.000000,0.000000,0.000000,0.000000,0.000000,0,0.000000,0.000000,0.000000,0.000000,0.000000,0.000000,0.000000,0.000000,0.000000,0.000000,0.000000,0.000000,0.000000,0.000000,0.000000,0.000000,0.000000,0.000000,0.000000,0.000000,0.000000,0.000000,0.000000,0.000000,0.000000,0.000000,0.000000,0.000000,0.000000,0.000000,0.000000,0.000000,0,0,0,0,0,0,0,0,0,0,0,0,0,256,0,0
0.402524,9770,13,0,0,2,60,0,0,0,0,0,0,-0.000021,-0.000000,-0.034812,-0.004902,-0.000000,0.035494,0.000938,0.000000,1.570796,0.227498,0.000000,0.000000,-9600,-9600,-9600,-9600,0,0,0,0.000000,0.000000,0.000000,0.000000,0.000000,0.000000,0.000000,0.000000,0,0.000000,0.000000,0.000000,0.000000,0.000000,0.000000,0.000000,0.000000,0.000000,0.000000,0.000000,0.000000,0.000000,0.000000,0.000000,0.000000,0.000000,0.000000,0.000000,0.000000,0.000000,0.000000,0.000000,0.000000,0.000000,0.000000,0.000000,0.000000,0.000000,0.000000,0.000000,0.000000,0,0,0,0,0,0,0,0,0,0,0,0,0,262,0,0
0.412294,9770,13,0,0,2,60,0,0,0,0,0,0,-0.000021,-0.000000,-0.034812,-0.004902,-0.000000,0.035494,0.000938,0.000000,1.570796,0.227498,0.000000,0.000000,-9600,-9600,-9600,-9600,0,0,0,0.000000,0.000000,0.000000,0.000000,0.000000,0.000000,0.000000,0.000000,0,0.000000,0.000000,0.000000,0.000000,0.000000,0.000000,0.000000,0.000000,0.000000,0.000000,0.000000,0.000000,0.000000,0.000000,0.000000,0.000000,0.000000,0.000000,0.000000,0.000000,0.000000,0.000000,0.000000,0.000000,0.000000,0.000000,0.000000,0.000000,0.000000,0.000000,0.000000,0.000000,0,0,0,0,0,0,0,0,0,0,0,0,0,268,0,0
0.422064,9770,13,0,0,2,60,0,0,0,0,0,0,-0.000021,-0.000000,-0.034812,-0.004902,-0.000000,0.035494,0.000938,0.000000,1.570796,0.227498,0.000000,0.000000,-9600,-9600,-9600,-9600,0,0,0,0.000000,0.000000,0.000000,0.000000,0.000000,0.000000,0.000000,0.000000,0,0.000000,0.000000,0.000000,0.000000,0.000000,0.000000,0.000000,0.000000,0.000000,0.000000,0.000000,0.000000,0.000000,0.000000,0.000000,0.000000,0.000000,0.000000,0.000000,0.000000,0.000000,0.000000,0.000000,0.000000,0.000000,0.000000,0.000000,0.000000,0.000000,0.000000,0.000000,0.000000,0,0,0,0,0,0,0,0,0,0,0,0,0,275,0,0
0.431834,9770,13,0,0,2,60,0,0,0,0,0,0,-0.000021,-0.000000,-0.034812,-0.004902,-0.000000,0.035494,0.000938,0.000000,1.570796,0.227498,0.000000,0.000000,-9600,-9600,-9600,-9600,0,0,0,0.000000,0.000000,0.000000,0.000000,0.000000,0.000000,0.000000,0.000000,0,0.000000,0.000000,0.000000,0.000000,0.000000,0.000000,0.000000,0.000000,0.000000,0.000000,0.000000,0.000000,0.000000,0.000000,0.000000,0.000000,0.000000,0.000000,0.000000,0.000000,0.000000,0.000000,0.000000,0.000000,0.000000,0.000000,0.000000,0.000000,0.000000,0.000000,0.000000,0.000000,0,0,0,0,0,0,0,0,0,0,0,0,0,281,0,0
0.441604,9770,13,0,0,2,60,0,0,0,0,0,0,-0.000021,-0.000000,-0.034812,-0.004902,-0.000000,0.035494,0.000938,0.000000,1.570796,0.227498,0.000000,0.000000,-9600,-9600,-9600,-9600,0,0,0,0.000000,0.000000,0.000000,0.000000,0.000000,0.000000,0.000000,0.000000,0,0.000000,0.000000,0.000000,0.000000,0.000000,0.000000,0.000000,0.000000,0.000000,0.000000,0.000000,0.000000,0.000000,0.000000,0.000000,0.000000,0.000000,0.000000,0.000000,0.000000,0.000000,0.000000,0.000000,0.000000,0.000000,0.000000,0.000000,0.000000,0.000000,0.000000,0.000000,0.000000,0,0,0,0,0,0,0,0,0,0,0,0,0,287,0,0
0.451374,9770,13,0,0,2,60,0,0,0,0,0,0,-0.000021,-0.000000,-0.034812,-0.004902,-0.000000,0.035494,0.000938,0.000000,1.570796,0.227498,0.000000,0.000000,-9600,-9600,-9600,-9600,0,0,0,0.000000,0.000000,0.000000,0.000000,0.000000,0.000000,0.000000,0.000000,0,0.000000,0.000000,0.000000,0.000000,0.000000,0.000000,0.000000,0.000000,0.000000,0.000000,0.000000,0.000000,0.000000,0.000000,0.000000,0.000000,0.000000,0.000000,0.000000,0.000000,0.000000,0.000000,0.000000,0.000000,0.000000,0.000000,0.000000,0.000000,0.000000,0.000000,0.000000,0.000000,0,0,0,0,0,0,0,0,0,0,0,0,0,294,0,0
0.461144,9770,13,0,0,2,60,0,0,0,0,0,0,-0.000021,-0.000000,-0.034812,-0.004902,-0.000000,0.035494,0.000938,0.000000,1.570796,0.227498,0.000000,0.000000,-9600,-9600,-9600,-9600,0,0,0,0.000000,0.000000,0.000000,0.000000,0.000000,0.000000,0.000000,0.000000,0,0.000000,0.000000,0.000000,0.000000,0.000000,0.000000,0.000000,0.000000,0.000000,0.000000,0.000000,0.000000,0.000000,0.000000,0.000000,0.000000,0.000000,0.000000,0.000000,0.000000,0.000000,0.000000,0.000000,0.000000,0.000000,0.000000,0.000000,0.000000,0.000000,0.000000,0.000000,0.000000,0,0,0,0,0,0,0,0,0,0,0,0,0,300,0,0
0.470914,9770,13,0,0,2,60,0,0,0,0,0,0,-0.000021,-0.000000,-0.034812,-0.004902,-0.000000,0.035494,0.000938,0.000000,1.570796,0.227498,0.000000,0.000000,-9600,-9600,-9600,-9600,0,0,0,0.000000,0.000000,0.000000,0.000000,0.000000,0.000000,0.000000,0.000000,0,0.000000,0.000000,0.000000,0.000000,0.000000,0.000000,0.000000,0.000000,0.000000,0.000000,0.000000,0.000000,0.000000,0.000000,0.000000,0.000000,0.000000,0.000000,0.000000,0.000000,0.000000,0.000000,0.000000,0.000000,0.000000,0.000000,0.000000,0.000000,0.000000,0.000000,0.000000,0.000000,0,0,0,0,0,0,0,0,0,0,0,0,0,306,0,0
0.480684,9770,13,0,0,2,60,0,0,0,0,0,0,-0.000021,-0.000000,-0.034812,-0.004902,-0.000000,0.035494,0.000938,0.000000,1.570796,0.227498,0.000000,0.000000,-9600,-9600,-9600,-9600,0,0,0,0.000000,0.000000,0.000000,0.000000,0.000000,0.000000,0.000000,0.000000,0,0.000000,0.000000,0.000000,0.000000,0.000000,0.000000,0.000000,0.000000,0.000000,0.000000,0.000000,0.000000,0.000000,0.000000,0.000000,0.000000,0.000000,0.000000,0.000000,0.000000,0.000000,0.000000,0.000000,0.000000,0.000000,0.000000,0.000000,0.000000,0.000000,0.000000,0.000000,0.000000,0,0,0,0,0,0,0,0,0,0,0,0,0,313,0,0
0.490454,9770,13,0,0,2,60,0,0,0,0,0,0,-0.000021,-0.000000,-0.034812,-0.004902,-0.000000,0.035494,0.000938,0.000000,1.570796,0.227498,0.000000,0.000000,-9600,-9600,-9600,-9600,0,0,0,0.000000,0.000000,0.000000,0.000000,0.000000,0.000000,0.000000,0.000000,0,0.000000,0.000000,0.000000,0.000000,0.000000,0.000000,0.000000,0.000000,0.000000,0.000000,0.000000,0.000000,0.000000,0.000000,0.000000,0.000000,0.000000,0.000000,0.000000,0.000000,0.000000,0.000000,0.000000,0.000000,0.000000,0.000000,0.000000,0.000000,0.000000,0.000000,0.000000,0.000000,0,0,0,0,0,0,0,0,0,0,0,0,0,319,0,0
0.500224,9770,13,0,0,2,60,0,0,0,0,0,0,-0.000021,-0.000000,-0.034812,-0.004902,-0.000000,0.035494,0.000938,0.000000,1.570796,0.227498,0.000000,0.000000,-9600,-9600,-9600,-9600,0,0,0,0.000000,0.000000,0.000000,0.000000,0.000000,0.000000,0.000000,0.000000,0,0.000000,0.000000,0.000000,0.000000,0.000000,0.000000,0.000000,0.000000,0.000000,0.000000,0.000000,0.000000,0.000000,0.000000,0.000000,0.000000,0.000000,0.000000,0.000000,0.000000,0.000000,0.000000,0.000000,0.000000,0.000000,0.000000,0.000000,0.000000,0.000000,0.000000,0.000000,0.000000,0,0,0,0,0,0,0,0,0,0,0,0,0,325,0,0
0.509994,9770,13,0,0,2,60,0,0,0,0,0,0,-0.000021,-0.000000,-0.034812,-0.004902,-0.000000,0.035494,0.000938,0.000000,1.570796,0.227498,0.000000,0.000000,-9600,-9600,-9600,-9600,0,0,0,0.000000,0.000000,0.000000,0.000000,0.000000,0.000000,0.000000,0.000000,0,0.000000,0.000000,0.000000,0.000000,0.000000,0.000000,0.000000,0.000000,0.000000,0.000000,0.000000,0.000000,0.000000,0.000000,0.000000,0.000000,0.000000,0.000000,0.000000,0.000000,0.000000,0.000000,0.000000,0.000000,0.000000,0.000000,0.000000,0.000000,0.000000,0.000000,0.000000,0.000000,0,0,0,0,0,0,0,0,0,0,0,0,0,332,0,0
0.519764,9770,13,0,0,2,60,0,0,0,0,0,0,-0.000021,-0.000000,-0.034812,-0.004902,-0.000000,0.035494,0.000938,0.000000,1.570796,0.227498,0.000000,0.000000,-9600,-9600,-9600,-9600,0,0,0,0.000000,0.000000,0.000000,0.000000,0.000000,0.000000,0.000000,0.000000,0,0.000000,0.000000,0.000000,0.000000,0.000000,0.000000,0.000000,0.000000,0.000000,0.000000,0.000000,0.000000,0.000000,0.000000,0.000000,0.000000,0.000000,0.000000,0.000000,0.000000,0.000000,0.000000,0.000000,0.000000,0.000000,0.000000,0.000000,0.000000,0.000000,0.000000,0.000000,0.000000,0,0,0,0,0,0,0,0,0,0,0,0,0,338,0,0
0.529534,9770,13,0,0,2,60,0,0,0,0,0,0,-0.000021,-0.000000,-0.034812,-0.004902,-0.000000,0.035494,0.000938,0.000000,1.570796,0.227498,0.000000,0.000000,-9600,-9600,-9600,-9600,0,0,0,0.000000,0.000000,0.000000,0.000000,0.000000,0.000000,0.000000,0.000000,0,0.000000,0.000000,0.000000,0.000000,0.000000,0.000000,0.000000,0.000000,0.000000,0.000000,0.000000,0.000000,0.000000,0.000000,0.000000,0.000000,0.000000,0.000000,0.000000,0.000000,0.000000,0.000000,0.000000,0.000000,0.000000,0.000000,0.000000,0.000000,0.000000,0.000000,0.000000,0.000000,0,0,0,0,0,0,0,0,0,0,0,0,0,344,0,0
0.539304,9770,13,0,0,2,60,0,0,0,0,0,0,-0.000021,-0.000000,-0.034812,-0.004902,-0.000000,0.035494,0.000938,0.000000,1.570796,0.227498,0.000000,0.000000,-9600,-9600,-9600,-9600,0,0,0,0.000000,0.000000,0.000000,0.000000,0.000000,0.000000,0.000000,0.000000,0,0.000000,0.000000,0.000000,0.000000,0.000000,0.000000,0.000000,0.000000,0.000000,0.000000,0.000000,0.000000,0.000000,0.000000,0.000000,0.000000,0.000000,0.000000,0.000000,0.000000,0.000000,0.000000,0.000000,0.000000,0.000000,0.000000,0.000000,0.000000,0.000000,0.000000,0.000000,0.000000,0,0,0,0,0,0,0,0,0,0,0,0,0,351,0,0
0.549074,9770,13,0,0,2,60,0,0,0,0,0,0,-0.000021,-0.000000,-0.034812,-0.004902,-0.000000,0.035494,0.000938,0.000000,1.570796,0.227498,0.000000,0.000000,-9600,-9600,-9600,-9600,0,0,0,0.000000,0.000000,0.000000,0.000000,0.000000,0.000000,0.000000,0.000000,0,0.000000,0.000000,0.000000,0.000000,0.000000,0.000000,0.000000,0.000000,0.000000,0.000000,0.000000,0.000000,0.000000,0.000000,0.000000,0.000000,0.000000,0.000000,0.000000,0.000000,0.000000,0.000000,0.000000,0.000000,0.000000,0.000000,0.000000,0.000000,0.000000,0.000000,0.000000,0.000000,0,0,0,0,0,0,0,0,0,0,0,0,0,357,0,0
0.558844,9770,13,0,0,2,60,0,0,0,0,0,0,-0.000021,-0.000000,-0.034812,-0.004902,-0.000000,0.035494,0.000938,0.000000,1.570796,0.227498,0.000000,0.000000,-9600,-9600,-9600,-9600,0,0,0,0.000000,0.000000,0.000000,0.000000,0.000000,0.000000,0.000000,0.000000,0,0.000000,0.000000,0.000000,0.000000,0.000000,0.000000,0.000000,0.000000,0.000000,0.000000,0.000000,0.000000,0.000000,0.000000,0.000000,0.000000,0.000000,0.000000,0.000000,0.000000,0.000000,0.000000,0.000000,0.000000,0.000000,0.000000,0.000000,0.000000,0.000000,0.000000,0.000000,0.000000,0,0,0,0,0,0,0,0,0,0,0,0,0,363,0,0
0.568614,9770,13,0,0,2,60,0,0,0,0,0,0,-0.000021,-0.000000,-0.034812,-0.004902,-0.000000,0.035494,0.000938,0.000000,1.570796,0.227498,0.000000,0.000000,-9600,-9600,-9600,-9600,0,0,0,0.000000,0.000000,0.000000,0.000000,0.000000,0.000000,0.000000,0.000000,0,0.000000,0.000000,0.000000,0.000000,0.000000,0.000000,0.000000,0.000000,0.000000,0.000000,0.000000,0.000000,0.000000,0.000000,0.000000,0.000000,0.000000,0.000000,0.000000,0.000000,0.000000,0.000000,0.000000,0.000000,0.000000,0.000000,0.000000,0.000000,0.000000,0.000000,0.000000,0.000000,0,0,0,0,0,0,0,0,0,0,0,0,0,370,0,0
0.578384,9770,13,0,0,2,60,0,0,0,0,0,0,-0.000021,-0.000000,-0.034812,-0.004902,-0.000000,0.035494,0.000938,0.000000,1.570796,0.227498,0.000000,0.000000,-9600,-9600,-9600,-9600,0,0,0,0.000000,0.000000,0.000000,0.000000,0.000000,0.000000,0.000000,0.000000,0,0.000000,0.000000,0.000000,0.000000,0.000000,0.000000,0.000000,0.000000,0.000000,0.000000,0.000000,0.000000,0.000000,0.000000,0.000000,0.000000,0.000000,0.000000,0.000000,0.000000,0.000000,0.000000,0.000000,0.000000,0.000000,0.000000,0.000000,0.000000,0.000000,0.000000,0.000000,0.000000,0,0,0,0,0,0,0,0,0,0,0,0,0,376,0,0
0.588154,9770,13,0,0,2,60,0,0,0,0,0,0,-0.000021,-0.000000,-0.034812,-0.004902,-0.000000,0.035494,0.000938,0.000000,1.570796,0.227498,0.000000,0.000000,-9600,-9600,-9600,-9600,0,0,0,0.000000,0.000000,0.000000,0.000000,0.000000,0.000000,0.000000,0.000000,0,0.000000,0.000000,0.000000,0.000000,0.000000,0.000000,0.000000,0.000000,0.000000,0.000000,0.000000,0.000000,0.000000,0.000000,0.000000,0.000000,0.000000,0.000000,0.000000,0.000000,0.000000,0.000000,0.000000,0.000000,0.000000,0.000000,0.000000,0.000000,0.000000,0.000000,0.000000,0.000000,0,0,0,0,0,0,0,0,0,0,0,0,0,382,0,0
0.597924,9770,13,0,0,2,60,0,0,0,0,0,0,-0.000022,-0.000000,-0.034812,-0.004902,-0.000000,0.035494,0.000938,0.000000,1.570796,0.227498,0.000000,0.000000,-9600,-9600,-9600,-9600,0,0,0,0.000000,0.000000,0.000000,0.000000,0.000000,0.000000,0.000000,0.000000,0,0.000000,0.000000,0.000000,0.000000,0.000000,0.000000,0.000000,0.000000,0.000000,0.000000,0.000000,0.000000,0.000000,0.000000,0.000000,0.000000,0.000000,0.000000,0.000000,0.000000,0.000000,0.000000,0.000000,0.000000,0.000000,0.000000,0.000000,0.000000,0.000000,0.000000,0.000000,0.000000,0,0,0,0,0,0,0,0,0,0,0,0,0,389,0,0
0.607694,9770,13,0,0,2,60,0,0,0,0,0,0,-0.000022,-0.000000,-0.034812,-0.004902,-0.000000,0.035494,0.000938,0.000000,1.570796,0.227498,0.000000,0.000000,-9600,-9600,-9600,-9600,0,0,0,0.000000,0.000000,0.000000,0.000000,0.000000,0.000000,0.000000,0.000000,0,0.000000,0.000000,0.000000,0.000000,0.000000,0.000000,0.000000,0.000000,0.000000,0.000000,0.000000,0.000000,0.000000,0.000000,0.000000,0.000000,0.000000,0.000000,0.000000,0.000000,0.000000,0.000000,0.000000,0.000000,0.000000,0.000000,0.000000,0.000000,0.000000,0.000000,0.000000,0.000000,0,0,0,0,0,0,0,0,0,0,0,0,0,395,0,0
0.617464,9770,13,0,0,2,60,0,0,0,0,0,0,-0.000022,-0.000000,-0.034812,-0.004902,-0.000000,0.035494,0.000938,0.000000,1.570796,0.227498,0.000000,0.000000,-9600,-9600,-9600,-9600,0,0,0,0.000000,0.000000,0.000000,0.000000,0.000000,0.000000,0.000000,0.000000,0,0.000000,0.000000,0.000000,0.000000,0.000000,0.000000,0.000000,0.000000,0.000000,0.000000,0.000000,0.000000,0.000000,0.000000,0.000000,0.000000,0.000000,0.000000,0.000000,0.000000,0.000000,0.000000,0.000000,0.000000,0.000000,0.000000,0.000000,0.000000,0.000000,0.000000,0.000000,0.000000,0,0,0,0,0,0,0,0,0,0,0,0,0,401,0,0
0.627234,9770,13,0,0,2,60,0,0,0,0,0,0,-0.000022,-0.000000,-0.034812,-0.004902,-0.000000,0.035494,0.000938,0.000000,1.570796,0.227498,0.000000,0.000000,-9600,-9600,-9600,-9600,0,0,0,0.000000,0.000000,0.000000,0.000000,0.000000,0.000000,0.000000,0.000000,0,0.000000,0.000000,0.000000,0.000000,0.000000,0.000000,0.000000,0.000000,0.000000,0.000000,0.000000,0.000000,0.000000,0.000000,0.000000,0.000000,0.000000,0.000000,0.000000,0.000000,0.000000,0.000000,0.000000,0.000000,0.000000,0.000000,0.000000,0.000000,0.000000,0.000000,0.000000,0.000000,0,0,0,0,0,0,0,0,0,0,0,0,0,408,0,0
0.637004,9770,13,0,0,2,60,0,0,0,0,0,0,-0.000022,-0.000000,-0.034812,-0.004902,-0.000000,0.035494,0.000938,0.000000,1.570796,0.227498,0.000000,0.000000,-9600,-9600,-9600,-9600,0,0,0,0.000000,0.000000,0.000000,0.000000,0.000000,0.000000,0.000000,0.000000,0,0.000000,0.000000,0.000000,0.000000,0.000000,0.000000,0.000000,0.000000,0.000000,0.000000,0.000000,0.000000,0.000000,0.000000,0.000000,0.000000,0.000000,0.000000,0.000000,0.000000,0.000000,0.000000,0.000000,0.000000,0.000000,0.000000,0.000000,0.000000,0.000000,0.000000,0.000000,0.000000,0,0,0,0,0,0,0,0,0,0,0,0,0,414,0,0
0.646774,9770,13,0,0,2,60,0,0,0,0,0,0,-0.000022,-0.000000,-0.034812,-0.004902,-0.000000,0.035494,0.000938,0.000000,1.570796,0.227498,0.000000,0.000000,-9600,-9600,-9600,-9600,0,0,0,0.000000,0.000000,0.000000,0.000000,0.000000,0.000000,0.000000,0.000000,0,0.000000,0.000000,0.000000,0.000000,0.000000,0.000000,0.000000,0.000000,0.000000,0.000000,0.000000,0.000000,0.000000,0.000000,0.000000,0.000000,0.000000,0.000000,0.000000,0.000000,0.000000,0.000000,0.000000,0.000000,0.000000,0.000000,0.000000,0.000000,0.000000,0.000000,0.000000,0.000000,0,0,0,0,0,0,0,0,0,0,0,0,0,420,0,0
0.656544,9770,13,0,0,2,60,0,0,0,0,0,0,-0.000022,-0.000000,-0.034812,-0.004902,-0.000000,0.035494,0.000938,0.000000,1.570796,0.227498,0.000000,0.000000,-9600,-9600,-9600,-9600,0,0,0,0.000000,0.000000,0.000000,0.000000,0.000000,0.000000,0.000000,0.000000,0,0.000000,0.000000,0.000000,0.000000,0.000000,0.000000,0.000000,0.000000,0.000000,0.000000,0.000000,0.000000,0.000000,0.000000,0.000000,0.000000,0.000000,0.000000,0.000000,0.000000,0.000000,0.000000,0.000000,0.000000,0.000000,0.000000,0.000000,0.000000,0.000000,0.000000,0.000000,0.000000,0,0,0,0,0,0,0,0,0,0,0,0,0,427,0,0
0.666314,9770,13,0,0,2,60,0,0,0,0,0,0,-0.000022,-0.000000,-0.034812,-0.004902,-0.000000,0.035494,0.000938,0.000000,1.570796,0.227498,0.000000,0.000000,-9600,-9600,-9600,-9600,0,0,0,0.000000,0.000000,0.000000,0.000000,0.000000,0.000000,0.000000,0.000000,0,0.000000,0.000000,0.000000,0.000000,0.000000,0.000000,0.000000,0.000000,0.000000,0.000000,0.000000,0.000000,0.000000,0.000000,0.000000,0.000000,0.000000,0.000000,0.000000,0.000000,0.000000,0.000000,0.000000,0.000000,0.000000,0.000000,0.000000,0.000000,0.000000,0.000000,0.000000,0.000000,0,0,0,0,0,0,0,0,0,0,0,0,0,433,0,0
0.676084,9770,13,0,0,2,60,0,0,0,0,0,0,-0.000022,-0.000000,-0.034812,-0.004902,-0.000000,0.035494,0.000938,0.000000,1.570796,0.227498,0.000000,0.000000,-9600,-9600,-9600,-9600,0,0,0,0.000000,0.000000,0.000000,0.000000,0.000000,0.000000,0.000000,0.000000,0,0.000000,0.000000,0.000000,0.000000,0.000000,0.000000,0.000000,0.000000,0.000000,0.000000,0.000000,0.000000,0.000000,0.000000,0.000000,0.000000,0.000000,0.000000,0.000000,0.000000,0.000000,0.000000,0.000000,0.000000,0.000000,0.000000,0.000000,0.000000,0.000000,0.000000,0.000000,0.000000,0,0,0,0,0,0,0,0,0,0,0,0,0,439,0,0
0.685854,9770,13,0,0,2,60,0,0,0,0,0,0,-0.000022,-0.000000,-0.034812,-0.004902,-0.000000,0.035494,0.000938,0.000000,1.570796,0.227498,0.000000,0.000000,-9600,-9600,-9600,-9600,0,0,0,0.000000,0.000000,0.000000,0.000000,0.000000,0.000000,0.000000,0.000000,0,0.000000,0.000000,0.000000,0.000000,0.000000,0.000000,0.000000,0.000000,0.000000,0.000000,0.000000,0.000000,0.000000,0.000000,0.000000,0.000000,0.000000,0.000000,0.000000,0.000000,0.000000,0.000000,0.000000,0.000000,0.000000,0.000000,0.000000,0.000000,0.000000,0.000000,0.000000,0.000000,0,0,0,0,0,0,0,0,0,0,0,0,0,446,0,0
0.695624,9770,13,0,0,2,60,0,0,0,0,0,0,-0.000022,-0.000000,-0.034812,-0.004902,-0.000000,0.035494,0.000938,0.000000,1.570796,0.227498,0.000000,0.000000,-9600,-9600,-9600,-9600,0,0,0,0.000000,0.000000,0.000000,0.000000,0.000000,0.000000,0.000000,0.000000,0,0.000000,0.000000,0.000000,0.000000,0.000000,0.000000,0.000000,0.000000,0.000000,0.000000,0.000000,0.000000,0.000000,0.000000,0.000000,0.000000,0.000000,0.000000,0.000000,0.000000,0.000000,0.000000,0.000000,0.000000,0.000000,0.000000,0.000000,0.000000,0.000000,0.000000,0.000000,0.000000,0,0,0,0,0,0,0,0,0,0,0,0,0,452,0,0
0.705394,9770,13,0,0,2,60,0,0,0,0,0,0,-0.000022,-0.000000,-0.034812,-0.004902,-0.000000,0.035494,0.000938,0.000000,1.570796,0.227498,0.000000,0.000000,-9600,-9600,-9600,-9600,0,0,0,0.000000,0.000000,0.000000,0.000000,0.000000,0.000000,0.000000,0.000000,0,0.000000,0.000000,0.000000,0.000000,0.000000,0.000000,0.000000,0.000000,0.000000,0.000000,0.000000,0.000000,0.000000,0.000000,0.000000,0.000000,0.000000,0.000000,0.000000,0.000000,0.000000,0.000000,0.000000,0.000000,0.000000,0.000000,0.000000,0.000000,0.000000,0.000000,0.000000,0.000000,0,0,0,0,0,0,0,0,0,0,0,0,0,458,0,0
0.715164,9770,13,0,0,2,60,0,0,0,0,0,0,-0.000022,-0.000000,-0.034812,-0.004902,-0.000000,0.035494,0.000938,0.000000,1.570796,0.227498,0.000000,0.000000,-9600,-9600,-9600,-9600,0,0,0,0.000000,0.000000,0.000000,0.000000,0.000000,0.000000,0.000000,0.000000,0,0.000000,0.000000,0.000000,0.000000,0.000000,0.000000,0.000000,0.000000,0.000000,0.000000,0.000000,0.000000,0.000000,0.000000,0.000000,0.000000,0.000000,0.000000,0.000000,0.000000,0.000000,0.000000,0.000000,0.000000,0.000000,0.000000,0.000000,0.000000,0.000000,0.000000,0.000000,0.000000,0,0,0,0,0,0,0,0,0,0,0,0,0,465,0,0
0.724934,9770,13,0,0,2,60,0,0,0,0,0,0,-0.000022,-0.000000,-0.034812,-0.004902,-0.000000,0.035494,0.000938,0.000000,1.570796,0.227498,0.000000,0.000000,-9600,-9600,-9600,-9600,0,0,0,0.000000,0.000000,0.000000,0.000000,0.000000,0.000000,0.000000,0.000000,0,0.000000,0.000000,0.000000,0.000000,0.000000,0.000000,0.000000,0.000000,0.000000,0.000000,0.000000,0.000000,0.000000,0.000000,0.000000,0.000000,0.000000,0.000000,0.000000,0.000000,0.000000,0.000000,0.000000,0.000000,0.000000,0.000000,0.000000,0.000000,0.000000,0.000000,0.000000,0.000000,0,0,0,0,0,0,0,0,0,0,0,0,0,471,0,0
0.734704,9770,13,0,0,2,60,0,0,0,0,0,0,-0.000022,-0.000000,-0.034812,-0.004902,-0.000000,0.035494,0.000938,0.000000,1.570796,0.227498,0.000000,0.000000,-9600,-9600,-9600,-9600,0,0,0,0.000000,0.000000,0.000000,0.000000,0.000000,0.000000,0.000000,0.000000,0,0.000000,0.000000,0.000000,0.000000,0.000000,0.000000,0.000000,0.000000,0.000000,0.000000,0.000000,0.000000,0.000000,0.000000,0.000000,0.000000,0.000000,0.000000,0.000000,0.000000,0.000000,0.000000,0.000000,0.000000,0.000000,0.000000,0.000000,0.000000,0.000000,0.000000,0.000000,0.000000,0,0,0,0,0,0,0,0,0,0,0,0,0,477,0,0
0.744474,9770,13,0,0,2,60,0,0,0,0,0,0,-0.000022,-0.000000,-0.034812,-0.004902,-0.000000,0.035494,0.000938,0.000000,1.570796,0.227498,0.000000,0.000000,-9600,-9600,-9600,-9600,0,0,0,0.000000,0.000000,0.000000,0.000000,0.000000,0.000000,0.000000,0.000000,0,0.000000,0.000000,0.000000,0.000000,0.000000,0.000000,0.000000,0.000000,0.000000,0.000000,0.000000,0.000000,0.000000,0.000000,0.000000,0.000000,0.000000,0.000000,0.000000,0.000000,0.000000,0.000000,0.000000,0.000000,0.000000,0.000000,0.000000,0.000000,0.000000,0.000000,0.000000,0.000000,0,0,0,0,0,0,0,0,0,0,0,0,0,484,0,0
0.754244,9770,13,0,0,2,60,0,0,0,0,0,0,-0.000022,-0.000000,-0.034812,-0.004902,-0.000000,0.035494,0.000938,0.000000,1.570796,0.227498,0.000000,0.000000,-9600,-9600,-9600,-9600,0,0,0,0.000000,0.000000,0.000000,0.000000,0.000000,0.000000,0.000000,0.000000,0,0.000000,0.000000,0.000000,0.000000,0.000000,0.000000,0.000000,0.000000,0.000000,0.000000,0.000000,0.000000,0.000000,0.000000,0.000000,0.000000,0.000000,0.000000,0.000000,0.000000,0.000000,0.000000,0.000000,0.000000,0.000000,0.000000,0.000000,0.000000,0.000000,0.000000,0.000000,0.000000,0,0,0,0,0,0,0,0,0,0,0,0,0,490,0,0
0.764014,9770,13,0,0,2,60,0,0,0,0,0,0,-0.000022,-0.000000,-0.034812,-0.004902,-0.000000,0.035494,0.000938,0.000000,1.570796,0.227498,0.000000,0.000000,-9600,-9600,-9600,-9600,0,0,0,0.000000,0.000000,0.000000,0.000000,0.000000,0.000000,0.000000,0.000000,0,0.000000,0.000000,0.000000,0.000000,0.000000,0.000000,0.000000,0.000000,0.000000,0.000000,0.000000,0.000000,0.000000,0.000000,0.000000,0.000000,0.000000,0.000000,0.000000,0.000000,0.000000,0.000000,0.000000,0.000000,0.000000,0.000000,0.000000,0.000000,0.000000,0.000000,0.000000,0.000000,0,0,0,0,0,0,0,0,0,0,0,0,0,496,0,0
0.773784,9770,13,0,0,2,60,0,0,0,0,0,0,-0.000022,-0.000000,-0.034812,-0.004902,-0.000000,0.035494,0.000938,0.000000,1.570796,0.227498,0.000000,0.000000,-9600,-9600,-9600,-9600,0,0,0,0.000000,0.000000,0.000000,0.000000,0.000000,0.000000,0.000000,0.000000,0,0.000000,0.000000,0.000000,0.000000,0.000000,0.000000,0.000000,0.000000,0.000000,0.000000,0.000000,0.000000,0.000000,0.000000,0.000000,0.000000,0.000000,0.000000,0.000000,0.000000,0.000000,0.000000,0.000000,0.000000,0.000000,0.000000,0.000000,0.000000,0.000000,0.000000,0.000000,0.000000,0,0,0,0,0,0,0,0,0,0,0,0,0,503,0,0
0.783554,9770,13,0,0,2,60,0,0,0,0,0,0,-0.000022,-0.000000,-0.034812,-0.004902,-0.000000,0.035494,0.000938,0.000000,1.570796,0.227498,0.000000,0.000000,-9600,-9600,-9600,-9600,0,0,0,0.000000,0.000000,0.000000,0.000000,0.000000,0.000000,0.000000,0.000000,0,0.000000,0.000000,0.000000,0.000000,0.000000,0.000000,0.000000,0.000000,0.000000,0.000000,0.000000,0.000000,0.000000,0.000000,0.000000,0.000000,0.000000,0.000000,0.000000,0.000000,0.000000,0.000000,0.000000,0.000000,0.000000,0.000000,0.000000,0.000000,0.000000,0.000000,0.000000,0.000000,0,0,0,0,0,0,0,0,0,0,0,0,0,509,0,0
0.793324,9770,13,0,0,2,60,0,0,0,0,0,0,-0.000022,-0.000000,-0.034812,-0.004902,-0.000000,0.035494,0.000938,0.000000,1.570796,0.227498,0.000000,0.000000,-9600,-9600,-9600,-9600,0,0,0,0.000000,0.000000,0.000000,0.000000,0.000000,0.000000,0.000000,0.000000,0,0.000000,0.000000,0.000000,0.000000,0.000000,0.000000,0.000000,0.000000,0.000000,0.000000,0.000000,0.000000,0.000000,0.000000,0.000000,0.000000,0.000000,0.000000,0.000000,0.000000,0.000000,0.000000,0.000000,0.000000,0.000000,0.000000,0.000000,0.000000,0.000000,0.000000,0.000000,0.000000,0,0,0,0,0,0,0,0,0,0,0,0,0,515,0,0
0.803094,9770,13,0,0,2,60,0,0,0,0,0,0,-0.000022,-0.000000,-0.034812,-0.004902,-0.000000,0.035494,0.000938,0.000000,1.570796,0.227498,0.000000,0.000000,-9600,-9600,-9600,-9600,0,0,0,0.000000,0.000000,0.000000,0.000000,0.000000,0.000000,0.000000,0.000000,0,0.000000,0.000000,0.000000,0.000000,0.000000,0.000000,0.000000,0.000000,0.000000,0.000000,0.000000,0.000000,0.000000,0.000000,0.000000,0.000000,0.000000,0.000000,0.000000,0.000000,0.000000,0.000000,0.000000,0.000000,0.000000,0.000000,0.000000,0.000000,0.000000,0.000000,0.000000,0.000000,0,0,0,0,0,0,0,0,0,0,0,0,0,522,0,0
0.812864,9770,13,0,0,2,60,0,0,0,0,0,0,-0.000022,-0.000000,-0.034812,-0.004902,-0.000000,0.035494,0.000938,0.000000,1.570796,0.227498,0.000000,0.000000,-9600,-9600,-9600,-9600,0,0,0,0.000000,0.000000,0.000000,0.000000,0.000000,0.000000,0.000000,0.000000,0,0.000000,0.000000,0.000000,0.000000,0.000000,0.000000,0.000000,0.000000,0.000000,0.000000,0.000000,0.000000,0.000000,0.000000,0.000000,0.000000,0.000000,0.000000,0.000000,0.000000,0.000000,0.000000,0.000000,0.000000,0.000000,0.000000,0.000000,0.000000,0.000000,0.000000,0.000000,0.000000,0,0,0,0,0,0,0,0,0,0,0,0,0,528,0,0
0.822634,9770,13,0,0,2,60,0,0,0,0,0,0,-0.000022,-0.000000,-0.034812,-0.004902,-0.000000,0.035494,0.000938,0.000000,1.570796,0.227498,0.000000,0.000000,-9600,-9600,-9600,-9600,0,0,0,0.000000,0.000000,0.000000,0.000000,0.000000,0.000000,0.000000,0.000000,0,0.000000,0.000000,0.000000,0.000000,0.000000,0.000000,0.000000,0.000000,0.000000,0.000000,0.000000,0.000000,0.000000,0.000000,0.000000,0.000000,0.000000,0.000000,0.000000,0.000000,0.000000,0.000000,0.000000,0.000000,0.000000,0.000000,0.000000,0.000000,0.000000,0.000000,0.000000,0.000000,0,0,0,0,0,0,0,0,0,0,0,0,0,534,0,0
0.832404,9770,13,0,0,2,60,0,0,0,0,0,0,-0.000022,-0.000000,-0.034812,-0.004902,-0.000000,0.035494,0.000938,0.000000,1.570796,0.227498,0.000000,0.000000,-9600,-9600,-9600,-9600,0,0,0,0.000000,0.000000,0.000000,0.000000,0.000000,0.000000,0.000000,0.000000,0,0.000000,0.000000,0.000000,0.000000,0.000000,0.000000,0.000000,0.000000,0.000000,0.000000,0.000000,0.000000,0.000000,0.000000,0.000000,0.000000,0.000000,0.000000,0.000000,0.000000,0.000000,0.000000,0.000000,0.000000,0.000000,0.000000,0.000000,0.000000,0.000000,0.000000,0.000000,0.000000,0,0,0,0,0,0,0,0,0,0,0,0,0,541,0,0
0.842174,9770,13,0,0,2,60,0,0,0,0,0,0,-0.000022,-0.000000,-0.034812,-0.004902,-0.000000,0.035494,0.000938,0.000000,1.570796,0.227498,0.000000,0.000000,-9600,-9600,-9600,-9600,0,0,0,0.000000,0.000000,0.000000,0.000000,0.000000,0.000000,0.000000,0.000000,0,0.000000,0.000000,0.000000,0.000000,0.000000,0.000000,0.000000,0.000000,0.000000,0.000000,0.000000,0.000000,0.000000,0.000000,0.000000,0.000000,0.000000,0.000000,0.000000,0.000000,0.000000,0.000000,0.000000,0.000000,0.000000,0.000000,0.000000,0.000000,0.000000,0.000000,0.000000,0.000000,0,0,0,0,0,0,0,0,0,0,0,0,0,547,0,0
0.851944,9770,13,0,0,2,60,0,0,0,0,0,0,-0.000022,-0.000000,-0.034812,-0.004902,-0.000000,0.035494,0.000938,0.000000,1.570796,0.227498,0.000000,0.000000,-9600,-9600,-9600,-9600,0,0,0,0.000000,0.000000,0.000000,0.000000,0.000000,0.000000,0.000000,0.000000,0,0.000000,0.000000,0.000000,0.000000,0.000000,0.000000,0.000000,0.000000,0.000000,0.000000,0.000000,0.000000,0.000000,0.000000,0.000000,0.000000,0.000000,0.000000,0.000000,0.000000,0.000000,0.000000,0.000000,0.000000,0.000000,0.000000,0.000000,0.000000,0.000000,0.000000,0.000000,0.000000,0,0,0,0,0,0,0,0,0,0,0,0,0,553,0,0
0.861714,9770,13,0,0,2,60,0,0,0,0,0,0,-0.000022,-0.000000,-0.034812,-0.004902,-0.000000,0.035494,0.000938,0.000000,1.570796,0.227498,0.000000,0.000000,-9600,-9600,-9600,-9600,0,0,0,0.000000,0.000000,0.000000,0.000000,0.000000,0.000000,0.000000,0.000000,0,0.000000,0.000000,0.000000,0.000000,0.000000,0.000000,0.000000,0.000000,0.000000,0.000000,0.000000,0.000000,0.000000,0.000000,0.000000,0.000000,0.000000,0.000000,0.000000,0.000000,0.000000,0.000000,0.000000,0.000000,0.000000,0.000000,0.000000,0.000000,0.000000,0.000000,0.000000,0.000000,0,0,0,0,0,0,0,0,0,0,0,0,0,560,0,0
0.871484,9770,13,0,0,2,60,0,0,0,0,0,0,-0.000022,-0.000000,-0.034812,-0.004902,-0.000000,0.035494,0.000938,0.000000,1.570796,0.227498,0.000000,0.000000,-9600,-9600,-9600,-9600,0,0,0,0.000000,0.000000,0.000000,0.000000,0.000000,0.000000,0.000000,0.000000,0,0.000000,0.000000,0.000000,0.000000,0.000000,0.000000,0.000000,0.000000,0.000000,0.000000,0.000000,0.000000,0.000000,0.000000,0.000000,0.000000,0.000000,0.000000,0.000000,0.000000,0.000000,0.000000,0.000000,0.000000,0.000000,0.000000,0.000000,0.000000,0.000000,0.000000,0.000000,0.000000,0,0,0,0,0,0,0,0,0,0,0,0,0,566,0,0
0.881254,9770,13,0,0,2,60,0,0,0,0,0,0,-0.000022,-0.000000,-0.034812,-0.004902,-0.000000,0.035494,0.000938,0.000000,1.570796,0.227498,0.000000,0.000000,-9600,-9600,-9600,-9600,0,0,0,0.000000,0.000000,0.000000,0.000000,0.000000,0.000000,0.000000,0.000000,0,0.000000,0.000000,0.000000,0.000000,0.000000,0.000000,0.000000,0.000000,0.000000,0.000000,0.000000,0.000000,0.000000,0.000000,0.000000,0.000000,0.000000,0.000000,0.000000,0.000000,0.000000,0.000000,0.000000,0.000000,0.000000,0.000000,0.000000,0.000000,0.000000,0.000000,0.000000,0.000000,0,0,0,0,0,0,0,0,0,0,0,0,0,572,0,0
0.891024,9770,13,0,0,2,60,0,0,0,0,0,0,-0.000022,-0.000000,-0.034812,-0.004902,-0.000000,0.035494,0.000938,0.000000,1.570796,0.227498,0.000000,0.000000,-9600,-9600,-9600,-9600,0,0,0,0.000000,0.000000,0.000000,0.000000,0.000000,0.000000,0.000000,0.000000,0,0.000000,0.000000,0.000000,0.000000,0.000000,0.000000,0.000000,0.000000,0.000000,0.000000,0.000000,0.000000,0.000000,0.000000,0.000000,0.000000,0.000000,0.000000,0.000000,0.000000,0.000000,0.000000,0.000000,0.000000,0.000000,0.000000,0.000000,0.000000,0.000000,0.000000,0.000000,0.000000,0,0,0,0,0,0,0,0,0,0,0,0,0,579,0,0
0.900794,9770,13,0,0,2,60,0,0,0,0,0,0,-0.000022,-0.000000,-0.034812,-0.004902,-0.000000,0.035494,0.000938,0.000000,1.570796,0.227498,0.000000,0.000000,-9600,-9600,-9600,-9600,0,0,0,0.000000,0.000000,0.000000,0.000000,0.000000,0.000000,0.000000,0.000000,0,0.000000,0.000000,0.000000,0.000000,0.000000,0.000000,0.000000,0.000000,0.000000,0.000000,0.000000,0.000000,0.000000,0.000000,0.000000,0.000000,0.000000,0.000000,0.000000,0.000000,0.000000,0.000000,0.000000,0.000000,0.000000,0.000000,0.000000,0.000000,0.000000,0.000000,0.000000,0.000000,0,0,0,0,0,0,0,0,0,0,0,0,0,585,0,0
0.910564,9770,13,0,0,2,60,0,0,0,0,0,0,-0.000022,-0.000000,-0.034812,-0.004902,-0.000000,0.035494,0.000938,0.000000,1.570796,0.227498,0.000000,0.000000,-9600,-9600,-9600,-9600,0,0,0,0.000000,0.000000,0.000000,0.000000,0.000000,0.000000,0.000000,0.000000,0,0.000000,0.000000,0.000000,0.000000,0.000000,0.000000,0.000000,0.000000,0.000000,0.000000,0.000000,0.000000,0.000000,0.000000,0.000000,0.000000,0.000000,0.000000,0.000000,0.000000,0.000000,0.000000,0.000000,0.000000,0.000000,0.000000,0.000000,0.000000,0.000000,0.000000,0.000000,0.000000,0,0,0,0,0,0,0,0,0,0,0,0,0,591,0,0
0.920334,9770,13,0,0,2,60,0,0,0,0,0,0,-0.000022,-0.000000,-0.034812,-0.004902,-0.000000,0.035494,0.000938,0.000000,1.570796,0.227498,0.000000,0.000000,-9600,-9600,-9600,-9600,0,0,0,0.000000,0.000000,0.000000,0.000000,0.000000,0.000000,0.000000,0.000000,0,0.000000,0.000000,0.000000,0.000000,0.000000,0.000000,0.000000,0.000000,0.000000,0.000000,0.000000,0.000000,0.000000,0.000000,0.000000,0.000000,0.000000,0.000000,0.000000,0.000000,0.000000,0.000000,0.000000,0.000000,0.000000,0.000000,0.000000,0.000000,0.000000,0.000000,0.000000,0.000000,0,0,0,0,0,0,0,0,0,0,0,0,0,598,0,0
0.930104,9770,13,0,0,2,60,0,0,0,0,0,0,-0.000022,-0.000000,-0.034812,-0.004902,-0.000000,0.035494,0.000938,0.000000,1.570796,0.227498,0.000000,0.000000,-9600,-9600,-9600,-9600,0,0,0,0.000000,0.000000,0.000000,0.000000,0.000000,0.000000,0.000000,0.000000,0,0.000000,0.000000,0.000000,0.000000,0.000000,0.000000,0.000000,0.000000,0.000000,0.000000,0.000000,0.000000,0.000000,0.000000,0.000000,0.000000,0.000000,0.000000,0.000000,0.000000,0.000000,0.000000,0.000000,0.000000,0.000000,0.000000,0.000000,0.000000,0.000000,0.000000,0.000000,0.000000,0,0,0,0,0,0,0,0,0,0,0,0,0,604,0,0
0.939874,9770,13,0,0,2,60,0,0,0,0,0,0,-0.000022,-0.000000,-0.034812,-0.004902,-0.000000,0.035494,0.000938,0.000000,1.570796,0.227498,0.000000,0.000000,-9600,-9600,-9600,-9600,0,0,0,0.000000,0.000000,0.000000,0.000000,0.000000,0.000000,0.000000,0.000000,0,0.000000,0.000000,0.000000,0.000000,0.000000,0.000000,0.000000,0.000000,0.000000,0.000000,0.000000,0.000000,0.000000,0.000000,0.000000,0.000000,0.000000,0.000000,0.000000,0.000000,0.000000,0.000000,0.000000,0.000000,0.000000,0.000000,0.000000,0.000000,0.000000,0.000000,0.000000,0.000000,0,0,0,0,0,0,0,0,0,0,0,0,0,610,0,0
0.949644,9770,13,0,0,2,60,0,0,0,0,0,0,-0.000022,-0.000000,-0.034812,-0.004902,-0.000000,0.035494,0.000938,0.000000,1.570796,0.227498,0.000000,0.000000,-9600,-9600,-9600,-9600,0,0,0,0.000000,0.000000,0.000000,0.000000,0.000000,0.000000,0.000000,0.000000,0,0.000000,0.000000,0.000000,0.000000,0.000000,0.000000,0.000000,0.000000,0.000000,0.000000,0.000000,0.000000,0.000000,0.000000,0.000000,0.000000,0.000000,0.000000,0.000000,0.000000,0.000000,0.000000,0.000000,0.000000,0.000000,0.000000,0.000000,0.000000,0.000000,0.000000,0.000000,0.000000,0,0,0,0,0,0,0,0,0,0,0,0,0,617,0,0
0.959414,9770,13,0,0,2,60,0,0,0,0,0,0,-0.000022,-0.000000,-0.034812,-0.004902,-0.000000,0.035494,0.000938,0.000000,1.570796,0.227498,0.000000,0.000000,-9600,-9600,-9600,-9600,0,0,0,0.000000,0.000000,0.000000,0.000000,0.000000,0.000000,0.000000,0.000000,0,0.000000,0.000000,0.000000,0.000000,0.000000,0.000000,0.000000,0.000000,0.000000,0.000000,0.000000,0.000000,0.000000,0.000000,0.000000,0.000000,0.000000,0.000000,0.000000,0.000000,0.000000,0.000000,0.000000,0.000000,0.000000,0.000000,0.000000,0.000000,0.000000,0.000000,0.000000,0.000000,0,0,0,0,0,0,0,0,0,0,0,0,0,623,0,0
0.969184,9770,13,0,0,2,60,0,0,0,0,0,0,-0.000022,-0.000000,-0.034812,-0.004902,-0.000000,0.035494,0.000938,0.000000,1.570796,0.227498,0.000000,0.000000,-9600,-9600,-9600,-9600,0,0,0,0.000000,0.000000,0.000000,0.000000,0.000000,0.000000,0.000000,0.000000,0,0.000000,0.000000,0.000000,0.000000,0.000000,0.000000,0.000000,0.000000,0.000000,0.000000,0.000000,0.000000,0.000000,0.000000,0.000000,0.000000,0.000000,0.000000,0.000000,0.000000,0.000000,0.000000,0.000000,0.000000,0.000000,0.000000,0.000000,0.000000,0.000000,0.000000,0.000000,0.000000,0,0,0,0,0,0,0,0,0,0,0,0,0,629,0,0
0.978954,9770,13,0,0,2,60,0,0,0,0,0,0,-0.000022,-0.000000,-0.034812,-0.004902,-0.000000,0.035494,0.000938,0.000000,1.570796,0.227498,0.000000,0.000000,-9600,-9600,-9600,-9600,0,0,0,0.000000,0.000000,0.000000,0.000000,0.000000,0.000000,0.000000,0.000000,0,0.000000,0.000000,0.000000,0.000000,0.000000,0.000000,0.000000,0.000000,0.000000,0.000000,0.000000,0.000000,0.000000,0.000000,0.000000,0.000000,0.000000,0.000000,0.000000,0.000000,0.000000,0.000000,0.000000,0.000000,0.000000,0.000000,0.000000,0.000000,0.000000,0.000000,0.000000,0.000000,0,0,0,0,0,0,0,0,0,0,0,0,0,636,0,0
0.988724,9770,13,0,0,2,60,0,0,0,0,0,0,-0.000022,-0.000000,-0.034812,-0.004902,-0.000000,0.035494,0.000938,0.000000,1.570796,0.227498,0.000000,0.000000,-9600,-9600,-9600,-9600,0,0,0,0.000000,0.000000,0.000000,0.000000,0.000000,0.000000,0.000000,0.000000,0,0.000000,0.000000,0.000000,0.000000,0.000000,0.000000,0.000000,0.000000,0.000000,0.000000,0.000000,0.000000,0.000000,0.000000,0.000000,0.000000,0.000000,0.000000,0.000000,0.000000,0.000000,0.000000,0.000000,0.000000,0.000000,0.000000,0.000000,0.000000,0.000000,0.000000,0.000000,0.000000,0,0,0,0,0,0,0,0,0,0,0,0,0,642,0,0
0.998494,9770,13,0,0,2,60,0,0,0,0,0,0,-0.000022,-0.000000,-0.034812,-0.004902,-0.000000,0.035494,0.000938,0.000000,1.570796,0.227498,0.000000,0.000000,-9600,-9600,-9600,-9600,0,0,0,0.000000,0.000000,0.000000,0.000000,0.000000,0.000000,0.000000,0.000000,0,0.000000,0.000000,0.000000,0.000000,0.000000,0.000000,0.000000,0.000000,0.000000,0.000000,0.000000,0.000000,0.000000,0.000000,0.000000,0.000000,0.000000,0.000000,0.000000,0.000000,0.000000,0.000000,0.000000,0.000000,0.000000,0.000000,0.000000,0.000000,0.000000,0.000000,0.000000,0.000000,0,0,0,0,0,0,0,0,0,0,0,0,0,648,0,0
1.008264,9770,13,0,0,2,60,0,0,0,0,0,0,-0.000023,-0.000000,-0.034812,-0.004902,-0.000000,0.035494,0.000938,0.000000,1.570796,0.227498,0.000000,0.000000,-9600,-9600,-9600,-9600,0,0,0,0.000000,0.000000,0.000000,0.000000,0.000000,0.000000,0.000000,0.000000,0,0.000000,0.000000,0.000000,0.000000,0.000000,0.000000,0.000000,0.000000,0.000000,0.000000,0.000000,0.000000,0.000000,0.000000,0.000000,0.000000,0.000000,0.000000,0.000000,0.000000,0.000000,0.000000,0.000000,0.000000,0.000000,0.000000,0.000000,0.000000,0.000000,0.000000,0.000000,0.000000,0,0,0,0,0,0,0,0,0,0,0,0,0,655,0,0
1.018034,9770,13,0,0,2,60,0,0,0,0,0,0,-0.000023,-0.000000,-0.034812,-0.004902,-0.000000,0.035494,0.000938,0.000000,1.570796,0.227498,0.000000,0.000000,-9600,-9600,-9600,-9600,0,0,0,0.000000,0.000000,0.000000,0.000000,0.000000,0.000000,0.000000,0.000000,0,0.000000,0.000000,0.000000,0.000000,0.000000,0.000000,0.000000,0.000000,0.000000,0.000000,0.000000,0.000000,0.000000,0.000000,0.000000,0.000000,0.000000,0.000000,0.000000,0.000000,0.000000,0.000000,0.000000,0.000000,0.000000,0.000000,0.000000,0.000000,0.000000,0.000000,0.000000,0.000000,0,0,0,0,0,0,0,0,0,0,0,0,0,661,0,0
1.027804,9770,13,0,0,2,60,0,0,0,0,0,0,-0.000023,-0.000000,-0.034812,-0.004902,-0.000000,0.035494,0.000938,0.000000,1.570796,0.227498,0.000000,0.000000,-9600,-9600,-9600,-9600,0,0,0,0.000000,0.000000,0.000000,0.000000,0.000000,0.000000,0.000000,0.000000,0,0.000000,0.000000,0.000000,0.000000,0.000000,0.000000,0.000000,0.000000,0.000000,0.000000,0.000000,0.000000,0.000000,0.000000,0.000000,0.000000,0.000000,0.000000,0.000000,0.000000,0.000000,0.000000,0.000000,0.000000,0.000000,0.000000,0.000000,0.000000,0.000000,0.000000,0.000000,0.000000,0,0,0,0,0,0,0,0,0,0,0,0,0,667,0,0
1.037574,9770,13,0,0,2,60,0,0,0,0,0,0,-0.000023,-0.000000,-0.034812,-0.004902,-0.000000,0.035494,0.000938,0.000000,1.570796,0.227498,0.000000,0.000000,-9600,-9600,-9600,-9600,0,0,0,0.000000,0.000000,0.000000,0.000000,0.000000,0.000000,0.000000,0.000000,0,0.000000,0.000000,0.000000,0.000000,0.000000,0.000000,0.000000,0.000000,0.000000,0.000000,0.000000,0.000000,0.000000,0.000000,0.000000,0.000000,0.000000,0.000000,0.000000,0.000000,0.000000,0.000000,0.000000,0.000000,0.000000,0.000000,0.000000,0.000000,0.000000,0.000000,0.000000,0.000000,0,0,0,0,0,0,0,0,0,0,0,0,0,674,0,0
1.047344,9770,13,0,0,2,60,0,0,0,0,0,0,-0.000023,-0.000000,-0.034812,-0.004902,-0.000000,0.035494,0.000938,0.000000,1.570796,0.227498,0.000000,0.000000,-9600,-9600,-9600,-9600,0,0,0,0.000000,0.000000,0.000000,0.000000,0.000000,0.000000,0.000000,0.000000,0,0.000000,0.000000,0.000000,0.000000,0.000000,0.000000,0.000000,0.000000,0.000000,0.000000,0.000000,0.000000,0.000000,0.000000,0.000000,0.000000,0.000000,0.000000,0.000000,0.000000,0.000000,0.000000,0.000000,0.000000,0.000000,0.000000,0.000000,0.000000,0.000000,0.000000,0.000000,0.000000,0,0,0,0,0,0,0,0,0,0,0,0,0,680,0,0
1.057114,9770,13,0,0,2,60,0,0,0,0,0,0,-0.000023,-0.000000,-0.034812,-0.004902,-0.000000,0.035494,0.000938,0.000000,1.570796,0.227498,0.000000,0.000000,-9600,-9600,-9600,-9600,0,0,0,0.000000,0.000000,0.000000,0.000000,0.000000,0.000000,0.000000,0.000000,0,0.000000,0.000000,0.000000,0.000000,0.000000,0.000000,0.000000,0.000000,0.000000,0.000000,0.000000,0.000000,0.000000,0.000000,0.000000,0.000000,0.000000,0.000000,0.000000,0.000000,0.000000,0.000000,0.000000,0.000000,0.000000,0.000000,0.000000,0.000000,0.000000,0.000000,0.000000,0.000000,0,0,0,0,0,0,0,0,0,0,0,0,0,686,0,0
1.066884,9770,13,0,0,2,60,0,0,0,0,0,0,-0.000023,-0.000000,-0.034812,-0.004902,-0.000000,0.035494,0.000938,0.000000,1.570796,0.227498,0.000000,0.000000,-9600,-9600,-9600,-9600,0,0,0,0.000000,0.000000,0.000000,0.000000,0.000000,0.000000,0.000000,0.000000,0,0.000000,0.000000,0.000000,0.000000,0.000000,0.000000,0.000000,0.000000,0.000000,0.000000,0.000000,0.000000,0.000000,0.000000,0.000000,0.000000,0.000000,0.000000,0.000000,0.000000,0.000000,0.000000,0.000000,0.000000,0.000000,0.000000,0.000000,0.000000,0.000000,0.000000,0.000000,0.000000,0,0,0,0,0,0,0,0,0,0,0,0,0,693,0,0
1.076654,9770,13,0,0,2,60,0,0,0,0,0,0,-0.000023,-0.000000,-0.034812,-0.004902,-0.000000,0.035494,0.000938,0.000000,1.570796,0.227498,0.000000,0.000000,-9600,-9600,-9600,-9600,0,0,0,0.000000,0.000000,0.000000,0.000000,0.000000,0.000000,0.000000,0.000000,0,0.000000,0.000000,0.000000,0.000000,0.000000,0.000000,0.000000,0.000000,0.000000,0.000000,0.000000,0.000000,0.000000,0.000000,0.000000,0.000000,0.000000,0.000000,0.000000,0.000000,0.000000,0.000000,0.000000,0.000000,0.000000,0.000000,0.000000,0.000000,0.000000,0.000000,0.000000,0.000000,0,0,0,0,0,0,0,0,0,0,0,0,0,699,0,0
1.086424,9770,13,0,0,2,60,0,0,0,0,0,0,-0.000023,-0.000000,-0.034812,-0.004902,-0.000000,0.035494,0.000938,0.000000,1.570796,0.227498,0.000000,0.000000,-9600,-9600,-9600,-9600,0,0,0,0.000000,0.000000,0.000000,0.000000,0.000000,0.000000,0.000000,0.000000,0,0.000000,0.000000,0.000000,0.000000,0.000000,0.000000,0.000000,0.000000,0.000000,0.000000,0.000000,0.000000,0.000000,0.000000,0.000000,0.000000,0.000000,0.000000,0.000000,0.000000,0.000000,0.000000,0.000000,0.000000,0.000000,0.000000,0.000000,0.000000,0.000000,0.000000,0.000000,0.000000,0,0,0,0,0,0,0,0,0,0,0,0,0,705,0,0
1.096194,9770,13,0,0,2,60,0,0,0,0,0,0,-0.000023,-0.000000,-0.034812,-0.004902,-0.000000,0.035494,0.000938,0.000000,1.570796,0.227498,0.000000,0.000000,-9600,-9600,-9600,-9600,0,0,0,0.000000,0.000000,0.000000,0.000000,0.000000,0.000000,0.000000,0.000000,0,0.000000,0.000000,0.000000,0.000000,0.000000,0.000000,0.000000,0.000000,0.000000,0.000000,0.000000,0.000000,0.000000,0.000000,0.000000,0.000000,0.000000,0.000000,0.000000,0.000000,0.000000,0.000000,0.000000,0.000000,0.000000,0.000000,0.000000,0.000000,0.000000,0.000000,0.000000,0.000000,0,0,0,0,0,0,0,0,0,0,0,0,0,712,0,0
1.105964,9770,13,0,0,2,60,0,0,0,0,0,0,-0.000023,-0.000000,-0.034812,-0.004902,-0.000000,0.035494,0.000938,0.000000,1.570796,0.227498,0.000000,0.000000,-9600,-9600,-9600,-9600,0,0,0,0.000000,0.000000,0.000000,0.000000,0.000000,0.000000,0.000000,0.000000,0,0.000000,0.000000,0.000000,0.000000,0.000000,0.000000,0.000000,0.000000,0.000000,0.000000,0.000000,0.000000,0.000000,0.000000,0.000000,0.000000,0.000000,0.000000,0.000000,0.000000,0.000000,0.000000,0.000000,0.000000,0.000000,0.000000,0.000000,0.000000,0.000000,0.000000,0.000000,0.000000,0,0,0,0,0,0,0,0,0,0,0,0,0,718,0,0
1.115734,9770,13,0,0,2,60,0,0,0,0,0,0,-0.000023,-0.000000,-0.034812,-0.004902,-0.000000,0.035494,0.000938,0.000000,1.570796,0.227498,0.000000,0.000000,-9600,-9600,-9600,-9600,0,0,0,0.000000,0.000000,0.000000,0.000000,0.000000,0.000000,0.000000,0.000000,0,0.000000,0.000000,0.000000,0.000000,0.000000,0.000000,0.000000,0.000000,0.000000,0.000000,0.000000,0.000000,0.000000,0.000000,0.000000,0.000000,0.000000,0.000000,0.000000,0.000000,0.000000,0.000000,0.000000,0.000000,0.000000,0.000000,0.000000,0.000000,0.000000,0.000000,0.000000,0.000000,0,0,0,0,0,0,0,0,0,0,0,0,0,724,0,0
1.125504,9770,13,0,0,2,60,0,0,0,0,0,0,-0.000023,-0.000000,-0.034812,-0.004902,-0.000000,0.035494,0.000938,0.000000,1.570796,0.227498,0.000000,0.000000,-9600,-9600,-9600,-9600,0,0,0,0.000000,0.000000,0.000000,0.000000,0.000000,0.000000,0.000000,0.000000,0,0.000000,0.000000,0.000000,0.000000,0.000000,0.000000,0.000000,0.000000,0.000000,0.000000,0.000000,0.000000,0.000000,0.000000,0.000000,0.000000,0.000000,0.000000,0.000000,0.000000,0.000000,0.000000,0.000000,0.000000,0.000000,0.000000,0.000000,0.000000,0.000000,0.000000,0.000000,0.000000,0,0,0,0,0,0,0,0,0,0,0,0,0,731,0,0
1.135274,9770,13,0,0,2,60,0,0,0,0,0,0,-0.000023,-0.000000,-0.034812,-0.004902,-0.000000,0.035494,0.000938,0.000000,1.570796,0.227498,0.000000,0.000000,-9600,-9600,-9600,-9600,0,0,0,0.000000,0.000000,0.000000,0.000000,0.000000,0.000000,0.000000,0.000000,0,0.000000,0.000000,0.000000,0.000000,0.000000,0.000000,0.000000,0.000000,0.000000,0.000000,0.000000,0.000000,0.000000,0.000000,0.000000,0.000000,0.000000,0.000000,0.000000,0.000000,0.000000,0.000000,0.000000,0.000000,0.000000,0.000000,0.000000,0.000000,0.000000,0.000000,0.000000,0.000000,0,0,0,0,0,0,0,0,0,0,0,0,0,737,0,0
1.145044,9770,13,0,0,2,60,0,0,0,0,0,0,-0.000023,-0.000000,-0.034812,-0.004902,-0.000000,0.035494,0.000938,0.000000,1.570796,0.227498,0.000000,0.000000,-9600,-9600,-9600,-9600,0,0,0,0.000000,0.000000,0.000000,0.000000,0.000000,0.000000,0.000000,0.000000,0,0.000000,0.000000,0.000000,0.000000,0.000000,0.000000,0.000000,0.000000,0.000000,0.000000,0.000000,0.000000,0.000000,0.000000,0.000000,0.000000,0.000000,0.000000,0.000000,0.000000,0.000000,0.000000,0.000000,0.000000,0.000000,0.000000,0.000000,0.000000,0.000000,0.000000,0.000000,0.000000,0,0,0,0,0,0,0,0,0,0,0,0,0,743,0,0
1.154814,9770,13,0,0,2,60,0,0,0,0,0,0,-0.000023,-0.000000,-0.034812,-0.004902,-0.000000,0.035494,0.000938,0.000000,1.570796,0.227498,0.000000,0.000000,-9600,-9600,-9600,-9600,0,0,0,0.000000,0.000000,0.000000,0.000000,0.000000,0.000000,0.000000,0.000000,0,0.000000,0.000000,0.000000,0.000000,0.000000,0.000000,0.000000,0.000000,0.000000,0.000000,0.000000,0.000000,0.000000,0.000000,0.000000,0.000000,0.000000,0.000000,0.000000,0.000000,0.000000,0.000000,0.000000,0.000000,0.000000,0.000000,0.000000,0.000000,0.000000,0.000000,0.000000,0.000000,0,0,0,0,0,0,0,0,0,0,0,0,0,750,0,0
1.164584,9770,13,0,0,2,60,0,0,0,0,0,0,-0.000023,-0.000000,-0.034812,-0.004902,-0.000000,0.035494,0.000938,0.000000,1.570796,0.227498,0.000000,0.000000,-9600,-9600,-9600,-9600,0,0,0,0.000000,0.000000,0.000000,0.000000,0.000000,0.000000,0.000000,0.000000,0,0.000000,0.000000,0.000000,0.000000,0.000000,0.000000,0.000000,0.000000,0.000000,0.000000,0.000000,0.000000,0.000000,0.000000,0.000000,0.000000,0.000000,0.000000,0.000000,0.000000,0.000000,0.000000,0.000000,0.000000,0.000000,0.000000,0.000000,0.000000,0.000000,0.000000,0.000000,0.000000,0,0,0,0,0,0,0,0,0,0,0,0,0,756,0,0
1.174354,9770,13,0,0,2,60,0,0,0,0,0,0,-0.000023,-0.000000,-0.034812,-0.004902,-0.000000,0.035494,0.000938,0.000000,1.570796,0.227498,0.000000,0.000000,-9600,-9600,-9600,-9600,0,0,0,0.000000,0.000000,0.000000,0.000000,0.000000,0.000000,0.000000,0.000000,0,0.000000,0.000000,0.000000,0.000000,0.000000,0.000000,0.000000,0.000000,0.000000,0.000000,0.000000,0.000000,0.000000,0.000000,0.000000,0.000000,0.000000,0.000000,0.000000,0.000000,0.000000,0.000000,0.000000,0.000000,0.000000,0.000000,0.000000,0.000000,0.000000,0.000000,0.000000,0.000000,0,0,0,0,0,0,0,0,0,0,0,0,0,762,0,0
1.184124,9770,13,0,0,2,60,0,0,0,0,0,0,-0.000023,-0.000000,-0.034812,-0.004902,-0.000000,0.035494,0.000938,0.000000,1.570796,0.227498,0.000000,0.000000,-9600,-9600,-9600,-9600,0,0,0,0.000000,0.000000,0.000000,0.000000,0.000000,0.000000,0.000000,0.000000,0,0.000000,0.000000,0.000000,0.000000,0.000000,0.000000,0.000000,0.000000,0.000000,0.000000,0.000000,0.000000,0.000000,0.000000,0.000000,0.000000,0.000000,0.000000,0.000000,0.000000,0.000000,0.000000,0.000000,0.000000,0.000000,0.000000,0.000000,0.000000,0.000000,0.000000,0.000000,0.000000,0,0,0,0,0,0,0,0,0,0,0,0,0,769,0,0
1.193894,9770,13,0,0,2,60,0,0,0,0,0,0,-0.000023,-0.000000,-0.034812,-0.004902,-0.000000,0.035494,0.000938,0.000000,1.570796,0.227498,0.000000,0.000000,-9600,-9600,-9600,-9600,0,0,0,0.000000,0.000000,0.000000,0.000000,0.000000,0.000000,0.000000,0.000000,0,0.000000,0.000000,0.000000,0.000000,0.000000,0.000000,0.000000,0.000000,0.000000,0.000000,0.000000,0.000000,0.000000,0.000000,0.000000,0.000000,0.000000,0.000000,0.000000,0.000000,0.000000,0.000000,0.000000,0.000000,0.000000,0.000000,0.000000,0.000000,0.000000,0.000000,0.000000,0.000000,0,0,0,0,0,0,0,0,0,0,0,0,0,775,0,0
1.203664,9770,13,0,0,2,60,0,0,0,0,0,0,-0.000023,-0.000000,-0.034812,-0.004902,-0.000000,0.035494,0.000938,0.000000,1.570796,0.227498,0.000000,0.000000,-9600,-9600,-9600,-9600,0,0,0,0.000000,0.000000,0.000000,0.000000,0.000000,0.000000,0.000000,0.000000,0,0.000000,0.000000,0.000000,0.000000,0.000000,0.000000,0.000000,0.000000,0.000000,0.000000,0.000000,0.000000,0.000000,0.000000,0.000000,0.000000,0.000000,0.000000,0.000000,0.000000,0.000000,0.000000,0.000000,0.000000,0.000000,0.000000,0.000000,0.000000,0.000000,0.000000,0.000000,0.000000,0,0,0,0,0,0,0,0,0,0,0,0,0,781,0,0
1.213434,9770,13,0,0,2,60,0,0,0,0,0,0,-0.000023,-0.000000,-0.034812,-0.004902,-0.000000,0.035494,0.000938,0.000000,1.570796,0.227498,0.000000,0.000000,-9600,-9600,-9600,-9600,0,0,0,0.000000,0.000000,0.000000,0.000000,0.000000,0.000000,0.000000,0.000000,0,0.000000,0.000000,0.000000,0.000000,0.000000,0.000000,0.000000,0.000000,0.000000,0.000000,0.000000,0.000000,0.000000,0.000000,0.000000,0.000000,0.000000,0.000000,0.000000,0.000000,0.000000,0.000000,0.000000,0.000000,0.000000,0.000000,0.000000,0.000000,0.000000,0.000000,0.000000,0.000000,0,0,0,0,0,0,0,0,0,0,0,0,0,788,0,0
1.223204,9770,13,0,0,2,60,0,0,0,0,0,0,-0.000023,-0.000000,-0.034812,-0.004902,-0.000000,0.035494,0.000938,0.000000,1.570796,0.227498,0.000000,0.000000,-9600,-9600,-9600,-9600,0,0,0,0.000000,0.000000,0.000000,0.000000,0.000000,0.000000,0.000000,0.000000,0,0.000000,0.000000,0.000000,0.000000,0.000000,0.000000,0.000000,0.000000,0.000000,0.000000,0.000000,0.000000,0.000000,0.000000,0.000000,0.000000,0.000000,0.000000,0.000000,0.000000,0.000000,0.000000,0.000000,0.000000,0.000000,0.000000,0.000000,0.000000,0.000000,0.000000,0.000000,0.000000,0,0,0,0,0,0,0,0,0,0,0,0,0,794,0,0
1.232974,9770,13,0,0,2,60,0,0,0,0,0,0,-0.000023,-0.000000,-0.034812,-0.004902,-0.000000,0.035494,0.000938,0.000000,1.570796,0.227498,0.000000,0.000000,-9600,-9600,-9600,-9600,0,0,0,0.000000,0.000000,0.000000,0.000000,0.000000,0.000000,0.000000,0.000000,0,0.000000,0.000000,0.000000,0.000000,0.000000,0.000000,0.000000,0.000000,0.000000,0.000000,0.000000,0.000000,0.000000,0.000000,0.000000,0.000000,0.000000,0.000000,0.000000,0.000000,0.000000,0.000000,0.000000,0.000000,0.000000,0.000000,0.000000,0.000000,0.000000,0.000000,0.000000,0.000000,0,0,0,0,0,0,0,0,0,0,0,0,0,800,1,0
1.242744,9770,13,0,0,2,60,0,0,0,0,0,0,-0.000023,-0.000000,-0.034812,-0.004902,-0.000000,0.035494,0.000938,0.000000,1.570796,0.227498,0.000000,0.000000,-9600,-9600,-9600,-9600,0,0,0,0.000000,0.000000,0.000000,0.000000,0.000000,0.000000,0.000000,0.000000,0,0.000000,0.000000,0.000000,0.000000,0.000000,0.000000,0.000000,0.000000,0.000000,0.000000,0.000000,0.000000,0.000000,0.000000,0.000000,0.000000,0.000000,0.000000,0.000000,0.000000,0.000000,0.000000,0.000000,0.000000,0.000000,0.000000,0.000000,0.000000,0.000000,0.000000,0.000000,0.000000,0,0,0,0,0,0,0,0,0,0,0,0,0,807,1,0
1.252514,9770,13,0,0,2,60,0,0,0,0,0,0,-0.000023,-0.000000,-0.034812,-0.004902,-0.000000,0.035494,0.000938,0.000000,1.570796,0.227498,0.000000,0.000000,-9600,-9600,-9600,-9600,0,0,0,0.000000,0.000000,0.000000,0.000000,0.000000,0.000000,0.000000,0.000000,0,0.000000,0.000000,0.000000,0.000000,0.000000,0.000000,0.000000,0.000000,0.000000,0.000000,0.000000,0.000000,0.000000,0.000000,0.000000,0.000000,0.000000,0.000000,0.000000,0.000000,0.000000,0.000000,0.000000,0.000000,0.000000,0.000000,0.000000,0.000000,0.000000,0.000000,0.000000,0.000000,0,0,0,0,0,0,0,0,0,0,0,0,0,813,1,0
1.262284,9770,13,0,0,2,60,0,0,0,0,0,0,-0.000023,-0.000000,-0.034812,-0.004902,-0.000000,0.035494,0.000938,0.000000,1.570796,0.227498,0.000000,0.000000,-9600,-9600,-9600,-9600,0,0,0,0.000000,0.000000,0.000000,0.000000,0.000000,0.000000,0.000000,0.000000,0,0.000000,0.000000,0.000000,0.000000,0.000000,0.000000,0.000000,0.000000,0.000000,0.000000,0.000000,0.000000,0.000000,0.000000,0.000000,0.000000,0.000000,0.000000,0.000000,0.000000,0.000000,0.000000,0.000000,0.000000,0.000000,0.000000,0.000000,0.000000,0.000000,0.000000,0.000000,0.000000,0,0,0,0,0,0,0,0,0,0,0,0,0,819,1,0
1.272054,9770,13,0,0,2,60,0,0,0,0,0,0,-0.000023,-0.000000,-0.034812,-0.004902,-0.000000,0.035494,0.000938,0.000000,1.570796,0.227498,0.000000,0.000000,-9600,-9600,-9600,-9600,0,0,0,0.000000,0.000000,0.000000,0.000000,0.000000,0.000000,0.000000,0.000000,0,0.000000,0.000000,0.000000,0.000000,0.000000,0.000000,0.000000,0.000000,0.000000,0.000000,0.000000,0.000000,0.000000,0.000000,0.000000,0.000000,0.000000,0.000000,0.000000,0.000000,0.000000,0.000000,0.000000,0.000000,0.000000,0.000000,0.000000,0.000000,0.000000,0.000000,0.000000,0.000000,0,0,0,0,0,0,0,0,0,0,0,0,0,826,1,0
1.281824,9770,13,0,0,2,60,0,0,0,0,0,0,-0.000023,-0.000000,-0.034812,-0.004902,-0.000000,0.035494,0.000938,0.000000,1.570796,0.227498,0.000000,0.000000,-9600,-9600,-9600,-9600,0,0,0,0.000000,0.000000,0.000000,0.000000,0.000000,0.000000,0.000000,0.000000,0,0.000000,0.000000,0.000000,0.000000,0.000000,0.000000,0.000000,0.000000,0.000000,0.000000,0.000000,0.000000,0.000000,0.000000,0.000000,0.000000,0.000000,0.000000,0.000000,0.000000,0.000000,0.000000,0.000000,0.000000,0.000000,0.000000,0.000000,0.000000,0.000000,0.000000,0.000000,0.000000,0,0,0,0,0,0,0,0,0,0,0,0,0,832,1,0
1.291594,9770,13,0,0,2,60,0,0,0,0,0,0,-0.000023,-0.000000,-0.034812,-0.004902,-0.000000,0.035494,0.000938,0.000000,1.570796,0.227498,0.000000,0.000000,-9600,-9600,-9600,-9600,0,0,0,0.000000,0.000000,0.000000,0.000000,0.000000,0.000000,0.000000,0.000000,0,0.000000,0.000000,0.000000,0.000000,0.000000,0.000000,0.000000,0.000000,0.000000,0.000000,0.000000,0.000000,0.000000,0.000000,0.000000,0.000000,0.000000,0.000000,0.000000,0.000000,0.000000,0.000000,0.000000,0.000000,0.000000,0.000000,0.000000,0.000000,0.000000,0.000000,0.000000,0.000000,0,0,0,0,0,0,0,0,0,0,0,0,0,838,1,0
1.301364,9770,13,0,0,2,60,0,0,0,0,0,0,-0.000023,-0.000000,-0.034812,-0.004902,-0.000000,0.035494,0.000938,0.000000,1.570796,0.227498,0.000000,0.000000,-9600,-9600,-9600,-9600,0,0,0,0.000000,0.000000,0.000000,0.000000,0.000000,0.000000,0.000000,0.000000,0,0.000000,0.000000,0.000000,0.000000,0.000000,0.000000,0.000000,0.000000,0.000000,0.000000,0.000000,0.000000,0.000000,0.000000,0.000000,0.000000,0.000000,0.000000,0.000000,0.000000,0.000000,0.000000,0.000000,0.000000,0.000000,0.000000,0.000000,0.000000,0.000000,0.000000,0.000000,0.000000,0,0,0,0,0,0,0,0,0,0,0,0,0,845,1,0
1.311134,9770,13,0,0,2,60,0,0,0,0,0,0,-0.000023,-0.000000,-0.034812,-0.004902,-0.000000,0.035494,0.000938,0.000000,1.570796,0.227498,0.000000,0.000000,-9600,-9600,-9600,-9600,0,0,0,0.000000,0.000000,0.000000,0.000000,0.000000,0.000000,0.000000,0.000000,0,0.000000,0.000000,0.000000,0.000000,0.000000,0.000000,0.000000,0.000000,0.000000,0.000000,0.000000,0.000000,0.000000,0.000000,0.000000,0.000000,0.000000,0.000000,0.000000,0.000000,0.000000,0.000000,0.000000,0.000000,0.000000,0.000000,0.000000,0.000000,0.000000,0.000000,0.000000,0.000000,0,0,0,0,0,0,0,0,0,0,0,0,0,851,1,0
1.320904,9770,13,0,0,2,60,0,0,0,0,0,0,-0.000023,-0.000000,-0.034812,-0.004902,-0.000000,0.035494,0.000938,0.000000,1.570796,0.227498,0.000000,0.000000,-9600,-9600,-9600,-9600,0,0,0,0.000000,0.000000,0.000000,0.000000,0.000000,0.000000,0.000000,0.000000,0,0.000000,0.000000,0.000000,0.000000,0.000000,0.000000,0.000000,0.000000,0.000000,0.000000,0.000000,0.000000,0.000000,0.000000,0.000000,0.000000,0.000000,0.000000,0.000000,0.000000,0.000000,0.000000,0.000000,0.000000,0.000000,0.000000,0.000000,0.000000,0.000000,0.000000,0.000000,0.000000,0,0,0,0,0,0,0,0,0,0,0,0,0,857,1,0
1.330674,9770,13,0,0,2,60,0,0,0,0,0,0,-0.000023,-0.000000,-0.034812,-0.004902,-0.000000,0.035494,0.000938,0.000000,1.570796,0.227498,0.000000,0.000000,-9600,-9600,-9600,-9600,0,0,0,0.000000,0.000000,0.000000,0.000000,0.000000,0.000000,0.000000,0.000000,0,0.000000,0.000000,0.000000,0.000000,0.000000,0.000000,0.000000,0.000000,0.000000,0.000000,0.000000,0.000000,0.000000,0.000000,0.000000,0.000000,0.000000,0.000000,0.000000,0.000000,0.000000,0.000000,0.000000,0.000000,0.000000,0.000000,0.000000,0.000000,0.000000,0.000000,0.000000,0.000000,0,0,0,0,0,0,0,0,0,0,0,0,0,864,1,0
1.340444,9770,13,0,0,2,60,0,0,0,0,0,0,-0.000023,-0.000000,-0.034812,-0.004902,-0.000000,0.035494,0.000938,0.000000,1.570796,0.227498,0.000000,0.000000,-9600,-9600,-9600,-9600,0,0,0,0.000000,0.000000,0.000000,0.000000,0.000000,0.000000,0.000000,0.000000,0,0.000000,0.000000,0.000000,0.000000,0.000000,0.000000,0.000000,0.000000,0.000000,0.000000,0.000000,0.000000,0.000000,0.000000,0.000000,0.000000,0.000000,0.000000,0.000000,0.000000,0.000000,0.000000,0.000000,0.000000,0.000000,0.000000,0.000000,0.000000,0.000000,0.000000,0.000000,0.000000,0,0,0,0,0,0,0,0,0,0,0,0,0,870,1,0
1.350214,9770,13,0,0,2,60,0,0,0,0,0,0,-0.000023,-0.000000,-0.034812,-0.004902,-0.000000,0.035494,0.000938,0.000000,1.570796,0.227498,0.000000,0.000000,-9600,-9600,-9600,-9600,0,0,0,0.000000,0.000000,0.000000,0.000000,0.000000,0.000000,0.000000,0.000000,0,0.000000,0.000000,0.000000,0.000000,0.000000,0.000000,0.000000,0.000000,0.000000,0.000000,0.000000,0.000000,0.000000,0.000000,0.000000,0.000000,0.000000,0.000000,0.000000,0.000000,0.000000,0.000000,0.000000,0.000000,0.000000,0.000000,0.000000,0.000000,0.000000,0.000000,0.000000,0.000000,0,0,0,0,0,0,0,0,0,0,0,0,0,876,1,0
1.359984,9770,13,0,0,2,60,0,0,0,0,0,0,-0.000023,-0.000000,-0.034812,-0.004902,-0.000000,0.035494,0.000938,0.000000,1.570796,0.227498,0.000000,0.000000,-9600,-9600,-9600,-9600,0,0,0,0.000000,0.000000,0.000000,0.000000,0.000000,0.000000,0.000000,0.000000,0,0.000000,0.000000,0.000000,0.000000,0.000000,0.000000,0.000000,0.000000,0.000000,0.000000,0.000000,0.000000,0.000000,0.000000,0.000000,0.000000,0.000000,0.000000,0.000000,0.000000,0.000000,0.000000,0.000000,0.000000,0.000000,0.000000,0.000000,0.000000,0.000000,0.000000,0.000000,0.000000,0,0,0,0,0,0,0,0,0,0,0,0,0,883,1,0
1.369754,9770,13,0,0,2,60,0,0,0,0,0,0,-0.000023,-0.000000,-0.034812,-0.004902,-0.000000,0.035494,0.000938,0.000000,1.570796,0.227498,0.000000,0.000000,-9600,-9600,-9600,-9600,0,0,0,0.000000,0.000000,0.000000,0.000000,0.000000,0.000000,0.000000,0.000000,0,0.000000,0.000000,0.000000,0.000000,0.000000,0.000000,0.000000,0.000000,0.000000,0.000000,0.000000,0.000000,0.000000,0.000000,0.000000,0.000000,0.000000,0.000000,0.000000,0.000000,0.000000,0.000000,0.000000,0.000000,0.000000,0.000000,0.000000,0.000000,0.000000,0.000000,0.000000,0.000000,0,0,0,0,0,0,0,0,0,0,0,0,0,889,1,0
1.379524,9770,13,0,0,2,60,0,0,0,0,0,0,-0.000023,-0.000000,-0.034812,-0.004902,-0.000000,0.035494,0.000938,0.000000,1.570796,0.227498,0.000000,0.000000,-9600,-9600,-9600,-9600,0,0,0,0.000000,0.000000,0.000000,0.000000,0.000000,0.000000,0.000000,0.000000,0,0.000000,0.000000,0.000000,0.000000,0.000000,0.000000,0.000000,0.000000,0.000000,0.000000,0.000000,0.000000,0.000000,0.000000,0.000000,0.000000,0.000000,0.000000,0.000000,0.000000,0.000000,0.000000,0.000000,0.000000,0.000000,0.000000,0.000000,0.000000,0.000000,0.000000,0.000000,0.000000,0,0,0,0,0,0,0,0,0,0,0,0,0,895,1,0
1.389294,9770,13,0,0,2,60,0,0,0,0,0,0,-0.000023,-0.000000,-0.034812,-0.004902,-0.000000,0.035494,0.000938,0.000000,1.570796,0.227498,0.000000,0.000000,-9600,-9600,-9600,-9600,0,0,0,0.000000,0.000000,0.000000,0.000000,0.000000,0.000000,0.000000,0.000000,0,0.000000,0.000000,0.000000,0.000000,0.000000,0.000000,0.000000,0.000000,0.000000,0.000000,0.000000,0.000000,0.000000,0.000000,0.000000,0.000000,0.000000,0.000000,0.000000,0.000000,0.000000,0.000000,0.000000,0.000000,0.000000,0.000000,0.000000,0.000000,0.000000,0.000000,0.000000,0.000000,0,0,0,0,0,0,0,0,0,0,0,0,0,902,1,0
1.399064,9770,13,0,0,2,60,0,0,0,0,0,0,-0.000023,-0.000000,-0.034812,-0.004902,-0.000000,0.035494,0.000938,0.000000,1.570796,0.227498,0.000000,0.000000,-9600,-9600,-9600,-9600,0,0,0,0.000000,0.000000,0.000000,0.000000,0.000000,0.000000,0.000000,0.000000,0,0.000000,0.000000,0.000000,0.000000,0.000000,0.000000,0.000000,0.000000,0.000000,0.000000,0.000000,0.000000,0.000000,0.000000,0.000000,0.000000,0.000000,0.000000,0.000000,0.000000,0.000000,0.000000,0.000000,0.000000,0.000000,0.000000,0.000000,0.000000,0.000000,0.000000,0.000000,0.000000,0,0,0,0,0,0,0,0,0,0,0,0,0,908,1,0
1.408834,9770,13,0,0,2,60,0,0,0,0,0,0,-0.000023,-0.000000,-0.034812,-0.004902,-0.000000,0.035494,0.000938,0.000000,1.570796,0.227498,0.000000,0.000000,-9600,-9600,-9600,-9600,0,0,0,0.000000,0.000000,0.000000,0.000000,0.000000,0.000000,0.000000,0.000000,0,0.000000,0.000000,0.000000,0.000000,0.000000,0.000000,0.000000,0.000000,0.000000,0.000000,0.000000,0.000000,0.000000,0.000000,0.000000,0.000000,0.000000,0.000000,0.000000,0.000000,0.000000,0.000000,0.000000,0.000000,0.000000,0.000000,0.000000,0.000000,0.000000,0.000000,0.000000,0.000000,0,0,0,0,0,0,0,0,0,0,0,0,0,914,1,0
1.418604,9770,13,0,0,2,60,0,0,0,0,0,0,-0.000024,-0.000000,-0.034812,-0.004902,-0.000000,0.035494,0.000938,0.000000,1.570796,0.227498,0.000000,0.000000,-9600,-9600,-9600,-9600,0,0,0,0.000000,0.000000,0.000000,0.000000,0.000000,0.000000,0.000000,0.000000,0,0.000000,0.000000,0.000000,0.000000,0.000000,0.000000,0.000000,0.000000,0.000000,0.000000,0.000000,0.000000,0.000000,0.000000,0.000000,0.000000,0.000000,0.000000,0.000000,0.000000,0.000000,0.000000,0.000000,0.000000,0.000000,0.000000,0.000000,0.000000,0.000000,0.000000,0.000000,0.000000,0,0,0,0,0,0,0,0,0,0,0,0,0,921,1,0
1.428374,9770,13,0,0,2,60,0,0,0,0,0,0,-0.000024,-0.000000,-0.034812,-0.004902,-0.000000,0.035494,0.000938,0.000000,1.570796,0.227498,0.000000,0.000000,-9600,-9600,-9600,-9600,0,0,0,0.000000,0.000000,0.000000,0.000000,0.000000,0.000000,0.000000,0.000000,0,0.000000,0.000000,0.000000,0.000000,0.000000,0.000000,0.000000,0.000000,0.000000,0.000000,0.000000,0.000000,0.000000,0.000000,0.000000,0.000000,0.000000,0.000000,0.000000,0.000000,0.000000,0.000000,0.000000,0.000000,0.000000,0.000000,0.000000,0.000000,0.000000,0.000000,0.000000,0.000000,0,0,0,0,0,0,0,0,0,0,0,0,0,927,1,0
1.438144,9770,13,0,0,2,60,0,0,0,0,0,0,-0.000024,-0.000000,-0.034812,-0.004902,-0.000000,0.035494,0.000938,0.000000,1.570796,0.227498,0.000000,0.000000,-9600,-9600,-9600,-9600,0,0,0,0.000000,0.000000,0.000000,0.000000,0.000000,0.000000,0.000000,0.000000,0,0.000000,0.000000,0.000000,0.000000,0.000000,0.000000,0.000000,0.000000,0.000000,0.000000,0.000000,0.000000,0.000000,0.000000,0.000000,0.000000,0.000000,0.000000,0.000000,0.000000,0.000000,0.000000,0.000000,0.000000,0.000000,0.000000,0.000000,0.000000,0.000000,0.000000,0.000000,0.000000,0,0,0,0,0,0,0,0,0,0,0,0,0,933,1,0
1.447914,9770,13,0,0,2,60,0,0,0,0,0,0,-0.000024,-0.000000,-0.034812,-0.004902,-0.000000,0.035494,0.000938,0.000000,1.570796,0.227498,0.000000,0.000000,-9600,-9600,-9600,-9600,0,0,0,0.000000,0.000000,0.000000,0.000000,0.000000,0.000000,0.000000,0.000000,0,0.000000,0.000000,0.000000,0.000000,0.000000,0.000000,0.000000,0.000000,0.000000,0.000000,0.000000,0.000000,0.000000,0.000000,0.000000,0.000000,0.000000,0.000000,0.000000,0.000000,0.000000,0.000000,0.000000,0.000000,0.000000,0.000000,0.000000,0.000000,0.000000,0.000000,0.000000,0.000000,0,0,0,0,0,0,0,0,0,0,0,0,0,940,1,0
1.457684,9770,13,0,0,2,60,0,0,0,0,0,0,-0.000024,-0.000000,-0.034812,-0.004902,-0.000000,0.035494,0.000938,0.000000,1.570796,0.227498,0.000000,0.000000,-9600,-9600,-9600,-9600,0,0,0,0.000000,0.000000,0.000000,0.000000,0.000000,0.000000,0.000000,0.000000,0,0.000000,0.000000,0.000000,0.000000,0.000000,0.000000,0.000000,0.000000,0.000000,0.000000,0.000000,0.000000,0.000000,0.000000,0.000000,0.000000,0.000000,0.000000,0.000000,0.000000,0.000000,0.000000,0.000000,0.000000,0.000000,0.000000,0.000000,0.000000,0.000000,0.000000,0.000000,0.000000,0,0,0,0,0,0,0,0,0,0,0,0,0,946,1,0
1.467454,9770,13,0,0,2,60,0,0,0,0,0,0,-0.000024,-0.000000,-0.034812,-0.004902,-0.000000,0.035494,0.000938,0.000000,1.570796,0.227498,0.000000,0.000000,-9600,-9600,-9600,-9600,0,0,0,0.000000,0.000000,0.000000,0.000000,0.000000,0.000000,0.000000,0.000000,0,0.000000,0.000000,0.000000,0.000000,0.000000,0.000000,0.000000,0.000000,0.000000,0.000000,0.000000,0.000000,0.000000,0.000000,0.000000,0.000000,0.000000,0.000000,0.000000,0.000000,0.000000,0.000000,0.000000,0.000000,0.000000,0.000000,0.000000,0.000000,0.000000,0.000000,0.000000,0.000000,0,0,0,0,0,0,0,0,0,0,0,0,0,952,1,0
1.477224,9770,13,0,0,2,60,0,0,0,0,0,0,-0.000024,-0.000000,-0.034812,-0.004902,-0.000000,0.035494,0.000938,0.000000,1.570796,0.227498,0.000000,0.000000,-9600,-9600,-9600,-9600,0,0,0,0.000000,0.000000,0.000000,0.000000,0.000000,0.000000,0.000000,0.000000,0,0.000000,0.000000,0.000000,0.000000,0.000000,0.000000,0.000000,0.000000,0.000000,0.000000,0.000000,0.000000,0.000000,0.000000,0.000000,0.000000,0.000000,0.000000,0.000000,0.000000,0.000000,0.000000,0.000000,0.000000,0.000000,0.000000,0.000000,0.000000,0.000000,0.000000,0.000000,0.000000,0,0,0,0,0,0,0,0,0,0,0,0,0,959,1,0
1.486994,9770,13,0,0,2,60,0,0,0,0,0,0,-0.000024,-0.000000,-0.034812,-0.004902,-0.000000,0.035494,0.000938,0.000000,1.570796,0.227498,0.000000,0.000000,-9600,-9600,-9600,-9600,0,0,0,0.000000,0.000000,0.000000,0.000000,0.000000,0.000000,0.000000,0.000000,0,0.000000,0.000000,0.000000,0.000000,0.000000,0.000000,0.000000,0.000000,0.000000,0.000000,0.000000,0.000000,0.000000,0.000000,0.000000,0.000000,0.000000,0.000000,0.000000,0.000000,0.000000,0.000000,0.000000,0.000000,0.000000,0.000000,0.000000,0.000000,0.000000,0.000000,0.000000,0.000000,0,0,0,0,0,0,0,0,0,0,0,0,0,965,1,0
1.496764,9770,13,0,0,2,60,0,0,0,0,0,0,-0.000024,-0.000000,-0.034812,-0.004902,-0.000000,0.035494,0.000938,0.000000,1.570796,0.227498,0.000000,0.000000,-9600,-9600,-9600,-9600,0,0,0,0.000000,0.000000,0.000000,0.000000,0.000000,0.000000,0.000000,0.000000,0,0.000000,0.000000,0.000000,0.000000,0.000000,0.000000,0.000000,0.000000,0.000000,0.000000,0.000000,0.000000,0.000000,0.000000,0.000000,0.000000,0.000000,0.000000,0.000000,0.000000,0.000000,0.000000,0.000000,0.000000,0.000000,0.000000,0.000000,0.000000,0.000000,0.000000,0.000000,0.000000,0,0,0,0,0,0,0,0,0,0,0,0,0,971,1,0
1.506534,9770,13,0,0,2,60,0,0,0,0,0,0,-0.000024,-0.000000,-0.034812,-0.004902,-0.000000,0.035494,0.000938,0.000000,1.570796,0.227498,0.000000,0.000000,-9600,-9600,-9600,-9600,0,0,0,0.000000,0.000000,0.000000,0.000000,0.000000,0.000000,0.000000,0.000000,0,0.000000,0.000000,0.000000,0.000000,0.000000,0.000000,0.000000,0.000000,0.000000,0.000000,0.000000,0.000000,0.000000,0.000000,0.000000,0.000000,0.000000,0.000000,0.000000,0.000000,0.000000,0.000000,0.000000,0.000000,0.000000,0.000000,0.000000,0.000000,0.000000,0.000000,0.000000,0.000000,0,0,0,0,0,0,0,0,0,0,0,0,0,978,1,0
1.516304,9770,13,0,0,2,60,0,0,0,0,0,0,-0.000024,-0.000000,-0.034812,-0.004902,-0.000000,0.035494,0.000938,0.000000,1.570796,0.227498,0.000000,0.000000,-9600,-9600,-9600,-9600,0,0,0,0.000000,0.000000,0.000000,0.000000,0.000000,0.000000,0.000000,0.000000,0,0.000000,0.000000,0.000000,0.000000,0.000000,0.000000,0.000000,0.000000,0.000000,0.000000,0.000000,0.000000,0.000000,0.000000,0.000000,0.000000,0.000000,0.000000,0.000000,0.000000,0.000000,0.000000,0.000000,0.000000,0.000000,0.000000,0.000000,0.000000,0.000000,0.000000,0.000000,0.000000,0,0,0,0,0,0,0,0,0,0,0,0,0,984,1,0
1.526074,9770,13,0,0,2,60,0,0,0,0,0,0,-0.000024,-0.000000,-0.034812,-0.004902,-0.000000,0.035494,0.000938,0.000000,1.570796,0.227498,0.000000,0.000000,-9600,-9600,-9600,-9600,0,0,0,0.000000,0.000000,0.000000,0.000000,0.000000,0.000000,0.000000,0.000000,0,0.000000,0.000000,0.000000,0.000000,0.000000,0.000000,0.000000,0.000000,0.000000,0.000000,0.000000,0.000000,0.000000,0.000000,0.000000,0.000000,0.000000,0.000000,0.000000,0.000000,0.000000,0.000000,0.000000,0.000000,0.000000,0.000000,0.000000,0.000000,0.000000,0.000000,0.000000,0.000000,0,0,0,0,0,0,0,0,0,0,0,0,0,990,1,0
1.535844,9770,13,0,0,2,60,0,0,0,0,0,0,-0.000024,-0.000000,-0.034812,-0.004902,-0.000000,0.035494,0.000938,0.000000,1.570796,0.227498,0.000000,0.000000,-9600,-9600,-9600,-9600,0,0,0,0.000000,0.000000,0.000000,0.000000,0.000000,0.000000,0.000000,0.000000,0,0.000000,0.000000,0.000000,0.000000,0.000000,0.000000,0.000000,0.000000,0.000000,0.000000,0.000000,0.000000,0.000000,0.000000,0.000000,0.000000,0.000000,0.000000,0.000000,0.000000,0.000000,0.000000,0.000000,0.000000,0.000000,0.000000,0.000000,0.000000,0.000000,0.000000,0.000000,0.000000,0,0,0,0,0,0,0,0,0,0,0,0,0,997,1,0
1.545614,9770,13,0,0,2,60,0,0,0,0,0,0,-0.000024,-0.000000,-0.034812,-0.004902,-0.000000,0.035494,0.000938,0.000000,1.570796,0.227498,0.000000,0.000000,-9600,-9600,-9600,-9600,0,0,0,0.000000,0.000000,0.000000,0.000000,0.000000,0.000000,0.000000,0.000000,0,0.000000,0.000000,0.000000,0.000000,0.000000,0.000000,0.000000,0.000000,0.000000,0.000000,0.000000,0.000000,0.000000,0.000000,0.000000,0.000000,0.000000,0.000000,0.000000,0.000000,0.000000,0.000000,0.000000,0.000000,0.000000,0.000000,0.000000,0.000000,0.000000,0.000000,0.000000,0.000000,0,0,0,0,0,0,0,0,0,0,0,0,0,1003,1,0
1.555384,9770,13,0,0,2,60,0,0,0,0,0,0,-0.000024,-0.000000,-0.034812,-0.004902,-0.000000,0.035494,0.000938,0.000000,1.570796,0.227498,0.000000,0.000000,-9600,-9600,-9600,-9600,0,0,0,0.000000,0.000000,0.000000,0.000000,0.000000,0.000000,0.000000,0.000000,0,0.000000,0.000000,0.000000,0.000000,0.000000,0.000000,0.000000,0.000000,0.000000,0.000000,0.000000,0.000000,0.000000,0.000000,0.000000,0.000000,0.000000,0.000000,0.000000,0.000000,0.000000,0.000000,0.000000,0.000000,0.000000,0.000000,0.000000,0.000000,0.000000,0.000000,0.000000,0.000000,0,0,0,0,0,0,0,0,0,0,0,0,0,1009,1,0
1.565154,9770,13,0,0,2,60,0,0,0,0,0,0,-0.000024,-0.000000,-0.034812,-0.004902,-0.000000,0.035494,0.000938,0.000000,1.570796,0.227498,0.000000,0.000000,-9600,-9600,-9600,-9600,0,0,0,0.000000,0.000000,0.000000,0.000000,0.000000,0.000000,0.000000,0.000000,0,0.000000,0.000000,0.000000,0.000000,0.000000,0.000000,0.000000,0.000000,0.000000,0.000000,0.000000,0.000000,0.000000,0.000000,0.000000,0.000000,0.000000,0.000000,0.000000,0.000000,0.000000,0.000000,0.000000,0.000000,0.000000,0.000000,0.000000,0.000000,0.000000,0.000000,0.000000,0.000000,0,0,0,0,0,0,0,0,0,0,0,0,0,1016,1,0
1.574924,9770,13,0,0,2,60,0,0,0,0,0,0,-0.000024,-0.000000,-0.034812,-0.004902,-0.000000,0.035494,0.000938,0.000000,1.570796,0.227498,0.000000,0.000000,-9600,-9600,-9600,-9600,0,0,0,0.000000,0.000000,0.000000,0.000000,0.000000,0.000000,0.000000,0.000000,0,0.000000,0.000000,0.000000,0.000000,0.000000,0.000000,0.000000,0.000000,0.000000,0.000000,0.000000,0.000000,0.000000,0.000000,0.000000,0.000000,0.000000,0.000000,0.000000,0.000000,0.000000,0.000000,0.000000,0.000000,0.000000,0.000000,0.000000,0.000000,0.000000,0.000000,0.000000,0.000000,0,0,0,0,0,0,0,0,0,0,0,0,0,1022,1,0
1.584694,9770,13,0,0,2,60,0,0,0,0,0,0,-0.000024,-0.000000,-0.034812,-0.004902,-0.000000,0.035494,0.000938,0.000000,1.570796,0.227498,0.000000,0.000000,-9600,-9600,-9600,-9600,0,0,0,0.000000,0.000000,0.000000,0.000000,0.000000,0.000000,0.000000,0.000000,0,0.000000,0.000000,0.000000,0.000000,0.000000,0.000000,0.000000,0.000000,0.000000,0.000000,0.000000,0.000000,0.000000,0.000000,0.000000,0.000000,0.000000,0.000000,0.000000,0.000000,0.000000,0.000000,0.000000,0.000000,0.000000,0.000000,0.000000,0.000000,0.000000,0.000000,0.000000,0.000000,0,0,0,0,0,0,0,0,0,0,0,0,0,1028,1,0
1.594464,9770,13,0,0,2,60,0,0,0,0,0,0,-0.000024,-0.000000,-0.034812,-0.004902,-0.000000,0.035494,0.000938,0.000000,1.570796,0.227498,0.000000,0.000000,-9600,-9600,-9600,-9600,0,0,0,0.000000,0.000000,0.000000,0.000000,0.000000,0.000000,0.000000,0.000000,0,0.000000,0.000000,0.000000,0.000000,0.000000,0.000000,0.000000,0.000000,0.000000,0.000000,0.000000,0.000000,0.000000,0.000000,0.000000,0.000000,0.000000,0.000000,0.000000,0.000000,0.000000,0.000000,0.000000,0.000000,0.000000,0.000000,0.000000,0.000000,0.000000,0.000000,0.000000,0.000000,0,0,0,0,0,0,0,0,0,0,0,0,0,1035,1,0
1.604234,9770,13,0,0,2,60,0,0,0,0,0,0,-0.000024,-0.000000,-0.034812,-0.004902,-0.000000,0.035494,0.000938,0.000000,1.570796,0.227498,0.000000,0.000000,-9600,-9600,-9600,-9600,0,0,0,0.000000,0.000000,0.000000,0.000000,0.000000,0.000000,0.000000,0.000000,0,0.000000,0.000000,0.000000,0.000000,0.000000,0.000000,0.000000,0.000000,0.000000,0.000000,0.000000,0.000000,0.000000,0.000000,0.000000,0.000000,0.000000,0.000000,0.000000,0.000000,0.000000,0.000000,0.000000,0.000000,0.000000,0.000000,0.000000,0.000000,0.000000,0.000000,0.000000,0.000000,0,0,0,0,0,0,0,0,0,0,0,0,0,1041,1,0
1.614004,9770,13,0,0,2,60,0,0,0,0,0,0,-0.000024,-0.000000,-0.034812,-0.004902,-0.000000,0.035494,0.000938,0.000000,1.570796,0.227498,0.000000,0.000000,-9600,-9600,-9600,-9600,0,0,0,0.000000,0.000000,0.000000,0.000000,0.000000,0.000000,0.000000,0.000000,0,0.000000,0.000000,0.000000,0.000000,0.000000,0.000000,0.000000,0.000000,0.000000,0.000000,0.000000,0.000000,0.000000,0.000000,0.000000,0.000000,0.000000,0.000000,0.000000,0.000000,0.000000,0.000000,0.000000,0.000000,0.000000,0.000000,0.000000,0.000000,0.000000,0.000000,0.000000,0.000000,0,0,0,0,0,0,0,0,0,0,0,0,0,1047,1,0
1.623774,9770,13,0,0,2,60,0,0,0,0,0,0,-0.000024,-0.000000,-0.034812,-0.004902,-0.000000,0.035494,0.000938,0.000000,1.570796,0.227498,0.000000,0.000000,-9600,-9600,-9600,-9600,0,0,0,0.000000,0.000000,0.000000,0.000000,0.000000,0.000000,0.000000,0.000000,0,0.000000,0.000000,0.000000,0.000000,0.000000,0.000000,0.000000,0.000000,0.000000,0.000000,0.000000,0.000000,0.000000,0.000000,0.000000,0.000000,0.000000,0.000000,0.000000,0.000000,0.000000,0.000000,0.000000,0.000000,0.000000,0.000000,0.000000,0.000000,0.000000,0.000000,0.000000,0.000000,0,0,0,0,0,0,0,0,0,0,0,0,0,1054,1,0
1.633544,9770,13,0,0,2,60,0,0,0,0,0,0,-0.000024,-0.000000,-0.034812,-0.004902,-0.000000,0.035494,0.000938,0.000000,1.570796,0.227498,0.000000,0.000000,-9600,-9600,-9600,-9600,0,0,0,0.000000,0.000000,0.000000,0.000000,0.000000,0.000000,0.000000,0.000000,0,0.000000,0.000000,0.000000,0.000000,0.000000,0.000000,0.000000,0.000000,0.000000,0.000000,0.000000,0.000000,0.000000,0.000000,0.000000,0.000000,0.000000,0.000000,0.000000,0.000000,0.000000,0.000000,0.000000,0.000000,0.000000,0.000000,0.000000,0.000000,0.000000,0.000000,0.000000,0.000000,0,0,0,0,0,0,0,0,0,0,0,0,0,1060,1,0
1.643314,9770,13,0,0,2,60,0,0,0,0,0,0,-0.000024,-0.000000,-0.034812,-0.004902,-0.000000,0.035494,0.000938,0.000000,1.570796,0.227498,0.000000,0.000000,-9600,-9600,-9600,-9600,0,0,0,0.000000,0.000000,0.000000,0.000000,0.000000,0.000000,0.000000,0.000000,0,0.000000,0.000000,0.000000,0.000000,0.000000,0.000000,0.000000,0.000000,0.000000,0.000000,0.000000,0.000000,0.000000,0.000000,0.000000,0.000000,0.000000,0.000000,0.000000,0.000000,0.000000,0.000000,0.000000,0.000000,0.000000,0.000000,0.000000,0.000000,0.000000,0.000000,0.000000,0.000000,0,0,0,0,0,0,0,0,0,0,0,0,0,1066,1,0
1.653084,9770,13,0,0,2,60,0,0,0,0,0,0,-0.000024,-0.000000,-0.034812,-0.004902,-0.000000,0.035494,0.000938,0.000000,1.570796,0.227498,0.000000,0.000000,-9600,-9600,-9600,-9600,0,0,0,0.000000,0.000000,0.000000,0.000000,0.000000,0.000000,0.000000,0.000000,0,0.000000,0.000000,0.000000,0.000000,0.000000,0.000000,0.000000,0.000000,0.000000,0.000000,0.000000,0.000000,0.000000,0.000000,0.000000,0.000000,0.000000,0.000000,0.000000,0.000000,0.000000,0.000000,0.000000,0.000000,0.000000,0.000000,0.000000,0.000000,0.000000,0.000000,0.000000,0.000000,0,0,0,0,0,0,0,0,0,0,0,0,0,1073,1,0
1.662854,9770,13,0,0,2,60,0,0,0,0,0,0,-0.000024,-0.000000,-0.034812,-0.004902,-0.000000,0.035494,0.000938,0.000000,1.570796,0.227498,0.000000,0.000000,-9600,-9600,-9600,-9600,0,0,0,0.000000,0.000000,0.000000,0.000000,0.000000,0.000000,0.000000,0.000000,0,0.000000,0.000000,0.000000,0.000000,0.000000,0.000000,0.000000,0.000000,0.000000,0.000000,0.000000,0.000000,0.000000,0.000000,0.000000,0.000000,0.000000,0.000000,0.000000,0.000000,0.000000,0.000000,0.000000,0.000000,0.000000,0.000000,0.000000,0.000000,0.000000,0.000000,0.000000,0.000000,0,0,0,0,0,0,0,0,0,0,0,0,0,1079,1,0
1.672624,9770,13,0,0,2,60,0,0,0,0,0,0,-0.000024,-0.000000,-0.034812,-0.004902,-0.000000,0.035494,0.000938,0.000000,1.570796,0.227498,0.000000,0.000000,-9600,-9600,-9600,-9600,0,0,0,0.000000,0.000000,0.000000,0.000000,0.000000,0.000000,0.000000,0.000000,0,0.000000,0.000000,0.000000,0.000000,0.000000,0.000000,0.000000,0.000000,0.000000,0.000000,0.000000,0.000000,0.000000,0.000000,0.000000,0.000000,0.000000,0.000000,0.000000,0.000000,0.000000,0.000000,0.000000,0.000000,0.000000,0.000000,0.000000,0.000000,0.000000,0.000000,0.000000,0.000000,0,0,0,0,0,0,0,0,0,0,0,0,0,1085,1,0
1.682394,9770,13,0,0,2,60,0,0,0,0,0,0,-0.000024,-0.000000,-0.034812,-0.004902,-0.000000,0.035494,0.000938,0.000000,1.570796,0.227498,0.000000,0.000000,-9600,-9600,-9600,-9600,0,0,0,0.000000,0.000000,0.000000,0.000000,0.000000,0.000000,0.000000,0.000000,0,0.000000,0.000000,0.000000,0.000000,0.000000,0.000000,0.000000,0.000000,0.000000,0.000000,0.000000,0.000000,0.000000,0.000000,0.000000,0.000000,0.000000,0.000000,0.000000,0.000000,0.000000,0.000000,0.000000,0.000000,0.000000,0.000000,0.000000,0.000000,0.000000,0.000000,0.000000,0.000000,0,0,0,0,0,0,0,0,0,0,0,0,0,1092,1,0
1.692164,9770,13,0,0,2,60,0,0,0,0,0,0,-0.000024,-0.000000,-0.034812,-0.004902,-0.000000,0.035494,0.000938,0.000000,1.570796,0.227498,0.000000,0.000000,-9600,-9600,-9600,-9600,0,0,0,0.000000,0.000000,0.000000,0.000000,0.000000,0.000000,0.000000,0.000000,0,0.000000,0.000000,0.000000,0.000000,0.000000,0.000000,0.000000,0.000000,0.000000,0.000000,0.000000,0.000000,0.000000,0.000000,0.000000,0.000000,0.000000,0.000000,0.000000,0.000000,0.000000,0.000000,0.000000,0.000000,0.000000,0.000000,0.000000,0.000000,0.000000,0.000000,0.000000,0.000000,0,0,0,0,0,0,0,0,0,0,0,0,0,1098,1,0
1.701934,9770,13,0,0,2,60,0,0,0,0,0,0,-0.000024,-0.000000,-0.034812,-0.004902,-0.000000,0.035494,0.000938,0.000000,1.570796,0.227498,0.000000,0.000000,-9600,-9600,-9600,-9600,0,0,0,0.000000,0.000000,0.000000,0.000000,0.000000,0.000000,0.000000,0.000000,0,0.000000,0.000000,0.000000,0.000000,0.000000,0.000000,0.000000,0.000000,0.000000,0.000000,0.000000,0.000000,0.000000,0.000000,0.000000,0.000000,0.000000,0.000000,0.000000,0.000000,0.000000,0.000000,0.000000,0.000000,0.000000,0.000000,0.000000,0.000000,0.000000,0.000000,0.000000,0.000000,0,0,0,0,0,0,0,0,0,0,0,0,0,1104,1,0
1.711704,9770,13,0,0,2,60,0,0,0,0,0,0,-0.000024,-0.000000,-0.034812,-0.004902,-0.000000,0.035494,0.000938,0.000000,1.570796,0.227498,0.000000,0.000000,-9600,-9600,-9600,-9600,0,0,0,0.000000,0.000000,0.000000,0.000000,0.000000,0.000000,0.000000,0.000000,0,0.000000,0.000000,0.000000,0.000000,0.000000,0.000000,0.000000,0.000000,0.000000,0.000000,0.000000,0.000000,0.000000,0.000000,0.000000,0.000000,0.000000,0.000000,0.000000,0.000000,0.000000,0.000000,0.000000,0.000000,0.000000,0.000000,0.000000,0.000000,0.000000,0.000000,0.000000,0.000000,0,0,0,0,0,0,0,0,0,0,0,0,0,1111,1,0
1.721474,9770,13,0,0,2,60,0,0,0,0,0,0,-0.000024,-0.000000,-0.034812,-0.004902,-0.000000,0.035494,0.000938,0.000000,1.570796,0.227498,0.000000,0.000000,-9600,-9600,-9600,-9600,0,0,0,0.000000,0.000000,0.000000,0.000000,0.000000,0.000000,0.000000,0.000000,0,0.000000,0.000000,0.000000,0.000000,0.000000,0.000000,0.000000,0.000000,0.000000,0.000000,0.000000,0.000000,0.000000,0.000000,0.000000,0.000000,0.000000,0.000000,0.000000,0.000000,0.000000,0.000000,0.000000,0.000000,0.000000,0.000000,0.000000,0.000000,0.000000,0.000000,0.000000,0.000000,0,0,0,0,0,0,0,0,0,0,0,0,0,1117,1,0
1.731244,9770,13,0,0,2,60,0,0,0,0,0,0,-0.000024,-0.000000,-0.034812,-0.004902,-0.000000,0.035494,0.000938,0.000000,1.570796,0.227498,0.000000,0.000000,-9600,-9600,-9600,-9600,0,0,0,0.000000,0.000000,0.000000,0.000000,0.000000,0.000000,0.000000,0.000000,0,0.000000,0.000000,0.000000,0.000000,0.000000,0.000000,0.000000,0.000000,0.000000,0.000000,0.000000,0.000000,0.000000,0.000000,0.000000,0.000000,0.000000,0.000000,0.000000,0.000000,0.000000,0.000000,0.000000,0.000000,0.000000,0.000000,0.000000,0.000000,0.000000,0.000000,0.000000,0.000000,0,0,0,0,0,0,0,0,0,0,0,0,0,1123,1,0
1.741014,9770,13,0,0,2,60,0,0,0,0,0,0,-0.000024,-0.000000,-0.034812,-0.004902,-0.000000,0.035494,0.000938,0.000000,1.570796,0.227498,0.000000,0.000000,-9600,-9600,-9600,-9600,0,0,0,0.000000,0.000000,0.000000,0.000000,0.000000,0.000000,0.000000,0.000000,0,0.000000,0.000000,0.000000,0.000000,0.000000,0.000000,0.000000,0.000000,0.000000,0.000000,0.000000,0.000000,0.000000,0.000000,0.000000,0.000000,0.000000,0.000000,0.000000,0.000000,0.000000,0.000000,0.000000,0.000000,0.000000,0.000000,0.000000,0.000000,0.000000,0.000000,0.000000,0.000000,0,0,0,0,0,0,0,0,0,0,0,0,0,1130,1,0
1.750784,9770,13,0,0,2,60,0,0,0,0,0,0,-0.000024,-0.000000,-0.034812,-0.004902,-0.000000,0.035494,0.000938,0.000000,1.570796,0.227498,0.000000,0.000000,-9600,-9600,-9600,-9600,0,0,0,0.000000,0.000000,0.000000,0.000000,0.000000,0.000000,0.000000,0.000000,0,0.000000,0.000000,0.000000,0.000000,0.000000,0.000000,0.000000,0.000000,0.000000,0.000000,0.000000,0.000000,0.000000,0.000000,0.000000,0.000000,0.000000,0.000000,0.000000,0.000000,0.000000,0.000000,0.000000,0.000000,0.000000,0.000000,0.000000,0.000000,0.000000,0.000000,0.000000,0.000000,0,0,0,0,0,0,0,0,0,0,0,0,0,1136,1,0
1.760554,9770,13,0,0,2,60,0,0,0,0,0,0,-0.000024,-0.000000,-0.034812,-0.004902,-0.000000,0.035494,0.000938,0.000000,1.570796,0.227498,0.000000,0.000000,-9600,-9600,-9600,-9600,0,0,0,0.000000,0.000000,0.000000,0.000000,0.000000,0.000000,0.000000,0.000000,0,0.000000,0.000000,0.000000,0.000000,0.000000,0.000000,0.000000,0.000000,0.000000,0.000000,0.000000,0.000000,0.000000,0.000000,0.000000,0.000000,0.000000,0.000000,0.000000,0.000000,0.000000,0.000000,0.000000,0.000000,0.000000,0.000000,0.000000,0.000000,0.000000,0.000000,0.000000,0.000000,0,0,0,0,0,0,0,0,0,0,0,0,0,1142,1,0
1.770324,9770,13,0,0,2,60,0,0,0,0,0,0,-0.000024,-0.000000,-0.034812,-0.004902,-0.000000,0.035494,0.000938,0.000000,1.570796,0.227498,0.000000,0.000000,-9600,-9600,-9600,-9600,0,0,0,0.000000,0.000000,0.000000,0.000000,0.000000,0.000000,0.000000,0.000000,0,0.000000,0.000000,0.000000,0.000000,0.000000,0.000000,0.000000,0.000000,0.000000,0.000000,0.000000,0.000000,0.000000,0.000000,0.000000,0.000000,0.000000,0.000000,0.000000,0.000000,0.000000,0.000000,0.000000,0.000000,0.000000,0.000000,0.000000,0.000000,0.000000,0.000000,0.000000,0.000000,0,0,0,0,0,0,0,0,0,0,0,0,0,1149,1,0
1.780094,9770,13,0,0,2,60,0,0,0,0,0,0,-0.000024,-0.000000,-0.034812,-0.004902,-0.000000,0.035494,0.000938,0.000000,1.570796,0.227498,0.000000,0.000000,-9600,-9600,-9600,-9600,0,0,0,0.000000,0.000000,0.000000,0.000000,0.000000,0.000000,0.000000,0.000000,0,0.000000,0.000000,0.000000,0.000000,0.000000,0.000000,0.000000,0.000000,0.000000,0.000000,0.000000,0.000000,0.000000,0.000000,0.000000,0.000000,0.000000,0.000000,0.000000,0.000000,0.000000,0.000000,0.000000,0.000000,0.000000,0.000000,0.000000,0.000000,0.000000,0.000000,0.000000,0.000000,0,0,0,0,0,0,0,0,0,0,0,0,0,1155,1,0
1.789864,9770,13,0,0,2,60,0,0,0,0,0,0,-0.000024,-0.000000,-0.034812,-0.004902,-0.000000,0.035494,0.000938,0.000000,1.570796,0.227498,0.000000,0.000000,-9600,-9600,-9600,-9600,0,0,0,0.000000,0.000000,0.000000,0.000000,0.000000,0.000000,0.000000,0.000000,0,0.000000,0.000000,0.000000,0.000000,0.000000,0.000000,0.000000,0.000000,0.000000,0.000000,0.000000,0.000000,0.000000,0.000000,0.000000,0.000000,0.000000,0.000000,0.000000,0.000000,0.000000,0.000000,0.000000,0.000000,0.000000,0.000000,0.000000,0.000000,0.000000,0.000000,0.000000,0.000000,0,0,0,0,0,0,0,0,0,0,0,0,0,1161,1,0
1.799634,9770,13,0,0,2,60,0,0,0,0,0,0,-0.000024,-0.000000,-0.034812,-0.004902,-0.000000,0.035494,0.000938,0.000000,1.570796,0.227498,0.000000,0.000000,-9600,-9600,-9600,-9600,0,0,0,0.000000,0.000000,0.000000,0.000000,0.000000,0.000000,0.000000,0.000000,0,0.000000,0.000000,0.000000,0.000000,0.000000,0.000000,0.000000,0.000000,0.000000,0.000000,0.000000,0.000000,0.000000,0.000000,0.000000,0.000000,0.000000,0.000000,0.000000,0.000000,0.000000,0.000000,0.000000,0.000000,0.000000,0.000000,0.000000,0.000000,0.000000,0.000000,0.000000,0.000000,0,0,0,0,0,0,0,0,0,0,0,0,0,1168,1,0
1.809404,9770,13,0,0,2,60,0,0,0,0,0,0,-0.000024,-0.000000,-0.034812,-0.004902,-0.000000,0.035494,0.000938,0.000000,1.570796,0.227498,0.000000,0.000000,-9600,-9600,-9600,-9600,0,0,0,0.000000,0.000000,0.000000,0.000000,0.000000,0.000000,0.000000,0.000000,0,0.000000,0.000000,0.000000,0.000000,0.000000,0.000000,0.000000,0.000000,0.000000,0.000000,0.000000,0.000000,0.000000,0.000000,0.000000,0.000000,0.000000,0.000000,0.000000,0.000000,0.000000,0.000000,0.000000,0.000000,0.000000,0.000000,0.000000,0.000000,0.000000,0.000000,0.000000,0.000000,0,0,0,0,0,0,0,0,0,0,0,0,0,1174,1,0
1.819174,9770,13,0,0,2,60,0,0,0,0,0,0,-0.000024,-0.000000,-0.034812,-0.004902,-0.000000,0.035494,0.000938,0.000000,1.570796,0.227498,0.000000,0.000000,-9600,-9600,-9600,-9600,0,0,0,0.000000,0.000000,0.000000,0.000000,0.000000,0.000000,0.000000,0.000000,0,0.000000,0.000000,0.000000,0.000000,0.000000,0.000000,0.000000,0.000000,0.000000,0.000000,0.000000,0.000000,0.000000,0.000000,0.000000,0.000000,0.000000,0.000000,0.000000,0.000000,0.000000,0.000000,0.000000,0.000000,0.000000,0.000000,0.000000,0.000000,0.000000,0.000000,0.000000,0.000000,0,0,0,0,0,0,0,0,0,0,0,0,0,1180,1,0
1.828944,9770,13,0,0,2,60,0,0,0,0,0,0,-0.000025,-0.000000,-0.034812,-0.004902,-0.000000,0.035494,0.000938,0.000000,1.570796,0.227498,0.000000,0.000000,-9600,-9600,-9600,-9600,0,0,0,0.000000,0.000000,0.000000,0.000000,0.000000,0.000000,0.000000,0.000000,0,0.000000,0.000000,0.000000,0.000000,0.000000,0.000000,0.000000,0.000000,0.000000,0.000000,0.000000,0.000000,0.000000,0.000000,0.000000,0.000000,0.000000,0.000000,0.000000,0.000000,0.000000,0.000000,0.000000,0.000000,0.000000,0.000000,0.000000,0.000000,0.000000,0.000000,0.000000,0.000000,0,0,0,0,0,0,0,0,0,0,0,0,0,1187,1,0
1.838714,9770,13,0,0,2,60,0,0,0,0,0,0,-0.000025,-0.000000,-0.034812,-0.004902,-0.000000,0.035494,0.000938,0.000000,1.570796,0.227498,0.000000,0.000000,-9600,-9600,-9600,-9600,0,0,0,0.000000,0.000000,0.000000,0.000000,0.000000,0.000000,0.000000,0.000000,0,0.000000,0.000000,0.000000,0.000000,0.000000,0.000000,0.000000,0.000000,0.000000,0.000000,0.000000,0.000000,0.000000,0.000000,0.000000,0.000000,0.000000,0.000000,0.000000,0.000000,0.000000,0.000000,0.000000,0.000000,0.000000,0.000000,0.000000,0.000000,0.000000,0.000000,0.000000,0.000000,0,0,0,0,0,0,0,0,0,0,0,0,0,1193,1,0
1.848484,9770,13,0,0,2,60,0,0,0,0,0,0,-0.000025,-0.000000,-0.034812,-0.004902,-0.000000,0.035494,0.000938,0.000000,1.570796,0.227498,0.000000,0.000000,-9600,-9600,-9600,-9600,0,0,0,0.000000,0.000000,0.000000,0.000000,0.000000,0.000000,0.000000,0.000000,0,0.000000,0.000000,0.000000,0.000000,0.000000,0.000000,0.000000,0.000000,0.000000,0.000000,0.000000,0.000000,0.000000,0.000000,0.000000,0.000000,0.000000,0.000000,0.000000,0.000000,0.000000,0.000000,0.000000,0.000000,0.000000,0.000000,0.000000,0.000000,0.000000,0.000000,0.000000,0.000000,0,0,0,0,0,0,0,0,0,0,0,0,0,1199,1,0
1.858254,9770,13,0,0,2,60,0,0,0,0,0,0,-0.000025,-0.000000,-0.034812,-0.004902,-0.000000,0.035494,0.000938,0.000000,1.570796,0.227498,0.000000,0.000000,-9600,-9600,-9600,-9600,0,0,0,0.000000,0.000000,0.000000,0.000000,0.000000,0.000000,0.000000,0.000000,0,0.000000,0.000000,0.000000,0.000000,0.000000,0.000000,0.000000,0.000000,0.000000,0.000000,0.000000,0.000000,0.000000,0.000000,0.000000,0.000000,0.000000,0.000000,0.000000,0.000000,0.000000,0.000000,0.000000,0.000000,0.000000,0.000000,0.000000,0.000000,0.000000,0.000000,0.000000,0.000000,0,0,0,0,0,0,0,0,0,0,0,0,0,1206,1,0
1.868024,9770,13,0,0,2,60,0,0,0,0,0,0,-0.000025,-0.000000,-0.034812,-0.004902,-0.000000,0.035494,0.000938,0.000000,1.570796,0.227498,0.000000,0.000000,-9600,-9600,-9600,-9600,0,0,0,0.000000,0.000000,0.000000,0.000000,0.000000,0.000000,0.000000,0.000000,0,0.000000,0.000000,0.000000,0.000000,0.000000,0.000000,0.000000,0.000000,0.000000,0.000000,0.000000,0.000000,0.000000,0.000000,0.000000,0.000000,0.000000,0.000000,0.000000,0.000000,0.000000,0.000000,0.000000,0.000000,0.000000,0.000000,0.000000,0.000000,0.000000,0.000000,0.000000,0.000000,0,0,0,0,0,0,0,0,0,0,0,0,0,1212,1,0
1.877794,9770,13,0,0,2,60,0,0,0,0,0,0,-0.000025,-0.000000,-0.034812,-0.004902,-0.000000,0.035494,0.000938,0.000000,1.570796,0.227498,0.000000,0.000000,-9600,-9600,-9600,-9600,0,0,0,0.000000,0.000000,0.000000,0.000000,0.000000,0.000000,0.000000,0.000000,0,0.000000,0.000000,0.000000,0.000000,0.000000,0.000000,0.000000,0.000000,0.000000,0.000000,0.000000,0.000000,0.000000,0.000000,0.000000,0.000000,0.000000,0.000000,0.000000,0.000000,0.000000,0.000000,0.000000,0.000000,0.000000,0.000000,0.000000,0.000000,0.000000,0.000000,0.000000,0.000000,0,0,0,0,0,0,0,0,0,0,0,0,0,1218,1,0
1.887564,9770,13,0,0,2,60,0,0,0,0,0,0,-0.000025,-0.000000,-0.034812,-0.004902,-0.000000,0.035494,0.000938,0.000000,1.570796,0.227498,0.000000,0.000000,-9600,-9600,-9600,-9600,0,0,0,0.000000,0.000000,0.000000,0.000000,0.000000,0.000000,0.000000,0.000000,0,0.000000,0.000000,0.000000,0.000000,0.000000,0.000000,0.000000,0.000000,0.000000,0.000000,0.000000,0.000000,0.000000,0.000000,0.000000,0.000000,0.000000,0.000000,0.000000,0.000000,0.000000,0.000000,0.000000,0.000000,0.000000,0.000000,0.000000,0.000000,0.000000,0.000000,0.000000,0.000000,0,0,0,0,0,0,0,0,0,0,0,0,0,1225,1,0
1.897334,9770,13,0,0,2,60,0,0,0,0,0,0,-0.000025,-0.000000,-0.034812,-0.004902,-0.000000,0.035494,0.000938,0.000000,1.570796,0.227498,0.000000,0.000000,-9600,-9600,-9600,-9600,0,0,0,0.000000,0.000000,0.000000,0.000000,0.000000,0.000000,0.000000,0.000000,0,0.000000,0.000000,0.000000,0.000000,0.000000,0.000000,0.000000,0.000000,0.000000,0.000000,0.000000,0.000000,0.000000,0.000000,0.000000,0.000000,0.000000,0.000000,0.000000,0.000000,0.000000,0.000000,0.000000,0.000000,0.000000,0.000000,0.000000,0.000000,0.000000,0.000000,0.000000,0.000000,0,0,0,0,0,0,0,0,0,0,0,0,0,1231,1,0
1.907104,9770,13,0,0,2,60,0,0,0,0,0,0,-0.000025,-0.000000,-0.034812,-0.004902,-0.000000,0.035494,0.000938,0.000000,1.570796,0.227498,0.000000,0.000000,-9600,-9600,-9600,-9600,0,0,0,0.000000,0.000000,0.000000,0.000000,0.000000,0.000000,0.000000,0.000000,0,0.000000,0.000000,0.000000,0.000000,0.000000,0.000000,0.000000,0.000000,0.000000,0.000000,0.000000,0.000000,0.000000,0.000000,0.000000,0.000000,0.000000,0.000000,0.000000,0.000000,0.000000,0.000000,0.000000,0.000000,0.000000,0.000000,0.000000,0.000000,0.000000,0.000000,0.000000,0.000000,0,0,0,0,0,0,0,0,0,0,0,0,0,1237,1,0
1.916874,9770,13,0,0,2,60,0,0,0,0,0,0,-0.000025,-0.000000,-0.034812,-0.004902,-0.000000,0.035494,0.000938,0.000000,1.570796,0.227498,0.000000,0.000000,-9600,-9600,-9600,-9600,0,0,0,0.000000,0.000000,0.000000,0.000000,0.000000,0.000000,0.000000,0.000000,0,0.000000,0.000000,0.000000,0.000000,0.000000,0.000000,0.000000,0.000000,0.000000,0.000000,0.000000,0.000000,0.000000,0.000000,0.000000,0.000000,0.000000,0.000000,0.000000,0.000000,0.000000,0.000000,0.000000,0.000000,0.000000,0.000000,0.000000,0.000000,0.000000,0.000000,0.000000,0.000000,0,0,0,0,0,0,0,0,0,0,0,0,0,1244,1,0
1.926644,9770,13,0,0,2,60,0,0,0,0,0,0,-0.000025,-0.000000,-0.034812,-0.004902,-0.000000,0.035494,0.000938,0.000000,1.570796,0.227498,0.000000,0.000000,-9600,-9600,-9600,-9600,0,0,0,0.000000,0.000000,0.000000,0.000000,0.000000,0.000000,0.000000,0.000000,0,0.000000,0.000000,0.000000,0.000000,0.000000,0.000000,0.000000,0.000000,0.000000,0.000000,0.000000,0.000000,0.000000,0.000000,0.000000,0.000000,0.000000,0.000000,0.000000,0.000000,0.000000,0.000000,0.000000,0.000000,0.000000,0.000000,0.000000,0.000000,0.000000,0.000000,0.000000,0.000000,0,0,0,0,0,0,0,0,0,0,0,0,0,1250,1,0
1.936414,9770,13,0,0,2,60,0,0,0,0,0,0,-0.000025,-0.000000,-0.034812,-0.004902,-0.000000,0.035494,0.000938,0.000000,1.570796,0.227498,0.000000,0.000000,-9600,-9600,-9600,-9600,0,0,0,0.000000,0.000000,0.000000,0.000000,0.000000,0.000000,0.000000,0.000000,0,0.000000,0.000000,0.000000,0.000000,0.000000,0.000000,0.000000,0.000000,0.000000,0.000000,0.000000,0.000000,0.000000,0.000000,0.000000,0.000000,0.000000,0.000000,0.000000,0.000000,0.000000,0.000000,0.000000,0.000000,0.000000,0.000000,0.000000,0.000000,0.000000,0.000000,0.000000,0.000000,0,0,0,0,0,0,0,0,0,0,0,0,0,1256,1,0
1.946184,9770,13,0,0,2,60,0,0,0,0,0,0,-0.000025,-0.000000,-0.034812,-0.004902,-0.000000,0.035494,0.000938,0.000000,1.570796,0.227498,0.000000,0.000000,-9600,-9600,-9600,-9600,0,0,0,0.000000,0.000000,0.000000,0.000000,0.000000,0.000000,0.000000,0.000000,0,0.000000,0.000000,0.000000,0.000000,0.000000,0.000000,0.000000,0.000000,0.000000,0.000000,0.000000,0.000000,0.000000,0.000000,0.000000,0.000000,0.000000,0.000000,0.000000,0.000000,0.000000,0.000000,0.000000,0.000000,0.000000,0.000000,0.000000,0.000000,0.000000,0.000000,0.000000,0.000000,0,0,0,0,0,0,0,0,0,0,0,0,0,1263,1,0
1.955954,9770,13,0,0,2,60,0,0,0,0,0,0,-0.000025,-0.000000,-0.034812,-0.004902,-0.000000,0.035494,0.000938,0.000000,1.570796,0.227498,0.000000,0.000000,-9600,-9600,-9600,-9600,0,0,0,0.000000,0.000000,0.000000,0.000000,0.000000,0.000000,0.000000,0.000000,0,0.000000,0.000000,0.000000,0.000000,0.000000,0.000000,0.000000,0.000000,0.000000,0.000000,0.000000,0.000000,0.000000,0.000000,0.000000,0.000000,0.000000,0.000000,0.000000,0.000000,0.000000,0.000000,0.000000,0.000000,0.000000,0.000000,0.000000,0.000000,0.000000,0.000000,0.000000,0.000000,0,0,0,0,0,0,0,0,0,0,0,0,0,1269,1,0
1.965724,9770,13,0,0,2,60,0,0,0,0,0,0,-0.000025,-0.000000,-0.034812,-0.004902,-0.000000,0.035494,0.000938,0.000000,1.570796,0.227498,0.000000,0.000000,-9600,-9600,-9600,-9600,0,0,0,0.000000,0.000000,0.000000,0.000000,0.000000,0.000000,0.000000,0.000000,0,0.000000,0.000000,0.000000,0.000000,0.000000,0.000000,0.000000,0.000000,0.000000,0.000000,0.000000,0.000000,0.000000,0.000000,0.000000,0.000000,0.000000,0.000000,0.000000,0.000000,0.000000,0.000000,0.000000,0.000000,0.000000,0.000000,0.000000,0.000000,0.000000,0.000000,0.000000,0.000000,0,0,0,0,0,0,0,0,0,0,0,0,0,1275,1,0
1.975494,9770,13,0,0,2,60,0,0,0,0,0,0,-0.000025,-0.000000,-0.034812,-0.004902,-0.000000,0.035494,0.000938,0.000000,1.570796,0.227498,0.000000,0.000000,-9600,-9600,-9600,-9600,0,0,0,0.000000,0.000000,0.000000,0.000000,0.000000,0.000000,0.000000,0.000000,0,0.000000,0.000000,0.000000,0.000000,0.000000,0.000000,0.000000,0.000000,0.000000,0.000000,0.000000,0.000000,0.000000,0.000000,0.000000,0.000000,0.000000,0.000000,0.000000,0.000000,0.000000,0.000000,0.000000,0.000000,0.000000,0.000000,0.000000,0.000000,0.000000,0.000000,0.000000,0.000000,0,0,0,0,0,0,0,0,0,0,0,0,0,1282,1,0
1.985264,9770,13,0,0,2,60,0,0,0,0,0,0,-0.000025,-0.000000,-0.034812,-0.004902,-0.000000,0.035494,0.000938,0.000000,1.570796,0.227498,0.000000,0.000000,-9600,-9600,-9600,-9600,0,0,0,0.000000,0.000000,0.000000,0.000000,0.000000,0.000000,0.000000,0.000000,0,0.000000,0.000000,0.000000,0.000000,0.000000,0.000000,0.000000,0.000000,0.000000,0.000000,0.000000,0.000000,0.000000,0.000000,0.000000,0.000000,0.000000,0.000000,0.000000,0.000000,0.000000,0.000000,0.000000,0.000000,0.000000,0.000000,0.000000,0.000000,0.000000,0.000000,0.000000,0.000000,0,0,0,0,0,0,0,0,0,0,0,0,0,1288,1,0
1.995034,9770,13,0,0,2,60,0,0,0,0,0,0,-0.000025,-0.000000,-0.034812,-0.004902,-0.000000,0.035494,0.000938,0.000000,1.570796,0.227498,0.000000,0.000000,-9600,-9600,-9600,-9600,0,0,0,0.000000,0.000000,0.000000,0.000000,0.000000,0.000000,0.000000,0.000000,0,0.000000,0.000000,0.000000,0.000000,0.000000,0.000000,0.000000,0.000000,0.000000,0.000000,0.000000,0.000000,0.000000,0.000000,0.000000,0.000000,0.000000,0.000000,0.000000,0.000000,0.000000,0.000000,0.000000,0.000000,0.000000,0.000000,0.000000,0.000000,0.000000,0.000000,0.000000,0.000000,0,0,0,0,0,0,0,0,0,0,0,0,0,1294,1,0
2.004804,9770,13,0,0,2,60,0,0,0,0,0,0,-0.000025,-0.000000,-0.034812,-0.004902,-0.000000,0.035494,0.000938,0.000000,1.570796,0.227498,0.000000,0.000000,-9600,-9600,-9600,-9600,0,0,0,0.000000,0.000000,0.000000,0.000000,0.000000,0.000000,0.000000,0.000000,0,0.000000,0.000000,0.000000,0.000000,0.000000,0.000000,0.000000,0.000000,0.000000,0.000000,0.000000,0.000000,0.000000,0.000000,0.000000,0.000000,0.000000,0.000000,0.000000,0.000000,0.000000,0.000000,0.000000,0.000000,0.000000,0.000000,0.000000,0.000000,0.000000,0.000000,0.000000,0.000000,0,0,0,0,0,0,0,0,0,0,0,0,0,1301,1,0
2.014574,9770,13,0,0,2,60,0,0,0,0,0,0,-0.000025,-0.000000,-0.034812,-0.004902,-0.000000,0.035494,0.000938,0.000000,1.570796,0.227498,0.000000,0.000000,-9600,-9600,-9600,-9600,0,0,0,0.000000,0.000000,0.000000,0.000000,0.000000,0.000000,0.000000,0.000000,0,0.000000,0.000000,0.000000,0.000000,0.000000,0.000000,0.000000,0.000000,0.000000,0.000000,0.000000,0.000000,0.000000,0.000000,0.000000,0.000000,0.000000,0.000000,0.000000,0.000000,0.000000,0.000000,0.000000,0.000000,0.000000,0.000000,0.000000,0.000000,0.000000,0.000000,0.000000,0.000000,0,0,0,0,0,0,0,0,0,0,0,0,0,1307,1,0
2.024344,9770,13,0,0,2,60,0,0,0,0,0,0,-0.000025,-0.000000,-0.034812,-0.004902,-0.000000,0.035494,0.000938,0.000000,1.570796,0.227498,0.000000,0.000000,-9600,-9600,-9600,-9600,0,0,0,0.000000,0.000000,0.000000,0.000000,0.000000,0.000000,0.000000,0.000000,0,0.000000,0.000000,0.000000,0.000000,0.000000,0.000000,0.000000,0.000000,0.000000,0.000000,0.000000,0.000000,0.000000,0.000000,0.000000,0.000000,0.000000,0.000000,0.000000,0.000000,0.000000,0.000000,0.000000,0.000000,0.000000,0.000000,0.000000,0.000000,0.000000,0.000000,0.000000,0.000000,0,0,0,0,0,0,0,0,0,0,0,0,0,1313,1,0
2.034114,9770,13,0,0,2,60,0,0,0,0,0,0,-0.000025,-0.000000,-0.034812,-0.004902,-0.000000,0.035494,0.000938,0.000000,1.570796,0.227498,0.000000,0.000000,-9600,-9600,-9600,-9600,0,0,0,0.000000,0.000000,0.000000,0.000000,0.000000,0.000000,0.000000,0.000000,0,0.000000,0.000000,0.000000,0.000000,0.000000,0.000000,0.000000,0.000000,0.000000,0.000000,0.000000,0.000000,0.000000,0.000000,0.000000,0.000000,0.000000,0.000000,0.000000,0.000000,0.000000,0.000000,0.000000,0.000000,0.000000,0.000000,0.000000,0.000000,0.000000,0.000000,0.000000,0.000000,0,0,0,0,0,0,0,0,0,0,0,0,0,1320,1,0
2.043884,9770,13,0,0,2,60,0,0,0,0,0,0,-0.000025,-0.000000,-0.034812,-0.004902,-0.000000,0.035494,0.000938,0.000000,1.570796,0.227498,0.000000,0.000000,-9600,-9600,-9600,-9600,0,0,0,0.000000,0.000000,0.000000,0.000000,0.000000,0.000000,0.000000,0.000000,0,0.000000,0.000000,0.000000,0.000000,0.000000,0.000000,0.000000,0.000000,0.000000,0.000000,0.000000,0.000000,0.000000,0.000000,0.000000,0.000000,0.000000,0.000000,0.000000,0.000000,0.000000,0.000000,0.000000,0.000000,0.000000,0.000000,0.000000,0.000000,0.000000,0.000000,0.000000,0.000000,0,0,0,0,0,0,0,0,0,0,0,0,0,1326,1,0
2.053654,9770,13,0,0,2,60,0,0,0,0,0,0,-0.000025,-0.000000,-0.034812,-0.004902,-0.000000,0.035494,0.000938,0.000000,1.570796,0.227498,0.000000,0.000000,-9600,-9600,-9600,-9600,0,0,0,0.000000,0.000000,0.000000,0.000000,0.000000,0.000000,0.000000,0.000000,0,0.000000,0.000000,0.000000,0.000000,0.000000,0.000000,0.000000,0.000000,0.000000,0.000000,0.000000,0.000000,0.000000,0.000000,0.000000,0.000000,0.000000,0.000000,0.000000,0.000000,0.000000,0.000000,0.000000,0.000000,0.000000,0.000000,0.000000,0.000000,0.000000,0.000000,0.000000,0.000000,0,0,0,0,0,0,0,0,0,0,0,0,0,1332,1,0
2.063424,9770,13,0,0,2,60,0,0,0,0,0,0,-0.000025,-0.000000,-0.034812,-0.004902,-0.000000,0.035494,0.000938,0.000000,1.570796,0.227498,0.000000,0.000000,-9600,-9600,-9600,-9600,0,0,0,0.000000,0.000000,0.000000,0.000000,0.000000,0.000000,0.000000,0.000000,0,0.000000,0.000000,0.000000,0.000000,0.000000,0.000000,0.000000,0.000000,0.000000,0.000000,0.000000,0.000000,0.000000,0.000000,0.000000,0.000000,0.000000,0.000000,0.000000,0.000000,0.000000,0.000000,0.000000,0.000000,0.000000,0.000000,0.000000,0.000000,0.000000,0.000000,0.000000,0.000000,0,0,0,0,0,0,0,0,0,0,0,0,0,1339,1,0
2.073194,9770,13,0,0,2,60,0,0,0,0,0,0,-0.000025,-0.000000,-0.034812,-0.004902,-0.000000,0.035494,0.000938,0.000000,1.570796,0.227498,0.000000,0.000000,-9600,-9600,-9600,-9600,0,0,0,0.000000,0.000000,0.000000,0.000000,0.000000,0.000000,0.000000,0.000000,0,0.000000,0.000000,0.000000,0.000000,0.000000,0.000000,0.000000,0.000000,0.000000,0.000000,0.000000,0.000000,0.000000,0.000000,0.000000,0.000000,0.000000,0.000000,0.000000,0.000000,0.000000,0.000000,0.000000,0.000000,0.000000,0.000000,0.000000,0.000000,0.000000,0.000000,0.000000,0.000000,0,0,0,0,0,0,0,0,0,0,0,0,0,66,0,0
2.082964,9770,13,0,0,2,60,0,0,0,0,0,0,-0.000025,-0.000000,-0.034812,-0.004902,-0.000000,0.035494,0.000938,0.000000,1.570796,0.227498,0.000000,0.000000,-9600,-9600,-9600,-9600,0,0,0,0.000000,0.000000,0.000000,0.000000,0.000000,0.000000,0.000000,0.000000,0,0.000000,0.000000,0.000000,0.000000,0.000000,0.000000,0.000000,0.000000,0.000000,0.000000,0.000000,0.000000,0.000000,0.000000,0.000000,0.000000,0.000000,0.000000,0.000000,0.000000,0.000000,0.000000,0.000000,0.000000,0.000000,0.000000,0.000000,0.000000,0.000000,0.000000,0.000000,0.000000,0,0,0,0,0,0,0,0,0,0,0,0,0,66,0,0
2.092734,9770,13,0,0,2,60,0,0,0,0,0,0,-0.000025,-0.000000,-0.034812,-0.004902,-0.000000,0.035494,0.000938,0.000000,1.570796,0.227498,0.000000,0.000000,-9600,-9600,-9600,-9600,0,0,0,0.000000,0.000000,0.000000,0.000000,0.000000,0.000000,0.000000,0.000000,0,0.000000,0.000000,0.000000,0.000000,0.000000,0.000000,0.000000,0.000000,0.000000,0.000000,0.000000,0.000000,0.000000,0.000000,0.000000,0.000000,0.000000,0.000000,0.000000,0.000000,0.000000,0.000000,0.000000,0.000000,0.000000,0.000000,0.000000,0.000000,0.000000,0.000000,0.000000,0.000000,0,0,0,0,0,0,0,0,0,0,0,0,0,66,0,0
2.102504,9770,13,0,0,2,60,0,0,0,0,0,0,-0.000025,-0.000000,-0.034812,-0.004902,-0.000000,0.035494,0.000938,0.000000,1.570796,0.227498,0.000000,0.000000,-9600,-9600,-9600,-9600,0,0,0,0.000000,0.000000,0.000000,0.000000,0.000000,0.000000,0.000000,0.000000,0,0.000000,0.000000,0.000000,0.000000,0.000000,0.000000,0.000000,0.000000,0.000000,0.000000,0.000000,0.000000,0.000000,0.000000,0.000000,0.000000,0.000000,0.000000,0.000000,0.000000,0.000000,0.000000,0.000000,0.000000,0.000000,0.000000,0.000000,0.000000,0.000000,0.000000,0.000000,0.000000,0,0,0,0,0,0,0,0,0,0,0,0,0,66,0,0
2.112274,9770,13,0,0,2,60,0,0,0,0,0,0,-0.000025,-0.000000,-0.034812,-0.004902,-0.000000,0.035494,0.000938,0.000000,1.570796,0.227498,0.000000,0.000000,-9600,-9600,-9600,-9600,0,0,0,0.000000,0.000000,0.000000,0.000000,0.000000,0.000000,0.000000,0.000000,0,0.000000,0.000000,0.000000,0.000000,0.000000,0.000000,0.000000,0.000000,0.000000,0.000000,0.000000,0.000000,0.000000,0.000000,0.000000,0.000000,0.000000,0.000000,0.000000,0.000000,0.000000,0.000000,0.000000,0.000000,0.000000,0.000000,0.000000,0.000000,0.000000,0.000000,0.000000,0.000000,0,0,0,0,0,0,0,0,0,0,0,0,0,66,0,0
2.122044,9770,13,0,0,2,60,0,0,0,0,0,0,-0.000025,-0.000000,-0.034812,-0.004902,-0.000000,0.035494,0.000938,0.000000,1.570796,0.227498,0.000000,0.000000,-9600,-9600,-9600,-9600,0,0,0,0.000000,0.000000,0.000000,0.000000,0.000000,0.000000,0.000000,0.000000,0,0.000000,0.000000,0.000000,0.000000,0.000000,0.000000,0.000000,0.000000,0.000000,0.000000,0.000000,0.000000,0.000000,0.000000,0.000000,0.000000,0.000000,0.000000,0.000000,0.000000,0.000000,0.000000,0.000000,0.000000,0.000000,0.000000,0.000000,0.000000,0.000000,0.000000,0.000000,0.000000,0,0,0,0,0,0,0,0,0,0,0,0,0,66,0,0
2.131814,9770,13,0,0,2,60,0,0,0,0,0,0,-0.000025,-0.000000,-0.034812,-0.004902,-0.000000,0.035494,0.000938,0.000000,1.570796,0.227498,0.000000,0.000000,-9600,-9600,-9600,-9600,0,0,0,0.000000,0.000000,0.000000,0.000000,0.000000,0.000000,0.000000,0.000000,0,0.000000,0.000000,0.000000,0.000000,0.000000,0.000000,0.000000,0.000000,0.000000,0.000000,0.000000,0.000000,0.000000,0.000000,0.000000,0.000000,0.000000,0.000000,0.000000,0.000000,0.000000,0.000000,0.000000,0.000000,0.000000,0.000000,0.000000,0.000000,0.000000,0.000000,0.000000,0.000000,0,0,0,0,0,0,0,0,0,0,0,0,0,66,0,0
2.141584,9770,13,0,0,2,60,0,0,0,0,0,0,-0.000025,-0.000000,-0.034812,-0.004902,-0.000000,0.035494,0.000938,0.000000,1.570796,0.227498,0.000000,0.000000,-9600,-9600,-9600,-9600,0,0,0,0.000000,0.000000,0.000000,0.000000,0.000000,0.000000,0.000000,0.000000,0,0.000000,0.000000,0.000000,0.000000,0.000000,0.000000,0.000000,0.000000,0.000000,0.000000,0.000000,0.000000,0.000000,0.000000,0.000000,0.000000,0.000000,0.000000,0.000000,0.000000,0.000000,0.000000,0.000000,0.000000,0.000000,0.000000,0.000000,0.000000,0.000000,0.000000,0.000000,0.000000,0,0,0,0,0,0,0,0,0,0,0,0,0,66,0,0
2.151354,9770,13,0,0,2,60,0,0,0,0,0,0,-0.000025,-0.000000,-0.034812,-0.004902,-0.000000,0.035494,0.000938,0.000000,1.570796,0.227498,0.000000,0.000000,-9600,-9600,-9600,-9600,0,0,0,0.000000,0.000000,0.000000,0.000000,0.000000,0.000000,0.000000,0.000000,0,0.000000,0.000000,0.000000,0.000000,0.000000,0.000000,0.000000,0.000000,0.000000,0.000000,0.000000,0.000000,0.000000,0.000000,0.000000,0.000000,0.000000,0.000000,0.000000,0.000000,0.000000,0.000000,0.000000,0.000000,0.000000,0.000000,0.000000,0.000000,0.000000,0.000000,0.000000,0.000000,0,0,0,0,0,0,0,0,0,0,0,0,0,66,0,0
2.161124,9770,13,0,0,2,60,0,0,0,0,0,0,-0.000025,-0.000000,-0.034812,-0.004902,-0.000000,0.035494,0.000938,0.000000,1.570796,0.227498,0.000000,0.000000,-9600,-9600,-9600,-9600,0,0,0,0.000000,0.000000,0.000000,0.000000,0.000000,0.000000,0.000000,0.000000,0,0.000000,0.000000,0.000000,0.000000,0.000000,0.000000,0.000000,0.000000,0.000000,0.000000,0.000000,0.000000,0.000000,0.000000,0.000000,0.000000,0.000000,0.000000,0.000000,0.000000,0.000000,0.000000,0.000000,0.000000,0.000000,0.000000,0.000000,0.000000,0.000000,0.000000,0.000000,0.000000,0,0,0,0,0,0,0,0,0,0,0,0,0,66,0,0
2.170894,9770,13,0,0,2,60,0,0,0,0,0,0,-0.000025,-0.000000,-0.034812,-0.004902,-0.000000,0.035494,0.000938,0.000000,1.570796,0.227498,0.000000,0.000000,-9600,-9600,-9600,-9600,0,0,0,0.000000,0.000000,0.000000,0.000000,0.000000,0.000000,0.000000,0.000000,0,0.000000,0.000000,0.000000,0.000000,0.000000,0.000000,0.000000,0.000000,0.000000,0.000000,0.000000,0.000000,0.000000,0.000000,0.000000,0.000000,0.000000,0.000000,0.000000,0.000000,0.000000,0.000000,0.000000,0.000000,0.000000,0.000000,0.000000,0.000000,0.000000,0.000000,0.000000,0.000000,0,0,0,0,0,0,0,0,0,0,0,0,0,66,0,0
2.180664,9770,13,0,0,2,60,0,0,0,0,0,0,-0.000025,-0.000000,-0.034812,-0.004902,-0.000000,0.035494,0.000938,0.000000,1.570796,0.227498,0.000000,0.000000,-9600,-9600,-9600,-9600,0,0,0,0.000000,0.000000,0.000000,0.000000,0.000000,0.000000,0.000000,0.000000,0,0.000000,0.000000,0.000000,0.000000,0.000000,0.000000,0.000000,0.000000,0.000000,0.000000,0.000000,0.000000,0.000000,0.000000,0.000000,0.000000,0.000000,0.000000,0.000000,0.000000,0.000000,0.000000,0.000000,0.000000,0.000000,0.000000,0.000000,0.000000,0.000000,0.000000,0.000000,0.000000,0,0,0,0,0,0,0,0,0,0,0,0,0,66,0,0
2.190434,9770,13,0,0,2,60,0,0,0,0,0,0,-0.000025,-0.000000,-0.034812,-0.004902,-0.000000,0.035494,0.000938,0.000000,1.570796,0.227498,0.000000,0.000000,-9600,-9600,-9600,-9600,0,0,0,0.000000,0.000000,0.000000,0.000000,0.000000,0.000000,0.000000,0.000000,0,0.000000,0.000000,0.000000,0.000000,0.000000,0.000000,0.000000,0.000000,0.000000,0.000000,0.000000,0.000000,0.000000,0.000000,0.000000,0.000000,0.000000,0.000000,0.000000,0.000000,0.000000,0.000000,0.000000,0.000000,0.000000,0.000000,0.000000,0.000000,0.000000,0.000000,0.000000,0.000000,0,0,0,0,0,0,0,0,0,0,0,0,0,66,0,0
2.200204,9770,13,0,0,2,60,0,0,0,0,0,0,-0.000025,-0.000000,-0.034812,-0.004902,-0.000000,0.035494,0.000938,0.000000,1.570796,0.227498,0.000000,0.000000,-9600,-9600,-9600,-9600,0,0,0,0.000000,0.000000,0.000000,0.000000,0.000000,0.000000,0.000000,0.000000,0,0.000000,0.000000,0.000000,0.000000,0.000000,0.000000,0.000000,0.000000,0.000000,0.000000,0.000000,0.000000,0.000000,0.000000,0.000000,0.000000,0.000000,0.000000,0.000000,0.000000,0.000000,0.000000,0.000000,0.000000,0.000000,0.000000,0.000000,0.000000,0.000000,0.000000,0.000000,0.000000,0,0,0,0,0,0,0,0,0,0,0,0,0,66,0,0
2.209974,9770,13,0,0,2,60,0,0,0,0,0,0,-0.000025,-0.000000,-0.034812,-0.004902,-0.000000,0.035494,0.000938,0.000000,1.570796,0.227498,0.000000,0.000000,-9600,-9600,-9600,-9600,0,0,0,0.000000,0.000000,0.000000,0.000000,0.000000,0.000000,0.000000,0.000000,0,0.000000,0.000000,0.000000,0.000000,0.000000,0.000000,0.000000,0.000000,0.000000,0.000000,0.000000,0.000000,0.000000,0.000000,0.000000,0.000000,0.000000,0.000000,0.000000,0.000000,0.000000,0.000000,0.000000,0.000000,0.000000,0.000000,0.000000,0.000000,0.000000,0.000000,0.000000,0.000000,0,0,0,0,0,0,0,0,0,0,0,0,0,66,0,0
2.219744,9770,13,0,0,2,60,0,0,0,0,0,0,-0.000025,-0.000000,-0.034812,-0.004902,-0.000000,0.035494,0.000938,0.000000,1.570796,0.227498,0.000000,0.000000,-9600,-9600,-9600,-9600,0,0,0,0.000000,0.000000,0.000000,0.000000,0.000000,0.000000,0.000000,0.000000,0,0.000000,0.000000,0.000000,0.000000,0.000000,0.000000,0.000000,0.000000,0.000000,0.000000,0.000000,0.000000,0.000000,0.000000,0.000000,0.000000,0.000000,0.000000,0.000000,0.000000,0.000000,0.000000,0.000000,0.000000,0.000000,0.000000,0.000000,0.000000,0.000000,0.000000,0.000000,0.000000,0,0,0,0,0,0,0,0,0,0,0,0,0,66,0,0
2.229514,9770,13,0,0,2,60,0,0,0,0,0,0,-0.000026,-0.000000,-0.034812,-0.004902,-0.000000,0.035494,0.000938,0.000000,1.570796,0.227498,0.000000,0.000000,-9600,-9600,-9600,-9600,0,0,0,0.000000,0.000000,0.000000,0.000000,0.000000,0.000000,0.000000,0.000000,0,0.000000,0.000000,0.000000,0.000000,0.000000,0.000000,0.000000,0.000000,0.000000,0.000000,0.000000,0.000000,0.000000,0.000000,0.000000,0.000000,0.000000,0.000000,0.000000,0.000000,0.000000,0.000000,0.000000,0.000000,0.000000,0.000000,0.000000,0.000000,0.000000,0.000000,0.000000,0.000000,0,0,0,0,0,0,0,0,0,0,0,0,0,66,0,0
2.239284,9770,13,0,0,2,60,0,0,0,0,0,0,-0.000026,-0.000000,-0.034812,-0.004902,-0.000000,0.035494,0.000938,0.000000,1.570796,0.227498,0.000000,0.000000,-9600,-9600,-9600,-9600,0,0,0,0.000000,0.000000,0.000000,0.000000,0.000000,0.000000,0.000000,0.000000,0,0.000000,0.000000,0.000000,0.000000,0.000000,0.000000,0.000000,0.000000,0.000000,0.000000,0.000000,0.000000,0.000000,0.000000,0.000000,0.000000,0.000000,0.000000,0.000000,0.000000,0.000000,0.000000,0.000000,0.000000,0.000000,0.000000,0.000000,0.000000,0.000000,0.000000,0.000000,0.000000,0,0,0,0,0,0,0,0,0,0,0,0,0,66,0,0
2.249054,9770,13,0,0,2,60,0,0,0,0,0,0,-0.000026,-0.000000,-0.034812,-0.004902,-0.000000,0.035494,0.000938,0.000000,1.570796,0.227498,0.000000,0.000000,-9600,-9600,-9600,-9600,0,0,0,0.000000,0.000000,0.000000,0.000000,0.000000,0.000000,0.000000,0.000000,0,0.000000,0.000000,0.000000,0.000000,0.000000,0.000000,0.000000,0.000000,0.000000,0.000000,0.000000,0.000000,0.000000,0.000000,0.000000,0.000000,0.000000,0.000000,0.000000,0.000000,0.000000,0.000000,0.000000,0.000000,0.000000,0.000000,0.000000,0.000000,0.000000,0.000000,0.000000,0.000000,0,0,0,0,0,0,0,0,0,0,0,0,0,66,0,0
2.258824,9770,13,0,0,2,60,0,0,0,0,0,0,-0.000026,-0.000000,-0.034812,-0.004902,-0.000000,0.035494,0.000938,0.000000,1.570796,0.227498,0.000000,0.000000,-9600,-9600,-9600,-9600,0,0,0,0.000000,0.000000,0.000000,0.000000,0.000000,0.000000,0.000000,0.000000,0,0.000000,0.000000,0.000000,0.000000,0.000000,0.000000,0.000000,0.000000,0.000000,0.000000,0.000000,0.000000,0.000000,0.000000,0.000000,0.000000,0.000000,0.000000,0.000000,0.000000,0.000000,0.000000,0.000000,0.000000,0.000000,0.000000,0.000000,0.000000,0.000000,0.000000,0.000000,0.000000,0,0,0,0,0,0,0,0,0,0,0,0,0,66,0,0
2.268594,9770,13,0,0,2,60,0,0,0,0,0,0,-0.000026,-0.000000,-0.034812,-0.004902,-0.000000,0.035494,0.000938,0.000000,1.570796,0.227498,0.000000,0.000000,-9600,-9600,-9600,-9600,0,0,0,0.000000,0.000000,0.000000,0.000000,0.000000,0.000000,0.000000,0.000000,0,0.000000,0.000000,0.000000,0.000000,0.000000,0.000000,0.000000,0.000000,0.000000,0.000000,0.000000,0.000000,0.000000,0.000000,0.000000,0.000000,0.000000,0.000000,0.000000,0.000000,0.000000,0.000000,0.000000,0.000000,0.000000,0.000000,0.000000,0.000000,0.000000,0.000000,0.000000,0.000000,0,0,0,0,0,0,0,0,0,0,0,0,0,66,0,0
2.278364,9770,13,0,0,2,60,0,0,0,0,0,0,-0.000026,-0.000000,-0.034812,-0.004902,-0.000000,0.035494,0.000938,0.000000,1.570796,0.227498,0.000000,0.000000,-9600,-9600,-9600,-9600,0,0,0,0.000000,0.000000,0.000000,0.000000,0.000000,0.000000,0.000000,0.000000,0,0.000000,0.000000,0.000000,0.000000,0.000000,0.000000,0.000000,0.000000,0.000000,0.000000,0.000000,0.000000,0.000000,0.000000,0.000000,0.000000,0.000000,0.000000,0.000000,0.000000,0.000000,0.000000,0.000000,0.000000,0.000000,0.000000,0.000000,0.000000,0.000000,0.000000,0.000000,0.000000,0,0,0,0,0,0,0,0,0,0,0,0,0,66,0,0
2.288134,9770,13,0,0,2,60,0,0,0,0,0,0,-0.000026,-0.000000,-0.034812,-0.004902,-0.000000,0.035494,0.000938,0.000000,1.570796,0.227498,0.000000,0.000000,-9600,-9600,-9600,-9600,0,0,0,0.000000,0.000000,0.000000,0.000000,0.000000,0.000000,0.000000,0.000000,0,0.000000,0.000000,0.000000,0.000000,0.000000,0.000000,0.000000,0.000000,0.000000,0.000000,0.000000,0.000000,0.000000,0.000000,0.000000,0.000000,0.000000,0.000000,0.000000,0.000000,0.000000,0.000000,0.000000,0.000000,0.000000,0.000000,0.000000,0.000000,0.000000,0.000000,0.000000,0.000000,0,0,0,0,0,0,0,0,0,0,0,0,0,66,0,0
2.297904,9770,13,0,0,2,60,0,0,0,0,0,0,-0.000026,-0.000000,-0.034812,-0.004902,-0.000000,0.035494,0.000938,0.000000,1.570796,0.227498,0.000000,0.000000,-9600,-9600,-9600,-9600,0,0,0,0.000000,0.000000,0.000000,0.000000,0.000000,0.000000,0.000000,0.000000,0,0.000000,0.000000,0.000000,0.000000,0.000000,0.000000,0.000000,0.000000,0.000000,0.000000,0.000000,0.000000,0.000000,0.000000,0.000000,0.000000,0.000000,0.000000,0.000000,0.000000,0.000000,0.000000,0.000000,0.000000,0.000000,0.000000,0.000000,0.000000,0.000000,0.000000,0.000000,0.000000,0,0,0,0,0,0,0,0,0,0,0,0,0,66,0,0
2.307674,9770,13,0,0,2,60,0,0,0,0,0,0,-0.000026,-0.000000,-0.034812,-0.004902,-0.000000,0.035494,0.000938,0.000000,1.570796,0.227498,0.000000,0.000000,-9600,-9600,-9600,-9600,0,0,0,0.000000,0.000000,0.000000,0.000000,0.000000,0.000000,0.000000,0.000000,0,0.000000,0.000000,0.000000,0.000000,0.000000,0.000000,0.000000,0.000000,0.000000,0.000000,0.000000,0.000000,0.000000,0.000000,0.000000,0.000000,0.000000,0.000000,0.000000,0.000000,0.000000,0.000000,0.000000,0.000000,0.000000,0.000000,0.000000,0.000000,0.000000,0.000000,0.000000,0.000000,0,0,0,0,0,0,0,0,0,0,0,0,0,66,0,0
2.317444,9770,13,0,0,2,60,0,0,0,0,0,0,-0.000026,-0.000000,-0.034812,-0.004902,-0.000000,0.035494,0.000938,0.000000,1.570796,0.227498,0.000000,0.000000,-9600,-9600,-9600,-9600,0,0,0,0.000000,0.000000,0.000000,0.000000,0.000000,0.000000,0.000000,0.000000,0,0.000000,0.000000,0.000000,0.000000,0.000000,0.000000,0.000000,0.000000,0.000000,0.000000,0.000000,0.000000,0.000000,0.000000,0.000000,0.000000,0.000000,0.000000,0.000000,0.000000,0.000000,0.000000,0.000000,0.000000,0.000000,0.000000,0.000000,0.000000,0.000000,0.000000,0.000000,0.000000,0,0,0,0,0,0,0,0,0,0,0,0,0,66,0,0
2.327214,9770,13,0,0,2,60,0,0,0,0,0,0,-0.000026,-0.000000,-0.034812,-0.004902,-0.000000,0.035494,0.000938,0.000000,1.570796,0.227498,0.000000,0.000000,-9600,-9600,-9600,-9600,0,0,0,0.000000,0.000000,0.000000,0.000000,0.000000,0.000000,0.000000,0.000000,0,0.000000,0.000000,0.000000,0.000000,0.000000,0.000000,0.000000,0.000000,0.000000,0.000000,0.000000,0.000000,0.000000,0.000000,0.000000,0.000000,0.000000,0.000000,0.000000,0.000000,0.000000,0.000000,0.000000,0.000000,0.000000,0.000000,0.000000,0.000000,0.000000,0.000000,0.000000,0.000000,0,0,0,0,0,0,0,0,0,0,0,0,0,66,0,0
2.336984,9770,13,0,0,2,60,0,0,0,0,0,0,-0.000026,-0.000000,-0.034812,-0.004902,-0.000000,0.035494,0.000938,0.000000,1.570796,0.227498,0.000000,0.000000,-9600,-9600,-9600,-9600,0,0,0,0.000000,0.000000,0.000000,0.000000,0.000000,0.000000,0.000000,0.000000,0,0.000000,0.000000,0.000000,0.000000,0.000000,0.000000,0.000000,0.000000,0.000000,0.000000,0.000000,0.000000,0.000000,0.000000,0.000000,0.000000,0.000000,0.000000,0.000000,0.000000,0.000000,0.000000,0.000000,0.000000,0.000000,0.000000,0.000000,0.000000,0.000000,0.000000,0.000000,0.000000,0,0,0,0,0,0,0,0,0,0,0,0,0,66,0,0
2.346754,9770,13,0,0,2,60,0,0,0,0,0,0,-0.000026,-0.000000,-0.034812,-0.004902,-0.000000,0.035494,0.000938,0.000000,1.570796,0.227498,0.000000,0.000000,-9600,-9600,-9600,-9600,0,0,0,0.000000,0.000000,0.000000,0.000000,0.000000,0.000000,0.000000,0.000000,0,0.000000,0.000000,0.000000,0.000000,0.000000,0.000000,0.000000,0.000000,0.000000,0.000000,0.000000,0.000000,0.000000,0.000000,0.000000,0.000000,0.000000,0.000000,0.000000,0.000000,0.000000,0.000000,0.000000,0.000000,0.000000,0.000000,0.000000,0.000000,0.000000,0.000000,0.000000,0.000000,0,0,0,0,0,0,0,0,0,0,0,0,0,66,0,0
2.356524,9770,13,0,0,2,60,0,0,0,0,0,0,-0.000026,-0.000000,-0.034812,-0.004902,-0.000000,0.035494,0.000938,0.000000,1.570796,0.227498,0.000000,0.000000,-9600,-9600,-9600,-9600,0,0,0,0.000000,0.000000,0.000000,0.000000,0.000000,0.000000,0.000000,0.000000,0,0.000000,0.000000,0.000000,0.000000,0.000000,0.000000,0.000000,0.000000,0.000000,0.000000,0.000000,0.000000,0.000000,0.000000,0.000000,0.000000,0.000000,0.000000,0.000000,0.000000,0.000000,0.000000,0.000000,0.000000,0.000000,0.000000,0.000000,0.000000,0.000000,0.000000,0.000000,0.000000,0,0,0,0,0,0,0,0,0,0,0,0,0,66,0,0
2.366294,9770,13,0,0,2,60,0,0,0,0,0,0,-0.000026,-0.000000,-0.034812,-0.004902,-0.000000,0.035494,0.000938,0.000000,1.570796,0.227498,0.000000,0.000000,-9600,-9600,-9600,-9600,0,0,0,0.000000,0.000000,0.000000,0.000000,0.000000,0.000000,0.000000,0.000000,0,0.000000,0.000000,0.000000,0.000000,0.000000,0.000000,0.000000,0.000000,0.000000,0.000000,0.000000,0.000000,0.000000,0.000000,0.000000,0.000000,0.000000,0.000000,0.000000,0.000000,0.000000,0.000000,0.000000,0.000000,0.000000,0.000000,0.000000,0.000000,0.000000,0.000000,0.000000,0.000000,0,0,0,0,0,0,0,0,0,0,0,0,0,66,0,0
2.376064,9770,13,0,0,2,60,0,0,0,0,0,0,-0.000026,-0.000000,-0.034812,-0.004902,-0.000000,0.035494,0.000938,0.000000,1.570796,0.227498,0.000000,0.000000,-9600,-9600,-9600,-9600,0,0,0,0.000000,0.000000,0.000000,0.000000,0.000000,0.000000,0.000000,0.000000,0,0.000000,0.000000,0.000000,0.000000,0.000000,0.000000,0.000000,0.000000,0.000000,0.000000,0.000000,0.000000,0.000000,0.000000,0.000000,0.000000,0.000000,0.000000,0.000000,0.000000,0.000000,0.000000,0.000000,0.000000,0.000000,0.000000,0.000000,0.000000,0.000000,0.000000,0.000000,0.000000,0,0,0,0,0,0,0,0,0,0,0,0,0,66,0,0
2.385834,9770,13,0,0,2,60,0,0,0,0,0,0,-0.000026,-0.000000,-0.034812,-0.004902,-0.000000,0.035494,0.000938,0.000000,1.570796,0.227498,0.000000,0.000000,-9600,-9600,-9600,-9600,0,0,0,0.000000,0.000000,0.000000,0.000000,0.000000,0.000000,0.000000,0.000000,0,0.000000,0.000000,0.000000,0.000000,0.000000,0.000000,0.000000,0.000000,0.000000,0.000000,0.000000,0.000000,0.000000,0.000000,0.000000,0.000000,0.000000,0.000000,0.000000,0.000000,0.000000,0.000000,0.000000,0.000000,0.000000,0.000000,0.000000,0.000000,0.000000,0.000000,0.000000,0.000000,0,0,0,0,0,0,0,0,0,0,0,0,0,66,0,0
2.395604,9770,13,0,0,2,60,0,0,0,0,0,0,-0.000026,-0.000000,-0.034812,-0.004902,-0.000000,0.035494,0.000938,0.000000,1.570796,0.227498,0.000000,0.000000,-9600,-9600,-9600,-9600,0,0,0,0.000000,0.000000,0.000000,0.000000,0.000000,0.000000,0.000000,0.000000,0,0.000000,0.000000,0.000000,0.000000,0.000000,0.000000,0.000000,0.000000,0.000000,0.000000,0.000000,0.000000,0.000000,0.000000,0.000000,0.000000,0.000000,0.000000,0.000000,0.000000,0.000000,0.000000,0.000000,0.000000,0.000000,0.000000,0.000000,0.000000,0.000000,0.000000,0.000000,0.000000,0,0,0,0,0,0,0,0,0,0,0,0,0,66,0,0
2.405374,9770,13,0,0,2,60,0,0,0,0,0,0,-0.000026,-0.000000,-0.034812,-0.004902,-0.000000,0.035494,0.000938,0.000000,1.570796,0.227498,0.000000,0.000000,-9600,-9600,-9600,-9600,0,0,0,0.000000,0.000000,0.000000,0.000000,0.000000,0.000000,0.000000,0.000000,0,0.000000,0.000000,0.000000,0.000000,0.000000,0.000000,0.000000,0.000000,0.000000,0.000000,0.000000,0.000000,0.000000,0.000000,0.000000,0.000000,0.000000,0.000000,0.000000,0.000000,0.000000,0.000000,0.000000,0.000000,0.000000,0.000000,0.000000,0.000000,0.000000,0.000000,0.000000,0.000000,0,0,0,0,0,0,0,0,0,0,0,0,0,66,0,0
2.415144,9770,13,0,0,2,60,0,0,0,0,0,0,-0.000026,-0.000000,-0.034812,-0.004902,-0.000000,0.035494,0.000938,0.000000,1.570796,0.227498,0.000000,0.000000,-9600,-9600,-9600,-9600,0,0,0,0.000000,0.000000,0.000000,0.000000,0.000000,0.000000,0.000000,0.000000,0,0.000000,0.000000,0.000000,0.000000,0.000000,0.000000,0.000000,0.000000,0.000000,0.000000,0.000000,0.000000,0.000000,0.000000,0.000000,0.000000,0.000000,0.000000,0.000000,0.000000,0.000000,0.000000,0.000000,0.000000,0.000000,0.000000,0.000000,0.000000,0.000000,0.000000,0.000000,0.000000,0,0,0,0,0,0,0,0,0,0,0,0,0,66,0,0
2.424914,9770,13,0,0,2,60,0,0,0,0,0,0,-0.000026,-0.000000,-0.034812,-0.004902,-0.000000,0.035494,0.000938,0.000000,1.570796,0.227498,0.000000,0.000000,-9600,-9600,-9600,-9600,0,0,0,0.000000,0.000000,0.000000,0.000000,0.000000,0.000000,0.000000,0.000000,0,0.000000,0.000000,0.000000,0.000000,0.000000,0.000000,0.000000,0.000000,0.000000,0.000000,0.000000,0.000000,0.000000,0.000000,0.000000,0.000000,0.000000,0.000000,0.000000,0.000000,0.000000,0.000000,0.000000,0.000000,0.000000,0.000000,0.000000,0.000000,0.000000,0.000000,0.000000,0.000000,0,0,0,0,0,0,0,0,0,0,0,0,0,66,0,0
2.434684,9770,13,0,0,2,60,0,0,0,0,0,0,-0.000026,-0.000000,-0.034812,-0.004902,-0.000000,0.035494,0.000938,0.000000,1.570796,0.227498,0.000000,0.000000,-9600,-9600,-9600,-9600,0,0,0,0.000000,0.000000,0.000000,0.000000,0.000000,0.000000,0.000000,0.000000,0,0.000000,0.000000,0.000000,0.000000,0.000000,0.000000,0.000000,0.000000,0.000000,0.000000,0.000000,0.000000,0.000000,0.000000,0.000000,0.000000,0.000000,0.000000,0.000000,0.000000,0.000000,0.000000,0.000000,0.000000,0.000000,0.000000,0.000000,0.000000,0.000000,0.000000,0.000000,0.000000,0,0,0,0,0,0,0,0,0,0,0,0,0,66,0,0
2.444454,9770,13,0,0,2,60,0,0,0,0,0,0,-0.000026,-0.000000,-0.034812,-0.004902,-0.000000,0.035494,0.000938,0.000000,1.570796,0.227498,0.000000,0.000000,-9600,-9600,-9600,-9600,0,0,0,0.000000,0.000000,0.000000,0.000000,0.000000,0.000000,0.000000,0.000000,0,0.000000,0.000000,0.000000,0.000000,0.000000,0.000000,0.000000,0.000000,0.000000,0.000000,0.000000,0.000000,0.000000,0.000000,0.000000,0.000000,0.000000,0.000000,0.000000,0.000000,0.000000,0.000000,0.000000,0.000000,0.000000,0.000000,0.000000,0.000000,0.000000,0.000000,0.000000,0.000000,0,0,0,0,0,0,0,0,0,0,0,0,0,66,0,0
2.454224,9770,13,0,0,2,60,0,0,0,0,0,0,-0.000026,-0.000000,-0.034812,-0.004902,-0.000000,0.035494,0.000938,0.000000,1.570796,0.227498,0.000000,0.000000,-9600,-9600,-9600,-9600,0,0,0,0.000000,0.000000,0.000000,0.000000,0.000000,0.000000,0.000000,0.000000,0,0.000000,0.000000,0.000000,0.000000,0.000000,0.000000,0.000000,0.000000,0.000000,0.000000,0.000000,0.000000,0.000000,0.000000,0.000000,0.000000,0.000000,0.000000,0.000000,0.000000,0.000000,0.000000,0.000000,0.000000,0.000000,0.000000,0.000000,0.000000,0.000000,0.000000,0.000000,0.000000,0,0,0,0,0,0,0,0,0,0,0,0,0,66,0,0
2.463994,9770,13,0,0,2,60,0,0,0,0,0,0,-0.000026,-0.000000,-0.034812,-0.004902,-0.000000,0.035494,0.000938,0.000000,1.570796,0.227498,0.000000,0.000000,-9600,-9600,-9600,-9600,0,0,0,0.000000,0.000000,0.000000,0.000000,0.000000,0.000000,0.000000,0.000000,0,0.000000,0.000000,0.000000,0.000000,0.000000,0.000000,0.000000,0.000000,0.000000,0.000000,0.000000,0.000000,0.000000,0.000000,0.000000,0.000000,0.000000,0.000000,0.000000,0.000000,0.000000,0.000000,0.000000,0.000000,0.000000,0.000000,0.000000,0.000000,0.000000,0.000000,0.000000,0.000000,0,0,0,0,0,0,0,0,0,0,0,0,0,66,0,0
2.473764,9770,13,0,0,2,60,0,0,0,0,0,0,-0.000026,-0.000000,-0.034812,-0.004902,-0.000000,0.035494,0.000938,0.000000,1.570796,0.227498,0.000000,0.000000,-9600,-9600,-9600,-9600,0,0,0,0.000000,0.000000,0.000000,0.000000,0.000000,0.000000,0.000000,0.000000,0,0.000000,0.000000,0.000000,0.000000,0.000000,0.000000,0.000000,0.000000,0.000000,0.000000,0.000000,0.000000,0.000000,0.000000,0.000000,0.000000,0.000000,0.000000,0.000000,0.000000,0.000000,0.000000,0.000000,0.000000,0.000000,0.000000,0.000000,0.000000,0.000000,0.000000,0.000000,0.000000,0,0,0,0,0,0,0,0,0,0,0,0,0,66,0,0
2.483534,9770,13,0,0,2,60,0,0,0,0,0,0,-0.000026,-0.000000,-0.034812,-0.004902,-0.000000,0.035494,0.000938,0.000000,1.570796,0.227498,0.000000,0.000000,-9600,-9600,-9600,-9600,0,0,0,0.000000,0.000000,0.000000,0.000000,0.000000,0.000000,0.000000,0.000000,0,0.000000,0.000000,0.000000,0.000000,0.000000,0.000000,0.000000,0.000000,0.000000,0.000000,0.000000,0.000000,0.000000,0.000000,0.000000,0.000000,0.000000,0.000000,0.000000,0.000000,0.000000,0.000000,0.000000,0.000000,0.000000,0.000000,0.000000,0.000000,0.000000,0.000000,0.000000,0.000000,0,0,0,0,0,0,0,0,0,0,0,0,0,66,0,0
2.493304,9770,13,0,0,2,60,0,0,0,0,0,0,-0.000026,-0.000000,-0.034812,-0.004902,-0.000000,0.035494,0.000938,0.000000,1.570796,0.227498,0.000000,0.000000,-9600,-9600,-9600,-9600,0,0,0,0.000000,0.000000,0.000000,0.000000,0.000000,0.000000,0.000000,0.000000,0,0.000000,0.000000,0.000000,0.000000,0.000000,0.000000,0.000000,0.000000,0.000000,0.000000,0.000000,0.000000,0.000000,0.000000,0.000000,0.000000,0.000000,0.000000,0.000000,0.000000,0.000000,0.000000,0.000000,0.000000,0.000000,0.000000,0.000000,0.000000,0.000000,0.000000,0.000000,0.000000,0,0,0,0,0,0,0,0,0,0,0,0,0,66,0,0
2.503074,9770,13,0,0,2,60,0,0,0,0,0,0,-0.000026,-0.000000,-0.034812,-0.004902,-0.000000,0.035494,0.000938,0.000000,1.570796,0.227498,0.000000,0.000000,-9600,-9600,-9600,-9600,0,0,0,0.000000,0.000000,0.000000,0.000000,0.000000,0.000000,0.000000,0.000000,0,0.000000,0.000000,0.000000,0.000000,0.000000,0.000000,0.000000,0.000000,0.000000,0.000000,0.000000,0.000000,0.000000,0.000000,0.000000,0.000000,0.000000,0.000000,0.000000,0.000000,0.000000,0.000000,0.000000,0.000000,0.000000,0.000000,0.000000,0.000000,0.000000,0.000000,0.000000,0.000000,0,0,0,0,0,0,0,0,0,0,0,0,0,66,0,0
2.512844,9770,13,0,0,2,60,0,0,0,0,0,0,-0.000026,-0.000000,-0.034812,-0.004902,-0.000000,0.035494,0.000938,0.000000,1.570796,0.227498,0.000000,0.000000,-9600,-9600,-9600,-9600,0,0,0,0.000000,0.000000,0.000000,0.000000,0.000000,0.000000,0.000000,0.000000,0,0.000000,0.000000,0.000000,0.000000,0.000000,0.000000,0.000000,0.000000,0.000000,0.000000,0.000000,0.000000,0.000000,0.000000,0.000000,0.000000,0.000000,0.000000,0.000000,0.000000,0.000000,0.000000,0.000000,0.000000,0.000000,0.000000,0.000000,0.000000,0.000000,0.000000,0.000000,0.000000,0,0,0,0,0,0,0,0,0,0,0,0,0,66,0,0
2.522614,9770,13,0,0,2,60,0,0,0,0,0,0,-0.000026,-0.000000,-0.034812,-0.004902,-0.000000,0.035494,0.000938,0.000000,1.570796,0.227498,0.000000,0.000000,-9600,-9600,-9600,-9600,0,0,0,0.000000,0.000000,0.000000,0.000000,0.000000,0.000000,0.000000,0.000000,0,0.000000,0.000000,0.000000,0.000000,0.000000,0.000000,0.000000,0.000000,0.000000,0.000000,0.000000,0.000000,0.000000,0.000000,0.000000,0.000000,0.000000,0.000000,0.000000,0.000000,0.000000,0.000000,0.000000,0.000000,0.000000,0.000000,0.000000,0.000000,0.000000,0.000000,0.000000,0.000000,0,0,0,0,0,0,0,0,0,0,0,0,0,66,0,0
2.532384,9770,13,0,0,2,60,0,0,0,0,0,0,-0.000026,-0.000000,-0.034812,-0.004902,-0.000000,0.035494,0.000938,0.000000,1.570796,0.227498,0.000000,0.000000,-9600,-9600,-9600,-9600,0,0,0,0.000000,0.000000,0.000000,0.000000,0.000000,0.000000,0.000000,0.000000,0,0.000000,0.000000,0.000000,0.000000,0.000000,0.000000,0.000000,0.000000,0.000000,0.000000,0.000000,0.000000,0.000000,0.000000,0.000000,0.000000,0.000000,0.000000,0.000000,0.000000,0.000000,0.000000,0.000000,0.000000,0.000000,0.000000,0.000000,0.000000,0.000000,0.000000,0.000000,0.000000,0,0,0,0,0,0,0,0,0,0,0,0,0,66,0,0
2.542154,9770,13,0,0,2,60,0,0,0,0,0,0,-0.000026,-0.000000,-0.034812,-0.004902,-0.000000,0.035494,0.000938,0.000000,1.570796,0.227498,0.000000,0.000000,-9600,-9600,-9600,-9600,0,0,0,0.000000,0.000000,0.000000,0.000000,0.000000,0.000000,0.000000,0.000000,0,0.000000,0.000000,0.000000,0.000000,0.000000,0.000000,0.000000,0.000000,0.000000,0.000000,0.000000,0.000000,0.000000,0.000000,0.000000,0.000000,0.000000,0.000000,0.000000,0.000000,0.000000,0.000000,0.000000,0.000000,0.000000,0.000000,0.000000,0.000000,0.000000,0.000000,0.000000,0.000000,0,0,0,0,0,0,0,0,0,0,0,0,0,66,0,0
2.551924,9770,13,0,0,2,60,0,0,0,0,0,0,-0.000026,-0.000000,-0.034812,-0.004902,-0.000000,0.035494,0.000938,0.000000,1.570796,0.227498,0.000000,0.000000,-9600,-9600,-9600,-9600,0,0,0,0.000000,0.000000,0.000000,0.000000,0.000000,0.000000,0.000000,0.000000,0,0.000000,0.000000,0.000000,0.000000,0.000000,0.000000,0.000000,0.000000,0.000000,0.000000,0.000000,0.000000,0.000000,0.000000,0.000000,0.000000,0.000000,0.000000,0.000000,0.000000,0.000000,0.000000,0.000000,0.000000,0.000000,0.000000,0.000000,0.000000,0.000000,0.000000,0.000000,0.000000,0,0,0,0,0,0,0,0,0,0,0,0,0,66,0,0
2.561694,9770,13,0,0,2,60,0,0,0,0,0,0,-0.000026,-0.000000,-0.034812,-0.004902,-0.000000,0.035494,0.000938,0.000000,1.570796,0.227498,0.000000,0.000000,-9600,-9600,-9600,-9600,0,0,0,0.000000,0.000000,0.000000,0.000000,0.000000,0.000000,0.000000,0.000000,0,0.000000,0.000000,0.000000,0.000000,0.000000,0.000000,0.000000,0.000000,0.000000,0.000000,0.000000,0.000000,0.000000,0.000000,0.000000,0.000000,0.000000,0.000000,0.000000,0.000000,0.000000,0.000000,0.000000,0.000000,0.000000,0.000000,0.000000,0.000000,0.000000,0.000000,0.000000,0.000000,0,0,0,0,0,0,0,0,0,0,0,0,0,66,0,0
2.571464,9770,13,0,0,2,60,0,0,0,0,0,0,-0.000026,-0.000000,-0.034812,-0.004902,-0.000000,0.035494,0.000938,0.000000,1.570796,0.227498,0.000000,0.000000,-9600,-9600,-9600,-9600,0,0,0,0.000000,0.000000,0.000000,0.000000,0.000000,0.000000,0.000000,0.000000,0,0.000000,0.000000,0.000000,0.000000,0.000000,0.000000,0.000000,0.000000,0.000000,0.000000,0.000000,0.000000,0.000000,0.000000,0.000000,0.000000,0.000000,0.000000,0.000000,0.000000,0.000000,0.000000,0.000000,0.000000,0.000000,0.000000,0.000000,0.000000,0.000000,0.000000,0.000000,0.000000,0,0,0,0,0,0,0,0,0,0,0,0,0,66,0,0
2.581234,9770,13,0,0,2,60,0,0,0,0,0,0,-0.000026,-0.000000,-0.034812,-0.004902,-0.000000,0.035494,0.000938,0.000000,1.570796,0.227498,0.000000,0.000000,-9600,-9600,-9600,-9600,0,0,0,0.000000,0.000000,0.000000,0.000000,0.000000,0.000000,0.000000,0.000000,0,0.000000,0.000000,0.000000,0.000000,0.000000,0.000000,0.000000,0.000000,0.000000,0.000000,0.000000,0.000000,0.000000,0.000000,0.000000,0.000000,0.000000,0.000000,0.000000,0.000000,0.000000,0.000000,0.000000,0.000000,0.000000,0.000000,0.000000,0.000000,0.000000,0.000000,0.000000,0.000000,0,0,0,0,0,0,0,0,0,0,0,0,0,66,0,0
2.591004,9770,13,0,0,2,60,0,0,0,0,0,0,-0.000026,-0.000000,-0.034812,-0.004902,-0.000000,0.035494,0.000938,0.000000,1.570796,0.227498,0.000000,0.000000,-9600,-9600,-9600,-9600,0,0,0,0.000000,0.000000,0.000000,0.000000,0.000000,0.000000,0.000000,0.000000,0,0.000000,0.000000,0.000000,0.000000,0.000000,0.000000,0.000000,0.000000,0.000000,0.000000,0.000000,0.000000,0.000000,0.000000,0.000000,0.000000,0.000000,0.000000,0.000000,0.000000,0.000000,0.000000,0.000000,0.000000,0.000000,0.000000,0.000000,0.000000,0.000000,0.000000,0.000000,0.000000,0,0,0,0,0,0,0,0,0,0,0,0,0,66,0,0
2.600774,9770,13,0,0,2,60,0,0,0,0,0,0,-0.000026,-0.000000,-0.034812,-0.004902,-0.000000,0.035494,0.000938,0.000000,1.570796,0.227498,0.000000,0.000000,-9600,-9600,-9600,-9600,0,0,0,0.000000,0.000000,0.000000,0.000000,0.000000,0.000000,0.000000,0.000000,0,0.000000,0.000000,0.000000,0.000000,0.000000,0.000000,0.000000,0.000000,0.000000,0.000000,0.000000,0.000000,0.000000,0.000000,0.000000,0.000000,0.000000,0.000000,0.000000,0.000000,0.000000,0.000000,0.000000,0.000000,0.000000,0.000000,0.000000,0.000000,0.000000,0.000000,0.000000,0.000000,0,0,0,0,0,0,0,0,0,0,0,0,0,66,0,0
2.610544,9770,13,0,0,2,60,0,0,0,0,0,0,-0.000026,-0.000000,-0.034812,-0.004902,-0.000000,0.035494,0.000938,0.000000,1.570796,0.227498,0.000000,0.000000,-9600,-9600,-9600,-9600,0,0,0,0.000000,0.000000,0.000000,0.000000,0.000000,0.000000,0.000000,0.000000,0,0.000000,0.000000,0.000000,0.000000,0.000000,0.000000,0.000000,0.000000,0.000000,0.000000,0.000000,0.000000,0.000000,0.000000,0.000000,0.000000,0.000000,0.000000,0.000000,0.000000,0.000000,0.000000,0.000000,0.000000,0.000000,0.000000,0.000000,0.000000,0.000000,0.000000,0.000000,0.000000,0,0,0,0,0,0,0,0,0,0,0,0,0,66,0,0
2.620314,9770,13,0,0,2,60,0,0,0,0,0,0,-0.000026,-0.000000,-0.034812,-0.004902,-0.000000,0.035494,0.000938,0.000000,1.570796,0.227498,0.000000,0.000000,-9600,-9600,-9600,-9600,0,0,0,0.000000,0.000000,0.000000,0.000000,0.000000,0.000000,0.000000,0.000000,0,0.000000,0.000000,0.000000,0.000000,0.000000,0.000000,0.000000,0.000000,0.000000,0.000000,0.000000,0.000000,0.000000,0.000000,0.000000,0.000000,0.000000,0.000000,0.000000,0.000000,0.000000,0.000000,0.000000,0.000000,0.000000,0.000000,0.000000,0.000000,0.000000,0.000000,0.000000,0.000000,0,0,0,0,0,0,0,0,0,0,0,0,0,66,0,0
2.630084,9770,13,0,0,2,60,0,0,0,0,0,0,-0.000026,-0.000000,-0.034812,-0.004902,-0.000000,0.035494,0.000938,0.000000,1.570796,0.227498,0.000000,0.000000,-9600,-9600,-9600,-9600,0,0,0,0.000000,0.000000,0.000000,0.000000,0.000000,0.000000,0.000000,0.000000,0,0.000000,0.000000,0.000000,0.000000,0.000000,0.000000,0.000000,0.000000,0.000000,0.000000,0.000000,0.000000,0.000000,0.000000,0.000000,0.000000,0.000000,0.000000,0.000000,0.000000,0.000000,0.000000,0.000000,0.000000,0.000000,0.000000,0.000000,0.000000,0.000000,0.000000,0.000000,0.000000,0,0,0,0,0,0,0,0,0,0,0,0,0,66,0,0
2.639854,9770,13,0,0,2,60,0,0,0,0,0,0,-0.000027,-0.000000,-0.034812,-0.004902,-0.000000,0.035494,0.000938,0.000000,1.570796,0.227498,0.000000,0.000000,-9600,-9600,-9600,-9600,0,0,0,0.000000,0.000000,0.000000,0.000000,0.000000,0.000000,0.000000,0.000000,0,0.000000,0.000000,0.000000,0.000000,0.000000,0.000000,0.000000,0.000000,0.000000,0.000000,0.000000,0.000000,0.000000,0.000000,0.000000,0.000000,0.000000,0.000000,0.000000,0.000000,0.000000,0.000000,0.000000,0.000000,0.000000,0.000000,0.000000,0.000000,0.000000,0.000000,0.000000,0.000000,0,0,0,0,0,0,0,0,0,0,0,0,0,66,0,0
2.649624,9770,13,0,0,2,60,0,0,0,0,0,0,-0.000027,-0.000000,-0.034812,-0.004902,-0.000000,0.035494,0.000938,0.000000,1.570796,0.227498,0.000000,0.000000,-9600,-9600,-9600,-9600,0,0,0,0.000000,0.000000,0.000000,0.000000,0.000000,0.000000,0.000000,0.000000,0,0.000000,0.000000,0.000000,0.000000,0.000000,0.000000,0.000000,0.000000,0.000000,0.000000,0.000000,0.000000,0.000000,0.000000,0.000000,0.000000,0.000000,0.000000,0.000000,0.000000,0.000000,0.000000,0.000000,0.000000,0.000000,0.000000,0.000000,0.000000,0.000000,0.000000,0.000000,0.000000,0,0,0,0,0,0,0,0,0,0,0,0,0,66,0,0
2.659394,9770,13,0,0,2,60,0,0,0,0,0,0,-0.000027,-0.000000,-0.034812,-0.004902,-0.000000,0.035494,0.000938,0.000000,1.570796,0.227498,0.000000,0.000000,-9600,-9600,-9600,-9600,0,0,0,0.000000,0.000000,0.000000,0.000000,0.000000,0.000000,0.000000,0.000000,0,0.000000,0.000000,0.000000,0.000000,0.000000,0.000000,0.000000,0.000000,0.000000,0.000000,0.000000,0.000000,0.000000,0.000000,0.000000,0.000000,0.000000,0.000000,0.000000,0.000000,0.000000,0.000000,0.000000,0.000000,0.000000,0.000000,0.000000,0.000000,0.000000,0.000000,0.000000,0.000000,0,0,0,0,0,0,0,0,0,0,0,0,0,66,0,0
2.669164,9770,13,0,0,2,60,0,0,0,0,0,0,-0.000027,-0.000000,-0.034812,-0.004902,-0.000000,0.035494,0.000938,0.000000,1.570796,0.227498,0.000000,0.000000,-9600,-9600,-9600,-9600,0,0,0,0.000000,0.000000,0.000000,0.000000,0.000000,0.000000,0.000000,0.000000,0,0.000000,0.000000,0.000000,0.000000,0.000000,0.000000,0.000000,0.000000,0.000000,0.000000,0.000000,0.000000,0.000000,0.000000,0.000000,0.000000,0.000000,0.000000,0.000000,0.000000,0.000000,0.000000,0.000000,0.000000,0.000000,0.000000,0.000000,0.000000,0.000000,0.000000,0.000000,0.000000,0,0,0,0,0,0,0,0,0,0,0,0,0,66,0,0
2.678934,9770,13,0,0,2,60,0,0,0,0,0,0,-0.000027,-0.000000,-0.034812,-0.004902,-0.000000,0.035494,0.000938,0.000000,1.570796,0.227498,0.000000,0.000000,-9600,-9600,-9600,-9600,0,0,0,0.000000,0.000000,0.000000,0.000000,0.000000,0.000000,0.000000,0.000000,0,0.000000,0.000000,0.000000,0.000000,0.000000,0.000000,0.000000,0.000000,0.000000,0.000000,0.000000,0.000000,0.000000,0.000000,0.000000,0.000000,0.000000,0.000000,0.000000,0.000000,0.000000,0.000000,0.000000,0.000000,0.000000,0.000000,0.000000,0.000000,0.000000,0.000000,0.000000,0.000000,0,0,0,0,0,0,0,0,0,0,0,0,0,66,0,0
2.688704,9770,13,0,0,2,60,0,0,0,0,0,0,-0.000027,-0.000000,-0.034812,-0.004902,-0.000000,0.035494,0.000938,0.000000,1.570796,0.227498,0.000000,0.000000,-9600,-9600,-9600,-9600,0,0,0,0.000000,0.000000,0.000000,0.000000,0.000000,0.000000,0.000000,0.000000,0,0.000000,0.000000,0.000000,0.000000,0.000000,0.000000,0.000000,0.000000,0.000000,0.000000,0.000000,0.000000,0.000000,0.000000,0.000000,0.000000,0.000000,0.000000,0.000000,0.000000,0.000000,0.000000,0.000000,0.000000,0.000000,0.000000,0.000000,0.000000,0.000000,0.000000,0.000000,0.000000,0,0,0,0,0,0,0,0,0,0,0,0,0,66,0,0
2.698474,9770,13,0,0,2,60,0,0,0,0,0,0,-0.000027,-0.000000,-0.034812,-0.004902,-0.000000,0.035494,0.000938,0.000000,1.570796,0.227498,0.000000,0.000000,-9600,-9600,-9600,-9600,0,0,0,0.000000,0.000000,0.000000,0.000000,0.000000,0.000000,0.000000,0.000000,0,0.000000,0.000000,0.000000,0.000000,0.000000,0.000000,0.000000,0.000000,0.000000,0.000000,0.000000,0.000000,0.000000,0.000000,0.000000,0.000000,0.000000,0.000000,0.000000,0.000000,0.000000,0.000000,0.000000,0.000000,0.000000,0.000000,0.000000,0.000000,0.000000,0.000000,0.000000,0.000000,0,0,0,0,0,0,0,0,0,0,0,0,0,66,0,0
2.708244,9770,13,0,0,2,60,0,0,0,0,0,0,-0.000027,-0.000000,-0.034812,-0.004902,-0.000000,0.035494,0.000938,0.000000,1.570796,0.227498,0.000000,0.000000,-9600,-9600,-9600,-9600,0,0,0,0.000000,0.000000,0.000000,0.000000,0.000000,0.000000,0.000000,0.000000,0,0.000000,0.000000,0.000000,0.000000,0.000000,0.000000,0.000000,0.000000,0.000000,0.000000,0.000000,0.000000,0.000000,0.000000,0.000000,0.000000,0.000000,0.000000,0.000000,0.000000,0.000000,0.000000,0.000000,0.000000,0.000000,0.000000,0.000000,0.000000,0.000000,0.000000,0.000000,0.000000,0,0,0,0,0,0,0,0,0,0,0,0,0,66,0,0
2.718014,9770,13,0,0,2,60,0,0,0,0,0,0,-0.000027,-0.000000,-0.034812,-0.004902,-0.000000,0.035494,0.000938,0.000000,1.570796,0.227498,0.000000,0.000000,-9600,-9600,-9600,-9600,0,0,0,0.000000,0.000000,0.000000,0.000000,0.000000,0.000000,0.000000,0.000000,0,0.000000,0.000000,0.000000,0.000000,0.000000,0.000000,0.000000,0.000000,0.000000,0.000000,0.000000,0.000000,0.000000,0.000000,0.000000,0.000000,0.000000,0.000000,0.000000,0.000000,0.000000,0.000000,0.000000,0.000000,0.000000,0.000000,0.000000,0.000000,0.000000,0.000000,0.000000,0.000000,0,0,0,0,0,0,0,0,0,0,0,0,0,66,0,0
2.727784,9770,13,0,0,2,60,0,0,0,0,0,0,-0.000027,-0.000000,-0.034812,-0.004902,-0.000000,0.035494,0.000938,0.000000,1.570796,0.227498,0.000000,0.000000,-9600,-9600,-9600,-9600,0,0,0,0.000000,0.000000,0.000000,0.000000,0.000000,0.000000,0.000000,0.000000,0,0.000000,0.000000,0.000000,0.000000,0.000000,0.000000,0.000000,0.000000,0.000000,0.000000,0.000000,0.000000,0.000000,0.000000,0.000000,0.000000,0.000000,0.000000,0.000000,0.000000,0.000000,0.000000,0.000000,0.000000,0.000000,0.000000,0.000000,0.000000,0.000000,0.000000,0.000000,0.000000,0,0,0,0,0,0,0,0,0,0,0,0,0,66,0,0
2.737554,9770,13,0,0,2,60,0,0,0,0,0,0,-0.000027,-0.000000,-0.034812,-0.004902,-0.000000,0.035494,0.000938,0.000000,1.570796,0.227498,0.000000,0.000000,-9600,-9600,-9600,-9600,0,0,0,0.000000,0.000000,0.000000,0.000000,0.000000,0.000000,0.000000,0.000000,0,0.000000,0.000000,0.000000,0.000000,0.000000,0.000000,0.000000,0.000000,0.000000,0.000000,0.000000,0.000000,0.000000,0.000000,0.000000,0.000000,0.000000,0.000000,0.000000,0.000000,0.000000,0.000000,0.000000,0.000000,0.000000,0.000000,0.000000,0.000000,0.000000,0.000000,0.000000,0.000000,0,0,0,0,0,0,0,0,0,0,0,0,0,66,0,0
2.747324,9770,13,0,0,2,60,0,0,0,0,0,0,-0.000027,-0.000000,-0.034812,-0.004902,-0.000000,0.035494,0.000938,0.000000,1.570796,0.227498,0.000000,0.000000,-9600,-9600,-9600,-9600,0,0,0,0.000000,0.000000,0.000000,0.000000,0.000000,0.000000,0.000000,0.000000,0,0.000000,0.000000,0.000000,0.000000,0.000000,0.000000,0.000000,0.000000,0.000000,0.000000,0.000000,0.000000,0.000000,0.000000,0.000000,0.000000,0.000000,0.000000,0.000000,0.000000,0.000000,0.000000,0.000000,0.000000,0.000000,0.000000,0.000000,0.000000,0.000000,0.000000,0.000000,0.000000,0,0,0,0,0,0,0,0,0,0,0,0,0,66,0,0
2.757094,9770,13,0,0,2,60,0,0,0,0,0,0,-0.000027,-0.000000,-0.034812,-0.004902,-0.000000,0.035494,0.000938,0.000000,1.570796,0.227498,0.000000,0.000000,-9600,-9600,-9600,-9600,0,0,0,0.000000,0.000000,0.000000,0.000000,0.000000,0.000000,0.000000,0.000000,0,0.000000,0.000000,0.000000,0.000000,0.000000,0.000000,0.000000,0.000000,0.000000,0.000000,0.000000,0.000000,0.000000,0.000000,0.000000,0.000000,0.000000,0.000000,0.000000,0.000000,0.000000,0.000000,0.000000,0.000000,0.000000,0.000000,0.000000,0.000000,0.000000,0.000000,0.000000,0.000000,0,0,0,0,0,0,0,0,0,0,0,0,0,66,0,0
2.766864,9770,13,0,0,2,60,0,0,0,0,0,0,-0.000027,-0.000000,-0.034812,-0.004902,-0.000000,0.035494,0.000938,0.000000,1.570796,0.227498,0.000000,0.000000,-9600,-9600,-9600,-9600,0,0,0,0.000000,0.000000,0.000000,0.000000,0.000000,0.000000,0.000000,0.000000,0,0.000000,0.000000,0.000000,0.000000,0.000000,0.000000,0.000000,0.000000,0.000000,0.000000,0.000000,0.000000,0.000000,0.000000,0.000000,0.000000,0.000000,0.000000,0.000000,0.000000,0.000000,0.000000,0.000000,0.000000,0.000000,0.000000,0.000000,0.000000,0.000000,0.000000,0.000000,0.000000,0,0,0,0,0,0,0,0,0,0,0,0,0,66,0,0
2.776634,9770,13,0,0,2,60,0,0,0,0,0,0,-0.000027,-0.000000,-0.034812,-0.004902,-0.000000,0.035494,0.000938,0.000000,1.570796,0.227498,0.000000,0.000000,-9600,-9600,-9600,-9600,0,0,0,0.000000,0.000000,0.000000,0.000000,0.000000,0.000000,0.000000,0.000000,0,0.000000,0.000000,0.000000,0.000000,0.000000,0.000000,0.000000,0.000000,0.000000,0.000000,0.000000,0.000000,0.000000,0.000000,0.000000,0.000000,0.000000,0.000000,0.000000,0.000000,0.000000,0.000000,0.000000,0.000000,0.000000,0.000000,0.000000,0.000000,0.000000,0.000000,0.000000,0.000000,0,0,0,0,0,0,0,0,0,0,0,0,0,66,0,0
2.786404,9770,13,0,0,2,60,0,0,0,0,0,0,-0.000027,-0.000000,-0.034812,-0.004902,-0.000000,0.035494,0.000938,0.000000,1.570796,0.227498,0.000000,0.000000,-9600,-9600,-9600,-9600,0,0,0,0.000000,0.000000,0.000000,0.000000,0.000000,0.000000,0.000000,0.000000,0,0.000000,0.000000,0.000000,0.000000,0.000000,0.000000,0.000000,0.000000,0.000000,0.000000,0.000000,0.000000,0.000000,0.000000,0.000000,0.000000,0.000000,0.000000,0.000000,0.000000,0.000000,0.000000,0.000000,0.000000,0.000000,0.000000,0.000000,0.000000,0.000000,0.000000,0.000000,0.000000,0,0,0,0,0,0,0,0,0,0,0,0,0,66,0,0
2.796174,9770,13,0,0,2,60,0,0,0,0,0,0,-0.000027,-0.000000,-0.034812,-0.004902,-0.000000,0.035494,0.000938,0.000000,1.570796,0.227498,0.000000,0.000000,-9600,-9600,-9600,-9600,0,0,0,0.000000,0.000000,0.000000,0.000000,0.000000,0.000000,0.000000,0.000000,0,0.000000,0.000000,0.000000,0.000000,0.000000,0.000000,0.000000,0.000000,0.000000,0.000000,0.000000,0.000000,0.000000,0.000000,0.000000,0.000000,0.000000,0.000000,0.000000,0.000000,0.000000,0.000000,0.000000,0.000000,0.000000,0.000000,0.000000,0.000000,0.000000,0.000000,0.000000,0.000000,0,0,0,0,0,0,0,0,0,0,0,0,0,66,0,0
2.805944,9770,13,0,0,2,60,0,0,0,0,0,0,-0.000027,-0.000000,-0.034812,-0.004902,-0.000000,0.035494,0.000938,0.000000,1.570796,0.227498,0.000000,0.000000,-9600,-9600,-9600,-9600,0,0,0,0.000000,0.000000,0.000000,0.000000,0.000000,0.000000,0.000000,0.000000,0,0.000000,0.000000,0.000000,0.000000,0.000000,0.000000,0.000000,0.000000,0.000000,0.000000,0.000000,0.000000,0.000000,0.000000,0.000000,0.000000,0.000000,0.000000,0.000000,0.000000,0.000000,0.000000,0.000000,0.000000,0.000000,0.000000,0.000000,0.000000,0.000000,0.000000,0.000000,0.000000,0,0,0,0,0,0,0,0,0,0,0,0,0,66,0,0
2.815714,9770,13,0,0,2,60,0,0,0,0,0,0,-0.000027,-0.000000,-0.034812,-0.004902,-0.000000,0.035494,0.000938,0.000000,1.570796,0.227498,0.000000,0.000000,-9600,-9600,-9600,-9600,0,0,0,0.000000,0.000000,0.000000,0.000000,0.000000,0.000000,0.000000,0.000000,0,0.000000,0.000000,0.000000,0.000000,0.000000,0.000000,0.000000,0.000000,0.000000,0.000000,0.000000,0.000000,0.000000,0.000000,0.000000,0.000000,0.000000,0.000000,0.000000,0.000000,0.000000,0.000000,0.000000,0.000000,0.000000,0.000000,0.000000,0.000000,0.000000,0.000000,0.000000,0.000000,0,0,0,0,0,0,0,0,0,0,0,0,0,66,0,0
2.825484,9770,13,0,0,2,60,0,0,0,0,0,0,-0.000027,-0.000000,-0.034812,-0.004902,-0.000000,0.035494,0.000938,0.000000,1.570796,0.227498,0.000000,0.000000,-9600,-9600,-9600,-9600,0,0,0,0.000000,0.000000,0.000000,0.000000,0.000000,0.000000,0.000000,0.000000,0,0.000000,0.000000,0.000000,0.000000,0.000000,0.000000,0.000000,0.000000,0.000000,0.000000,0.000000,0.000000,0.000000,0.000000,0.000000,0.000000,0.000000,0.000000,0.000000,0.000000,0.000000,0.000000,0.000000,0.000000,0.000000,0.000000,0.000000,0.000000,0.000000,0.000000,0.000000,0.000000,0,0,0,0,0,0,0,0,0,0,0,0,0,66,0,0
2.835254,9770,13,0,0,2,60,0,0,0,0,0,0,-0.000027,-0.000000,-0.034812,-0.004902,-0.000000,0.035494,0.000938,0.000000,1.570796,0.227498,0.000000,0.000000,-9600,-9600,-9600,-9600,0,0,0,0.000000,0.000000,0.000000,0.000000,0.000000,0.000000,0.000000,0.000000,0,0.000000,0.000000,0.000000,0.000000,0.000000,0.000000,0.000000,0.000000,0.000000,0.000000,0.000000,0.000000,0.000000,0.000000,0.000000,0.000000,0.000000,0.000000,0.000000,0.000000,0.000000,0.000000,0.000000,0.000000,0.000000,0.000000,0.000000,0.000000,0.000000,0.000000,0.000000,0.000000,0,0,0,0,0,0,0,0,0,0,0,0,0,66,0,0
2.845024,9770,13,0,0,2,60,0,0,0,0,0,0,-0.000027,-0.000000,-0.034812,-0.004902,-0.000000,0.035494,0.000938,0.000000,1.570796,0.227498,0.000000,0.000000,-9600,-9600,-9600,-9600,0,0,0,0.000000,0.000000,0.000000,0.000000,0.000000,0.000000,0.000000,0.000000,0,0.000000,0.000000,0.000000,0.000000,0.000000,0.000000,0.000000,0.000000,0.000000,0.000000,0.000000,0.000000,0.000000,0.000000,0.000000,0.000000,0.000000,0.000000,0.000000,0.000000,0.000000,0.000000,0.000000,0.000000,0.000000,0.000000,0.000000,0.000000,0.000000,0.000000,0.000000,0.000000,0,0,0,0,0,0,0,0,0,0,0,0,0,66,0,0
2.854794,9770,13,0,0,2,60,0,0,0,0,0,0,-0.000027,-0.000000,-0.034812,-0.004902,-0.000000,0.035494,0.000938,0.000000,1.570796,0.227498,0.000000,0.000000,-9600,-9600,-9600,-9600,0,0,0,0.000000,0.000000,0.000000,0.000000,0.000000,0.000000,0.000000,0.000000,0,0.000000,0.000000,0.000000,0.000000,0.000000,0.000000,0.000000,0.000000,0.000000,0.000000,0.000000,0.000000,0.000000,0.000000,0.000000,0.000000,0.000000,0.000000,0.000000,0.000000,0.000000,0.000000,0.000000,0.000000,0.000000,0.000000,0.000000,0.000000,0.000000,0.000000,0.000000,0.000000,0,0,0,0,0,0,0,0,0,0,0,0,0,66,0,0
2.864564,9770,13,0,0,2,60,0,0,0,0,0,0,-0.000027,-0.000000,-0.034812,-0.004902,-0.000000,0.035494,0.000938,0.000000,1.570796,0.227498,0.000000,0.000000,-9600,-9600,-9600,-9600,0,0,0,0.000000,0.000000,0.000000,0.000000,0.000000,0.000000,0.000000,0.000000,0,0.000000,0.000000,0.000000,0.000000,0.000000,0.000000,0.000000,0.000000,0.000000,0.000000,0.000000,0.000000,0.000000,0.000000,0.000000,0.000000,0.000000,0.000000,0.000000,0.000000,0.000000,0.000000,0.000000,0.000000,0.000000,0.000000,0.000000,0.000000,0.000000,0.000000,0.000000,0.000000,0,0,0,0,0,0,0,0,0,0,0,0,0,66,0,0
2.874334,9770,13,0,0,2,60,0,0,0,0,0,0,-0.000027,-0.000000,-0.034812,-0.004902,-0.000000,0.035494,0.000938,0.000000,1.570796,0.227498,0.000000,0.000000,-9600,-9600,-9600,-9600,0,0,0,0.000000,0.000000,0.000000,0.000000,0.000000,0.000000,0.000000,0.000000,0,0.000000,0.000000,0.000000,0.000000,0.000000,0.000000,0.000000,0.000000,0.000000,0.000000,0.000000,0.000000,0.000000,0.000000,0.000000,0.000000,0.000000,0.000000,0.000000,0.000000,0.000000,0.000000,0.000000,0.000000,0.000000,0.000000,0.000000,0.000000,0.000000,0.000000,0.000000,0.000000,0,0,0,0,0,0,0,0,0,0,0,0,0,66,0,0
2.884104,9770,13,0,0,2,60,0,0,0,0,0,0,-0.000027,-0.000000,-0.034812,-0.004902,-0.000000,0.035494,0.000938,0.000000,1.570796,0.227498,0.000000,0.000000,-9600,-9600,-9600,-9600,0,0,0,0.000000,0.000000,0.000000,0.000000,0.000000,0.000000,0.000000,0.000000,0,0.000000,0.000000,0.000000,0.000000,0.000000,0.000000,0.000000,0.000000,0.000000,0.000000,0.000000,0.000000,0.000000,0.000000,0.000000,0.000000,0.000000,0.000000,0.000000,0.000000,0.000000,0.000000,0.000000,0.000000,0.000000,0.000000,0.000000,0.000000,0.000000,0.000000,0.000000,0.000000,0,0,0,0,0,0,0,0,0,0,0,0,0,66,0,0
2.893874,9770,13,0,0,2,60,0,0,0,0,0,0,-0.000027,-0.000000,-0.034812,-0.004902,-0.000000,0.035494,0.000938,0.000000,1.570796,0.227498,0.000000,0.000000,-9600,-9600,-9600,-9600,0,0,0,0.000000,0.000000,0.000000,0.000000,0.000000,0.000000,0.000000,0.000000,0,0.000000,0.000000,0.000000,0.000000,0.000000,0.000000,0.000000,0.000000,0.000000,0.000000,0.000000,0.000000,0.000000,0.000000,0.000000,0.000000,0.000000,0.000000,0.000000,0.000000,0.000000,0.000000,0.000000,0.000000,0.000000,0.000000,0.000000,0.000000,0.000000,0.000000,0.000000,0.000000,0,0,0,0,0,0,0,0,0,0,0,0,0,66,0,0
2.903644,9770,13,0,0,2,60,0,0,0,0,0,0,-0.000027,-0.000000,-0.034812,-0.004902,-0.000000,0.035494,0.000938,0.000000,1.570796,0.227498,0.000000,0.000000,-9600,-9600,-9600,-9600,0,0,0,0.000000,0.000000,0.000000,0.000000,0.000000,0.000000,0.000000,0.000000,0,0.000000,0.000000,0.000000,0.000000,0.000000,0.000000,0.000000,0.000000,0.000000,0.000000,0.000000,0.000000,0.000000,0.000000,0.000000,0.000000,0.000000,0.000000,0.000000,0.000000,0.000000,0.000000,0.000000,0.000000,0.000000,0.000000,0.000000,0.000000,0.000000,0.000000,0.000000,0.000000,0,0,0,0,0,0,0,0,0,0,0,0,0,66,0,0
2.913414,9770,13,0,0,2,60,0,0,0,0,0,0,-0.000027,-0.000000,-0.034812,-0.004902,-0.000000,0.035494,0.000938,0.000000,1.570796,0.227498,0.000000,0.000000,-9600,-9600,-9600,-9600,0,0,0,0.000000,0.000000,0.000000,0.000000,0.000000,0.000000,0.000000,0.000000,0,0.000000,0.000000,0.000000,0.000000,0.000000,0.000000,0.000000,0.000000,0.000000,0.000000,0.000000,0.000000,0.000000,0.000000,0.000000,0.000000,0.000000,0.000000,0.000000,0.000000,0.000000,0.000000,0.000000,0.000000,0.000000,0.000000,0.000000,0.000000,0.000000,0.000000,0.000000,0.000000,0,0,0,0,0,0,0,0,0,0,0,0,0,66,0,0
2.923184,9770,13,0,0,2,60,0,0,0,0,0,0,-0.000027,-0.000000,-0.034812,-0.004902,-0.000000,0.035494,0.000938,0.000000,1.570796,0.227498,0.000000,0.000000,-9600,-9600,-9600,-9600,0,0,0,0.000000,0.000000,0.000000,0.000000,0.000000,0.000000,0.000000,0.000000,0,0.000000,0.000000,0.000000,0.000000,0.000000,0.000000,0.000000,0.000000,0.000000,0.000000,0.000000,0.000000,0.000000,0.000000,0.000000,0.000000,0.000000,0.000000,0.000000,0.000000,0.000000,0.000000,0.000000,0.000000,0.000000,0.000000,0.000000,0.000000,0.000000,0.000000,0.000000,0.000000,0,0,0,0,0,0,0,0,0,0,0,0,0,66,0,0
2.932954,9770,13,0,0,2,60,0,0,0,0,0,0,-0.000027,-0.000000,-0.034812,-0.004902,-0.000000,0.035494,0.000938,0.000000,1.570796,0.227498,0.000000,0.000000,-9600,-9600,-9600,-9600,0,0,0,0.000000,0.000000,0.000000,0.000000,0.000000,0.000000,0.000000,0.000000,0,0.000000,0.000000,0.000000,0.000000,0.000000,0.000000,0.000000,0.000000,0.000000,0.000000,0.000000,0.000000,0.000000,0.000000,0.000000,0.000000,0.000000,0.000000,0.000000,0.000000,0.000000,0.000000,0.000000,0.000000,0.000000,0.000000,0.000000,0.000000,0.000000,0.000000,0.000000,0.000000,0,0,0,0,0,0,0,0,0,0,0,0,0,66,0,0
2.942724,9770,13,0,0,2,60,0,0,0,0,0,0,-0.000027,-0.000000,-0.034812,-0.004902,-0.000000,0.035494,0.000938,0.000000,1.570796,0.227498,0.000000,0.000000,-9600,-9600,-9600,-9600,0,0,0,0.000000,0.000000,0.000000,0.000000,0.000000,0.000000,0.000000,0.000000,0,0.000000,0.000000,0.000000,0.000000,0.000000,0.000000,0.000000,0.000000,0.000000,0.000000,0.000000,0.000000,0.000000,0.000000,0.000000,0.000000,0.000000,0.000000,0.000000,0.000000,0.000000,0.000000,0.000000,0.000000,0.000000,0.000000,0.000000,0.000000,0.000000,0.000000,0.000000,0.000000,0,0,0,0,0,0,0,0,0,0,0,0,0,66,0,0
2.952494,9770,13,0,0,2,60,0,0,0,0,0,0,-0.000027,-0.000000,-0.034812,-0.004902,-0.000000,0.035494,0.000938,0.000000,1.570796,0.227498,0.000000,0.000000,-9600,-9600,-9600,-9600,0,0,0,0.000000,0.000000,0.000000,0.000000,0.000000,0.000000,0.000000,0.000000,0,0.000000,0.000000,0.000000,0.000000,0.000000,0.000000,0.000000,0.000000,0.000000,0.000000,0.000000,0.000000,0.000000,0.000000,0.000000,0.000000,0.000000,0.000000,0.000000,0.000000,0.000000,0.000000,0.000000,0.000000,0.000000,0.000000,0.000000,0.000000,0.000000,0.000000,0.000000,0.000000,0,0,0,0,0,0,0,0,0,0,0,0,0,66,0,0
2.962264,9770,13,0,0,2,60,0,0,0,0,0,0,-0.000027,-0.000000,-0.034812,-0.004902,-0.000000,0.035494,0.000938,0.000000,1.570796,0.227498,0.000000,0.000000,-9600,-9600,-9600,-9600,0,0,0,0.000000,0.000000,0.000000,0.000000,0.000000,0.000000,0.000000,0.000000,0,0.000000,0.000000,0.000000,0.000000,0.000000,0.000000,0.000000,0.000000,0.000000,0.000000,0.000000,0.000000,0.000000,0.000000,0.000000,0.000000,0.000000,0.000000,0.000000,0.000000,0.000000,0.000000,0.000000,0.000000,0.000000,0.000000,0.000000,0.000000,0.000000,0.000000,0.000000,0.000000,0,0,0,0,0,0,0,0,0,0,0,0,0,66,0,0
2.972034,9770,13,0,0,2,60,0,0,0,0,0,0,-0.000027,-0.000000,-0.034812,-0.004902,-0.000000,0.035494,0.000938,0.000000,1.570796,0.227498,0.000000,0.000000,-9600,-9600,-9600,-9600,0,0,0,0.000000,0.000000,0.000000,0.000000,0.000000,0.000000,0.000000,0.000000,0,0.000000,0.000000,0.000000,0.000000,0.000000,0.000000,0.000000,0.000000,0.000000,0.000000,0.000000,0.000000,0.000000,0.000000,0.000000,0.000000,0.000000,0.000000,0.000000,0.000000,0.000000,0.000000,0.000000,0.000000,0.000000,0.000000,0.000000,0.000000,0.000000,0.000000,0.000000,0.000000,0,0,0,0,0,0,0,0,0,0,0,0,0,66,0,0
2.981804,9770,13,0,0,2,60,0,0,0,0,0,0,-0.000027,-0.000000,-0.034812,-0.004902,-0.000000,0.035494,0.000938,0.000000,1.570796,0.227498,0.000000,0.000000,-9600,-9600,-9600,-9600,0,0,0,0.000000,0.000000,0.000000,0.000000,0.000000,0.000000,0.000000,0.000000,0,0.000000,0.000000,0.000000,0.000000,0.000000,0.000000,0.000000,0.000000,0.000000,0.000000,0.000000,0.000000,0.000000,0.000000,0.000000,0.000000,0.000000,0.000000,0.000000,0.000000,0.000000,0.000000,0.000000,0.000000,0.000000,0.000000,0.000000,0.000000,0.000000,0.000000,0.000000,0.000000,0,0,0,0,0,0,0,0,0,0,0,0,0,66,0,0
2.991574,9770,13,0,0,2,60,0,0,0,0,0,0,-0.000027,-0.000000,-0.034812,-0.004902,-0.000000,0.035494,0.000938,0.000000,1.570796,0.227498,0.000000,0.000000,-9600,-9600,-9600,-9600,0,0,0,0.000000,0.000000,0.000000,0.000000,0.000000,0.000000,0.000000,0.000000,0,0.000000,0.000000,0.000000,0.000000,0.000000,0.000000,0.000000,0.000000,0.000000,0.000000,0.000000,0.000000,0.000000,0.000000,0.000000,0.000000,0.000000,0.000000,0.000000,0.000000,0.000000,0.000000,0.000000,0.000000,0.000000,0.000000,0.000000,0.000000,0.000000,0.000000,0.000000,0.000000,0,0,0,0,0,0,0,0,0,0,0,0,0,66,0,0
3.001344,9770,13,0,0,2,60,0,0,0,0,0,0,-0.000027,-0.000000,-0.034812,-0.004902,-0.000000,0.035494,0.000938,0.000000,1.570796,0.227498,0.000000,0.000000,-9600,-9600,-9600,-9600,0,0,0,0.000000,0.000000,0.000000,0.000000,0.000000,0.000000,0.000000,0.000000,0,0.000000,0.000000,0.000000,0.000000,0.000000,0.000000,0.000000,0.000000,0.000000,0.000000,0.000000,0.000000,0.000000,0.000000,0.000000,0.000000,0.000000,0.000000,0.000000,0.000000,0.000000,0.000000,0.000000,0.000000,0.000000,0.000000,0.000000,0.000000,0.000000,0.000000,0.000000,0.000000,0,0,0,0,0,0,0,0,0,0,0,0,0,66,0,0
3.011114,9770,13,0,0,2,60,0,0,0,0,0,0,-0.000027,-0.000000,-0.034812,-0.004902,-0.000000,0.035494,0.000938,0.000000,1.570796,0.227498,0.000000,0.000000,-9600,-9600,-9600,-9600,0,0,0,0.000000,0.000000,0.000000,0.000000,0.000000,0.000000,0.000000,0.000000,0,0.000000,0.000000,0.000000,0.000000,0.000000,0.000000,0.000000,0.000000,0.000000,0.000000,0.000000,0.000000,0.000000,0.000000,0.000000,0.000000,0.000000,0.000000,0.000000,0.000000,0.000000,0.000000,0.000000,0.000000,0.000000,0.000000,0.000000,0.000000,0.000000,0.000000,0.000000,0.000000,0,0,0,0,0,0,0,0,0,0,0,0,0,66,0,0
3.020884,9770,13,0,0,2,60,0,0,0,0,0,0,-0.000027,-0.000000,-0.034812,-0.004902,-0.000000,0.035494,0.000938,0.000000,1.570796,0.227498,0.000000,0.000000,-9600,-9600,-9600,-9600,0,0,0,0.000000,0.000000,0.000000,0.000000,0.000000,0.000000,0.000000,0.000000,0,0.000000,0.000000,0.000000,0.000000,0.000000,0.000000,0.000000,0.000000,0.000000,0.000000,0.000000,0.000000,0.000000,0.000000,0.000000,0.000000,0.000000,0.000000,0.000000,0.000000,0.000000,0.000000,0.000000,0.000000,0.000000,0.000000,0.000000,0.000000,0.000000,0.000000,0.000000,0.000000,0,0,0,0,0,0,0,0,0,0,0,0,0,66,0,0
3.030654,9770,13,0,0,2,60,0,0,0,0,0,0,-0.000027,-0.000000,-0.034812,-0.004902,-0.000000,0.035494,0.000938,0.000000,1.570796,0.227498,0.000000,0.000000,-9600,-9600,-9600,-9600,0,0,0,0.000000,0.000000,0.000000,0.000000,0.000000,0.000000,0.000000,0.000000,0,0.000000,0.000000,0.000000,0.000000,0.000000,0.000000,0.000000,0.000000,0.000000,0.000000,0.000000,0.000000,0.000000,0.000000,0.000000,0.000000,0.000000,0.000000,0.000000,0.000000,0.000000,0.000000,0.000000,0.000000,0.000000,0.000000,0.000000,0.000000,0.000000,0.000000,0.000000,0.000000,0,0,0,0,0,0,0,0,0,0,0,0,0,66,0,0
3.040424,9770,13,0,0,2,60,0,0,0,0,0,0,-0.000027,-0.000000,-0.034812,-0.004902,-0.000000,0.035494,0.000938,0.000000,1.570796,0.227498,0.000000,0.000000,-9600,-9600,-9600,-9600,0,0,0,0.000000,0.000000,0.000000,0.000000,0.000000,0.000000,0.000000,0.000000,0,0.000000,0.000000,0.000000,0.000000,0.000000,0.000000,0.000000,0.000000,0.000000,0.000000,0.000000,0.000000,0.000000,0.000000,0.000000,0.000000,0.000000,0.000000,0.000000,0.000000,0.000000,0.000000,0.000000,0.000000,0.000000,0.000000,0.000000,0.000000,0.000000,0.000000,0.000000,0.000000,0,0,0,0,0,0,0,0,0,0,0,0,0,66,0,0
3.050194,9770,13,0,0,2,60,0,0,0,0,0,0,-0.000028,-0.000000,-0.034812,-0.004902,-0.000000,0.035494,0.000938,0.000000,1.570796,0.227498,0.000000,0.000000,-9600,-9600,-9600,-9600,0,0,0,0.000000,0.000000,0.000000,0.000000,0.000000,0.000000,0.000000,0.000000,0,0.000000,0.000000,0.000000,0.000000,0.000000,0.000000,0.000000,0.000000,0.000000,0.000000,0.000000,0.000000,0.000000,0.000000,0.000000,0.000000,0.000000,0.000000,0.000000,0.000000,0.000000,0.000000,0.000000,0.000000,0.000000,0.000000,0.000000,0.000000,0.000000,0.000000,0.000000,0.000000,0,0,0,0,0,0,0,0,0,0,0,0,0,66,0,0
3.059964,9770,13,0,0,2,60,0,0,0,0,0,0,-0.000028,-0.000000,-0.034812,-0.004902,-0.000000,0.035494,0.000938,0.000000,1.570796,0.227498,0.000000,0.000000,-9600,-9600,-9600,-9600,0,0,0,0.000000,0.000000,0.000000,0.000000,0.000000,0.000000,0.000000,0.000000,0,0.000000,0.000000,0.000000,0.000000,0.000000,0.000000,0.000000,0.000000,0.000000,0.000000,0.000000,0.000000,0.000000,0.000000,0.000000,0.000000,0.000000,0.000000,0.000000,0.000000,0.000000,0.000000,0.000000,0.000000,0.000000,0.000000,0.000000,0.000000,0.000000,0.000000,0.000000,0.000000,0,0,0,0,0,0,0,0,0,0,0,0,0,66,0,0
3.069734,9770,13,0,0,2,60,0,0,0,0,0,0,-0.000028,-0.000000,-0.034812,-0.004902,-0.000000,0.035494,0.000938,0.000000,1.570796,0.227498,0.000000,0.000000,-9600,-9600,-9600,-9600,0,0,0,0.000000,0.000000,0.000000,0.000000,0.000000,0.000000,0.000000,0.000000,0,0.000000,0.000000,0.000000,0.000000,0.000000,0.000000,0.000000,0.000000,0.000000,0.000000,0.000000,0.000000,0.000000,0.000000,0.000000,0.000000,0.000000,0.000000,0.000000,0.000000,0.000000,0.000000,0.000000,0.000000,0.000000,0.000000,0.000000,0.000000,0.000000,0.000000,0.000000,0.000000,0,0,0,0,0,0,0,0,0,0,0,0,0,66,0,0
3.079504,9770,13,0,0,2,60,0,0,0,0,0,0,-0.000028,-0.000000,-0.034812,-0.004902,-0.000000,0.035494,0.000938,0.000000,1.570796,0.227498,0.000000,0.000000,-9600,-9600,-9600,-9600,0,0,0,0.000000,0.000000,0.000000,0.000000,0.000000,0.000000,0.000000,0.000000,0,0.000000,0.000000,0.000000,0.000000,0.000000,0.000000,0.000000,0.000000,0.000000,0.000000,0.000000,0.000000,0.000000,0.000000,0.000000,0.000000,0.000000,0.000000,0.000000,0.000000,0.000000,0.000000,0.000000,0.000000,0.000000,0.000000,0.000000,0.000000,0.000000,0.000000,0.000000,0.000000,0,0,0,0,0,0,0,0,0,0,0,0,0,66,0,0
3.089274,9770,13,0,0,2,60,0,0,0,0,0,0,-0.000028,-0.000000,-0.034812,-0.004902,-0.000000,0.035494,0.000938,0.000000,1.570796,0.227498,0.000000,0.000000,-9600,-9600,-9600,-9600,0,0,0,0.000000,0.000000,0.000000,0.000000,0.000000,0.000000,0.000000,0.000000,0,0.000000,0.000000,0.000000,0.000000,0.000000,0.000000,0.000000,0.000000,0.000000,0.000000,0.000000,0.000000,0.000000,0.000000,0.000000,0.000000,0.000000,0.000000,0.000000,0.000000,0.000000,0.000000,0.000000,0.000000,0.000000,0.000000,0.000000,0.000000,0.000000,0.000000,0.000000,0.000000,0,0,0,0,0,0,0,0,0,0,0,0,0,66,0,0
3.099044,9770,13,0,0,2,60,0,0,0,0,0,0,-0.000028,-0.000000,-0.034812,-0.004902,-0.000000,0.035494,0.000938,0.000000,1.570796,0.227498,0.000000,0.000000,-9600,-9600,-9600,-9600,0,0,0,0.000000,0.000000,0.000000,0.000000,0.000000,0.000000,0.000000,0.000000,0,0.000000,0.000000,0.000000,0.000000,0.000000,0.000000,0.000000,0.000000,0.000000,0.000000,0.000000,0.000000,0.000000,0.000000,0.000000,0.000000,0.000000,0.000000,0.000000,0.000000,0.000000,0.000000,0.000000,0.000000,0.000000,0.000000,0.000000,0.000000,0.000000,0.000000,0.000000,0.000000,0,0,0,0,0,0,0,0,0,0,0,0,0,66,0,0
3.108814,9770,13,0,0,2,60,0,0,0,0,0,0,-0.000028,-0.000000,-0.034812,-0.004902,-0.000000,0.035494,0.000938,0.000000,1.570796,0.227498,0.000000,0.000000,-9600,-9600,-9600,-9600,0,0,0,0.000000,0.000000,0.000000,0.000000,0.000000,0.000000,0.000000,0.000000,0,0.000000,0.000000,0.000000,0.000000,0.000000,0.000000,0.000000,0.000000,0.000000,0.000000,0.000000,0.000000,0.000000,0.000000,0.000000,0.000000,0.000000,0.000000,0.000000,0.000000,0.000000,0.000000,0.000000,0.000000,0.000000,0.000000,0.000000,0.000000,0.000000,0.000000,0.000000,0.000000,0,0,0,0,0,0,0,0,0,0,0,0,0,66,0,0
3.118584,9770,13,0,0,2,60,0,0,0,0,0,0,-0.000028,-0.000000,-0.034812,-0.004902,-0.000000,0.035494,0.000938,0.000000,1.570796,0.227498,0.000000,0.000000,-9600,-9600,-9600,-9600,0,0,0,0.000000,0.000000,0.000000,0.000000,0.000000,0.000000,0.000000,0.000000,0,0.000000,0.000000,0.000000,0.000000,0.000000,0.000000,0.000000,0.000000,0.000000,0.000000,0.000000,0.000000,0.000000,0.000000,0.000000,0.000000,0.000000,0.000000,0.000000,0.000000,0.000000,0.000000,0.000000,0.000000,0.000000,0.000000,0.000000,0.000000,0.000000,0.000000,0.000000,0.000000,0,0,0,0,0,0,0,0,0,0,0,0,0,66,0,0
3.128354,9770,13,0,0,2,60,0,0,0,0,0,0,-0.000028,-0.000000,-0.034812,-0.004902,-0.000000,0.035494,0.000938,0.000000,1.570796,0.227498,0.000000,0.000000,-9600,-9600,-9600,-9600,0,0,0,0.000000,0.000000,0.000000,0.000000,0.000000,0.000000,0.000000,0.000000,0,0.000000,0.000000,0.000000,0.000000,0.000000,0.000000,0.000000,0.000000,0.000000,0.000000,0.000000,0.000000,0.000000,0.000000,0.000000,0.000000,0.000000,0.000000,0.000000,0.000000,0.000000,0.000000,0.000000,0.000000,0.000000,0.000000,0.000000,0.000000,0.000000,0.000000,0.000000,0.000000,0,0,0,0,0,0,0,0,0,0,0,0,0,66,0,0
3.138124,9770,13,0,0,2,60,0,0,0,0,0,0,-0.000028,-0.000000,-0.034812,-0.004902,-0.000000,0.035494,0.000938,0.000000,1.570796,0.227498,0.000000,0.000000,-9600,-9600,-9600,-9600,0,0,0,0.000000,0.000000,0.000000,0.000000,0.000000,0.000000,0.000000,0.000000,0,0.000000,0.000000,0.000000,0.000000,0.000000,0.000000,0.000000,0.000000,0.000000,0.000000,0.000000,0.000000,0.000000,0.000000,0.000000,0.000000,0.000000,0.000000,0.000000,0.000000,0.000000,0.000000,0.000000,0.000000,0.000000,0.000000,0.000000,0.000000,0.000000,0.000000,0.000000,0.000000,0,0,0,0,0,0,0,0,0,0,0,0,0,66,0,0
3.147894,9770,13,0,0,2,60,0,0,0,0,0,0,-0.000028,-0.000000,-0.034812,-0.004902,-0.000000,0.035494,0.000938,0.000000,1.570796,0.227498,0.000000,0.000000,-9600,-9600,-9600,-9600,0,0,0,0.000000,0.000000,0.000000,0.000000,0.000000,0.000000,0.000000,0.000000,0,0.000000,0.000000,0.000000,0.000000,0.000000,0.000000,0.000000,0.000000,0.000000,0.000000,0.000000,0.000000,0.000000,0.000000,0.000000,0.000000,0.000000,0.000000,0.000000,0.000000,0.000000,0.000000,0.000000,0.000000,0.000000,0.000000,0.000000,0.000000,0.000000,0.000000,0.000000,0.000000,0,0,0,0,0,0,0,0,0,0,0,0,0,66,0,0
3.157664,9770,13,0,0,2,60,0,0,0,0,0,0,-0.000028,-0.000000,-0.034812,-0.004902,-0.000000,0.035494,0.000938,0.000000,1.570796,0.227498,0.000000,0.000000,-9600,-9600,-9600,-9600,0,0,0,0.000000,0.000000,0.000000,0.000000,0.000000,0.000000,0.000000,0.000000,0,0.000000,0.000000,0.000000,0.000000,0.000000,0.000000,0.000000,0.000000,0.000000,0.000000,0.000000,0.000000,0.000000,0.000000,0.000000,0.000000,0.000000,0.000000,0.000000,0.000000,0.000000,0.000000,0.000000,0.000000,0.000000,0.000000,0.000000,0.000000,0.000000,0.000000,0.000000,0.000000,0,0,0,0,0,0,0,0,0,0,0,0,0,66,0,0
3.167434,9770,13,0,0,2,60,0,0,0,0,0,0,-0.000028,-0.000000,-0.034812,-0.004902,-0.000000,0.035494,0.000938,0.000000,1.570796,0.227498,0.000000,0.000000,-9600,-9600,-9600,-9600,0,0,0,0.000000,0.000000,0.000000,0.000000,0.000000,0.000000,0.000000,0.000000,0,0.000000,0.000000,0.000000,0.000000,0.000000,0.000000,0.000000,0.000000,0.000000,0.000000,0.000000,0.000000,0.000000,0.000000,0.000000,0.000000,0.000000,0.000000,0.000000,0.000000,0.000000,0.000000,0.000000,0.000000,0.000000,0.000000,0.000000,0.000000,0.000000,0.000000,0.000000,0.000000,0,0,0,0,0,0,0,0,0,0,0,0,0,66,0,0
3.177204,9770,13,0,0,2,60,0,0,0,0,0,0,-0.000028,-0.000000,-0.034812,-0.004902,-0.000000,0.035494,0.000938,0.000000,1.570796,0.227498,0.000000,0.000000,-9600,-9600,-9600,-9600,0,0,0,0.000000,0.000000,0.000000,0.000000,0.000000,0.000000,0.000000,0.000000,0,0.000000,0.000000,0.000000,0.000000,0.000000,0.000000,0.000000,0.000000,0.000000,0.000000,0.000000,0.000000,0.000000,0.000000,0.000000,0.000000,0.000000,0.000000,0.000000,0.000000,0.000000,0.000000,0.000000,0.000000,0.000000,0.000000,0.000000,0.000000,0.000000,0.000000,0.000000,0.000000,0,0,0,0,0,0,0,0,0,0,0,0,0,66,0,0
3.186974,9770,13,0,0,2,60,0,0,0,0,0,0,-0.000028,-0.000000,-0.034812,-0.004902,-0.000000,0.035494,0.000938,0.000000,1.570796,0.227498,0.000000,0.000000,-9600,-9600,-9600,-9600,0,0,0,0.000000,0.000000,0.000000,0.000000,0.000000,0.000000,0.000000,0.000000,0,0.000000,0.000000,0.000000,0.000000,0.000000,0.000000,0.000000,0.000000,0.000000,0.000000,0.000000,0.000000,0.000000,0.000000,0.000000,0.000000,0.000000,0.000000,0.000000,0.000000,0.000000,0.000000,0.000000,0.000000,0.000000,0.000000,0.000000,0.000000,0.000000,0.000000,0.000000,0.000000,0,0,0,0,0,0,0,0,0,0,0,0,0,66,0,0
3.196744,9770,13,0,0,2,60,0,0,0,0,0,0,-0.000028,-0.000000,-0.034812,-0.004902,-0.000000,0.035494,0.000938,0.000000,1.570796,0.227498,0.000000,0.000000,-9600,-9600,-9600,-9600,0,0,0,0.000000,0.000000,0.000000,0.000000,0.000000,0.000000,0.000000,0.000000,0,0.000000,0.000000,0.000000,0.000000,0.000000,0.000000,0.000000,0.000000,0.000000,0.000000,0.000000,0.000000,0.000000,0.000000,0.000000,0.000000,0.000000,0.000000,0.000000,0.000000,0.000000,0.000000,0.000000,0.000000,0.000000,0.000000,0.000000,0.000000,0.000000,0.000000,0.000000,0.000000,0,0,0,0,0,0,0,0,0,0,0,0,0,66,0,0
3.206514,9770,13,0,0,2,60,0,0,0,0,0,0,-0.000028,-0.000000,-0.034812,-0.004902,-0.000000,0.035494,0.000938,0.000000,1.570796,0.227498,0.000000,0.000000,-9600,-9600,-9600,-9600,0,0,0,0.000000,0.000000,0.000000,0.000000,0.000000,0.000000,0.000000,0.000000,0,0.000000,0.000000,0.000000,0.000000,0.000000,0.000000,0.000000,0.000000,0.000000,0.000000,0.000000,0.000000,0.000000,0.000000,0.000000,0.000000,0.000000,0.000000,0.000000,0.000000,0.000000,0.000000,0.000000,0.000000,0.000000,0.000000,0.000000,0.000000,0.000000,0.000000,0.000000,0.000000,0,0,0,0,0,0,0,0,0,0,0,0,0,66,0,0
3.216284,9770,13,0,0,2,60,0,0,0,0,0,0,-0.000028,-0.000000,-0.034812,-0.004902,-0.000000,0.035494,0.000938,0.000000,1.570796,0.227498,0.000000,0.000000,-9600,-9600,-9600,-9600,0,0,0,0.000000,0.000000,0.000000,0.000000,0.000000,0.000000,0.000000,0.000000,0,0.000000,0.000000,0.000000,0.000000,0.000000,0.000000,0.000000,0.000000,0.000000,0.000000,0.000000,0.000000,0.000000,0.000000,0.000000,0.000000,0.000000,0.000000,0.000000,0.000000,0.000000,0.000000,0.000000,0.000000,0.000000,0.000000,0.000000,0.000000,0.000000,0.000000,0.000000,0.000000,0,0,0,0,0,0,0,0,0,0,0,0,0,66,0,0
3.226054,9770,13,0,0,2,60,0,0,0,0,0,0,-0.000028,-0.000000,-0.034812,-0.004902,-0.000000,0.035494,0.000938,0.000000,1.570796,0.227498,0.000000,0.000000,-9600,-9600,-9600,-9600,0,0,0,0.000000,0.000000,0.000000,0.000000,0.000000,0.000000,0.000000,0.000000,0,0.000000,0.000000,0.000000,0.000000,0.000000,0.000000,0.000000,0.000000,0.000000,0.000000,0.000000,0.000000,0.000000,0.000000,0.000000,0.000000,0.000000,0.000000,0.000000,0.000000,0.000000,0.000000,0.000000,0.000000,0.000000,0.000000,0.000000,0.000000,0.000000,0.000000,0.000000,0.000000,0,0,0,0,0,0,0,0,0,0,0,0,0,66,0,0
3.235824,9770,13,0,0,2,60,0,0,0,0,0,0,-0.000028,-0.000000,-0.034812,-0.004902,-0.000000,0.035494,0.000938,0.000000,1.570796,0.227498,0.000000,0.000000,-9600,-9600,-9600,-9600,0,0,0,0.000000,0.000000,0.000000,0.000000,0.000000,0.000000,0.000000,0.000000,0,0.000000,0.000000,0.000000,0.000000,0.000000,0.000000,0.000000,0.000000,0.000000,0.000000,0.000000,0.000000,0.000000,0.000000,0.000000,0.000000,0.000000,0.000000,0.000000,0.000000,0.000000,0.000000,0.000000,0.000000,0.000000,0.000000,0.000000,0.000000,0.000000,0.000000,0.000000,0.000000,0,0,0,0,0,0,0,0,0,0,0,0,0,66,0,0
3.245594,9770,13,0,0,2,60,0,0,0,0,0,0,-0.000028,-0.000000,-0.034812,-0.004902,-0.000000,0.035494,0.000938,0.000000,1.570796,0.227498,0.000000,0.000000,-9600,-9600,-9600,-9600,0,0,0,0.000000,0.000000,0.000000,0.000000,0.000000,0.000000,0.000000,0.000000,0,0.000000,0.000000,0.000000,0.000000,0.000000,0.000000,0.000000,0.000000,0.000000,0.000000,0.000000,0.000000,0.000000,0.000000,0.000000,0.000000,0.000000,0.000000,0.000000,0.000000,0.000000,0.000000,0.000000,0.000000,0.000000,0.000000,0.000000,0.000000,0.000000,0.000000,0.000000,0.000000,0,0,0,0,0,0,0,0,0,0,0,0,0,66,0,0
3.255364,9770,13,0,0,2,60,0,0,0,0,0,0,-0.000028,-0.000000,-0.034812,-0.004902,-0.000000,0.035494,0.000938,0.000000,1.570796,0.227498,0.000000,0.000000,-9600,-9600,-9600,-9600,0,0,0,0.000000,0.000000,0.000000,0.000000,0.000000,0.000000,0.000000,0.000000,0,0.000000,0.000000,0.000000,0.000000,0.000000,0.000000,0.000000,0.000000,0.000000,0.000000,0.000000,0.000000,0.000000,0.000000,0.000000,0.000000,0.000000,0.000000,0.000000,0.000000,0.000000,0.000000,0.000000,0.000000,0.000000,0.000000,0.000000,0.000000,0.000000,0.000000,0.000000,0.000000,0,0,0,0,0,0,0,0,0,0,0,0,0,66,0,0
3.265134,9770,13,0,0,2,60,0,0,0,0,0,0,-0.000028,-0.000000,-0.034812,-0.004902,-0.000000,0.035494,0.000938,0.000000,1.570796,0.227498,0.000000,0.000000,-9600,-9600,-9600,-9600,0,0,0,0.000000,0.000000,0.000000,0.000000,0.000000,0.000000,0.000000,0.000000,0,0.000000,0.000000,0.000000,0.000000,0.000000,0.000000,0.000000,0.000000,0.000000,0.000000,0.000000,0.000000,0.000000,0.000000,0.000000,0.000000,0.000000,0.000000,0.000000,0.000000,0.000000,0.000000,0.000000,0.000000,0.000000,0.000000,0.000000,0.000000,0.000000,0.000000,0.000000,0.000000,0,0,0,0,0,0,0,0,0,0,0,0,0,66,0,0
3.274904,9770,13,0,0,2,60,0,0,0,0,0,0,-0.000028,-0.000000,-0.034812,-0.004902,-0.000000,0.035494,0.000938,0.000000,1.570796,0.227498,0.000000,0.000000,-9600,-9600,-9600,-9600,0,0,0,0.000000,0.000000,0.000000,0.000000,0.000000,0.000000,0.000000,0.000000,0,0.000000,0.000000,0.000000,0.000000,0.000000,0.000000,0.000000,0.000000,0.000000,0.000000,0.000000,0.000000,0.000000,0.000000,0.000000,0.000000,0.000000,0.000000,0.000000,0.000000,0.000000,0.000000,0.000000,0.000000,0.000000,0.000000,0.000000,0.000000,0.000000,0.000000,0.000000,0.000000,0,0,0,0,0,0,0,0,0,0,0,0,0,66,0,0
3.284674,9770,13,0,0,2,60,0,0,0,0,0,0,-0.000028,-0.000000,-0.034812,-0.004902,-0.000000,0.035494,0.000938,0.000000,1.570796,0.227498,0.000000,0.000000,-9600,-9600,-9600,-9600,0,0,0,0.000000,0.000000,0.000000,0.000000,0.000000,0.000000,0.000000,0.000000,0,0.000000,0.000000,0.000000,0.000000,0.000000,0.000000,0.000000,0.000000,0.000000,0.000000,0.000000,0.000000,0.000000,0.000000,0.000000,0.000000,0.000000,0.000000,0.000000,0.000000,0.000000,0.000000,0.000000,0.000000,0.000000,0.000000,0.000000,0.000000,0.000000,0.000000,0.000000,0.000000,0,0,0,0,0,0,0,0,0,0,0,0,0,66,0,0
3.294444,9770,13,0,0,2,60,0,0,0,0,0,0,-0.000028,-0.000000,-0.034812,-0.004902,-0.000000,0.035494,0.000938,0.000000,1.570796,0.227498,0.000000,0.000000,-9600,-9600,-9600,-9600,0,0,0,0.000000,0.000000,0.000000,0.000000,0.000000,0.000000,0.000000,0.000000,0,0.000000,0.000000,0.000000,0.000000,0.000000,0.000000,0.000000,0.000000,0.000000,0.000000,0.000000,0.000000,0.000000,0.000000,0.000000,0.000000,0.000000,0.000000,0.000000,0.000000,0.000000,0.000000,0.000000,0.000000,0.000000,0.000000,0.000000,0.000000,0.000000,0.000000,0.000000,0.000000,0,0,0,0,0,0,0,0,0,0,0,0,0,66,0,0
3.304214,9770,13,0,0,2,60,0,0,0,0,0,0,-0.000028,-0.000000,-0.034812,-0.004902,-0.000000,0.035494,0.000938,0.000000,1.570796,0.227498,0.000000,0.000000,-9600,-9600,-9600,-9600,0,0,0,0.000000,0.000000,0.000000,0.000000,0.000000,0.000000,0.000000,0.000000,0,0.000000,0.000000,0.000000,0.000000,0.000000,0.000000,0.000000,0.000000,0.000000,0.000000,0.000000,0.000000,0.000000,0.000000,0.000000,0.000000,0.000000,0.000000,0.000000,0.000000,0.000000,0.000000,0.000000,0.000000,0.000000,0.000000,0.000000,0.000000,0.000000,0.000000,0.000000,0.000000,0,0,0,0,0,0,0,0,0,0,0,0,0,66,0,0
3.313984,9770,13,0,0,2,60,0,0,0,0,0,0,-0.000028,-0.000000,-0.034812,-0.004902,-0.000000,0.035494,0.000938,0.000000,1.570796,0.227498,0.000000,0.000000,-9600,-9600,-9600,-9600,0,0,0,0.000000,0.000000,0.000000,0.000000,0.000000,0.000000,0.000000,0.000000,0,0.000000,0.000000,0.000000,0.000000,0.000000,0.000000,0.000000,0.000000,0.000000,0.000000,0.000000,0.000000,0.000000,0.000000,0.000000,0.000000,0.000000,0.000000,0.000000,0.000000,0.000000,0.000000,0.000000,0.000000,0.000000,0.000000,0.000000,0.000000,0.000000,0.000000,0.000000,0.000000,0,0,0,0,0,0,0,0,0,0,0,0,0,66,0,0
3.323754,9770,13,0,0,2,60,0,0,0,0,0,0,-0.000028,-0.000000,-0.034812,-0.004902,-0.000000,0.035494,0.000938,0.000000,1.570796,0.227498,0.000000,0.000000,-9600,-9600,-9600,-9600,0,0,0,0.000000,0.000000,0.000000,0.000000,0.000000,0.000000,0.000000,0.000000,0,0.000000,0.000000,0.000000,0.000000,0.000000,0.000000,0.000000,0.000000,0.000000,0.000000,0.000000,0.000000,0.000000,0.000000,0.000000,0.000000,0.000000,0.000000,0.000000,0.000000,0.000000,0.000000,0.000000,0.000000,0.000000,0.000000,0.000000,0.000000,0.000000,0.000000,0.000000,0.000000,0,0,0,0,0,0,0,0,0,0,0,0,0,66,0,0
3.333524,9770,13,0,0,2,60,0,0,0,0,0,0,-0.000028,-0.000000,-0.034812,-0.004902,-0.000000,0.035494,0.000938,0.000000,1.570796,0.227498,0.000000,0.000000,-9600,-9600,-9600,-9600,0,0,0,0.000000,0.000000,0.000000,0.000000,0.000000,0.000000,0.000000,0.000000,0,0.000000,0.000000,0.000000,0.000000,0.000000,0.000000,0.000000,0.000000,0.000000,0.000000,0.000000,0.000000,0.000000,0.000000,0.000000,0.000000,0.000000,0.000000,0.000000,0.000000,0.000000,0.000000,0.000000,0.000000,0.000000,0.000000,0.000000,0.000000,0.000000,0.000000,0.000000,0.000000,0,0,0,0,0,0,0,0,0,0,0,0,0,66,0,0
3.343294,9770,13,0,0,2,60,0,0,0,0,0,0,-0.000028,-0.000000,-0.034812,-0.004902,-0.000000,0.035494,0.000938,0.000000,1.570796,0.227498,0.000000,0.000000,-9600,-9600,-9600,-9600,0,0,0,0.000000,0.000000,0.000000,0.000000,0.000000,0.000000,0.000000,0.000000,0,0.000000,0.000000,0.000000,0.000000,0.000000,0.000000,0.000000,0.000000,0.000000,0.000000,0.000000,0.000000,0.000000,0.000000,0.000000,0.000000,0.000000,0.000000,0.000000,0.000000,0.000000,0.000000,0.000000,0.000000,0.000000,0.000000,0.000000,0.000000,0.000000,0.000000,0.000000,0.000000,0,0,0,0,0,0,0,0,0,0,0,0,0,66,0,0
3.353064,9770,13,0,0,2,60,0,0,0,0,0,0,-0.000028,-0.000000,-0.034812,-0.004902,-0.000000,0.035494,0.000938,0.000000,1.570796,0.227498,0.000000,0.000000,-9600,-9600,-9600,-9600,0,0,0,0.000000,0.000000,0.000000,0.000000,0.000000,0.000000,0.000000,0.000000,0,0.000000,0.000000,0.000000,0.000000,0.000000,0.000000,0.000000,0.000000,0.000000,0.000000,0.000000,0.000000,0.000000,0.000000,0.000000,0.000000,0.000000,0.000000,0.000000,0.000000,0.000000,0.000000,0.000000,0.000000,0.000000,0.000000,0.000000,0.000000,0.000000,0.000000,0.000000,0.000000,0,0,0,0,0,0,0,0,0,0,0,0,0,66,0,0
3.362834,9770,13,0,0,2,60,0,0,0,0,0,0,-0.000028,-0.000000,-0.034812,-0.004902,-0.000000,0.035494,0.000938,0.000000,1.570796,0.227498,0.000000,0.000000,-9600,-9600,-9600,-9600,0,0,0,0.000000,0.000000,0.000000,0.000000,0.000000,0.000000,0.000000,0.000000,0,0.000000,0.000000,0.000000,0.000000,0.000000,0.000000,0.000000,0.000000,0.000000,0.000000,0.000000,0.000000,0.000000,0.000000,0.000000,0.000000,0.000000,0.000000,0.000000,0.000000,0.000000,0.000000,0.000000,0.000000,0.000000,0.000000,0.000000,0.000000,0.000000,0.000000,0.000000,0.000000,0,0,0,0,0,0,0,0,0,0,0,0,0,66,0,0
3.372604,9770,13,0,0,2,60,0,0,0,0,0,0,-0.000028,-0.000000,-0.034812,-0.004902,-0.000000,0.035494,0.000938,0.000000,1.570796,0.227498,0.000000,0.000000,-9600,-9600,-9600,-9600,0,0,0,0.000000,0.000000,0.000000,0.000000,0.000000,0.000000,0.000000,0.000000,0,0.000000,0.000000,0.000000,0.000000,0.000000,0.000000,0.000000,0.000000,0.000000,0.000000,0.000000,0.000000,0.000000,0.000000,0.000000,0.000000,0.000000,0.000000,0.000000,0.000000,0.000000,0.000000,0.000000,0.000000,0.000000,0.000000,0.000000,0.000000,0.000000,0.000000,0.000000,0.000000,0,0,0,0,0,0,0,0,0,0,0,0,0,66,0,0
3.382374,9770,13,0,0,2,60,0,0,0,0,0,0,-0.000028,-0.000000,-0.034812,-0.004902,-0.000000,0.035494,0.000938,0.000000,1.570796,0.227498,0.000000,0.000000,-9600,-9600,-9600,-9600,0,0,0,0.000000,0.000000,0.000000,0.000000,0.000000,0.000000,0.000000,0.000000,0,0.000000,0.000000,0.000000,0.000000,0.000000,0.000000,0.000000,0.000000,0.000000,0.000000,0.000000,0.000000,0.000000,0.000000,0.000000,0.000000,0.000000,0.000000,0.000000,0.000000,0.000000,0.000000,0.000000,0.000000,0.000000,0.000000,0.000000,0.000000,0.000000,0.000000,0.000000,0.000000,0,0,0,0,0,0,0,0,0,0,0,0,0,66,0,0
3.392144,9770,13,0,0,2,60,0,0,0,0,0,0,-0.000028,-0.000000,-0.034812,-0.004902,-0.000000,0.035494,0.000938,0.000000,1.570796,0.227498,0.000000,0.000000,-9600,-9600,-9600,-9600,0,0,0,0.000000,0.000000,0.000000,0.000000,0.000000,0.000000,0.000000,0.000000,0,0.000000,0.000000,0.000000,0.000000,0.000000,0.000000,0.000000,0.000000,0.000000,0.000000,0.000000,0.000000,0.000000,0.000000,0.000000,0.000000,0.000000,0.000000,0.000000,0.000000,0.000000,0.000000,0.000000,0.000000,0.000000,0.000000,0.000000,0.000000,0.000000,0.000000,0.000000,0.000000,0,0,0,0,0,0,0,0,0,0,0,0,0,66,0,0
3.401914,9770,13,0,0,2,60,0,0,0,0,0,0,-0.000028,-0.000000,-0.034812,-0.004902,-0.000000,0.035494,0.000938,0.000000,1.570796,0.227498,0.000000,0.000000,-9600,-9600,-9600,-9600,0,0,0,0.000000,0.000000,0.000000,0.000000,0.000000,0.000000,0.000000,0.000000,0,0.000000,0.000000,0.000000,0.000000,0.000000,0.000000,0.000000,0.000000,0.000000,0.000000,0.000000,0.000000,0.000000,0.000000,0.000000,0.000000,0.000000,0.000000,0.000000,0.000000,0.000000,0.000000,0.000000,0.000000,0.000000,0.000000,0.000000,0.000000,0.000000,0.000000,0.000000,0.000000,0,0,0,0,0,0,0,0,0,0,0,0,0,66,0,0
3.411684,9770,13,0,0,2,60,0,0,0,0,0,0,-0.000028,-0.000000,-0.034812,-0.004902,-0.000000,0.035494,0.000938,0.000000,1.570796,0.227498,0.000000,0.000000,-9600,-9600,-9600,-9600,0,0,0,0.000000,0.000000,0.000000,0.000000,0.000000,0.000000,0.000000,0.000000,0,0.000000,0.000000,0.000000,0.000000,0.000000,0.000000,0.000000,0.000000,0.000000,0.000000,0.000000,0.000000,0.000000,0.000000,0.000000,0.000000,0.000000,0.000000,0.000000,0.000000,0.000000,0.000000,0.000000,0.000000,0.000000,0.000000,0.000000,0.000000,0.000000,0.000000,0.000000,0.000000,0,0,0,0,0,0,0,0,0,0,0,0,0,66,0,0
3.421454,9770,13,0,0,2,60,0,0,0,0,0,0,-0.000028,-0.000000,-0.034812,-0.004902,-0.000000,0.035494,0.000938,0.000000,1.570796,0.227498,0.000000,0.000000,-9600,-9600,-9600,-9600,0,0,0,0.000000,0.000000,0.000000,0.000000,0.000000,0.000000,0.000000,0.000000,0,0.000000,0.000000,0.000000,0.000000,0.000000,0.000000,0.000000,0.000000,0.000000,0.000000,0.000000,0.000000,0.000000,0.000000,0.000000,0.000000,0.000000,0.000000,0.000000,0.000000,0.000000,0.000000,0.000000,0.000000,0.000000,0.000000,0.000000,0.000000,0.000000,0.000000,0.000000,0.000000,0,0,0,0,0,0,0,0,0,0,0,0,0,66,0,0
3.431224,9770,13,0,0,2,60,0,0,0,0,0,0,-0.000028,-0.000000,-0.034812,-0.004902,-0.000000,0.035494,0.000938,0.000000,1.570796,0.227498,0.000000,0.000000,-9600,-9600,-9600,-9600,0,0,0,0.000000,0.000000,0.000000,0.000000,0.000000,0.000000,0.000000,0.000000,0,0.000000,0.000000,0.000000,0.000000,0.000000,0.000000,0.000000,0.000000,0.000000,0.000000,0.000000,0.000000,0.000000,0.000000,0.000000,0.000000,0.000000,0.000000,0.000000,0.000000,0.000000,0.000000,0.000000,0.000000,0.000000,0.000000,0.000000,0.000000,0.000000,0.000000,0.000000,0.000000,0,0,0,0,0,0,0,0,0,0,0,0,0,66,0,0
3.440994,9770,13,0,0,2,60,0,0,0,0,0,0,-0.000028,-0.000000,-0.034812,-0.004902,-0.000000,0.035494,0.000938,0.000000,1.570796,0.227498,0.000000,0.000000,-9600,-9600,-9600,-9600,0,0,0,0.000000,0.000000,0.000000,0.000000,0.000000,0.000000,0.000000,0.000000,0,0.000000,0.000000,0.000000,0.000000,0.000000,0.000000,0.000000,0.000000,0.000000,0.000000,0.000000,0.000000,0.000000,0.000000,0.000000,0.000000,0.000000,0.000000,0.000000,0.000000,0.000000,0.000000,0.000000,0.000000,0.000000,0.000000,0.000000,0.000000,0.000000,0.000000,0.000000,0.000000,0,0,0,0,0,0,0,0,0,0,0,0,0,66,0,0
3.450764,9770,13,0,0,2,60,0,0,0,0,0,0,-0.000028,-0.000000,-0.034812,-0.004902,-0.000000,0.035494,0.000938,0.000000,1.570796,0.227498,0.000000,0.000000,-9600,-9600,-9600,-9600,0,0,0,0.000000,0.000000,0.000000,0.000000,0.000000,0.000000,0.000000,0.000000,0,0.000000,0.000000,0.000000,0.000000,0.000000,0.000000,0.000000,0.000000,0.000000,0.000000,0.000000,0.000000,0.000000,0.000000,0.000000,0.000000,0.000000,0.000000,0.000000,0.000000,0.000000,0.000000,0.000000,0.000000,0.000000,0.000000,0.000000,0.000000,0.000000,0.000000,0.000000,0.000000,0,0,0,0,0,0,0,0,0,0,0,0,0,66,0,0
3.460534,9770,13,0,0,2,60,0,0,0,0,0,0,-0.000029,-0.000000,-0.034812,-0.004902,-0.000000,0.035494,0.000938,0.000000,1.570796,0.227498,0.000000,0.000000,-9600,-9600,-9600,-9600,0,0,0,0.000000,0.000000,0.000000,0.000000,0.000000,0.000000,0.000000,0.000000,0,0.000000,0.000000,0.000000,0.000000,0.000000,0.000000,0.000000,0.000000,0.000000,0.000000,0.000000,0.000000,0.000000,0.000000,0.000000,0.000000,0.000000,0.000000,0.000000,0.000000,0.000000,0.000000,0.000000,0.000000,0.000000,0.000000,0.000000,0.000000,0.000000,0.000000,0.000000,0.000000,0,0,0,0,0,0,0,0,0,0,0,0,0,66,0,0
3.470304,9770,13,0,0,2,60,0,0,0,0,0,0,-0.000029,-0.000000,-0.034812,-0.004902,-0.000000,0.035494,0.000938,0.000000,1.570796,0.227498,0.000000,0.000000,-9600,-9600,-9600,-9600,0,0,0,0.000000,0.000000,0.000000,0.000000,0.000000,0.000000,0.000000,0.000000,0,0.000000,0.000000,0.000000,0.000000,0.000000,0.000000,0.000000,0.000000,0.000000,0.000000,0.000000,0.000000,0.000000,0.000000,0.000000,0.000000,0.000000,0.000000,0.000000,0.000000,0.000000,0.000000,0.000000,0.000000,0.000000,0.000000,0.000000,0.000000,0.000000,0.000000,0.000000,0.000000,0,0,0,0,0,0,0,0,0,0,0,0,0,66,0,0
3.480074,9770,13,0,0,2,60,0,0,0,0,0,0,-0.000029,-0.000000,-0.034812,-0.004902,-0.000000,0.035494,0.000938,0.000000,1.570796,0.227498,0.000000,0.000000,-9600,-9600,-9600,-9600,0,0,0,0.000000,0.000000,0.000000,0.000000,0.000000,0.000000,0.000000,0.000000,0,0.000000,0.000000,0.000000,0.000000,0.000000,0.000000,0.000000,0.000000,0.000000,0.000000,0.000000,0.000000,0.000000,0.000000,0.000000,0.000000,0.000000,0.000000,0.000000,0.000000,0.000000,0.000000,0.000000,0.000000,0.000000,0.000000,0.000000,0.000000,0.000000,0.000000,0.000000,0.000000,0,0,0,0,0,0,0,0,0,0,0,0,0,66,0,0
3.489844,9770,13,0,0,2,60,0,0,0,0,0,0,-0.000029,-0.000000,-0.034812,-0.004902,-0.000000,0.035494,0.000938,0.000000,1.570796,0.227498,0.000000,0.000000,-9600,-9600,-9600,-9600,0,0,0,0.000000,0.000000,0.000000,0.000000,0.000000,0.000000,0.000000,0.000000,0,0.000000,0.000000,0.000000,0.000000,0.000000,0.000000,0.000000,0.000000,0.000000,0.000000,0.000000,0.000000,0.000000,0.000000,0.000000,0.000000,0.000000,0.000000,0.000000,0.000000,0.000000,0.000000,0.000000,0.000000,0.000000,0.000000,0.000000,0.000000,0.000000,0.000000,0.000000,0.000000,0,0,0,0,0,0,0,0,0,0,0,0,0,66,0,0
3.499614,9770,13,0,0,2,60,0,0,0,0,0,0,-0.000029,-0.000000,-0.034812,-0.004902,-0.000000,0.035494,0.000938,0.000000,1.570796,0.227498,0.000000,0.000000,-9600,-9600,-9600,-9600,0,0,0,0.000000,0.000000,0.000000,0.000000,0.000000,0.000000,0.000000,0.000000,0,0.000000,0.000000,0.000000,0.000000,0.000000,0.000000,0.000000,0.000000,0.000000,0.000000,0.000000,0.000000,0.000000,0.000000,0.000000,0.000000,0.000000,0.000000,0.000000,0.000000,0.000000,0.000000,0.000000,0.000000,0.000000,0.000000,0.000000,0.000000,0.000000,0.000000,0.000000,0.000000,0,0,0,0,0,0,0,0,0,0,0,0,0,66,0,0
3.509384,9770,13,0,0,2,60,0,0,0,0,0,0,-0.000029,-0.000000,-0.034812,-0.004902,-0.000000,0.035494,0.000938,0.000000,1.570796,0.227498,0.000000,0.000000,-9600,-9600,-9600,-9600,0,0,0,0.000000,0.000000,0.000000,0.000000,0.000000,0.000000,0.000000,0.000000,0,0.000000,0.000000,0.000000,0.000000,0.000000,0.000000,0.000000,0.000000,0.000000,0.000000,0.000000,0.000000,0.000000,0.000000,0.000000,0.000000,0.000000,0.000000,0.000000,0.000000,0.000000,0.000000,0.000000,0.000000,0.000000,0.000000,0.000000,0.000000,0.000000,0.000000,0.000000,0.000000,0,0,0,0,0,0,0,0,0,0,0,0,0,66,0,0
3.519154,9770,13,0,0,2,60,0,0,0,0,0,0,-0.000029,-0.000000,-0.034812,-0.004902,-0.000000,0.035494,0.000938,0.000000,1.570796,0.227498,0.000000,0.000000,-9600,-9600,-9600,-9600,0,0,0,0.000000,0.000000,0.000000,0.000000,0.000000,0.000000,0.000000,0.000000,0,0.000000,0.000000,0.000000,0.000000,0.000000,0.000000,0.000000,0.000000,0.000000,0.000000,0.000000,0.000000,0.000000,0.000000,0.000000,0.000000,0.000000,0.000000,0.000000,0.000000,0.000000,0.000000,0.000000,0.000000,0.000000,0.000000,0.000000,0.000000,0.000000,0.000000,0.000000,0.000000,0,0,0,0,0,0,0,0,0,0,0,0,0,66,0,0
3.528924,9770,13,0,0,2,60,0,0,0,0,0,0,-0.000029,-0.000000,-0.034812,-0.004902,-0.000000,0.035494,0.000938,0.000000,1.570796,0.227498,0.000000,0.000000,-9600,-9600,-9600,-9600,0,0,0,0.000000,0.000000,0.000000,0.000000,0.000000,0.000000,0.000000,0.000000,0,0.000000,0.000000,0.000000,0.000000,0.000000,0.000000,0.000000,0.000000,0.000000,0.000000,0.000000,0.000000,0.000000,0.000000,0.000000,0.000000,0.000000,0.000000,0.000000,0.000000,0.000000,0.000000,0.000000,0.000000,0.000000,0.000000,0.000000,0.000000,0.000000,0.000000,0.000000,0.000000,0,0,0,0,0,0,0,0,0,0,0,0,0,66,0,0
3.538694,9770,13,0,0,2,60,0,0,0,0,0,0,-0.000029,-0.000000,-0.034812,-0.004902,-0.000000,0.035494,0.000938,0.000000,1.570796,0.227498,0.000000,0.000000,-9600,-9600,-9600,-9600,0,0,0,0.000000,0.000000,0.000000,0.000000,0.000000,0.000000,0.000000,0.000000,0,0.000000,0.000000,0.000000,0.000000,0.000000,0.000000,0.000000,0.000000,0.000000,0.000000,0.000000,0.000000,0.000000,0.000000,0.000000,0.000000,0.000000,0.000000,0.000000,0.000000,0.000000,0.000000,0.000000,0.000000,0.000000,0.000000,0.000000,0.000000,0.000000,0.000000,0.000000,0.000000,0,0,0,0,0,0,0,0,0,0,0,0,0,66,0,0
3.548464,9770,13,0,0,2,60,0,0,0,0,0,0,-0.000029,-0.000000,-0.034812,-0.004902,-0.000000,0.035494,0.000938,0.000000,1.570796,0.227498,0.000000,0.000000,-9600,-9600,-9600,-9600,0,0,0,0.000000,0.000000,0.000000,0.000000,0.000000,0.000000,0.000000,0.000000,0,0.000000,0.000000,0.000000,0.000000,0.000000,0.000000,0.000000,0.000000,0.000000,0.000000,0.000000,0.000000,0.000000,0.000000,0.000000,0.000000,0.000000,0.000000,0.000000,0.000000,0.000000,0.000000,0.000000,0.000000,0.000000,0.000000,0.000000,0.000000,0.000000,0.000000,0.000000,0.000000,0,0,0,0,0,0,0,0,0,0,0,0,0,66,0,0
3.558234,9770,13,0,0,2,60,0,0,0,0,0,0,-0.000029,-0.000000,-0.034812,-0.004902,-0.000000,0.035494,0.000938,0.000000,1.570796,0.227498,0.000000,0.000000,-9600,-9600,-9600,-9600,0,0,0,0.000000,0.000000,0.000000,0.000000,0.000000,0.000000,0.000000,0.000000,0,0.000000,0.000000,0.000000,0.000000,0.000000,0.000000,0.000000,0.000000,0.000000,0.000000,0.000000,0.000000,0.000000,0.000000,0.000000,0.000000,0.000000,0.000000,0.000000,0.000000,0.000000,0.000000,0.000000,0.000000,0.000000,0.000000,0.000000,0.000000,0.000000,0.000000,0.000000,0.000000,0,0,0,0,0,0,0,0,0,0,0,0,0,66,0,0
3.568004,9770,13,0,0,2,60,0,0,0,0,0,0,-0.000029,-0.000000,-0.034812,-0.004902,-0.000000,0.035494,0.000938,0.000000,1.570796,0.227498,0.000000,0.000000,-9600,-9600,-9600,-9600,0,0,0,0.000000,0.000000,0.000000,0.000000,0.000000,0.000000,0.000000,0.000000,0,0.000000,0.000000,0.000000,0.000000,0.000000,0.000000,0.000000,0.000000,0.000000,0.000000,0.000000,0.000000,0.000000,0.000000,0.000000,0.000000,0.000000,0.000000,0.000000,0.000000,0.000000,0.000000,0.000000,0.000000,0.000000,0.000000,0.000000,0.000000,0.000000,0.000000,0.000000,0.000000,0,0,0,0,0,0,0,0,0,0,0,0,0,66,0,0
3.577774,9770,13,0,0,2,60,0,0,0,0,0,0,-0.000029,-0.000000,-0.034812,-0.004902,-0.000000,0.035494,0.000938,0.000000,1.570796,0.227498,0.000000,0.000000,-9600,-9600,-9600,-9600,0,0,0,0.000000,0.000000,0.000000,0.000000,0.000000,0.000000,0.000000,0.000000,0,0.000000,0.000000,0.000000,0.000000,0.000000,0.000000,0.000000,0.000000,0.000000,0.000000,0.000000,0.000000,0.000000,0.000000,0.000000,0.000000,0.000000,0.000000,0.000000,0.000000,0.000000,0.000000,0.000000,0.000000,0.000000,0.000000,0.000000,0.000000,0.000000,0.000000,0.000000,0.000000,0,0,0,0,0,0,0,0,0,0,0,0,0,66,0,0
3.587544,9770,13,0,0,2,60,0,0,0,0,0,0,-0.000029,-0.000000,-0.034812,-0.004902,-0.000000,0.035494,0.000938,0.000000,1.570796,0.227498,0.000000,0.000000,-9600,-9600,-9600,-9600,0,0,0,0.000000,0.000000,0.000000,0.000000,0.000000,0.000000,0.000000,0.000000,0,0.000000,0.000000,0.000000,0.000000,0.000000,0.000000,0.000000,0.000000,0.000000,0.000000,0.000000,0.000000,0.000000,0.000000,0.000000,0.000000,0.000000,0.000000,0.000000,0.000000,0.000000,0.000000,0.000000,0.000000,0.000000,0.000000,0.000000,0.000000,0.000000,0.000000,0.000000,0.000000,0,0,0,0,0,0,0,0,0,0,0,0,0,66,0,0
3.597314,9770,13,0,0,2,60,0,0,0,0,0,0,-0.000029,-0.000000,-0.034812,-0.004902,-0.000000,0.035494,0.000938,0.000000,1.570796,0.227498,0.000000,0.000000,-9600,-9600,-9600,-9600,0,0,0,0.000000,0.000000,0.000000,0.000000,0.000000,0.000000,0.000000,0.000000,0,0.000000,0.000000,0.000000,0.000000,0.000000,0.000000,0.000000,0.000000,0.000000,0.000000,0.000000,0.000000,0.000000,0.000000,0.000000,0.000000,0.000000,0.000000,0.000000,0.000000,0.000000,0.000000,0.000000,0.000000,0.000000,0.000000,0.000000,0.000000,0.000000,0.000000,0.000000,0.000000,0,0,0,0,0,0,0,0,0,0,0,0,0,66,0,0
3.607084,9770,13,0,0,2,60,0,0,0,0,0,0,-0.000029,-0.000000,-0.034812,-0.004902,-0.000000,0.035494,0.000938,0.000000,1.570796,0.227498,0.000000,0.000000,-9600,-9600,-9600,-9600,0,0,0,0.000000,0.000000,0.000000,0.000000,0.000000,0.000000,0.000000,0.000000,0,0.000000,0.000000,0.000000,0.000000,0.000000,0.000000,0.000000,0.000000,0.000000,0.000000,0.000000,0.000000,0.000000,0.000000,0.000000,0.000000,0.000000,0.000000,0.000000,0.000000,0.000000,0.000000,0.000000,0.000000,0.000000,0.000000,0.000000,0.000000,0.000000,0.000000,0.000000,0.000000,0,0,0,0,0,0,0,0,0,0,0,0,0,66,0,0
3.616854,9770,13,0,0,2,60,0,0,0,0,0,0,-0.000029,-0.000000,-0.034812,-0.004902,-0.000000,0.035494,0.000938,0.000000,1.570796,0.227498,0.000000,0.000000,-9600,-9600,-9600,-9600,0,0,0,0.000000,0.000000,0.000000,0.000000,0.000000,0.000000,0.000000,0.000000,0,0.000000,0.000000,0.000000,0.000000,0.000000,0.000000,0.000000,0.000000,0.000000,0.000000,0.000000,0.000000,0.000000,0.000000,0.000000,0.000000,0.000000,0.000000,0.000000,0.000000,0.000000,0.000000,0.000000,0.000000,0.000000,0.000000,0.000000,0.000000,0.000000,0.000000,0.000000,0.000000,0,0,0,0,0,0,0,0,0,0,0,0,0,66,0,0
3.626624,9770,13,0,0,2,60,0,0,0,0,0,0,-0.000029,-0.000000,-0.034812,-0.004902,-0.000000,0.035494,0.000938,0.000000,1.570796,0.227498,0.000000,0.000000,-9600,-9600,-9600,-9600,0,0,0,0.000000,0.000000,0.000000,0.000000,0.000000,0.000000,0.000000,0.000000,0,0.000000,0.000000,0.000000,0.000000,0.000000,0.000000,0.000000,0.000000,0.000000,0.000000,0.000000,0.000000,0.000000,0.000000,0.000000,0.000000,0.000000,0.000000,0.000000,0.000000,0.000000,0.000000,0.000000,0.000000,0.000000,0.000000,0.000000,0.000000,0.000000,0.000000,0.000000,0.000000,0,0,0,0,0,0,0,0,0,0,0,0,0,66,0,0
3.636394,9770,13,0,0,2,60,0,0,0,0,0,0,-0.000029,-0.000000,-0.034812,-0.004902,-0.000000,0.035494,0.000938,0.000000,1.570796,0.227498,0.000000,0.000000,-9600,-9600,-9600,-9600,0,0,0,0.000000,0.000000,0.000000,0.000000,0.000000,0.000000,0.000000,0.000000,0,0.000000,0.000000,0.000000,0.000000,0.000000,0.000000,0.000000,0.000000,0.000000,0.000000,0.000000,0.000000,0.000000,0.000000,0.000000,0.000000,0.000000,0.000000,0.000000,0.000000,0.000000,0.000000,0.000000,0.000000,0.000000,0.000000,0.000000,0.000000,0.000000,0.000000,0.000000,0.000000,0,0,0,0,0,0,0,0,0,0,0,0,0,66,0,0
3.646164,9770,13,0,0,2,60,0,0,0,0,0,0,-0.000029,-0.000000,-0.034812,-0.004902,-0.000000,0.035494,0.000938,0.000000,1.570796,0.227498,0.000000,0.000000,-9600,-9600,-9600,-9600,0,0,0,0.000000,0.000000,0.000000,0.000000,0.000000,0.000000,0.000000,0.000000,0,0.000000,0.000000,0.000000,0.000000,0.000000,0.000000,0.000000,0.000000,0.000000,0.000000,0.000000,0.000000,0.000000,0.000000,0.000000,0.000000,0.000000,0.000000,0.000000,0.000000,0.000000,0.000000,0.000000,0.000000,0.000000,0.000000,0.000000,0.000000,0.000000,0.000000,0.000000,0.000000,0,0,0,0,0,0,0,0,0,0,0,0,0,66,0,0
3.655934,9770,13,0,0,2,60,0,0,0,0,0,0,-0.000029,-0.000000,-0.034812,-0.004902,-0.000000,0.035494,0.000938,0.000000,1.570796,0.227498,0.000000,0.000000,-9600,-9600,-9600,-9600,0,0,0,0.000000,0.000000,0.000000,0.000000,0.000000,0.000000,0.000000,0.000000,0,0.000000,0.000000,0.000000,0.000000,0.000000,0.000000,0.000000,0.000000,0.000000,0.000000,0.000000,0.000000,0.000000,0.000000,0.000000,0.000000,0.000000,0.000000,0.000000,0.000000,0.000000,0.000000,0.000000,0.000000,0.000000,0.000000,0.000000,0.000000,0.000000,0.000000,0.000000,0.000000,0,0,0,0,0,0,0,0,0,0,0,0,0,66,0,0
3.665704,9770,13,0,0,2,60,0,0,0,0,0,0,-0.000029,-0.000000,-0.034812,-0.004902,-0.000000,0.035494,0.000938,0.000000,1.570796,0.227498,0.000000,0.000000,-9600,-9600,-9600,-9600,0,0,0,0.000000,0.000000,0.000000,0.000000,0.000000,0.000000,0.000000,0.000000,0,0.000000,0.000000,0.000000,0.000000,0.000000,0.000000,0.000000,0.000000,0.000000,0.000000,0.000000,0.000000,0.000000,0.000000,0.000000,0.000000,0.000000,0.000000,0.000000,0.000000,0.000000,0.000000,0.000000,0.000000,0.000000,0.000000,0.000000,0.000000,0.000000,0.000000,0.000000,0.000000,0,0,0,0,0,0,0,0,0,0,0,0,0,66,0,0
3.675474,9770,13,0,0,2,60,0,0,0,0,0,0,-0.000029,-0.000000,-0.034812,-0.004902,-0.000000,0.035494,0.000938,0.000000,1.570796,0.227498,0.000000,0.000000,-9600,-9600,-9600,-9600,0,0,0,0.000000,0.000000,0.000000,0.000000,0.000000,0.000000,0.000000,0.000000,0,0.000000,0.000000,0.000000,0.000000,0.000000,0.000000,0.000000,0.000000,0.000000,0.000000,0.000000,0.000000,0.000000,0.000000,0.000000,0.000000,0.000000,0.000000,0.000000,0.000000,0.000000,0.000000,0.000000,0.000000,0.000000,0.000000,0.000000,0.000000,0.000000,0.000000,0.000000,0.000000,0,0,0,0,0,0,0,0,0,0,0,0,0,66,0,0
3.685244,9770,13,0,0,2,60,0,0,0,0,0,0,-0.000029,-0.000000,-0.034812,-0.004902,-0.000000,0.035494,0.000938,0.000000,1.570796,0.227498,0.000000,0.000000,-9600,-9600,-9600,-9600,0,0,0,0.000000,0.000000,0.000000,0.000000,0.000000,0.000000,0.000000,0.000000,0,0.000000,0.000000,0.000000,0.000000,0.000000,0.000000,0.000000,0.000000,0.000000,0.000000,0.000000,0.000000,0.000000,0.000000,0.000000,0.000000,0.000000,0.000000,0.000000,0.000000,0.000000,0.000000,0.000000,0.000000,0.000000,0.000000,0.000000,0.000000,0.000000,0.000000,0.000000,0.000000,0,0,0,0,0,0,0,0,0,0,0,0,0,66,0,0
3.695014,9770,13,0,0,2,60,0,0,0,0,0,0,-0.000029,-0.000000,-0.034812,-0.004902,-0.000000,0.035494,0.000938,0.000000,1.570796,0.227498,0.000000,0.000000,-9600,-9600,-9600,-9600,0,0,0,0.000000,0.000000,0.000000,0.000000,0.000000,0.000000,0.000000,0.000000,0,0.000000,0.000000,0.000000,0.000000,0.000000,0.000000,0.000000,0.000000,0.000000,0.000000,0.000000,0.000000,0.000000,0.000000,0.000000,0.000000,0.000000,0.000000,0.000000,0.000000,0.000000,0.000000,0.000000,0.000000,0.000000,0.000000,0.000000,0.000000,0.000000,0.000000,0.000000,0.000000,0,0,0,0,0,0,0,0,0,0,0,0,0,66,0,0
3.704784,9770,13,0,0,2,60,0,0,0,0,0,0,-0.000029,-0.000000,-0.034812,-0.004902,-0.000000,0.035494,0.000938,0.000000,1.570796,0.227498,0.000000,0.000000,-9600,-9600,-9600,-9600,0,0,0,0.000000,0.000000,0.000000,0.000000,0.000000,0.000000,0.000000,0.000000,0,0.000000,0.000000,0.000000,0.000000,0.000000,0.000000,0.000000,0.000000,0.000000,0.000000,0.000000,0.000000,0.000000,0.000000,0.000000,0.000000,0.000000,0.000000,0.000000,0.000000,0.000000,0.000000,0.000000,0.000000,0.000000,0.000000,0.000000,0.000000,0.000000,0.000000,0.000000,0.000000,0,0,0,0,0,0,0,0,0,0,0,0,0,66,0,0
3.714554,9770,13,0,0,2,60,0,0,0,0,0,0,-0.000029,-0.000000,-0.034812,-0.004902,-0.000000,0.035494,0.000938,0.000000,1.570796,0.227498,0.000000,0.000000,-9600,-9600,-9600,-9600,0,0,0,0.000000,0.000000,0.000000,0.000000,0.000000,0.000000,0.000000,0.000000,0,0.000000,0.000000,0.000000,0.000000,0.000000,0.000000,0.000000,0.000000,0.000000,0.000000,0.000000,0.000000,0.000000,0.000000,0.000000,0.000000,0.000000,0.000000,0.000000,0.000000,0.000000,0.000000,0.000000,0.000000,0.000000,0.000000,0.000000,0.000000,0.000000,0.000000,0.000000,0.000000,0,0,0,0,0,0,0,0,0,0,0,0,0,66,0,0
3.724324,9770,13,0,0,2,60,0,0,0,0,0,0,-0.000029,-0.000000,-0.034812,-0.004902,-0.000000,0.035494,0.000938,0.000000,1.570796,0.227498,0.000000,0.000000,-9600,-9600,-9600,-9600,0,0,0,0.000000,0.000000,0.000000,0.000000,0.000000,0.000000,0.000000,0.000000,0,0.000000,0.000000,0.000000,0.000000,0.000000,0.000000,0.000000,0.000000,0.000000,0.000000,0.000000,0.000000,0.000000,0.000000,0.000000,0.000000,0.000000,0.000000,0.000000,0.000000,0.000000,0.000000,0.000000,0.000000,0.000000,0.000000,0.000000,0.000000,0.000000,0.000000,0.000000,0.000000,0,0,0,0,0,0,0,0,0,0,0,0,0,66,0,0
3.734094,9770,13,0,0,2,60,0,0,0,0,0,0,-0.000029,-0.000000,-0.034812,-0.004902,-0.000000,0.035494,0.000938,0.000000,1.570796,0.227498,0.000000,0.000000,-9600,-9600,-9600,-9600,0,0,0,0.000000,0.000000,0.000000,0.000000,0.000000,0.000000,0.000000,0.000000,0,0.000000,0.000000,0.000000,0.000000,0.000000,0.000000,0.000000,0.000000,0.000000,0.000000,0.000000,0.000000,0.000000,0.000000,0.000000,0.000000,0.000000,0.000000,0.000000,0.000000,0.000000,0.000000,0.000000,0.000000,0.000000,0.000000,0.000000,0.000000,0.000000,0.000000,0.000000,0.000000,0,0,0,0,0,0,0,0,0,0,0,0,0,66,0,0
3.743864,9770,13,0,0,2,60,0,0,0,0,0,0,-0.000029,-0.000000,-0.034812,-0.004902,-0.000000,0.035494,0.000938,0.000000,1.570796,0.227498,0.000000,0.000000,-9600,-9600,-9600,-9600,0,0,0,0.000000,0.000000,0.000000,0.000000,0.000000,0.000000,0.000000,0.000000,0,0.000000,0.000000,0.000000,0.000000,0.000000,0.000000,0.000000,0.000000,0.000000,0.000000,0.000000,0.000000,0.000000,0.000000,0.000000,0.000000,0.000000,0.000000,0.000000,0.000000,0.000000,0.000000,0.000000,0.000000,0.000000,0.000000,0.000000,0.000000,0.000000,0.000000,0.000000,0.000000,0,0,0,0,0,0,0,0,0,0,0,0,0,66,0,0
3.753634,9770,13,0,0,2,60,0,0,0,0,0,0,-0.000029,-0.000000,-0.034812,-0.004902,-0.000000,0.035494,0.000938,0.000000,1.570796,0.227498,0.000000,0.000000,-9600,-9600,-9600,-9600,0,0,0,0.000000,0.000000,0.000000,0.000000,0.000000,0.000000,0.000000,0.000000,0,0.000000,0.000000,0.000000,0.000000,0.000000,0.000000,0.000000,0.000000,0.000000,0.000000,0.000000,0.000000,0.000000,0.000000,0.000000,0.000000,0.000000,0.000000,0.000000,0.000000,0.000000,0.000000,0.000000,0.000000,0.000000,0.000000,0.000000,0.000000,0.000000,0.000000,0.000000,0.000000,0,0,0,0,0,0,0,0,0,0,0,0,0,66,0,0
3.763404,9770,13,0,0,2,60,0,0,0,0,0,0,-0.000029,-0.000000,-0.034812,-0.004902,-0.000000,0.035494,0.000938,0.000000,1.570796,0.227498,0.000000,0.000000,-9600,-9600,-9600,-9600,0,0,0,0.000000,0.000000,0.000000,0.000000,0.000000,0.000000,0.000000,0.000000,0,0.000000,0.000000,0.000000,0.000000,0.000000,0.000000,0.000000,0.000000,0.000000,0.000000,0.000000,0.000000,0.000000,0.000000,0.000000,0.000000,0.000000,0.000000,0.000000,0.000000,0.000000,0.000000,0.000000,0.000000,0.000000,0.000000,0.000000,0.000000,0.000000,0.000000,0.000000,0.000000,0,0,0,0,0,0,0,0,0,0,0,0,0,66,0,0
3.773174,9770,13,0,0,2,60,0,0,0,0,0,0,-0.000029,-0.000000,-0.034812,-0.004902,-0.000000,0.035494,0.000938,0.000000,1.570796,0.227498,0.000000,0.000000,-9600,-9600,-9600,-9600,0,0,0,0.000000,0.000000,0.000000,0.000000,0.000000,0.000000,0.000000,0.000000,0,0.000000,0.000000,0.000000,0.000000,0.000000,0.000000,0.000000,0.000000,0.000000,0.000000,0.000000,0.000000,0.000000,0.000000,0.000000,0.000000,0.000000,0.000000,0.000000,0.000000,0.000000,0.000000,0.000000,0.000000,0.000000,0.000000,0.000000,0.000000,0.000000,0.000000,0.000000,0.000000,0,0,0,0,0,0,0,0,0,0,0,0,0,66,0,0
3.782944,9770,13,0,0,2,60,0,0,0,0,0,0,-0.000029,-0.000000,-0.034812,-0.004902,-0.000000,0.035494,0.000938,0.000000,1.570796,0.227498,0.000000,0.000000,-9600,-9600,-9600,-9600,0,0,0,0.000000,0.000000,0.000000,0.000000,0.000000,0.000000,0.000000,0.000000,0,0.000000,0.000000,0.000000,0.000000,0.000000,0.000000,0.000000,0.000000,0.000000,0.000000,0.000000,0.000000,0.000000,0.000000,0.000000,0.000000,0.000000,0.000000,0.000000,0.000000,0.000000,0.000000,0.000000,0.000000,0.000000,0.000000,0.000000,0.000000,0.000000,0.000000,0.000000,0.000000,0,0,0,0,0,0,0,0,0,0,0,0,0,66,0,0
3.792714,9770,13,0,0,2,60,0,0,0,0,0,0,-0.000029,-0.000000,-0.034812,-0.004902,-0.000000,0.035494,0.000938,0.000000,1.570796,0.227498,0.000000,0.000000,-9600,-9600,-9600,-9600,0,0,0,0.000000,0.000000,0.000000,0.000000,0.000000,0.000000,0.000000,0.000000,0,0.000000,0.000000,0.000000,0.000000,0.000000,0.000000,0.000000,0.000000,0.000000,0.000000,0.000000,0.000000,0.000000,0.000000,0.000000,0.000000,0.000000,0.000000,0.000000,0.000000,0.000000,0.000000,0.000000,0.000000,0.000000,0.000000,0.000000,0.000000,0.000000,0.000000,0.000000,0.000000,0,0,0,0,0,0,0,0,0,0,0,0,0,66,0,0
3.802484,9770,13,0,0,2,60,0,0,0,0,0,0,-0.000029,-0.000000,-0.034812,-0.004902,-0.000000,0.035494,0.000938,0.000000,1.570796,0.227498,0.000000,0.000000,-9600,-9600,-9600,-9600,0,0,0,0.000000,0.000000,0.000000,0.000000,0.000000,0.000000,0.000000,0.000000,0,0.000000,0.000000,0.000000,0.000000,0.000000,0.000000,0.000000,0.000000,0.000000,0.000000,0.000000,0.000000,0.000000,0.000000,0.000000,0.000000,0.000000,0.000000,0.000000,0.000000,0.000000,0.000000,0.000000,0.000000,0.000000,0.000000,0.000000,0.000000,0.000000,0.000000,0.000000,0.000000,0,0,0,0,0,0,0,0,0,0,0,0,0,66,0,0
3.812254,9770,13,0,0,2,60,0,0,0,0,0,0,-0.000029,-0.000000,-0.034812,-0.004902,-0.000000,0.035494,0.000938,0.000000,1.570796,0.227498,0.000000,0.000000,-9600,-9600,-9600,-9600,0,0,0,0.000000,0.000000,0.000000,0.000000,0.000000,0.000000,0.000000,0.000000,0,0.000000,0.000000,0.000000,0.000000,0.000000,0.000000,0.000000,0.000000,0.000000,0.000000,0.000000,0.000000,0.000000,0.000000,0.000000,0.000000,0.000000,0.000000,0.000000,0.000000,0.000000,0.000000,0.000000,0.000000,0.000000,0.000000,0.000000,0.000000,0.000000,0.000000,0.000000,0.000000,0,0,0,0,0,0,0,0,0,0,0,0,0,66,0,0
3.822024,9770,13,0,0,2,60,0,0,0,0,0,0,-0.000029,-0.000000,-0.034812,-0.004902,-0.000000,0.035494,0.000938,0.000000,1.570796,0.227498,0.000000,0.000000,-9600,-9600,-9600,-9600,0,0,0,0.000000,0.000000,0.000000,0.000000,0.000000,0.000000,0.000000,0.000000,0,0.000000,0.000000,0.000000,0.000000,0.000000,0.000000,0.000000,0.000000,0.000000,0.000000,0.000000,0.000000,0.000000,0.000000,0.000000,0.000000,0.000000,0.000000,0.000000,0.000000,0.000000,0.000000,0.000000,0.000000,0.000000,0.000000,0.000000,0.000000,0.000000,0.000000,0.000000,0.000000,0,0,0,0,0,0,0,0,0,0,0,0,0,66,0,0
3.831794,9770,13,0,0,2,60,0,0,0,0,0,0,-0.000029,-0.000000,-0.034812,-0.004902,-0.000000,0.035494,0.000938,0.000000,1.570796,0.227498,0.000000,0.000000,-9600,-9600,-9600,-9600,0,0,0,0.000000,0.000000,0.000000,0.000000,0.000000,0.000000,0.000000,0.000000,0,0.000000,0.000000,0.000000,0.000000,0.000000,0.000000,0.000000,0.000000,0.000000,0.000000,0.000000,0.000000,0.000000,0.000000,0.000000,0.000000,0.000000,0.000000,0.000000,0.000000,0.000000,0.000000,0.000000,0.000000,0.000000,0.000000,0.000000,0.000000,0.000000,0.000000,0.000000,0.000000,0,0,0,0,0,0,0,0,0,0,0,0,0,66,0,0
3.841564,9770,13,0,0,2,60,0,0,0,0,0,0,-0.000029,-0.000000,-0.034812,-0.004902,-0.000000,0.035494,0.000938,0.000000,1.570796,0.227498,0.000000,0.000000,-9600,-9600,-9600,-9600,0,0,0,0.000000,0.000000,0.000000,0.000000,0.000000,0.000000,0.000000,0.000000,0,0.000000,0.000000,0.000000,0.000000,0.000000,0.000000,0.000000,0.000000,0.000000,0.000000,0.000000,0.000000,0.000000,0.000000,0.000000,0.000000,0.000000,0.000000,0.000000,0.000000,0.000000,0.000000,0.000000,0.000000,0.000000,0.000000,0.000000,0.000000,0.000000,0.000000,0.000000,0.000000,0,0,0,0,0,0,0,0,0,0,0,0,0,66,0,0
3.851334,9770,13,0,0,2,60,0,0,0,0,0,0,-0.000029,-0.000000,-0.034812,-0.004902,-0.000000,0.035494,0.000938,0.000000,1.570796,0.227498,0.000000,0.000000,-9600,-9600,-9600,-9600,0,0,0,0.000000,0.000000,0.000000,0.000000,0.000000,0.000000,0.000000,0.000000,0,0.000000,0.000000,0.000000,0.000000,0.000000,0.000000,0.000000,0.000000,0.000000,0.000000,0.000000,0.000000,0.000000,0.000000,0.000000,0.000000,0.000000,0.000000,0.000000,0.000000,0.000000,0.000000,0.000000,0.000000,0.000000,0.000000,0.000000,0.000000,0.000000,0.000000,0.000000,0.000000,0,0,0,0,0,0,0,0,0,0,0,0,0,66,0,0
3.861104,9770,13,0,0,2,60,0,0,0,0,0,0,-0.000029,-0.000000,-0.034812,-0.004902,-0.000000,0.035494,0.000938,0.000000,1.570796,0.227498,0.000000,0.000000,-9600,-9600,-9600,-9600,0,0,0,0.000000,0.000000,0.000000,0.000000,0.000000,0.000000,0.000000,0.000000,0,0.000000,0.000000,0.000000,0.000000,0.000000,0.000000,0.000000,0.000000,0.000000,0.000000,0.000000,0.000000,0.000000,0.000000,0.000000,0.000000,0.000000,0.000000,0.000000,0.000000,0.000000,0.000000,0.000000,0.000000,0.000000,0.000000,0.000000,0.000000,0.000000,0.000000,0.000000,0.000000,0,0,0,0,0,0,0,0,0,0,0,0,0,66,0,0
3.870874,9770,13,0,0,2,60,0,0,0,0,0,0,-0.000030,-0.000000,-0.034812,-0.004902,-0.000000,0.035494,0.000938,0.000000,1.570796,0.227498,0.000000,0.000000,-9600,-9600,-9600,-9600,0,0,0,0.000000,0.000000,0.000000,0.000000,0.000000,0.000000,0.000000,0.000000,0,0.000000,0.000000,0.000000,0.000000,0.000000,0.000000,0.000000,0.000000,0.000000,0.000000,0.000000,0.000000,0.000000,0.000000,0.000000,0.000000,0.000000,0.000000,0.000000,0.000000,0.000000,0.000000,0.000000,0.000000,0.000000,0.000000,0.000000,0.000000,0.000000,0.000000,0.000000,0.000000,0,0,0,0,0,0,0,0,0,0,0,0,0,66,0,0
3.880644,9770,13,0,0,2,60,0,0,0,0,0,0,-0.000030,-0.000000,-0.034812,-0.004902,-0.000000,0.035494,0.000938,0.000000,1.570796,0.227498,0.000000,0.000000,-9600,-9600,-9600,-9600,0,0,0,0.000000,0.000000,0.000000,0.000000,0.000000,0.000000,0.000000,0.000000,0,0.000000,0.000000,0.000000,0.000000,0.000000,0.000000,0.000000,0.000000,0.000000,0.000000,0.000000,0.000000,0.000000,0.000000,0.000000,0.000000,0.000000,0.000000,0.000000,0.000000,0.000000,0.000000,0.000000,0.000000,0.000000,0.000000,0.000000,0.000000,0.000000,0.000000,0.000000,0.000000,0,0,0,0,0,0,0,0,0,0,0,0,0,66,0,0
3.890414,9770,13,0,0,2,60,0,0,0,0,0,0,-0.000030,-0.000000,-0.034812,-0.004902,-0.000000,0.035494,0.000938,0.000000,1.570796,0.227498,0.000000,0.000000,-9600,-9600,-9600,-9600,0,0,0,0.000000,0.000000,0.000000,0.000000,0.000000,0.000000,0.000000,0.000000,0,0.000000,0.000000,0.000000,0.000000,0.000000,0.000000,0.000000,0.000000,0.000000,0.000000,0.000000,0.000000,0.000000,0.000000,0.000000,0.000000,0.000000,0.000000,0.000000,0.000000,0.000000,0.000000,0.000000,0.000000,0.000000,0.000000,0.000000,0.000000,0.000000,0.000000,0.000000,0.000000,0,0,0,0,0,0,0,0,0,0,0,0,0,66,0,0
3.900184,9770,13,0,0,2,60,0,0,0,0,0,0,-0.000030,-0.000000,-0.034812,-0.004902,-0.000000,0.035494,0.000938,0.000000,1.570796,0.227498,0.000000,0.000000,-9600,-9600,-9600,-9600,0,0,0,0.000000,0.000000,0.000000,0.000000,0.000000,0.000000,0.000000,0.000000,0,0.000000,0.000000,0.000000,0.000000,0.000000,0.000000,0.000000,0.000000,0.000000,0.000000,0.000000,0.000000,0.000000,0.000000,0.000000,0.000000,0.000000,0.000000,0.000000,0.000000,0.000000,0.000000,0.000000,0.000000,0.000000,0.000000,0.000000,0.000000,0.000000,0.000000,0.000000,0.000000,0,0,0,0,0,0,0,0,0,0,0,0,0,66,0,0
3.909954,9770,13,0,0,2,60,0,0,0,0,0,0,-0.000030,-0.000000,-0.034812,-0.004902,-0.000000,0.035494,0.000938,0.000000,1.570796,0.227498,0.000000,0.000000,-9600,-9600,-9600,-9600,0,0,0,0.000000,0.000000,0.000000,0.000000,0.000000,0.000000,0.000000,0.000000,0,0.000000,0.000000,0.000000,0.000000,0.000000,0.000000,0.000000,0.000000,0.000000,0.000000,0.000000,0.000000,0.000000,0.000000,0.000000,0.000000,0.000000,0.000000,0.000000,0.000000,0.000000,0.000000,0.000000,0.000000,0.000000,0.000000,0.000000,0.000000,0.000000,0.000000,0.000000,0.000000,0,0,0,0,0,0,0,0,0,0,0,0,0,66,0,0
3.919724,9770,13,0,0,2,60,0,0,0,0,0,0,-0.000030,-0.000000,-0.034812,-0.004902,-0.000000,0.035494,0.000938,0.000000,1.570796,0.227498,0.000000,0.000000,-9600,-9600,-9600,-9600,0,0,0,0.000000,0.000000,0.000000,0.000000,0.000000,0.000000,0.000000,0.000000,0,0.000000,0.000000,0.000000,0.000000,0.000000,0.000000,0.000000,0.000000,0.000000,0.000000,0.000000,0.000000,0.000000,0.000000,0.000000,0.000000,0.000000,0.000000,0.000000,0.000000,0.000000,0.000000,0.000000,0.000000,0.000000,0.000000,0.000000,0.000000,0.000000,0.000000,0.000000,0.000000,0,0,0,0,0,0,0,0,0,0,0,0,0,66,0,0
3.929494,9770,13,0,0,2,60,0,0,0,0,0,0,-0.000030,-0.000000,-0.034812,-0.004902,-0.000000,0.035494,0.000938,0.000000,1.570796,0.227498,0.000000,0.000000,-9600,-9600,-9600,-9600,0,0,0,0.000000,0.000000,0.000000,0.000000,0.000000,0.000000,0.000000,0.000000,0,0.000000,0.000000,0.000000,0.000000,0.000000,0.000000,0.000000,0.000000,0.000000,0.000000,0.000000,0.000000,0.000000,0.000000,0.000000,0.000000,0.000000,0.000000,0.000000,0.000000,0.000000,0.000000,0.000000,0.000000,0.000000,0.000000,0.000000,0.000000,0.000000,0.000000,0.000000,0.000000,0,0,0,0,0,0,0,0,0,0,0,0,0,66,0,0
3.939264,9770,13,0,0,2,60,0,0,0,0,0,0,-0.000030,-0.000000,-0.034812,-0.004902,-0.000000,0.035494,0.000938,0.000000,1.570796,0.227498,0.000000,0.000000,-9600,-9600,-9600,-9600,0,0,0,0.000000,0.000000,0.000000,0.000000,0.000000,0.000000,0.000000,0.000000,0,0.000000,0.000000,0.000000,0.000000,0.000000,0.000000,0.000000,0.000000,0.000000,0.000000,0.000000,0.000000,0.000000,0.000000,0.000000,0.000000,0.000000,0.000000,0.000000,0.000000,0.000000,0.000000,0.000000,0.000000,0.000000,0.000000,0.000000,0.000000,0.000000,0.000000,0.000000,0.000000,0,0,0,0,0,0,0,0,0,0,0,0,0,66,0,0
3.949034,9770,13,0,0,2,60,0,0,0,0,0,0,-0.000030,-0.000000,-0.034812,-0.004902,-0.000000,0.035494,0.000938,0.000000,1.570796,0.227498,0.000000,0.000000,-9600,-9600,-9600,-9600,0,0,0,0.000000,0.000000,0.000000,0.000000,0.000000,0.000000,0.000000,0.000000,0,0.000000,0.000000,0.000000,0.000000,0.000000,0.000000,0.000000,0.000000,0.000000,0.000000,0.000000,0.000000,0.000000,0.000000,0.000000,0.000000,0.000000,0.000000,0.000000,0.000000,0.000000,0.000000,0.000000,0.000000,0.000000,0.000000,0.000000,0.000000,0.000000,0.000000,0.000000,0.000000,0,0,0,0,0,0,0,0,0,0,0,0,0,66,0,0
3.958804,9770,13,0,0,2,60,0,0,0,0,0,0,-0.000030,-0.000000,-0.034812,-0.004902,-0.000000,0.035494,0.000938,0.000000,1.570796,0.227498,0.000000,0.000000,-9600,-9600,-9600,-9600,0,0,0,0.000000,0.000000,0.000000,0.000000,0.000000,0.000000,0.000000,0.000000,0,0.000000,0.000000,0.000000,0.000000,0.000000,0.000000,0.000000,0.000000,0.000000,0.000000,0.000000,0.000000,0.000000,0.000000,0.000000,0.000000,0.000000,0.000000,0.000000,0.000000,0.000000,0.000000,0.000000,0.000000,0.000000,0.000000,0.000000,0.000000,0.000000,0.000000,0.000000,0.000000,0,0,0,0,0,0,0,0,0,0,0,0,0,66,0,0
3.968574,9770,13,0,0,2,60,0,0,0,0,0,0,-0.000030,-0.000000,-0.034812,-0.004902,-0.000000,0.035494,0.000938,0.000000,1.570796,0.227498,0.000000,0.000000,-9600,-9600,-9600,-9600,0,0,0,0.000000,0.000000,0.000000,0.000000,0.000000,0.000000,0.000000,0.000000,0,0.000000,0.000000,0.000000,0.000000,0.000000,0.000000,0.000000,0.000000,0.000000,0.000000,0.000000,0.000000,0.000000,0.000000,0.000000,0.000000,0.000000,0.000000,0.000000,0.000000,0.000000,0.000000,0.000000,0.000000,0.000000,0.000000,0.000000,0.000000,0.000000,0.000000,0.000000,0.000000,0,0,0,0,0,0,0,0,0,0,0,0,0,66,0,0
3.978344,9770,13,0,0,2,60,0,0,0,0,0,0,-0.000030,-0.000000,-0.034812,-0.004902,-0.000000,0.035494,0.000938,0.000000,1.570796,0.227498,0.000000,0.000000,-9600,-9600,-9600,-9600,0,0,0,0.000000,0.000000,0.000000,0.000000,0.000000,0.000000,0.000000,0.000000,0,0.000000,0.000000,0.000000,0.000000,0.000000,0.000000,0.000000,0.000000,0.000000,0.000000,0.000000,0.000000,0.000000,0.000000,0.000000,0.000000,0.000000,0.000000,0.000000,0.000000,0.000000,0.000000,0.000000,0.000000,0.000000,0.000000,0.000000,0.000000,0.000000,0.000000,0.000000,0.000000,0,0,0,0,0,0,0,0,0,0,0,0,0,66,0,0
3.988114,9770,13,0,0,2,60,0,0,0,0,0,0,-0.000030,-0.000000,-0.034812,-0.004902,-0.000000,0.035494,0.000938,0.000000,1.570796,0.227498,0.000000,0.000000,-9600,-9600,-9600,-9600,0,0,0,0.000000,0.000000,0.000000,0.000000,0.000000,0.000000,0.000000,0.000000,0,0.000000,0.000000,0.000000,0.000000,0.000000,0.000000,0.000000,0.000000,0.000000,0.000000,0.000000,0.000000,0.000000,0.000000,0.000000,0.000000,0.000000,0.000000,0.000000,0.000000,0.000000,0.000000,0.000000,0.000000,0.000000,0.000000,0.000000,0.000000,0.000000,0.000000,0.000000,0.000000,0,0,0,0,0,0,0,0,0,0,0,0,0,66,0,0
3.997884,9770,13,0,0,2,60,0,0,0,0,0,0,-0.000030,-0.000000,-0.034812,-0.004902,-0.000000,0.035494,0.000938,0.000000,1.570796,0.227498,0.000000,0.000000,-9600,-9600,-9600,-9600,0,0,0,0.000000,0.000000,0.000000,0.000000,0.000000,0.000000,0.000000,0.000000,0,0.000000,0.000000,0.000000,0.000000,0.000000,0.000000,0.000000,0.000000,0.000000,0.000000,0.000000,0.000000,0.000000,0.000000,0.000000,0.000000,0.000000,0.000000,0.000000,0.000000,0.000000,0.000000,0.000000,0.000000,0.000000,0.000000,0.000000,0.000000,0.000000,0.000000,0.000000,0.000000,0,0,0,0,0,0,0,0,0,0,0,0,0,66,0,0
4.007654,9770,13,0,0,2,60,0,0,0,0,0,0,-0.000030,-0.000000,-0.034812,-0.004902,-0.000000,0.035494,0.000938,0.000000,1.570796,0.227498,0.000000,0.000000,-9600,-9600,-9600,-9600,0,0,0,0.000000,0.000000,0.000000,0.000000,0.000000,0.000000,0.000000,0.000000,0,0.000000,0.000000,0.000000,0.000000,0.000000,0.000000,0.000000,0.000000,0.000000,0.000000,0.000000,0.000000,0.000000,0.000000,0.000000,0.000000,0.000000,0.000000,0.000000,0.000000,0.000000,0.000000,0.000000,0.000000,0.000000,0.000000,0.000000,0.000000,0.000000,0.000000,0.000000,0.000000,0,0,0,0,0,0,0,0,0,0,0,0,0,66,0,0
4.017424,9770,13,0,0,2,60,0,0,0,0,0,0,-0.000030,-0.000000,-0.034812,-0.004902,-0.000000,0.035494,0.000938,0.000000,1.570796,0.227498,0.000000,0.000000,-9600,-9600,-9600,-9600,0,0,0,0.000000,0.000000,0.000000,0.000000,0.000000,0.000000,0.000000,0.000000,0,0.000000,0.000000,0.000000,0.000000,0.000000,0.000000,0.000000,0.000000,0.000000,0.000000,0.000000,0.000000,0.000000,0.000000,0.000000,0.000000,0.000000,0.000000,0.000000,0.000000,0.000000,0.000000,0.000000,0.000000,0.000000,0.000000,0.000000,0.000000,0.000000,0.000000,0.000000,0.000000,0,0,0,0,0,0,0,0,0,0,0,0,0,66,0,0
4.027194,9770,13,0,0,2,60,0,0,0,0,0,0,-0.000030,-0.000000,-0.034812,-0.004902,-0.000000,0.035494,0.000938,0.000000,1.570796,0.227498,0.000000,0.000000,-9600,-9600,-9600,-9600,0,0,0,0.000000,0.000000,0.000000,0.000000,0.000000,0.000000,0.000000,0.000000,0,0.000000,0.000000,0.000000,0.000000,0.000000,0.000000,0.000000,0.000000,0.000000,0.000000,0.000000,0.000000,0.000000,0.000000,0.000000,0.000000,0.000000,0.000000,0.000000,0.000000,0.000000,0.000000,0.000000,0.000000,0.000000,0.000000,0.000000,0.000000,0.000000,0.000000,0.000000,0.000000,0,0,0,0,0,0,0,0,0,0,0,0,0,66,0,0
4.036964,9770,13,0,0,2,60,0,0,0,0,0,0,-0.000030,-0.000000,-0.034812,-0.004902,-0.000000,0.035494,0.000938,0.000000,1.570796,0.227498,0.000000,0.000000,-9600,-9600,-9600,-9600,0,0,0,0.000000,0.000000,0.000000,0.000000,0.000000,0.000000,0.000000,0.000000,0,0.000000,0.000000,0.000000,0.000000,0.000000,0.000000,0.000000,0.000000,0.000000,0.000000,0.000000,0.000000,0.000000,0.000000,0.000000,0.000000,0.000000,0.000000,0.000000,0.000000,0.000000,0.000000,0.000000,0.000000,0.000000,0.000000,0.000000,0.000000,0.000000,0.000000,0.000000,0.000000,0,0,0,0,0,0,0,0,0,0,0,0,0,66,0,0
4.046734,9770,13,0,0,2,60,0,0,0,0,0,0,-0.000030,-0.000000,-0.034812,-0.004902,-0.000000,0.035494,0.000938,0.000000,1.570796,0.227498,0.000000,0.000000,-9600,-9600,-9600,-9600,0,0,0,0.000000,0.000000,0.000000,0.000000,0.000000,0.000000,0.000000,0.000000,0,0.000000,0.000000,0.000000,0.000000,0.000000,0.000000,0.000000,0.000000,0.000000,0.000000,0.000000,0.000000,0.000000,0.000000,0.000000,0.000000,0.000000,0.000000,0.000000,0.000000,0.000000,0.000000,0.000000,0.000000,0.000000,0.000000,0.000000,0.000000,0.000000,0.000000,0.000000,0.000000,0,0,0,0,0,0,0,0,0,0,0,0,0,66,0,0
4.056504,9770,13,0,0,2,60,0,0,0,0,0,0,-0.000030,-0.000000,-0.034812,-0.004902,-0.000000,0.035494,0.000938,0.000000,1.570796,0.227498,0.000000,0.000000,-9600,-9600,-9600,-9600,0,0,0,0.000000,0.000000,0.000000,0.000000,0.000000,0.000000,0.000000,0.000000,0,0.000000,0.000000,0.000000,0.000000,0.000000,0.000000,0.000000,0.000000,0.000000,0.000000,0.000000,0.000000,0.000000,0.000000,0.000000,0.000000,0.000000,0.000000,0.000000,0.000000,0.000000,0.000000,0.000000,0.000000,0.000000,0.000000,0.000000,0.000000,0.000000,0.000000,0.000000,0.000000,0,0,0,0,0,0,0,0,0,0,0,0,0,66,0,0
4.066274,9770,13,0,0,2,60,0,0,0,0,0,0,-0.000030,-0.000000,-0.034812,-0.004902,-0.000000,0.035494,0.000938,0.000000,1.570796,0.227498,0.000000,0.000000,-9600,-9600,-9600,-9600,0,0,0,0.000000,0.000000,0.000000,0.000000,0.000000,0.000000,0.000000,0.000000,0,0.000000,0.000000,0.000000,0.000000,0.000000,0.000000,0.000000,0.000000,0.000000,0.000000,0.000000,0.000000,0.000000,0.000000,0.000000,0.000000,0.000000,0.000000,0.000000,0.000000,0.000000,0.000000,0.000000,0.000000,0.000000,0.000000,0.000000,0.000000,0.000000,0.000000,0.000000,0.000000,0,0,0,0,0,0,0,0,0,0,0,0,0,66,0,0
4.076044,9770,13,0,0,2,60,0,0,0,0,0,0,-0.000030,-0.000000,-0.034812,-0.004902,-0.000000,0.035494,0.000938,0.000000,1.570796,0.227498,0.000000,0.000000,-9600,-9600,-9600,-9600,0,0,0,0.000000,0.000000,0.000000,0.000000,0.000000,0.000000,0.000000,0.000000,0,0.000000,0.000000,0.000000,0.000000,0.000000,0.000000,0.000000,0.000000,0.000000,0.000000,0.000000,0.000000,0.000000,0.000000,0.000000,0.000000,0.000000,0.000000,0.000000,0.000000,0.000000,0.000000,0.000000,0.000000,0.000000,0.000000,0.000000,0.000000,0.000000,0.000000,0.000000,0.000000,0,0,0,0,0,0,0,0,0,0,0,0,0,66,0,0
4.085814,9770,13,0,0,2,60,0,0,0,0,0,0,-0.000030,-0.000000,-0.034812,-0.004902,-0.000000,0.035494,0.000938,0.000000,1.570796,0.227498,0.000000,0.000000,-9600,-9600,-9600,-9600,0,0,0,0.000000,0.000000,0.000000,0.000000,0.000000,0.000000,0.000000,0.000000,0,0.000000,0.000000,0.000000,0.000000,0.000000,0.000000,0.000000,0.000000,0.000000,0.000000,0.000000,0.000000,0.000000,0.000000,0.000000,0.000000,0.000000,0.000000,0.000000,0.000000,0.000000,0.000000,0.000000,0.000000,0.000000,0.000000,0.000000,0.000000,0.000000,0.000000,0.000000,0.000000,0,0,0,0,0,0,0,0,0,0,0,0,0,66,0,0
4.095584,9770,13,0,0,2,60,0,0,0,0,0,0,-0.000030,-0.000000,-0.034812,-0.004902,-0.000000,0.035494,0.000938,0.000000,1.570796,0.227498,0.000000,0.000000,-9600,-9600,-9600,-9600,0,0,0,0.000000,0.000000,0.000000,0.000000,0.000000,0.000000,0.000000,0.000000,0,0.000000,0.000000,0.000000,0.000000,0.000000,0.000000,0.000000,0.000000,0.000000,0.000000,0.000000,0.000000,0.000000,0.000000,0.000000,0.000000,0.000000,0.000000,0.000000,0.000000,0.000000,0.000000,0.000000,0.000000,0.000000,0.000000,0.000000,0.000000,0.000000,0.000000,0.000000,0.000000,0,0,0,0,0,0,0,0,0,0,0,0,0,66,0,0
4.105354,9770,13,0,0,2,60,0,0,0,0,0,0,-0.000030,-0.000000,-0.034812,-0.004902,-0.000000,0.035494,0.000938,0.000000,1.570796,0.227498,0.000000,0.000000,-9600,-9600,-9600,-9600,0,0,0,0.000000,0.000000,0.000000,0.000000,0.000000,0.000000,0.000000,0.000000,0,0.000000,0.000000,0.000000,0.000000,0.000000,0.000000,0.000000,0.000000,0.000000,0.000000,0.000000,0.000000,0.000000,0.000000,0.000000,0.000000,0.000000,0.000000,0.000000,0.000000,0.000000,0.000000,0.000000,0.000000,0.000000,0.000000,0.000000,0.000000,0.000000,0.000000,0.000000,0.000000,0,0,0,0,0,0,0,0,0,0,0,0,0,66,0,0
4.115124,9770,13,0,0,2,60,0,0,0,0,0,0,-0.000030,-0.000000,-0.034812,-0.004902,-0.000000,0.035494,0.000938,0.000000,1.570796,0.227498,0.000000,0.000000,-9600,-9600,-9600,-9600,0,0,0,0.000000,0.000000,0.000000,0.000000,0.000000,0.000000,0.000000,0.000000,0,0.000000,0.000000,0.000000,0.000000,0.000000,0.000000,0.000000,0.000000,0.000000,0.000000,0.000000,0.000000,0.000000,0.000000,0.000000,0.000000,0.000000,0.000000,0.000000,0.000000,0.000000,0.000000,0.000000,0.000000,0.000000,0.000000,0.000000,0.000000,0.000000,0.000000,0.000000,0.000000,0,0,0,0,0,0,0,0,0,0,0,0,0,66,0,0
4.124894,9770,13,0,0,2,60,0,0,0,0,0,0,-0.000030,-0.000000,-0.034812,-0.004902,-0.000000,0.035494,0.000938,0.000000,1.570796,0.227498,0.000000,0.000000,-9600,-9600,-9600,-9600,0,0,0,0.000000,0.000000,0.000000,0.000000,0.000000,0.000000,0.000000,0.000000,0,0.000000,0.000000,0.000000,0.000000,0.000000,0.000000,0.000000,0.000000,0.000000,0.000000,0.000000,0.000000,0.000000,0.000000,0.000000,0.000000,0.000000,0.000000,0.000000,0.000000,0.000000,0.000000,0.000000,0.000000,0.000000,0.000000,0.000000,0.000000,0.000000,0.000000,0.000000,0.000000,0,0,0,0,0,0,0,0,0,0,0,0,0,66,0,0
4.134664,9770,13,0,0,2,60,0,0,0,0,0,0,-0.000030,-0.000000,-0.034812,-0.004902,-0.000000,0.035494,0.000938,0.000000,1.570796,0.227498,0.000000,0.000000,-9600,-9600,-9600,-9600,0,0,0,0.000000,0.000000,0.000000,0.000000,0.000000,0.000000,0.000000,0.000000,0,0.000000,0.000000,0.000000,0.000000,0.000000,0.000000,0.000000,0.000000,0.000000,0.000000,0.000000,0.000000,0.000000,0.000000,0.000000,0.000000,0.000000,0.000000,0.000000,0.000000,0.000000,0.000000,0.000000,0.000000,0.000000,0.000000,0.000000,0.000000,0.000000,0.000000,0.000000,0.000000,0,0,0,0,0,0,0,0,0,0,0,0,0,66,0,0
4.144434,9770,13,0,0,2,60,0,0,0,0,0,0,-0.000030,-0.000000,-0.034812,-0.004902,-0.000000,0.035494,0.000938,0.000000,1.570796,0.227498,0.000000,0.000000,-9600,-9600,-9600,-9600,0,0,0,0.000000,0.000000,0.000000,0.000000,0.000000,0.000000,0.000000,0.000000,0,0.000000,0.000000,0.000000,0.000000,0.000000,0.000000,0.000000,0.000000,0.000000,0.000000,0.000000,0.000000,0.000000,0.000000,0.000000,0.000000,0.000000,0.000000,0.000000,0.000000,0.000000,0.000000,0.000000,0.000000,0.000000,0.000000,0.000000,0.000000,0.000000,0.000000,0.000000,0.000000,0,0,0,0,0,0,0,0,0,0,0,0,0,66,0,0
4.154204,9770,13,0,0,2,60,0,0,0,0,0,0,-0.000030,-0.000000,-0.034812,-0.004902,-0.000000,0.035494,0.000938,0.000000,1.570796,0.227498,0.000000,0.000000,-9600,-9600,-9600,-9600,0,0,0,0.000000,0.000000,0.000000,0.000000,0.000000,0.000000,0.000000,0.000000,0,0.000000,0.000000,0.000000,0.000000,0.000000,0.000000,0.000000,0.000000,0.000000,0.000000,0.000000,0.000000,0.000000,0.000000,0.000000,0.000000,0.000000,0.000000,0.000000,0.000000,0.000000,0.000000,0.000000,0.000000,0.000000,0.000000,0.000000,0.000000,0.000000,0.000000,0.000000,0.000000,0,0,0,0,0,0,0,0,0,0,0,0,0,66,0,0
4.163974,9770,13,0,0,2,60,0,0,0,0,0,0,-0.000030,-0.000000,-0.034812,-0.004902,-0.000000,0.035494,0.000938,0.000000,1.570796,0.227498,0.000000,0.000000,-9600,-9600,-9600,-9600,0,0,0,0.000000,0.000000,0.000000,0.000000,0.000000,0.000000,0.000000,0.000000,0,0.000000,0.000000,0.000000,0.000000,0.000000,0.000000,0.000000,0.000000,0.000000,0.000000,0.000000,0.000000,0.000000,0.000000,0.000000,0.000000,0.000000,0.000000,0.000000,0.000000,0.000000,0.000000,0.000000,0.000000,0.000000,0.000000,0.000000,0.000000,0.000000,0.000000,0.000000,0.000000,0,0,0,0,0,0,0,0,0,0,0,0,0,66,0,0
4.173744,9770,13,0,0,2,60,0,0,0,0,0,0,-0.000030,-0.000000,-0.034812,-0.004902,-0.000000,0.035494,0.000938,0.000000,1.570796,0.227498,0.000000,0.000000,-9600,-9600,-9600,-9600,0,0,0,0.000000,0.000000,0.000000,0.000000,0.000000,0.000000,0.000000,0.000000,0,0.000000,0.000000,0.000000,0.000000,0.000000,0.000000,0.000000,0.000000,0.000000,0.000000,0.000000,0.000000,0.000000,0.000000,0.000000,0.000000,0.000000,0.000000,0.000000,0.000000,0.000000,0.000000,0.000000,0.000000,0.000000,0.000000,0.000000,0.000000,0.000000,0.000000,0.000000,0.000000,0,0,0,0,0,0,0,0,0,0,0,0,0,66,0,0
4.183514,9770,13,0,0,2,60,0,0,0,0,0,0,-0.000030,-0.000000,-0.034812,-0.004902,-0.000000,0.035494,0.000938,0.000000,1.570796,0.227498,0.000000,0.000000,-9600,-9600,-9600,-9600,0,0,0,0.000000,0.000000,0.000000,0.000000,0.000000,0.000000,0.000000,0.000000,0,0.000000,0.000000,0.000000,0.000000,0.000000,0.000000,0.000000,0.000000,0.000000,0.000000,0.000000,0.000000,0.000000,0.000000,0.000000,0.000000,0.000000,0.000000,0.000000,0.000000,0.000000,0.000000,0.000000,0.000000,0.000000,0.000000,0.000000,0.000000,0.000000,0.000000,0.000000,0.000000,0,0,0,0,0,0,0,0,0,0,0,0,0,66,0,0
4.193284,9770,13,0,0,2,60,0,0,0,0,0,0,-0.000030,-0.000000,-0.034812,-0.004902,-0.000000,0.035494,0.000938,0.000000,1.570796,0.227498,0.000000,0.000000,-9600,-9600,-9600,-9600,0,0,0,0.000000,0.000000,0.000000,0.000000,0.000000,0.000000,0.000000,0.000000,0,0.000000,0.000000,0.000000,0.000000,0.000000,0.000000,0.000000,0.000000,0.000000,0.000000,0.000000,0.000000,0.000000,0.000000,0.000000,0.000000,0.000000,0.000000,0.000000,0.000000,0.000000,0.000000,0.000000,0.000000,0.000000,0.000000,0.000000,0.000000,0.000000,0.000000,0.000000,0.000000,0,0,0,0,0,0,0,0,0,0,0,0,0,66,0,0
4.203054,9770,13,0,0,2,60,0,0,0,0,0,0,-0.000030,-0.000000,-0.034812,-0.004902,-0.000000,0.035494,0.000938,0.000000,1.570796,0.227498,0.000000,0.000000,-9600,-9600,-9600,-9600,0,0,0,0.000000,0.000000,0.000000,0.000000,0.000000,0.000000,0.000000,0.000000,0,0.000000,0.000000,0.000000,0.000000,0.000000,0.000000,0.000000,0.000000,0.000000,0.000000,0.000000,0.000000,0.000000,0.000000,0.000000,0.000000,0.000000,0.000000,0.000000,0.000000,0.000000,0.000000,0.000000,0.000000,0.000000,0.000000,0.000000,0.000000,0.000000,0.000000,0.000000,0.000000,0,0,0,0,0,0,0,0,0,0,0,0,0,66,0,0
4.212824,9770,13,0,0,2,60,0,0,0,0,0,0,-0.000030,-0.000000,-0.034812,-0.004902,-0.000000,0.035494,0.000938,0.000000,1.570796,0.227498,0.000000,0.000000,-9600,-9600,-9600,-9600,0,0,0,0.000000,0.000000,0.000000,0.000000,0.000000,0.000000,0.000000,0.000000,0,0.000000,0.000000,0.000000,0.000000,0.000000,0.000000,0.000000,0.000000,0.000000,0.000000,0.000000,0.000000,0.000000,0.000000,0.000000,0.000000,0.000000,0.000000,0.000000,0.000000,0.000000,0.000000,0.000000,0.000000,0.000000,0.000000,0.000000,0.000000,0.000000,0.000000,0.000000,0.000000,0,0,0,0,0,0,0,0,0,0,0,0,0,66,0,0
4.222594,9770,13,0,0,2,60,0,0,0,0,0,0,-0.000030,-0.000000,-0.034812,-0.004902,-0.000000,0.035494,0.000938,0.000000,1.570796,0.227498,0.000000,0.000000,-9600,-9600,-9600,-9600,0,0,0,0.000000,0.000000,0.000000,0.000000,0.000000,0.000000,0.000000,0.000000,0,0.000000,0.000000,0.000000,0.000000,0.000000,0.000000,0.000000,0.000000,0.000000,0.000000,0.000000,0.000000,0.000000,0.000000,0.000000,0.000000,0.000000,0.000000,0.000000,0.000000,0.000000,0.000000,0.000000,0.000000,0.000000,0.000000,0.000000,0.000000,0.000000,0.000000,0.000000,0.000000,0,0,0,0,0,0,0,0,0,0,0,0,0,66,0,0
4.232364,9770,13,0,0,2,60,0,0,0,0,0,0,-0.000030,-0.000000,-0.034812,-0.004902,-0.000000,0.035494,0.000938,0.000000,1.570796,0.227498,0.000000,0.000000,-9600,-9600,-9600,-9600,0,0,0,0.000000,0.000000,0.000000,0.000000,0.000000,0.000000,0.000000,0.000000,0,0.000000,0.000000,0.000000,0.000000,0.000000,0.000000,0.000000,0.000000,0.000000,0.000000,0.000000,0.000000,0.000000,0.000000,0.000000,0.000000,0.000000,0.000000,0.000000,0.000000,0.000000,0.000000,0.000000,0.000000,0.000000,0.000000,0.000000,0.000000,0.000000,0.000000,0.000000,0.000000,0,0,0,0,0,0,0,0,0,0,0,0,0,66,0,0
4.242134,9770,13,0,0,2,60,0,0,0,0,0,0,-0.000030,-0.000000,-0.034812,-0.004902,-0.000000,0.035494,0.000938,0.000000,1.570796,0.227498,0.000000,0.000000,-9600,-9600,-9600,-9600,0,0,0,0.000000,0.000000,0.000000,0.000000,0.000000,0.000000,0.000000,0.000000,0,0.000000,0.000000,0.000000,0.000000,0.000000,0.000000,0.000000,0.000000,0.000000,0.000000,0.000000,0.000000,0.000000,0.000000,0.000000,0.000000,0.000000,0.000000,0.000000,0.000000,0.000000,0.000000,0.000000,0.000000,0.000000,0.000000,0.000000,0.000000,0.000000,0.000000,0.000000,0.000000,0,0,0,0,0,0,0,0,0,0,0,0,0,66,0,0
4.251904,9770,13,0,0,2,60,0,0,0,0,0,0,-0.000030,-0.000000,-0.034812,-0.004902,-0.000000,0.035494,0.000938,0.000000,1.570796,0.227498,0.000000,0.000000,-9600,-9600,-9600,-9600,0,0,0,0.000000,0.000000,0.000000,0.000000,0.000000,0.000000,0.000000,0.000000,0,0.000000,0.000000,0.000000,0.000000,0.000000,0.000000,0.000000,0.000000,0.000000,0.000000,0.000000,0.000000,0.000000,0.000000,0.000000,0.000000,0.000000,0.000000,0.000000,0.000000,0.000000,0.000000,0.000000,0.000000,0.000000,0.000000,0.000000,0.000000,0.000000,0.000000,0.000000,0.000000,0,0,0,0,0,0,0,0,0,0,0,0,0,66,0,0
4.261674,9770,13,0,0,2,60,0,0,0,0,0,0,-0.000030,-0.000000,-0.034812,-0.004902,-0.000000,0.035494,0.000938,0.000000,1.570796,0.227498,0.000000,0.000000,-9600,-9600,-9600,-9600,0,0,0,0.000000,0.000000,0.000000,0.000000,0.000000,0.000000,0.000000,0.000000,0,0.000000,0.000000,0.000000,0.000000,0.000000,0.000000,0.000000,0.000000,0.000000,0.000000,0.000000,0.000000,0.000000,0.000000,0.000000,0.000000,0.000000,0.000000,0.000000,0.000000,0.000000,0.000000,0.000000,0.000000,0.000000,0.000000,0.000000,0.000000,0.000000,0.000000,0.000000,0.000000,0,0,0,0,0,0,0,0,0,0,0,0,0,66,0,0
4.271444,9770,13,0,0,2,60,0,0,0,0,0,0,-0.000030,-0.000000,-0.034812,-0.004902,-0.000000,0.035494,0.000938,0.000000,1.570796,0.227498,0.000000,0.000000,-9600,-9600,-9600,-9600,0,0,0,0.000000,0.000000,0.000000,0.000000,0.000000,0.000000,0.000000,0.000000,0,0.000000,0.000000,0.000000,0.000000,0.000000,0.000000,0.000000,0.000000,0.000000,0.000000,0.000000,0.000000,0.000000,0.000000,0.000000,0.000000,0.000000,0.000000,0.000000,0.000000,0.000000,0.000000,0.000000,0.000000,0.000000,0.000000,0.000000,0.000000,0.000000,0.000000,0.000000,0.000000,0,0,0,0,0,0,0,0,0,0,0,0,0,66,0,0
4.281214,9770,13,0,0,2,60,0,0,0,0,0,0,-0.000031,-0.000000,-0.034812,-0.004902,-0.000000,0.035494,0.000938,0.000000,1.570796,0.227498,0.000000,0.000000,-9600,-9600,-9600,-9600,0,0,0,0.000000,0.000000,0.000000,0.000000,0.000000,0.000000,0.000000,0.000000,0,0.000000,0.000000,0.000000,0.000000,0.000000,0.000000,0.000000,0.000000,0.000000,0.000000,0.000000,0.000000,0.000000,0.000000,0.000000,0.000000,0.000000,0.000000,0.000000,0.000000,0.000000,0.000000,0.000000,0.000000,0.000000,0.000000,0.000000,0.000000,0.000000,0.000000,0.000000,0.000000,0,0,0,0,0,0,0,0,0,0,0,0,0,66,0,0
4.290984,9770,13,0,0,2,60,0,0,0,0,0,0,-0.000031,-0.000000,-0.034812,-0.004902,-0.000000,0.035494,0.000938,0.000000,1.570796,0.227498,0.000000,0.000000,-9600,-9600,-9600,-9600,0,0,0,0.000000,0.000000,0.000000,0.000000,0.000000,0.000000,0.000000,0.000000,0,0.000000,0.000000,0.000000,0.000000,0.000000,0.000000,0.000000,0.000000,0.000000,0.000000,0.000000,0.000000,0.000000,0.000000,0.000000,0.000000,0.000000,0.000000,0.000000,0.000000,0.000000,0.000000,0.000000,0.000000,0.000000,0.000000,0.000000,0.000000,0.000000,0.000000,0.000000,0.000000,0,0,0,0,0,0,0,0,0,0,0,0,0,66,0,0
4.300754,9770,13,0,0,2,60,0,0,0,0,0,0,-0.000031,-0.000000,-0.034812,-0.004902,-0.000000,0.035494,0.000938,0.000000,1.570796,0.227498,0.000000,0.000000,-9600,-9600,-9600,-9600,0,0,0,0.000000,0.000000,0.000000,0.000000,0.000000,0.000000,0.000000,0.000000,0,0.000000,0.000000,0.000000,0.000000,0.000000,0.000000,0.000000,0.000000,0.000000,0.000000,0.000000,0.000000,0.000000,0.000000,0.000000,0.000000,0.000000,0.000000,0.000000,0.000000,0.000000,0.000000,0.000000,0.000000,0.000000,0.000000,0.000000,0.000000,0.000000,0.000000,0.000000,0.000000,0,0,0,0,0,0,0,0,0,0,0,0,0,66,0,0
4.310524,9770,13,0,0,2,60,0,0,0,0,0,0,-0.000031,-0.000000,-0.034812,-0.004902,-0.000000,0.035494,0.000938,0.000000,1.570796,0.227498,0.000000,0.000000,-9600,-9600,-9600,-9600,0,0,0,0.000000,0.000000,0.000000,0.000000,0.000000,0.000000,0.000000,0.000000,0,0.000000,0.000000,0.000000,0.000000,0.000000,0.000000,0.000000,0.000000,0.000000,0.000000,0.000000,0.000000,0.000000,0.000000,0.000000,0.000000,0.000000,0.000000,0.000000,0.000000,0.000000,0.000000,0.000000,0.000000,0.000000,0.000000,0.000000,0.000000,0.000000,0.000000,0.000000,0.000000,0,0,0,0,0,0,0,0,0,0,0,0,0,66,0,0
4.320294,9770,13,0,0,2,60,0,0,0,0,0,0,-0.000031,-0.000000,-0.034812,-0.004902,-0.000000,0.035494,0.000938,0.000000,1.570796,0.227498,0.000000,0.000000,-9600,-9600,-9600,-9600,0,0,0,0.000000,0.000000,0.000000,0.000000,0.000000,0.000000,0.000000,0.000000,0,0.000000,0.000000,0.000000,0.000000,0.000000,0.000000,0.000000,0.000000,0.000000,0.000000,0.000000,0.000000,0.000000,0.000000,0.000000,0.000000,0.000000,0.000000,0.000000,0.000000,0.000000,0.000000,0.000000,0.000000,0.000000,0.000000,0.000000,0.000000,0.000000,0.000000,0.000000,0.000000,0,0,0,0,0,0,0,0,0,0,0,0,0,66,0,0
4.330064,9770,13,0,0,2,60,0,0,0,0,0,0,-0.000031,-0.000000,-0.034812,-0.004902,-0.000000,0.035494,0.000938,0.000000,1.570796,0.227498,0.000000,0.000000,-9600,-9600,-9600,-9600,0,0,0,0.000000,0.000000,0.000000,0.000000,0.000000,0.000000,0.000000,0.000000,0,0.000000,0.000000,0.000000,0.000000,0.000000,0.000000,0.000000,0.000000,0.000000,0.000000,0.000000,0.000000,0.000000,0.000000,0.000000,0.000000,0.000000,0.000000,0.000000,0.000000,0.000000,0.000000,0.000000,0.000000,0.000000,0.000000,0.000000,0.000000,0.000000,0.000000,0.000000,0.000000,0,0,0,0,0,0,0,0,0,0,0,0,0,66,0,0
4.339834,9770,13,0,0,2,60,0,0,0,0,0,0,-0.000031,-0.000000,-0.034812,-0.004902,-0.000000,0.035494,0.000938,0.000000,1.570796,0.227498,0.000000,0.000000,-9600,-9600,-9600,-9600,0,0,0,0.000000,0.000000,0.000000,0.000000,0.000000,0.000000,0.000000,0.000000,0,0.000000,0.000000,0.000000,0.000000,0.000000,0.000000,0.000000,0.000000,0.000000,0.000000,0.000000,0.000000,0.000000,0.000000,0.000000,0.000000,0.000000,0.000000,0.000000,0.000000,0.000000,0.000000,0.000000,0.000000,0.000000,0.000000,0.000000,0.000000,0.000000,0.000000,0.000000,0.000000,0,0,0,0,0,0,0,0,0,0,0,0,0,66,0,0
4.349604,9770,13,0,0,2,60,0,0,0,0,0,0,-0.000031,-0.000000,-0.034812,-0.004902,-0.000000,0.035494,0.000938,0.000000,1.570796,0.227498,0.000000,0.000000,-9600,-9600,-9600,-9600,0,0,0,0.000000,0.000000,0.000000,0.000000,0.000000,0.000000,0.000000,0.000000,0,0.000000,0.000000,0.000000,0.000000,0.000000,0.000000,0.000000,0.000000,0.000000,0.000000,0.000000,0.000000,0.000000,0.000000,0.000000,0.000000,0.000000,0.000000,0.000000,0.000000,0.000000,0.000000,0.000000,0.000000,0.000000,0.000000,0.000000,0.000000,0.000000,0.000000,0.000000,0.000000,0,0,0,0,0,0,0,0,0,0,0,0,0,66,0,0
4.359374,9770,13,0,0,2,60,0,0,0,0,0,0,-0.000031,-0.000000,-0.034812,-0.004902,-0.000000,0.035494,0.000938,0.000000,1.570796,0.227498,0.000000,0.000000,-9600,-9600,-9600,-9600,0,0,0,0.000000,0.000000,0.000000,0.000000,0.000000,0.000000,0.000000,0.000000,0,0.000000,0.000000,0.000000,0.000000,0.000000,0.000000,0.000000,0.000000,0.000000,0.000000,0.000000,0.000000,0.000000,0.000000,0.000000,0.000000,0.000000,0.000000,0.000000,0.000000,0.000000,0.000000,0.000000,0.000000,0.000000,0.000000,0.000000,0.000000,0.000000,0.000000,0.000000,0.000000,0,0,0,0,0,0,0,0,0,0,0,0,0,66,0,0
4.369144,9770,13,0,0,2,60,0,0,0,0,0,0,-0.000031,-0.000000,-0.034812,-0.004902,-0.000000,0.035494,0.000938,0.000000,1.570796,0.227498,0.000000,0.000000,-9600,-9600,-9600,-9600,0,0,0,0.000000,0.000000,0.000000,0.000000,0.000000,0.000000,0.000000,0.000000,0,0.000000,0.000000,0.000000,0.000000,0.000000,0.000000,0.000000,0.000000,0.000000,0.000000,0.000000,0.000000,0.000000,0.000000,0.000000,0.000000,0.000000,0.000000,0.000000,0.000000,0.000000,0.000000,0.000000,0.000000,0.000000,0.000000,0.000000,0.000000,0.000000,0.000000,0.000000,0.000000,0,0,0,0,0,0,0,0,0,0,0,0,0,66,0,0
4.378914,9770,13,0,0,2,60,0,0,0,0,0,0,-0.000031,-0.000000,-0.034812,-0.004902,-0.000000,0.035494,0.000938,0.000000,1.570796,0.227498,0.000000,0.000000,-9600,-9600,-9600,-9600,0,0,0,0.000000,0.000000,0.000000,0.000000,0.000000,0.000000,0.000000,0.000000,0,0.000000,0.000000,0.000000,0.000000,0.000000,0.000000,0.000000,0.000000,0.000000,0.000000,0.000000,0.000000,0.000000,0.000000,0.000000,0.000000,0.000000,0.000000,0.000000,0.000000,0.000000,0.000000,0.000000,0.000000,0.000000,0.000000,0.000000,0.000000,0.000000,0.000000,0.000000,0.000000,0,0,0,0,0,0,0,0,0,0,0,0,0,66,0,0
4.388684,9770,13,0,0,2,60,0,0,0,0,0,0,-0.000031,-0.000000,-0.034812,-0.004902,-0.000000,0.035494,0.000938,0.000000,1.570796,0.227498,0.000000,0.000000,-9600,-9600,-9600,-9600,0,0,0,0.000000,0.000000,0.000000,0.000000,0.000000,0.000000,0.000000,0.000000,0,0.000000,0.000000,0.000000,0.000000,0.000000,0.000000,0.000000,0.000000,0.000000,0.000000,0.000000,0.000000,0.000000,0.000000,0.000000,0.000000,0.000000,0.000000,0.000000,0.000000,0.000000,0.000000,0.000000,0.000000,0.000000,0.000000,0.000000,0.000000,0.000000,0.000000,0.000000,0.000000,0,0,0,0,0,0,0,0,0,0,0,0,0,66,0,0
4.398454,9770,13,0,0,2,60,0,0,0,0,0,0,-0.000031,-0.000000,-0.034812,-0.004902,-0.000000,0.035494,0.000938,0.000000,1.570796,0.227498,0.000000,0.000000,-9600,-9600,-9600,-9600,0,0,0,0.000000,0.000000,0.000000,0.000000,0.000000,0.000000,0.000000,0.000000,0,0.000000,0.000000,0.000000,0.000000,0.000000,0.000000,0.000000,0.000000,0.000000,0.000000,0.000000,0.000000,0.000000,0.000000,0.000000,0.000000,0.000000,0.000000,0.000000,0.000000,0.000000,0.000000,0.000000,0.000000,0.000000,0.000000,0.000000,0.000000,0.000000,0.000000,0.000000,0.000000,0,0,0,0,0,0,0,0,0,0,0,0,0,66,0,0
4.408224,9770,13,0,0,2,60,0,0,0,0,0,0,-0.000031,-0.000000,-0.034812,-0.004902,-0.000000,0.035494,0.000938,0.000000,1.570796,0.227498,0.000000,0.000000,-9600,-9600,-9600,-9600,0,0,0,0.000000,0.000000,0.000000,0.000000,0.000000,0.000000,0.000000,0.000000,0,0.000000,0.000000,0.000000,0.000000,0.000000,0.000000,0.000000,0.000000,0.000000,0.000000,0.000000,0.000000,0.000000,0.000000,0.000000,0.000000,0.000000,0.000000,0.000000,0.000000,0.000000,0.000000,0.000000,0.000000,0.000000,0.000000,0.000000,0.000000,0.000000,0.000000,0.000000,0.000000,0,0,0,0,0,0,0,0,0,0,0,0,0,66,0,0
4.417994,9770,13,0,0,2,60,0,0,0,0,0,0,-0.000031,-0.000000,-0.034812,-0.004902,-0.000000,0.035494,0.000938,0.000000,1.570796,0.227498,0.000000,0.000000,-9600,-9600,-9600,-9600,0,0,0,0.000000,0.000000,0.000000,0.000000,0.000000,0.000000,0.000000,0.000000,0,0.000000,0.000000,0.000000,0.000000,0.000000,0.000000,0.000000,0.000000,0.000000,0.000000,0.000000,0.000000,0.000000,0.000000,0.000000,0.000000,0.000000,0.000000,0.000000,0.000000,0.000000,0.000000,0.000000,0.000000,0.000000,0.000000,0.000000,0.000000,0.000000,0.000000,0.000000,0.000000,0,0,0,0,0,0,0,0,0,0,0,0,0,66,0,0
4.427764,9770,13,0,0,2,60,0,0,0,0,0,0,-0.000031,-0.000000,-0.034812,-0.004902,-0.000000,0.035494,0.000938,0.000000,1.570796,0.227498,0.000000,0.000000,-9600,-9600,-9600,-9600,0,0,0,0.000000,0.000000,0.000000,0.000000,0.000000,0.000000,0.000000,0.000000,0,0.000000,0.000000,0.000000,0.000000,0.000000,0.000000,0.000000,0.000000,0.000000,0.000000,0.000000,0.000000,0.000000,0.000000,0.000000,0.000000,0.000000,0.000000,0.000000,0.000000,0.000000,0.000000,0.000000,0.000000,0.000000,0.000000,0.000000,0.000000,0.000000,0.000000,0.000000,0.000000,0,0,0,0,0,0,0,0,0,0,0,0,0,66,0,0
4.437534,9770,13,0,0,2,60,0,0,0,0,0,0,-0.000031,-0.000000,-0.034812,-0.004902,-0.000000,0.035494,0.000938,0.000000,1.570796,0.227498,0.000000,0.000000,-9600,-9600,-9600,-9600,0,0,0,0.000000,0.000000,0.000000,0.000000,0.000000,0.000000,0.000000,0.000000,0,0.000000,0.000000,0.000000,0.000000,0.000000,0.000000,0.000000,0.000000,0.000000,0.000000,0.000000,0.000000,0.000000,0.000000,0.000000,0.000000,0.000000,0.000000,0.000000,0.000000,0.000000,0.000000,0.000000,0.000000,0.000000,0.000000,0.000000,0.000000,0.000000,0.000000,0.000000,0.000000,0,0,0,0,0,0,0,0,0,0,0,0,0,66,0,0
4.447304,9770,13,0,0,2,60,0,0,0,0,0,0,-0.000031,-0.000000,-0.034812,-0.004902,-0.000000,0.035494,0.000938,0.000000,1.570796,0.227498,0.000000,0.000000,-9600,-9600,-9600,-9600,0,0,0,0.000000,0.000000,0.000000,0.000000,0.000000,0.000000,0.000000,0.000000,0,0.000000,0.000000,0.000000,0.000000,0.000000,0.000000,0.000000,0.000000,0.000000,0.000000,0.000000,0.000000,0.000000,0.000000,0.000000,0.000000,0.000000,0.000000,0.000000,0.000000,0.000000,0.000000,0.000000,0.000000,0.000000,0.000000,0.000000,0.000000,0.000000,0.000000,0.000000,0.000000,0,0,0,0,0,0,0,0,0,0,0,0,0,66,0,0
4.457074,9770,13,0,0,2,60,0,0,0,0,0,0,-0.000031,-0.000000,-0.034812,-0.004902,-0.000000,0.035494,0.000938,0.000000,1.570796,0.227498,0.000000,0.000000,-9600,-9600,-9600,-9600,0,0,0,0.000000,0.000000,0.000000,0.000000,0.000000,0.000000,0.000000,0.000000,0,0.000000,0.000000,0.000000,0.000000,0.000000,0.000000,0.000000,0.000000,0.000000,0.000000,0.000000,0.000000,0.000000,0.000000,0.000000,0.000000,0.000000,0.000000,0.000000,0.000000,0.000000,0.000000,0.000000,0.000000,0.000000,0.000000,0.000000,0.000000,0.000000,0.000000,0.000000,0.000000,0,0,0,0,0,0,0,0,0,0,0,0,0,66,0,0
4.466844,9770,13,0,0,2,60,0,0,0,0,0,0,-0.000031,-0.000000,-0.034812,-0.004902,-0.000000,0.035494,0.000938,0.000000,1.570796,0.227498,0.000000,0.000000,-9600,-9600,-9600,-9600,0,0,0,0.000000,0.000000,0.000000,0.000000,0.000000,0.000000,0.000000,0.000000,0,0.000000,0.000000,0.000000,0.000000,0.000000,0.000000,0.000000,0.000000,0.000000,0.000000,0.000000,0.000000,0.000000,0.000000,0.000000,0.000000,0.000000,0.000000,0.000000,0.000000,0.000000,0.000000,0.000000,0.000000,0.000000,0.000000,0.000000,0.000000,0.000000,0.000000,0.000000,0.000000,0,0,0,0,0,0,0,0,0,0,0,0,0,66,0,0
4.476614,9770,13,0,0,2,60,0,0,0,0,0,0,-0.000031,-0.000000,-0.034812,-0.004902,-0.000000,0.035494,0.000938,0.000000,1.570796,0.227498,0.000000,0.000000,-9600,-9600,-9600,-9600,0,0,0,0.000000,0.000000,0.000000,0.000000,0.000000,0.000000,0.000000,0.000000,0,0.000000,0.000000,0.000000,0.000000,0.000000,0.000000,0.000000,0.000000,0.000000,0.000000,0.000000,0.000000,0.000000,0.000000,0.000000,0.000000,0.000000,0.000000,0.000000,0.000000,0.000000,0.000000,0.000000,0.000000,0.000000,0.000000,0.000000,0.000000,0.000000,0.000000,0.000000,0.000000,0,0,0,0,0,0,0,0,0,0,0,0,0,66,0,0
4.486384,9770,13,0,0,2,60,0,0,0,0,0,0,-0.000031,-0.000000,-0.034812,-0.004902,-0.000000,0.035494,0.000938,0.000000,1.570796,0.227498,0.000000,0.000000,-9600,-9600,-9600,-9600,0,0,0,0.000000,0.000000,0.000000,0.000000,0.000000,0.000000,0.000000,0.000000,0,0.000000,0.000000,0.000000,0.000000,0.000000,0.000000,0.000000,0.000000,0.000000,0.000000,0.000000,0.000000,0.000000,0.000000,0.000000,0.000000,0.000000,0.000000,0.000000,0.000000,0.000000,0.000000,0.000000,0.000000,0.000000,0.000000,0.000000,0.000000,0.000000,0.000000,0.000000,0.000000,0,0,0,0,0,0,0,0,0,0,0,0,0,66,0,0
4.496154,9770,13,0,0,2,60,0,0,0,0,0,0,-0.000031,-0.000000,-0.034812,-0.004902,-0.000000,0.035494,0.000938,0.000000,1.570796,0.227498,0.000000,0.000000,-9600,-9600,-9600,-9600,0,0,0,0.000000,0.000000,0.000000,0.000000,0.000000,0.000000,0.000000,0.000000,0,0.000000,0.000000,0.000000,0.000000,0.000000,0.000000,0.000000,0.000000,0.000000,0.000000,0.000000,0.000000,0.000000,0.000000,0.000000,0.000000,0.000000,0.000000,0.000000,0.000000,0.000000,0.000000,0.000000,0.000000,0.000000,0.000000,0.000000,0.000000,0.000000,0.000000,0.000000,0.000000,0,0,0,0,0,0,0,0,0,0,0,0,0,66,0,0
4.505924,9770,13,0,0,2,60,0,0,0,0,0,0,-0.000031,-0.000000,-0.034812,-0.004902,-0.000000,0.035494,0.000938,0.000000,1.570796,0.227498,0.000000,0.000000,-9600,-9600,-9600,-9600,0,0,0,0.000000,0.000000,0.000000,0.000000,0.000000,0.000000,0.000000,0.000000,0,0.000000,0.000000,0.000000,0.000000,0.000000,0.000000,0.000000,0.000000,0.000000,0.000000,0.000000,0.000000,0.000000,0.000000,0.000000,0.000000,0.000000,0.000000,0.000000,0.000000,0.000000,0.000000,0.000000,0.000000,0.000000,0.000000,0.000000,0.000000,0.000000,0.000000,0.000000,0.000000,0,0,0,0,0,0,0,0,0,0,0,0,0,66,0,0
4.515694,9770,13,0,0,2,60,0,0,0,0,0,0,-0.000031,-0.000000,-0.034812,-0.004902,-0.000000,0.035494,0.000938,0.000000,1.570796,0.227498,0.000000,0.000000,-9600,-9600,-9600,-9600,0,0,0,0.000000,0.000000,0.000000,0.000000,0.000000,0.000000,0.000000,0.000000,0,0.000000,0.000000,0.000000,0.000000,0.000000,0.000000,0.000000,0.000000,0.000000,0.000000,0.000000,0.000000,0.000000,0.000000,0.000000,0.000000,0.000000,0.000000,0.000000,0.000000,0.000000,0.000000,0.000000,0.000000,0.000000,0.000000,0.000000,0.000000,0.000000,0.000000,0.000000,0.000000,0,0,0,0,0,0,0,0,0,0,0,0,0,66,0,0
4.525464,9770,13,0,0,2,60,0,0,0,0,0,0,-0.000031,-0.000000,-0.034812,-0.004902,-0.000000,0.035494,0.000938,0.000000,1.570796,0.227498,0.000000,0.000000,-9600,-9600,-9600,-9600,0,0,0,0.000000,0.000000,0.000000,0.000000,0.000000,0.000000,0.000000,0.000000,0,0.000000,0.000000,0.000000,0.000000,0.000000,0.000000,0.000000,0.000000,0.000000,0.000000,0.000000,0.000000,0.000000,0.000000,0.000000,0.000000,0.000000,0.000000,0.000000,0.000000,0.000000,0.000000,0.000000,0.000000,0.000000,0.000000,0.000000,0.000000,0.000000,0.000000,0.000000,0.000000,0,0,0,0,0,0,0,0,0,0,0,0,0,66,0,0
4.535234,9770,13,0,0,2,60,0,0,0,0,0,0,-0.000031,-0.000000,-0.034812,-0.004902,-0.000000,0.035494,0.000938,0.000000,1.570796,0.227498,0.000000,0.000000,-9600,-9600,-9600,-9600,0,0,0,0.000000,0.000000,0.000000,0.000000,0.000000,0.000000,0.000000,0.000000,0,0.000000,0.000000,0.000000,0.000000,0.000000,0.000000,0.000000,0.000000,0.000000,0.000000,0.000000,0.000000,0.000000,0.000000,0.000000,0.000000,0.000000,0.000000,0.000000,0.000000,0.000000,0.000000,0.000000,0.000000,0.000000,0.000000,0.000000,0.000000,0.000000,0.000000,0.000000,0.000000,0,0,0,0,0,0,0,0,0,0,0,0,0,66,0,0
4.545004,9770,13,0,0,2,60,0,0,0,0,0,0,-0.000031,-0.000000,-0.034812,-0.004902,-0.000000,0.035494,0.000938,0.000000,1.570796,0.227498,0.000000,0.000000,-9600,-9600,-9600,-9600,0,0,0,0.000000,0.000000,0.000000,0.000000,0.000000,0.000000,0.000000,0.000000,0,0.000000,0.000000,0.000000,0.000000,0.000000,0.000000,0.000000,0.000000,0.000000,0.000000,0.000000,0.000000,0.000000,0.000000,0.000000,0.000000,0.000000,0.000000,0.000000,0.000000,0.000000,0.000000,0.000000,0.000000,0.000000,0.000000,0.000000,0.000000,0.000000,0.000000,0.000000,0.000000,0,0,0,0,0,0,0,0,0,0,0,0,0,66,0,0
4.554774,9770,13,0,0,2,60,0,0,0,0,0,0,-0.000031,-0.000000,-0.034812,-0.004902,-0.000000,0.035494,0.000938,0.000000,1.570796,0.227498,0.000000,0.000000,-9600,-9600,-9600,-9600,0,0,0,0.000000,0.000000,0.000000,0.000000,0.000000,0.000000,0.000000,0.000000,0,0.000000,0.000000,0.000000,0.000000,0.000000,0.000000,0.000000,0.000000,0.000000,0.000000,0.000000,0.000000,0.000000,0.000000,0.000000,0.000000,0.000000,0.000000,0.000000,0.000000,0.000000,0.000000,0.000000,0.000000,0.000000,0.000000,0.000000,0.000000,0.000000,0.000000,0.000000,0.000000,0,0,0,0,0,0,0,0,0,0,0,0,0,66,0,0
4.564544,9770,13,0,0,2,60,0,0,0,0,0,0,-0.000031,-0.000000,-0.034812,-0.004902,-0.000000,0.035494,0.000938,0.000000,1.570796,0.227498,0.000000,0.000000,-9600,-9600,-9600,-9600,0,0,0,0.000000,0.000000,0.000000,0.000000,0.000000,0.000000,0.000000,0.000000,0,0.000000,0.000000,0.000000,0.000000,0.000000,0.000000,0.000000,0.000000,0.000000,0.000000,0.000000,0.000000,0.000000,0.000000,0.000000,0.000000,0.000000,0.000000,0.000000,0.000000,0.000000,0.000000,0.000000,0.000000,0.000000,0.000000,0.000000,0.000000,0.000000,0.000000,0.000000,0.000000,0,0,0,0,0,0,0,0,0,0,0,0,0,66,0,0
4.574314,9770,13,0,0,2,60,0,0,0,0,0,0,-0.000031,-0.000000,-0.034812,-0.004902,-0.000000,0.035494,0.000938,0.000000,1.570796,0.227498,0.000000,0.000000,-9600,-9600,-9600,-9600,0,0,0,0.000000,0.000000,0.000000,0.000000,0.000000,0.000000,0.000000,0.000000,0,0.000000,0.000000,0.000000,0.000000,0.000000,0.000000,0.000000,0.000000,0.000000,0.000000,0.000000,0.000000,0.000000,0.000000,0.000000,0.000000,0.000000,0.000000,0.000000,0.000000,0.000000,0.000000,0.000000,0.000000,0.000000,0.000000,0.000000,0.000000,0.000000,0.000000,0.000000,0.000000,0,0,0,0,0,0,0,0,0,0,0,0,0,66,0,0
4.584084,9770,13,0,0,2,60,0,0,0,0,0,0,-0.000031,-0.000000,-0.034812,-0.004902,-0.000000,0.035494,0.000938,0.000000,1.570796,0.227498,0.000000,0.000000,-9600,-9600,-9600,-9600,0,0,0,0.000000,0.000000,0.000000,0.000000,0.000000,0.000000,0.000000,0.000000,0,0.000000,0.000000,0.000000,0.000000,0.000000,0.000000,0.000000,0.000000,0.000000,0.000000,0.000000,0.000000,0.000000,0.000000,0.000000,0.000000,0.000000,0.000000,0.000000,0.000000,0.000000,0.000000,0.000000,0.000000,0.000000,0.000000,0.000000,0.000000,0.000000,0.000000,0.000000,0.000000,0,0,0,0,0,0,0,0,0,0,0,0,0,66,0,0
4.593854,9770,13,0,0,2,60,0,0,0,0,0,0,-0.000031,-0.000000,-0.034812,-0.004902,-0.000000,0.035494,0.000938,0.000000,1.570796,0.227498,0.000000,0.000000,-9600,-9600,-9600,-9600,0,0,0,0.000000,0.000000,0.000000,0.000000,0.000000,0.000000,0.000000,0.000000,0,0.000000,0.000000,0.000000,0.000000,0.000000,0.000000,0.000000,0.000000,0.000000,0.000000,0.000000,0.000000,0.000000,0.000000,0.000000,0.000000,0.000000,0.000000,0.000000,0.000000,0.000000,0.000000,0.000000,0.000000,0.000000,0.000000,0.000000,0.000000,0.000000,0.000000,0.000000,0.000000,0,0,0,0,0,0,0,0,0,0,0,0,0,66,0,0
4.603624,9770,13,0,0,2,60,0,0,0,0,0,0,-0.000031,-0.000000,-0.034812,-0.004902,-0.000000,0.035494,0.000938,0.000000,1.570796,0.227498,0.000000,0.000000,-9600,-9600,-9600,-9600,0,0,0,0.000000,0.000000,0.000000,0.000000,0.000000,0.000000,0.000000,0.000000,0,0.000000,0.000000,0.000000,0.000000,0.000000,0.000000,0.000000,0.000000,0.000000,0.000000,0.000000,0.000000,0.000000,0.000000,0.000000,0.000000,0.000000,0.000000,0.000000,0.000000,0.000000,0.000000,0.000000,0.000000,0.000000,0.000000,0.000000,0.000000,0.000000,0.000000,0.000000,0.000000,0,0,0,0,0,0,0,0,0,0,0,0,0,66,0,0
4.613394,9770,13,0,0,2,60,0,0,0,0,0,0,-0.000031,-0.000000,-0.034812,-0.004902,-0.000000,0.035494,0.000938,0.000000,1.570796,0.227498,0.000000,0.000000,-9600,-9600,-9600,-9600,0,0,0,0.000000,0.000000,0.000000,0.000000,0.000000,0.000000,0.000000,0.000000,0,0.000000,0.000000,0.000000,0.000000,0.000000,0.000000,0.000000,0.000000,0.000000,0.000000,0.000000,0.000000,0.000000,0.000000,0.000000,0.000000,0.000000,0.000000,0.000000,0.000000,0.000000,0.000000,0.000000,0.000000,0.000000,0.000000,0.000000,0.000000,0.000000,0.000000,0.000000,0.000000,0,0,0,0,0,0,0,0,0,0,0,0,0,66,0,0
4.623164,9770,13,0,0,2,60,0,0,0,0,0,0,-0.000031,-0.000000,-0.034812,-0.004902,-0.000000,0.035494,0.000938,0.000000,1.570796,0.227498,0.000000,0.000000,-9600,-9600,-9600,-9600,0,0,0,0.000000,0.000000,0.000000,0.000000,0.000000,0.000000,0.000000,0.000000,0,0.000000,0.000000,0.000000,0.000000,0.000000,0.000000,0.000000,0.000000,0.000000,0.000000,0.000000,0.000000,0.000000,0.000000,0.000000,0.000000,0.000000,0.000000,0.000000,0.000000,0.000000,0.000000,0.000000,0.000000,0.000000,0.000000,0.000000,0.000000,0.000000,0.000000,0.000000,0.000000,0,0,0,0,0,0,0,0,0,0,0,0,0,66,0,0
4.632934,9770,13,0,0,2,60,0,0,0,0,0,0,-0.000031,-0.000000,-0.034812,-0.004902,-0.000000,0.035494,0.000938,0.000000,1.570796,0.227498,0.000000,0.000000,-9600,-9600,-9600,-9600,0,0,0,0.000000,0.000000,0.000000,0.000000,0.000000,0.000000,0.000000,0.000000,0,0.000000,0.000000,0.000000,0.000000,0.000000,0.000000,0.000000,0.000000,0.000000,0.000000,0.000000,0.000000,0.000000,0.000000,0.000000,0.000000,0.000000,0.000000,0.000000,0.000000,0.000000,0.000000,0.000000,0.000000,0.000000,0.000000,0.000000,0.000000,0.000000,0.000000,0.000000,0.000000,0,0,0,0,0,0,0,0,0,0,0,0,0,66,0,0
4.642704,9770,13,0,0,2,60,0,0,0,0,0,0,-0.000031,-0.000000,-0.034812,-0.004902,-0.000000,0.035494,0.000938,0.000000,1.570796,0.227498,0.000000,0.000000,-9600,-9600,-9600,-9600,0,0,0,0.000000,0.000000,0.000000,0.000000,0.000000,0.000000,0.000000,0.000000,0,0.000000,0.000000,0.000000,0.000000,0.000000,0.000000,0.000000,0.000000,0.000000,0.000000,0.000000,0.000000,0.000000,0.000000,0.000000,0.000000,0.000000,0.000000,0.000000,0.000000,0.000000,0.000000,0.000000,0.000000,0.000000,0.000000,0.000000,0.000000,0.000000,0.000000,0.000000,0.000000,0,0,0,0,0,0,0,0,0,0,0,0,0,66,0,0
4.652474,9770,13,0,0,2,60,0,0,0,0,0,0,-0.000031,-0.000000,-0.034812,-0.004902,-0.000000,0.035494,0.000938,0.000000,1.570796,0.227498,0.000000,0.000000,-9600,-9600,-9600,-9600,0,0,0,0.000000,0.000000,0.000000,0.000000,0.000000,0.000000,0.000000,0.000000,0,0.000000,0.000000,0.000000,0.000000,0.000000,0.000000,0.000000,0.000000,0.000000,0.000000,0.000000,0.000000,0.000000,0.000000,0.000000,0.000000,0.000000,0.000000,0.000000,0.000000,0.000000,0.000000,0.000000,0.000000,0.000000,0.000000,0.000000,0.000000,0.000000,0.000000,0.000000,0.000000,0,0,0,0,0,0,0,0,0,0,0,0,0,66,0,0
4.662244,9770,13,0,0,2,60,0,0,0,0,0,0,-0.000031,-0.000000,-0.034812,-0.004902,-0.000000,0.035494,0.000938,0.000000,1.570796,0.227498,0.000000,0.000000,-9600,-9600,-9600,-9600,0,0,0,0.000000,0.000000,0.000000,0.000000,0.000000,0.000000,0.000000,0.000000,0,0.000000,0.000000,0.000000,0.000000,0.000000,0.000000,0.000000,0.000000,0.000000,0.000000,0.000000,0.000000,0.000000,0.000000,0.000000,0.000000,0.000000,0.000000,0.000000,0.000000,0.000000,0.000000,0.000000,0.000000,0.000000,0.000000,0.000000,0.000000,0.000000,0.000000,0.000000,0.000000,0,0,0,0,0,0,0,0,0,0,0,0,0,66,0,0
4.672014,9770,13,0,0,2,60,0,0,0,0,0,0,-0.000031,-0.000000,-0.034812,-0.004902,-0.000000,0.035494,0.000938,0.000000,1.570796,0.227498,0.000000,0.000000,-9600,-9600,-9600,-9600,0,0,0,0.000000,0.000000,0.000000,0.000000,0.000000,0.000000,0.000000,0.000000,0,0.000000,0.000000,0.000000,0.000000,0.000000,0.000000,0.000000,0.000000,0.000000,0.000000,0.000000,0.000000,0.000000,0.000000,0.000000,0.000000,0.000000,0.000000,0.000000,0.000000,0.000000,0.000000,0.000000,0.000000,0.000000,0.000000,0.000000,0.000000,0.000000,0.000000,0.000000,0.000000,0,0,0,0,0,0,0,0,0,0,0,0,0,66,0,0
4.681784,9770,13,0,0,2,60,0,0,0,0,0,0,-0.000031,-0.000000,-0.034812,-0.004902,-0.000000,0.035494,0.000938,0.000000,1.570796,0.227498,0.000000,0.000000,-9600,-9600,-9600,-9600,0,0,0,0.000000,0.000000,0.000000,0.000000,0.000000,0.000000,0.000000,0.000000,0,0.000000,0.000000,0.000000,0.000000,0.000000,0.000000,0.000000,0.000000,0.000000,0.000000,0.000000,0.000000,0.000000,0.000000,0.000000,0.000000,0.000000,0.000000,0.000000,0.000000,0.000000,0.000000,0.000000,0.000000,0.000000,0.000000,0.000000,0.000000,0.000000,0.000000,0.000000,0.000000,0,0,0,0,0,0,0,0,0,0,0,0,0,66,0,0
4.691554,9770,13,0,0,2,60,0,0,0,0,0,0,-0.000032,-0.000000,-0.034812,-0.004902,-0.000000,0.035494,0.000938,0.000000,1.570796,0.227498,0.000000,0.000000,-9600,-9600,-9600,-9600,0,0,0,0.000000,0.000000,0.000000,0.000000,0.000000,0.000000,0.000000,0.000000,0,0.000000,0.000000,0.000000,0.000000,0.000000,0.000000,0.000000,0.000000,0.000000,0.000000,0.000000,0.000000,0.000000,0.000000,0.000000,0.000000,0.000000,0.000000,0.000000,0.000000,0.000000,0.000000,0.000000,0.000000,0.000000,0.000000,0.000000,0.000000,0.000000,0.000000,0.000000,0.000000,0,0,0,0,0,0,0,0,0,0,0,0,0,66,0,0
4.701324,9770,13,0,0,2,60,0,0,0,0,0,0,-0.000032,-0.000000,-0.034812,-0.004902,-0.000000,0.035494,0.000938,0.000000,1.570796,0.227498,0.000000,0.000000,-9600,-9600,-9600,-9600,0,0,0,0.000000,0.000000,0.000000,0.000000,0.000000,0.000000,0.000000,0.000000,0,0.000000,0.000000,0.000000,0.000000,0.000000,0.000000,0.000000,0.000000,0.000000,0.000000,0.000000,0.000000,0.000000,0.000000,0.000000,0.000000,0.000000,0.000000,0.000000,0.000000,0.000000,0.000000,0.000000,0.000000,0.000000,0.000000,0.000000,0.000000,0.000000,0.000000,0.000000,0.000000,0,0,0,0,0,0,0,0,0,0,0,0,0,66,0,0
4.711094,9770,13,0,0,2,60,0,0,0,0,0,0,-0.000032,-0.000000,-0.034812,-0.004902,-0.000000,0.035494,0.000938,0.000000,1.570796,0.227498,0.000000,0.000000,-9600,-9600,-9600,-9600,0,0,0,0.000000,0.000000,0.000000,0.000000,0.000000,0.000000,0.000000,0.000000,0,0.000000,0.000000,0.000000,0.000000,0.000000,0.000000,0.000000,0.000000,0.000000,0.000000,0.000000,0.000000,0.000000,0.000000,0.000000,0.000000,0.000000,0.000000,0.000000,0.000000,0.000000,0.000000,0.000000,0.000000,0.000000,0.000000,0.000000,0.000000,0.000000,0.000000,0.000000,0.000000,0,0,0,0,0,0,0,0,0,0,0,0,0,66,0,0
4.720864,9770,13,0,0,2,60,0,0,0,0,0,0,-0.000032,-0.000000,-0.034812,-0.004902,-0.000000,0.035494,0.000938,0.000000,1.570796,0.227498,0.000000,0.000000,-9600,-9600,-9600,-9600,0,0,0,0.000000,0.000000,0.000000,0.000000,0.000000,0.000000,0.000000,0.000000,0,0.000000,0.000000,0.000000,0.000000,0.000000,0.000000,0.000000,0.000000,0.000000,0.000000,0.000000,0.000000,0.000000,0.000000,0.000000,0.000000,0.000000,0.000000,0.000000,0.000000,0.000000,0.000000,0.000000,0.000000,0.000000,0.000000,0.000000,0.000000,0.000000,0.000000,0.000000,0.000000,0,0,0,0,0,0,0,0,0,0,0,0,0,66,0,0
4.730634,9770,13,0,0,2,60,0,0,0,0,0,0,-0.000032,-0.000000,-0.034812,-0.004902,-0.000000,0.035494,0.000938,0.000000,1.570796,0.227498,0.000000,0.000000,-9600,-9600,-9600,-9600,0,0,0,0.000000,0.000000,0.000000,0.000000,0.000000,0.000000,0.000000,0.000000,0,0.000000,0.000000,0.000000,0.000000,0.000000,0.000000,0.000000,0.000000,0.000000,0.000000,0.000000,0.000000,0.000000,0.000000,0.000000,0.000000,0.000000,0.000000,0.000000,0.000000,0.000000,0.000000,0.000000,0.000000,0.000000,0.000000,0.000000,0.000000,0.000000,0.000000,0.000000,0.000000,0,0,0,0,0,0,0,0,0,0,0,0,0,66,0,0
4.740404,9770,13,0,0,2,60,0,0,0,0,0,0,-0.000032,-0.000000,-0.034812,-0.004902,-0.000000,0.035494,0.000938,0.000000,1.570796,0.227498,0.000000,0.000000,-9600,-9600,-9600,-9600,0,0,0,0.000000,0.000000,0.000000,0.000000,0.000000,0.000000,0.000000,0.000000,0,0.000000,0.000000,0.000000,0.000000,0.000000,0.000000,0.000000,0.000000,0.000000,0.000000,0.000000,0.000000,0.000000,0.000000,0.000000,0.000000,0.000000,0.000000,0.000000,0.000000,0.000000,0.000000,0.000000,0.000000,0.000000,0.000000,0.000000,0.000000,0.000000,0.000000,0.000000,0.000000,0,0,0,0,0,0,0,0,0,0,0,0,0,66,0,0
4.750174,9770,13,0,0,2,60,0,0,0,0,0,0,-0.000032,-0.000000,-0.034812,-0.004902,-0.000000,0.035494,0.000938,0.000000,1.570796,0.227498,0.000000,0.000000,-9600,-9600,-9600,-9600,0,0,0,0.000000,0.000000,0.000000,0.000000,0.000000,0.000000,0.000000,0.000000,0,0.000000,0.000000,0.000000,0.000000,0.000000,0.000000,0.000000,0.000000,0.000000,0.000000,0.000000,0.000000,0.000000,0.000000,0.000000,0.000000,0.000000,0.000000,0.000000,0.000000,0.000000,0.000000,0.000000,0.000000,0.000000,0.000000,0.000000,0.000000,0.000000,0.000000,0.000000,0.000000,0,0,0,0,0,0,0,0,0,0,0,0,0,66,0,0
4.759944,9770,13,0,0,2,60,0,0,0,0,0,0,-0.000032,-0.000000,-0.034812,-0.004902,-0.000000,0.035494,0.000938,0.000000,1.570796,0.227498,0.000000,0.000000,-9600,-9600,-9600,-9600,0,0,0,0.000000,0.000000,0.000000,0.000000,0.000000,0.000000,0.000000,0.000000,0,0.000000,0.000000,0.000000,0.000000,0.000000,0.000000,0.000000,0.000000,0.000000,0.000000,0.000000,0.000000,0.000000,0.000000,0.000000,0.000000,0.000000,0.000000,0.000000,0.000000,0.000000,0.000000,0.000000,0.000000,0.000000,0.000000,0.000000,0.000000,0.000000,0.000000,0.000000,0.000000,0,0,0,0,0,0,0,0,0,0,0,0,0,66,0,0
4.769714,9770,13,0,0,2,60,0,0,0,0,0,0,-0.000032,-0.000000,-0.034812,-0.004902,-0.000000,0.035494,0.000938,0.000000,1.570796,0.227498,0.000000,0.000000,-9600,-9600,-9600,-9600,0,0,0,0.000000,0.000000,0.000000,0.000000,0.000000,0.000000,0.000000,0.000000,0,0.000000,0.000000,0.000000,0.000000,0.000000,0.000000,0.000000,0.000000,0.000000,0.000000,0.000000,0.000000,0.000000,0.000000,0.000000,0.000000,0.000000,0.000000,0.000000,0.000000,0.000000,0.000000,0.000000,0.000000,0.000000,0.000000,0.000000,0.000000,0.000000,0.000000,0.000000,0.000000,0,0,0,0,0,0,0,0,0,0,0,0,0,66,0,0
4.779484,9770,13,0,0,2,60,0,0,0,0,0,0,-0.000032,-0.000000,-0.034812,-0.004902,-0.000000,0.035494,0.000938,0.000000,1.570796,0.227498,0.000000,0.000000,-9600,-9600,-9600,-9600,0,0,0,0.000000,0.000000,0.000000,0.000000,0.000000,0.000000,0.000000,0.000000,0,0.000000,0.000000,0.000000,0.000000,0.000000,0.000000,0.000000,0.000000,0.000000,0.000000,0.000000,0.000000,0.000000,0.000000,0.000000,0.000000,0.000000,0.000000,0.000000,0.000000,0.000000,0.000000,0.000000,0.000000,0.000000,0.000000,0.000000,0.000000,0.000000,0.000000,0.000000,0.000000,0,0,0,0,0,0,0,0,0,0,0,0,0,66,0,0
4.789254,9770,13,0,0,2,60,0,0,0,0,0,0,-0.000032,-0.000000,-0.034812,-0.004902,-0.000000,0.035494,0.000938,0.000000,1.570796,0.227498,0.000000,0.000000,-9600,-9600,-9600,-9600,0,0,0,0.000000,0.000000,0.000000,0.000000,0.000000,0.000000,0.000000,0.000000,0,0.000000,0.000000,0.000000,0.000000,0.000000,0.000000,0.000000,0.000000,0.000000,0.000000,0.000000,0.000000,0.000000,0.000000,0.000000,0.000000,0.000000,0.000000,0.000000,0.000000,0.000000,0.000000,0.000000,0.000000,0.000000,0.000000,0.000000,0.000000,0.000000,0.000000,0.000000,0.000000,0,0,0,0,0,0,0,0,0,0,0,0,0,66,0,0
4.799024,9770,13,0,0,2,60,0,0,0,0,0,0,-0.000032,-0.000000,-0.034812,-0.004902,-0.000000,0.035494,0.000938,0.000000,1.570796,0.227498,0.000000,0.000000,-9600,-9600,-9600,-9600,0,0,0,0.000000,0.000000,0.000000,0.000000,0.000000,0.000000,0.000000,0.000000,0,0.000000,0.000000,0.000000,0.000000,0.000000,0.000000,0.000000,0.000000,0.000000,0.000000,0.000000,0.000000,0.000000,0.000000,0.000000,0.000000,0.000000,0.000000,0.000000,0.000000,0.000000,0.000000,0.000000,0.000000,0.000000,0.000000,0.000000,0.000000,0.000000,0.000000,0.000000,0.000000,0,0,0,0,0,0,0,0,0,0,0,0,0,66,0,0
4.808794,9770,13,0,0,2,60,0,0,0,0,0,0,-0.000032,-0.000000,-0.034812,-0.004902,-0.000000,0.035494,0.000938,0.000000,1.570796,0.227498,0.000000,0.000000,-9600,-9600,-9600,-9600,0,0,0,0.000000,0.000000,0.000000,0.000000,0.000000,0.000000,0.000000,0.000000,0,0.000000,0.000000,0.000000,0.000000,0.000000,0.000000,0.000000,0.000000,0.000000,0.000000,0.000000,0.000000,0.000000,0.000000,0.000000,0.000000,0.000000,0.000000,0.000000,0.000000,0.000000,0.000000,0.000000,0.000000,0.000000,0.000000,0.000000,0.000000,0.000000,0.000000,0.000000,0.000000,0,0,0,0,0,0,0,0,0,0,0,0,0,66,0,0
4.818564,9770,13,0,0,2,60,0,0,0,0,0,0,-0.000032,-0.000000,-0.034812,-0.004902,-0.000000,0.035494,0.000938,0.000000,1.570796,0.227498,0.000000,0.000000,-9600,-9600,-9600,-9600,0,0,0,0.000000,0.000000,0.000000,0.000000,0.000000,0.000000,0.000000,0.000000,0,0.000000,0.000000,0.000000,0.000000,0.000000,0.000000,0.000000,0.000000,0.000000,0.000000,0.000000,0.000000,0.000000,0.000000,0.000000,0.000000,0.000000,0.000000,0.000000,0.000000,0.000000,0.000000,0.000000,0.000000,0.000000,0.000000,0.000000,0.000000,0.000000,0.000000,0.000000,0.000000,0,0,0,0,0,0,0,0,0,0,0,0,0,66,0,0
4.828334,9770,13,0,0,2,60,0,0,0,0,0,0,-0.000032,-0.000000,-0.034812,-0.004902,-0.000000,0.035494,0.000938,0.000000,1.570796,0.227498,0.000000,0.000000,-9600,-9600,-9600,-9600,0,0,0,0.000000,0.000000,0.000000,0.000000,0.000000,0.000000,0.000000,0.000000,0,0.000000,0.000000,0.000000,0.000000,0.000000,0.000000,0.000000,0.000000,0.000000,0.000000,0.000000,0.000000,0.000000,0.000000,0.000000,0.000000,0.000000,0.000000,0.000000,0.000000,0.000000,0.000000,0.000000,0.000000,0.000000,0.000000,0.000000,0.000000,0.000000,0.000000,0.000000,0.000000,0,0,0,0,0,0,0,0,0,0,0,0,0,66,0,0
4.838104,9770,13,0,0,2,60,0,0,0,0,0,0,-0.000032,-0.000000,-0.034812,-0.004902,-0.000000,0.035494,0.000938,0.000000,1.570796,0.227498,0.000000,0.000000,-9600,-9600,-9600,-9600,0,0,0,0.000000,0.000000,0.000000,0.000000,0.000000,0.000000,0.000000,0.000000,0,0.000000,0.000000,0.000000,0.000000,0.000000,0.000000,0.000000,0.000000,0.000000,0.000000,0.000000,0.000000,0.000000,0.000000,0.000000,0.000000,0.000000,0.000000,0.000000,0.000000,0.000000,0.000000,0.000000,0.000000,0.000000,0.000000,0.000000,0.000000,0.000000,0.000000,0.000000,0.000000,0,0,0,0,0,0,0,0,0,0,0,0,0,66,0,0
4.847874,9770,13,0,0,2,60,0,0,0,0,0,0,-0.000032,-0.000000,-0.034812,-0.004902,-0.000000,0.035494,0.000938,0.000000,1.570796,0.227498,0.000000,0.000000,-9600,-9600,-9600,-9600,0,0,0,0.000000,0.000000,0.000000,0.000000,0.000000,0.000000,0.000000,0.000000,0,0.000000,0.000000,0.000000,0.000000,0.000000,0.000000,0.000000,0.000000,0.000000,0.000000,0.000000,0.000000,0.000000,0.000000,0.000000,0.000000,0.000000,0.000000,0.000000,0.000000,0.000000,0.000000,0.000000,0.000000,0.000000,0.000000,0.000000,0.000000,0.000000,0.000000,0.000000,0.000000,0,0,0,0,0,0,0,0,0,0,0,0,0,66,0,0
4.857644,9770,13,0,0,2,60,0,0,0,0,0,0,-0.000032,-0.000000,-0.034812,-0.004902,-0.000000,0.035494,0.000938,0.000000,1.570796,0.227498,0.000000,0.000000,-9600,-9600,-9600,-9600,0,0,0,0.000000,0.000000,0.000000,0.000000,0.000000,0.000000,0.000000,0.000000,0,0.000000,0.000000,0.000000,0.000000,0.000000,0.000000,0.000000,0.000000,0.000000,0.000000,0.000000,0.000000,0.000000,0.000000,0.000000,0.000000,0.000000,0.000000,0.000000,0.000000,0.000000,0.000000,0.000000,0.000000,0.000000,0.000000,0.000000,0.000000,0.000000,0.000000,0.000000,0.000000,0,0,0,0,0,0,0,0,0,0,0,0,0,66,0,0
4.867414,9770,13,0,0,2,60,0,0,0,0,0,0,-0.000032,-0.000000,-0.034812,-0.004902,-0.000000,0.035494,0.000938,0.000000,1.570796,0.227498,0.000000,0.000000,-9600,-9600,-9600,-9600,0,0,0,0.000000,0.000000,0.000000,0.000000,0.000000,0.000000,0.000000,0.000000,0,0.000000,0.000000,0.000000,0.000000,0.000000,0.000000,0.000000,0.000000,0.000000,0.000000,0.000000,0.000000,0.000000,0.000000,0.000000,0.000000,0.000000,0.000000,0.000000,0.000000,0.000000,0.000000,0.000000,0.000000,0.000000,0.000000,0.000000,0.000000,0.000000,0.000000,0.000000,0.000000,0,0,0,0,0,0,0,0,0,0,0,0,0,66,0,0
4.877184,9770,13,0,0,2,60,0,0,0,0,0,0,-0.000032,-0.000000,-0.034812,-0.004902,-0.000000,0.035494,0.000938,0.000000,1.570796,0.227498,0.000000,0.000000,-9600,-9600,-9600,-9600,0,0,0,0.000000,0.000000,0.000000,0.000000,0.000000,0.000000,0.000000,0.000000,0,0.000000,0.000000,0.000000,0.000000,0.000000,0.000000,0.000000,0.000000,0.000000,0.000000,0.000000,0.000000,0.000000,0.000000,0.000000,0.000000,0.000000,0.000000,0.000000,0.000000,0.000000,0.000000,0.000000,0.000000,0.000000,0.000000,0.000000,0.000000,0.000000,0.000000,0.000000,0.000000,0,0,0,0,0,0,0,0,0,0,0,0,0,66,0,0
4.886954,9770,13,0,0,2,60,0,0,0,0,0,0,-0.000032,-0.000000,-0.034812,-0.004902,-0.000000,0.035494,0.000938,0.000000,1.570796,0.227498,0.000000,0.000000,-9600,-9600,-9600,-9600,0,0,0,0.000000,0.000000,0.000000,0.000000,0.000000,0.000000,0.000000,0.000000,0,0.000000,0.000000,0.000000,0.000000,0.000000,0.000000,0.000000,0.000000,0.000000,0.000000,0.000000,0.000000,0.000000,0.000000,0.000000,0.000000,0.000000,0.000000,0.000000,0.000000,0.000000,0.000000,0.000000,0.000000,0.000000,0.000000,0.000000,0.000000,0.000000,0.000000,0.000000,0.000000,0,0,0,0,0,0,0,0,0,0,0,0,0,66,0,0
4.896724,9770,13,0,0,2,60,0,0,0,0,0,0,-0.000032,-0.000000,-0.034812,-0.004902,-0.000000,0.035494,0.000938,0.000000,1.570796,0.227498,0.000000,0.000000,-9600,-9600,-9600,-9600,0,0,0,0.000000,0.000000,0.000000,0.000000,0.000000,0.000000,0.000000,0.000000,0,0.000000,0.000000,0.000000,0.000000,0.000000,0.000000,0.000000,0.000000,0.000000,0.000000,0.000000,0.000000,0.000000,0.000000,0.000000,0.000000,0.000000,0.000000,0.000000,0.000000,0.000000,0.000000,0.000000,0.000000,0.000000,0.000000,0.000000,0.000000,0.000000,0.000000,0.000000,0.000000,0,0,0,0,0,0,0,0,0,0,0,0,0,66,0,0
4.906494,9770,13,0,0,2,60,0,0,0,0,0,0,-0.000032,-0.000000,-0.034812,-0.004902,-0.000000,0.035494,0.000938,0.000000,1.570796,0.227498,0.000000,0.000000,-9600,-9600,-9600,-9600,0,0,0,0.000000,0.000000,0.000000,0.000000,0.000000,0.000000,0.000000,0.000000,0,0.000000,0.000000,0.000000,0.000000,0.000000,0.000000,0.000000,0.000000,0.000000,0.000000,0.000000,0.000000,0.000000,0.000000,0.000000,0.000000,0.000000,0.000000,0.000000,0.000000,0.000000,0.000000,0.000000,0.000000,0.000000,0.000000,0.000000,0.000000,0.000000,0.000000,0.000000,0.000000,0,0,0,0,0,0,0,0,0,0,0,0,0,66,0,0
4.916264,9770,13,0,0,2,60,0,0,0,0,0,0,-0.000032,-0.000000,-0.034812,-0.004902,-0.000000,0.035494,0.000938,0.000000,1.570796,0.227498,0.000000,0.000000,-9600,-9600,-9600,-9600,0,0,0,0.000000,0.000000,0.000000,0.000000,0.000000,0.000000,0.000000,0.000000,0,0.000000,0.000000,0.000000,0.000000,0.000000,0.000000,0.000000,0.000000,0.000000,0.000000,0.000000,0.000000,0.000000,0.000000,0.000000,0.000000,0.000000,0.000000,0.000000,0.000000,0.000000,0.000000,0.000000,0.000000,0.000000,0.000000,0.000000,0.000000,0.000000,0.000000,0.000000,0.000000,0,0,0,0,0,0,0,0,0,0,0,0,0,66,0,0
4.926034,9770,13,0,0,2,60,0,0,0,0,0,0,-0.000032,-0.000000,-0.034812,-0.004902,-0.000000,0.035494,0.000938,0.000000,1.570796,0.227498,0.000000,0.000000,-9600,-9600,-9600,-9600,0,0,0,0.000000,0.000000,0.000000,0.000000,0.000000,0.000000,0.000000,0.000000,0,0.000000,0.000000,0.000000,0.000000,0.000000,0.000000,0.000000,0.000000,0.000000,0.000000,0.000000,0.000000,0.000000,0.000000,0.000000,0.000000,0.000000,0.000000,0.000000,0.000000,0.000000,0.000000,0.000000,0.000000,0.000000,0.000000,0.000000,0.000000,0.000000,0.000000,0.000000,0.000000,0,0,0,0,0,0,0,0,0,0,0,0,0,66,0,0
4.935804,9770,13,0,0,2,60,0,0,0,0,0,0,-0.000032,-0.000000,-0.034812,-0.004902,-0.000000,0.035494,0.000938,0.000000,1.570796,0.227498,0.000000,0.000000,-9600,-9600,-9600,-9600,0,0,0,0.000000,0.000000,0.000000,0.000000,0.000000,0.000000,0.000000,0.000000,0,0.000000,0.000000,0.000000,0.000000,0.000000,0.000000,0.000000,0.000000,0.000000,0.000000,0.000000,0.000000,0.000000,0.000000,0.000000,0.000000,0.000000,0.000000,0.000000,0.000000,0.000000,0.000000,0.000000,0.000000,0.000000,0.000000,0.000000,0.000000,0.000000,0.000000,0.000000,0.000000,0,0,0,0,0,0,0,0,0,0,0,0,0,66,0,0
4.945574,9770,13,0,0,2,60,0,0,0,0,0,0,-0.000032,-0.000000,-0.034812,-0.004902,-0.000000,0.035494,0.000938,0.000000,1.570796,0.227498,0.000000,0.000000,-9600,-9600,-9600,-9600,0,0,0,0.000000,0.000000,0.000000,0.000000,0.000000,0.000000,0.000000,0.000000,0,0.000000,0.000000,0.000000,0.000000,0.000000,0.000000,0.000000,0.000000,0.000000,0.000000,0.000000,0.000000,0.000000,0.000000,0.000000,0.000000,0.000000,0.000000,0.000000,0.000000,0.000000,0.000000,0.000000,0.000000,0.000000,0.000000,0.000000,0.000000,0.000000,0.000000,0.000000,0.000000,0,0,0,0,0,0,0,0,0,0,0,0,0,66,0,0
4.955344,9770,13,0,0,2,60,0,0,0,0,0,0,-0.000032,-0.000000,-0.034812,-0.004902,-0.000000,0.035494,0.000938,0.000000,1.570796,0.227498,0.000000,0.000000,-9600,-9600,-9600,-9600,0,0,0,0.000000,0.000000,0.000000,0.000000,0.000000,0.000000,0.000000,0.000000,0,0.000000,0.000000,0.000000,0.000000,0.000000,0.000000,0.000000,0.000000,0.000000,0.000000,0.000000,0.000000,0.000000,0.000000,0.000000,0.000000,0.000000,0.000000,0.000000,0.000000,0.000000,0.000000,0.000000,0.000000,0.000000,0.000000,0.000000,0.000000,0.000000,0.000000,0.000000,0.000000,0,0,0,0,0,0,0,0,0,0,0,0,0,66,0,0
4.965114,9770,13,0,0,2,60,0,0,0,0,0,0,-0.000032,-0.000000,-0.034812,-0.004902,-0.000000,0.035494,0.000938,0.000000,1.570796,0.227498,0.000000,0.000000,-9600,-9600,-9600,-9600,0,0,0,0.000000,0.000000,0.000000,0.000000,0.000000,0.000000,0.000000,0.000000,0,0.000000,0.000000,0.000000,0.000000,0.000000,0.000000,0.000000,0.000000,0.000000,0.000000,0.000000,0.000000,0.000000,0.000000,0.000000,0.000000,0.000000,0.000000,0.000000,0.000000,0.000000,0.000000,0.000000,0.000000,0.000000,0.000000,0.000000,0.000000,0.000000,0.000000,0.000000,0.000000,0,0,0,0,0,0,0,0,0,0,0,0,0,66,0,0
4.974884,9770,13,0,0,2,60,0,0,0,0,0,0,-0.000032,-0.000000,-0.034812,-0.004902,-0.000000,0.035494,0.000938,0.000000,1.570796,0.227498,0.000000,0.000000,-9600,-9600,-9600,-9600,0,0,0,0.000000,0.000000,0.000000,0.000000,0.000000,0.000000,0.000000,0.000000,0,0.000000,0.000000,0.000000,0.000000,0.000000,0.000000,0.000000,0.000000,0.000000,0.000000,0.000000,0.000000,0.000000,0.000000,0.000000,0.000000,0.000000,0.000000,0.000000,0.000000,0.000000,0.000000,0.000000,0.000000,0.000000,0.000000,0.000000,0.000000,0.000000,0.000000,0.000000,0.000000,0,0,0,0,0,0,0,0,0,0,0,0,0,66,0,0
4.984654,9770,13,0,0,2,60,0,0,0,0,0,0,-0.000032,-0.000000,-0.034812,-0.004902,-0.000000,0.035494,0.000938,0.000000,1.570796,0.227498,0.000000,0.000000,-9600,-9600,-9600,-9600,0,0,0,0.000000,0.000000,0.000000,0.000000,0.000000,0.000000,0.000000,0.000000,0,0.000000,0.000000,0.000000,0.000000,0.000000,0.000000,0.000000,0.000000,0.000000,0.000000,0.000000,0.000000,0.000000,0.000000,0.000000,0.000000,0.000000,0.000000,0.000000,0.000000,0.000000,0.000000,0.000000,0.000000,0.000000,0.000000,0.000000,0.000000,0.000000,0.000000,0.000000,0.000000,0,0,0,0,0,0,0,0,0,0,0,0,0,66,0,0
4.994424,9770,13,0,0,2,60,0,0,0,0,0,0,-0.000032,-0.000000,-0.034812,-0.004902,-0.000000,0.035494,0.000938,0.000000,1.570796,0.227498,0.000000,0.000000,-9600,-9600,-9600,-9600,0,0,0,0.000000,0.000000,0.000000,0.000000,0.000000,0.000000,0.000000,0.000000,0,0.000000,0.000000,0.000000,0.000000,0.000000,0.000000,0.000000,0.000000,0.000000,0.000000,0.000000,0.000000,0.000000,0.000000,0.000000,0.000000,0.000000,0.000000,0.000000,0.000000,0.000000,0.000000,0.000000,0.000000,0.000000,0.000000,0.000000,0.000000,0.000000,0.000000,0.000000,0.000000,0,0,0,0,0,0,0,0,0,0,0,0,0,66,0,0
5.004194,9770,13,0,0,2,60,0,0,0,0,0,0,-0.000032,-0.000000,-0.034812,-0.004902,-0.000000,0.035494,0.000938,0.000000,1.570796,0.227498,0.000000,0.000000,-9600,-9600,-9600,-9600,0,0,0,0.000000,0.000000,0.000000,0.000000,0.000000,0.000000,0.000000,0.000000,0,0.000000,0.000000,0.000000,0.000000,0.000000,0.000000,0.000000,0.000000,0.000000,0.000000,0.000000,0.000000,0.000000,0.000000,0.000000,0.000000,0.000000,0.000000,0.000000,0.000000,0.000000,0.000000,0.000000,0.000000,0.000000,0.000000,0.000000,0.000000,0.000000,0.000000,0.000000,0.000000,0,0,0,0,0,0,0,0,0,0,0,0,0,66,0,0
5.013964,9770,13,0,0,2,60,0,0,0,0,0,0,-0.000032,-0.000000,-0.034812,-0.004902,-0.000000,0.035494,0.000938,0.000000,1.570796,0.227498,0.000000,0.000000,-9600,-9600,-9600,-9600,0,0,0,0.000000,0.000000,0.000000,0.000000,0.000000,0.000000,0.000000,0.000000,0,0.000000,0.000000,0.000000,0.000000,0.000000,0.000000,0.000000,0.000000,0.000000,0.000000,0.000000,0.000000,0.000000,0.000000,0.000000,0.000000,0.000000,0.000000,0.000000,0.000000,0.000000,0.000000,0.000000,0.000000,0.000000,0.000000,0.000000,0.000000,0.000000,0.000000,0.000000,0.000000,0,0,0,0,0,0,0,0,0,0,0,0,0,66,0,0
5.023734,9770,13,0,0,2,60,0,0,0,0,0,0,-0.000032,-0.000000,-0.034812,-0.004902,-0.000000,0.035494,0.000938,0.000000,1.570796,0.227498,0.000000,0.000000,-9600,-9600,-9600,-9600,0,0,0,0.000000,0.000000,0.000000,0.000000,0.000000,0.000000,0.000000,0.000000,0,0.000000,0.000000,0.000000,0.000000,0.000000,0.000000,0.000000,0.000000,0.000000,0.000000,0.000000,0.000000,0.000000,0.000000,0.000000,0.000000,0.000000,0.000000,0.000000,0.000000,0.000000,0.000000,0.000000,0.000000,0.000000,0.000000,0.000000,0.000000,0.000000,0.000000,0.000000,0.000000,0,0,0,0,0,0,0,0,0,0,0,0,0,66,0,0
5.033504,9770,13,0,0,2,60,0,0,0,0,0,0,-0.000032,-0.000000,-0.034812,-0.004902,-0.000000,0.035494,0.000938,0.000000,1.570796,0.227498,0.000000,0.000000,-9600,-9600,-9600,-9600,0,0,0,0.000000,0.000000,0.000000,0.000000,0.000000,0.000000,0.000000,0.000000,0,0.000000,0.000000,0.000000,0.000000,0.000000,0.000000,0.000000,0.000000,0.000000,0.000000,0.000000,0.000000,0.000000,0.000000,0.000000,0.000000,0.000000,0.000000,0.000000,0.000000,0.000000,0.000000,0.000000,0.000000,0.000000,0.000000,0.000000,0.000000,0.000000,0.000000,0.000000,0.000000,0,0,0,0,0,0,0,0,0,0,0,0,0,66,0,0
5.043274,9770,13,0,0,2,60,0,0,0,0,0,0,-0.000032,-0.000000,-0.034812,-0.004902,-0.000000,0.035494,0.000938,0.000000,1.570796,0.227498,0.000000,0.000000,-9600,-9600,-9600,-9600,0,0,0,0.000000,0.000000,0.000000,0.000000,0.000000,0.000000,0.000000,0.000000,0,0.000000,0.000000,0.000000,0.000000,0.000000,0.000000,0.000000,0.000000,0.000000,0.000000,0.000000,0.000000,0.000000,0.000000,0.000000,0.000000,0.000000,0.000000,0.000000,0.000000,0.000000,0.000000,0.000000,0.000000,0.000000,0.000000,0.000000,0.000000,0.000000,0.000000,0.000000,0.000000,0,0,0,0,0,0,0,0,0,0,0,0,0,66,0,0
5.053044,9770,13,0,0,2,60,0,0,0,0,0,0,-0.000032,-0.000000,-0.034812,-0.004902,-0.000000,0.035494,0.000938,0.000000,1.570796,0.227498,0.000000,0.000000,-9600,-9600,-9600,-9600,0,0,0,0.000000,0.000000,0.000000,0.000000,0.000000,0.000000,0.000000,0.000000,0,0.000000,0.000000,0.000000,0.000000,0.000000,0.000000,0.000000,0.000000,0.000000,0.000000,0.000000,0.000000,0.000000,0.000000,0.000000,0.000000,0.000000,0.000000,0.000000,0.000000,0.000000,0.000000,0.000000,0.000000,0.000000,0.000000,0.000000,0.000000,0.000000,0.000000,0.000000,0.000000,0,0,0,0,0,0,0,0,0,0,0,0,0,66,0,0
5.062814,9770,13,0,0,2,60,0,0,0,0,0,0,-0.000032,-0.000000,-0.034812,-0.004902,-0.000000,0.035494,0.000938,0.000000,1.570796,0.227498,0.000000,0.000000,-9600,-9600,-9600,-9600,0,0,0,0.000000,0.000000,0.000000,0.000000,0.000000,0.000000,0.000000,0.000000,0,0.000000,0.000000,0.000000,0.000000,0.000000,0.000000,0.000000,0.000000,0.000000,0.000000,0.000000,0.000000,0.000000,0.000000,0.000000,0.000000,0.000000,0.000000,0.000000,0.000000,0.000000,0.000000,0.000000,0.000000,0.000000,0.000000,0.000000,0.000000,0.000000,0.000000,0.000000,0.000000,0,0,0,0,0,0,0,0,0,0,0,0,0,66,0,0
5.072584,9770,13,0,0,2,60,0,0,0,0,0,0,-0.000032,-0.000000,-0.034812,-0.004902,-0.000000,0.035494,0.000938,0.000000,1.570796,0.227498,0.000000,0.000000,-9600,-9600,-9600,-9600,0,0,0,0.000000,0.000000,0.000000,0.000000,0.000000,0.000000,0.000000,0.000000,0,0.000000,0.000000,0.000000,0.000000,0.000000,0.000000,0.000000,0.000000,0.000000,0.000000,0.000000,0.000000,0.000000,0.000000,0.000000,0.000000,0.000000,0.000000,0.000000,0.000000,0.000000,0.000000,0.000000,0.000000,0.000000,0.000000,0.000000,0.000000,0.000000,0.000000,0.000000,0.000000,0,0,0,0,0,0,0,0,0,0,0,0,0,66,0,0
5.082354,9770,13,0,0,2,60,0,0,0,0,0,0,-0.000032,-0.000000,-0.034812,-0.004902,-0.000000,0.035494,0.000938,0.000000,1.570796,0.227498,0.000000,0.000000,-9600,-9600,-9600,-9600,0,0,0,0.000000,0.000000,0.000000,0.000000,0.000000,0.000000,0.000000,0.000000,0,0.000000,0.000000,0.000000,0.000000,0.000000,0.000000,0.000000,0.000000,0.000000,0.000000,0.000000,0.000000,0.000000,0.000000,0.000000,0.000000,0.000000,0.000000,0.000000,0.000000,0.000000,0.000000,0.000000,0.000000,0.000000,0.000000,0.000000,0.000000,0.000000,0.000000,0.000000,0.000000,0,0,0,0,0,0,0,0,0,0,0,0,0,66,0,0
5.092124,9770,13,0,0,2,60,0,0,0,0,0,0,-0.000033,-0.000000,-0.034812,-0.004902,-0.000000,0.035494,0.000938,0.000000,1.570796,0.227498,0.000000,0.000000,-9600,-9600,-9600,-9600,0,0,0,0.000000,0.000000,0.000000,0.000000,0.000000,0.000000,0.000000,0.000000,0,0.000000,0.000000,0.000000,0.000000,0.000000,0.000000,0.000000,0.000000,0.000000,0.000000,0.000000,0.000000,0.000000,0.000000,0.000000,0.000000,0.000000,0.000000,0.000000,0.000000,0.000000,0.000000,0.000000,0.000000,0.000000,0.000000,0.000000,0.000000,0.000000,0.000000,0.000000,0.000000,0,0,0,0,0,0,0,0,0,0,0,0,0,66,0,0
5.101894,9770,13,0,0,2,60,0,0,0,0,0,0,-0.000033,-0.000000,-0.034812,-0.004902,-0.000000,0.035494,0.000938,0.000000,1.570796,0.227498,0.000000,0.000000,-9600,-9600,-9600,-9600,0,0,0,0.000000,0.000000,0.000000,0.000000,0.000000,0.000000,0.000000,0.000000,0,0.000000,0.000000,0.000000,0.000000,0.000000,0.000000,0.000000,0.000000,0.000000,0.000000,0.000000,0.000000,0.000000,0.000000,0.000000,0.000000,0.000000,0.000000,0.000000,0.000000,0.000000,0.000000,0.000000,0.000000,0.000000,0.000000,0.000000,0.000000,0.000000,0.000000,0.000000,0.000000,0,0,0,0,0,0,0,0,0,0,0,0,0,66,0,0
5.111664,9770,13,0,0,2,60,0,0,0,0,0,0,-0.000033,-0.000000,-0.034812,-0.004902,-0.000000,0.035494,0.000938,0.000000,1.570796,0.227498,0.000000,0.000000,-9600,-9600,-9600,-9600,0,0,0,0.000000,0.000000,0.000000,0.000000,0.000000,0.000000,0.000000,0.000000,0,0.000000,0.000000,0.000000,0.000000,0.000000,0.000000,0.000000,0.000000,0.000000,0.000000,0.000000,0.000000,0.000000,0.000000,0.000000,0.000000,0.000000,0.000000,0.000000,0.000000,0.000000,0.000000,0.000000,0.000000,0.000000,0.000000,0.000000,0.000000,0.000000,0.000000,0.000000,0.000000,0,0,0,0,0,0,0,0,0,0,0,0,0,66,0,0
5.121434,9770,13,0,0,2,60,0,0,0,0,0,0,-0.000033,-0.000000,-0.034812,-0.004902,-0.000000,0.035494,0.000938,0.000000,1.570796,0.227498,0.000000,0.000000,-9600,-9600,-9600,-9600,0,0,0,0.000000,0.000000,0.000000,0.000000,0.000000,0.000000,0.000000,0.000000,0,0.000000,0.000000,0.000000,0.000000,0.000000,0.000000,0.000000,0.000000,0.000000,0.000000,0.000000,0.000000,0.000000,0.000000,0.000000,0.000000,0.000000,0.000000,0.000000,0.000000,0.000000,0.000000,0.000000,0.000000,0.000000,0.000000,0.000000,0.000000,0.000000,0.000000,0.000000,0.000000,0,0,0,0,0,0,0,0,0,0,0,0,0,66,0,0
5.131204,9770,13,0,0,2,60,0,0,0,0,0,0,-0.000033,-0.000000,-0.034812,-0.004902,-0.000000,0.035494,0.000938,0.000000,1.570796,0.227498,0.000000,0.000000,-9600,-9600,-9600,-9600,0,0,0,0.000000,0.000000,0.000000,0.000000,0.000000,0.000000,0.000000,0.000000,0,0.000000,0.000000,0.000000,0.000000,0.000000,0.000000,0.000000,0.000000,0.000000,0.000000,0.000000,0.000000,0.000000,0.000000,0.000000,0.000000,0.000000,0.000000,0.000000,0.000000,0.000000,0.000000,0.000000,0.000000,0.000000,0.000000,0.000000,0.000000,0.000000,0.000000,0.000000,0.000000,0,0,0,0,0,0,0,0,0,0,0,0,0,66,0,0
5.140974,9770,13,0,0,2,60,0,0,0,0,0,0,-0.000033,-0.000000,-0.034812,-0.004902,-0.000000,0.035494,0.000938,0.000000,1.570796,0.227498,0.000000,0.000000,-9600,-9600,-9600,-9600,0,0,0,0.000000,0.000000,0.000000,0.000000,0.000000,0.000000,0.000000,0.000000,0,0.000000,0.000000,0.000000,0.000000,0.000000,0.000000,0.000000,0.000000,0.000000,0.000000,0.000000,0.000000,0.000000,0.000000,0.000000,0.000000,0.000000,0.000000,0.000000,0.000000,0.000000,0.000000,0.000000,0.000000,0.000000,0.000000,0.000000,0.000000,0.000000,0.000000,0.000000,0.000000,0,0,0,0,0,0,0,0,0,0,0,0,0,66,0,0
5.150744,9770,13,0,0,2,60,0,0,0,0,0,0,-0.000033,-0.000000,-0.034812,-0.004902,-0.000000,0.035494,0.000938,0.000000,1.570796,0.227498,0.000000,0.000000,-9600,-9600,-9600,-9600,0,0,0,0.000000,0.000000,0.000000,0.000000,0.000000,0.000000,0.000000,0.000000,0,0.000000,0.000000,0.000000,0.000000,0.000000,0.000000,0.000000,0.000000,0.000000,0.000000,0.000000,0.000000,0.000000,0.000000,0.000000,0.000000,0.000000,0.000000,0.000000,0.000000,0.000000,0.000000,0.000000,0.000000,0.000000,0.000000,0.000000,0.000000,0.000000,0.000000,0.000000,0.000000,0,0,0,0,0,0,0,0,0,0,0,0,0,66,0,0
5.160514,9770,13,0,0,2,60,0,0,0,0,0,0,-0.000033,-0.000000,-0.034812,-0.004902,-0.000000,0.035494,0.000938,0.000000,1.570796,0.227498,0.000000,0.000000,-9600,-9600,-9600,-9600,0,0,0,0.000000,0.000000,0.000000,0.000000,0.000000,0.000000,0.000000,0.000000,0,0.000000,0.000000,0.000000,0.000000,0.000000,0.000000,0.000000,0.000000,0.000000,0.000000,0.000000,0.000000,0.000000,0.000000,0.000000,0.000000,0.000000,0.000000,0.000000,0.000000,0.000000,0.000000,0.000000,0.000000,0.000000,0.000000,0.000000,0.000000,0.000000,0.000000,0.000000,0.000000,0,0,0,0,0,0,0,0,0,0,0,0,0,66,0,0
5.170284,9770,13,0,0,2,60,0,0,0,0,0,0,-0.000033,-0.000000,-0.034812,-0.004902,-0.000000,0.035494,0.000938,0.000000,1.570796,0.227498,0.000000,0.000000,-9600,-9600,-9600,-9600,0,0,0,0.000000,0.000000,0.000000,0.000000,0.000000,0.000000,0.000000,0.000000,0,0.000000,0.000000,0.000000,0.000000,0.000000,0.000000,0.000000,0.000000,0.000000,0.000000,0.000000,0.000000,0.000000,0.000000,0.000000,0.000000,0.000000,0.000000,0.000000,0.000000,0.000000,0.000000,0.000000,0.000000,0.000000,0.000000,0.000000,0.000000,0.000000,0.000000,0.000000,0.000000,0,0,0,0,0,0,0,0,0,0,0,0,0,66,0,0
5.180054,9770,13,0,0,2,60,0,0,0,0,0,0,-0.000033,-0.000000,-0.034812,-0.004902,-0.000000,0.035494,0.000938,0.000000,1.570796,0.227498,0.000000,0.000000,-9600,-9600,-9600,-9600,0,0,0,0.000000,0.000000,0.000000,0.000000,0.000000,0.000000,0.000000,0.000000,0,0.000000,0.000000,0.000000,0.000000,0.000000,0.000000,0.000000,0.000000,0.000000,0.000000,0.000000,0.000000,0.000000,0.000000,0.000000,0.000000,0.000000,0.000000,0.000000,0.000000,0.000000,0.000000,0.000000,0.000000,0.000000,0.000000,0.000000,0.000000,0.000000,0.000000,0.000000,0.000000,0,0,0,0,0,0,0,0,0,0,0,0,0,66,0,0
5.189824,9770,13,0,0,2,60,0,0,0,0,0,0,-0.000033,-0.000000,-0.034812,-0.004902,-0.000000,0.035494,0.000938,0.000000,1.570796,0.227498,0.000000,0.000000,-9600,-9600,-9600,-9600,0,0,0,0.000000,0.000000,0.000000,0.000000,0.000000,0.000000,0.000000,0.000000,0,0.000000,0.000000,0.000000,0.000000,0.000000,0.000000,0.000000,0.000000,0.000000,0.000000,0.000000,0.000000,0.000000,0.000000,0.000000,0.000000,0.000000,0.000000,0.000000,0.000000,0.000000,0.000000,0.000000,0.000000,0.000000,0.000000,0.000000,0.000000,0.000000,0.000000,0.000000,0.000000,0,0,0,0,0,0,0,0,0,0,0,0,0,66,0,0
5.199594,9770,13,0,0,2,60,0,0,0,0,0,0,-0.000033,-0.000000,-0.034812,-0.004902,-0.000000,0.035494,0.000938,0.000000,1.570796,0.227498,0.000000,0.000000,-9600,-9600,-9600,-9600,0,0,0,0.000000,0.000000,0.000000,0.000000,0.000000,0.000000,0.000000,0.000000,0,0.000000,0.000000,0.000000,0.000000,0.000000,0.000000,0.000000,0.000000,0.000000,0.000000,0.000000,0.000000,0.000000,0.000000,0.000000,0.000000,0.000000,0.000000,0.000000,0.000000,0.000000,0.000000,0.000000,0.000000,0.000000,0.000000,0.000000,0.000000,0.000000,0.000000,0.000000,0.000000,0,0,0,0,0,0,0,0,0,0,0,0,0,66,0,0
5.209364,9770,13,0,0,2,60,0,0,0,0,0,0,-0.000033,-0.000000,-0.034812,-0.004902,-0.000000,0.035494,0.000938,0.000000,1.570796,0.227498,0.000000,0.000000,-9600,-9600,-9600,-9600,0,0,0,0.000000,0.000000,0.000000,0.000000,0.000000,0.000000,0.000000,0.000000,0,0.000000,0.000000,0.000000,0.000000,0.000000,0.000000,0.000000,0.000000,0.000000,0.000000,0.000000,0.000000,0.000000,0.000000,0.000000,0.000000,0.000000,0.000000,0.000000,0.000000,0.000000,0.000000,0.000000,0.000000,0.000000,0.000000,0.000000,0.000000,0.000000,0.000000,0.000000,0.000000,0,0,0,0,0,0,0,0,0,0,0,0,0,66,0,0
5.219134,9770,13,0,0,2,60,0,0,0,0,0,0,-0.000033,-0.000000,-0.034812,-0.004902,-0.000000,0.035494,0.000938,0.000000,1.570796,0.227498,0.000000,0.000000,-9600,-9600,-9600,-9600,0,0,0,0.000000,0.000000,0.000000,0.000000,0.000000,0.000000,0.000000,0.000000,0,0.000000,0.000000,0.000000,0.000000,0.000000,0.000000,0.000000,0.000000,0.000000,0.000000,0.000000,0.000000,0.000000,0.000000,0.000000,0.000000,0.000000,0.000000,0.000000,0.000000,0.000000,0.000000,0.000000,0.000000,0.000000,0.000000,0.000000,0.000000,0.000000,0.000000,0.000000,0.000000,0,0,0,0,0,0,0,0,0,0,0,0,0,66,0,0
5.228904,9770,13,0,0,2,60,0,0,0,0,0,0,-0.000033,-0.000000,-0.034812,-0.004902,-0.000000,0.035494,0.000938,0.000000,1.570796,0.227498,0.000000,0.000000,-9600,-9600,-9600,-9600,0,0,0,0.000000,0.000000,0.000000,0.000000,0.000000,0.000000,0.000000,0.000000,0,0.000000,0.000000,0.000000,0.000000,0.000000,0.000000,0.000000,0.000000,0.000000,0.000000,0.000000,0.000000,0.000000,0.000000,0.000000,0.000000,0.000000,0.000000,0.000000,0.000000,0.000000,0.000000,0.000000,0.000000,0.000000,0.000000,0.000000,0.000000,0.000000,0.000000,0.000000,0.000000,0,0,0,0,0,0,0,0,0,0,0,0,0,66,0,0
5.238674,9770,13,0,0,2,60,0,0,0,0,0,0,-0.000033,-0.000000,-0.034812,-0.004902,-0.000000,0.035494,0.000938,0.000000,1.570796,0.227498,0.000000,0.000000,-9600,-9600,-9600,-9600,0,0,0,0.000000,0.000000,0.000000,0.000000,0.000000,0.000000,0.000000,0.000000,0,0.000000,0.000000,0.000000,0.000000,0.000000,0.000000,0.000000,0.000000,0.000000,0.000000,0.000000,0.000000,0.000000,0.000000,0.000000,0.000000,0.000000,0.000000,0.000000,0.000000,0.000000,0.000000,0.000000,0.000000,0.000000,0.000000,0.000000,0.000000,0.000000,0.000000,0.000000,0.000000,0,0,0,0,0,0,0,0,0,0,0,0,0,66,0,0
5.248444,9770,13,0,0,2,60,0,0,0,0,0,0,-0.000033,-0.000000,-0.034812,-0.004902,-0.000000,0.035494,0.000938,0.000000,1.570796,0.227498,0.000000,0.000000,-9600,-9600,-9600,-9600,0,0,0,0.000000,0.000000,0.000000,0.000000,0.000000,0.000000,0.000000,0.000000,0,0.000000,0.000000,0.000000,0.000000,0.000000,0.000000,0.000000,0.000000,0.000000,0.000000,0.000000,0.000000,0.000000,0.000000,0.000000,0.000000,0.000000,0.000000,0.000000,0.000000,0.000000,0.000000,0.000000,0.000000,0.000000,0.000000,0.000000,0.000000,0.000000,0.000000,0.000000,0.000000,0,0,0,0,0,0,0,0,0,0,0,0,0,66,0,0
5.258214,9770,13,0,0,2,60,0,0,0,0,0,0,-0.000033,-0.000000,-0.034812,-0.004902,-0.000000,0.035494,0.000938,0.000000,1.570796,0.227498,0.000000,0.000000,-9600,-9600,-9600,-9600,0,0,0,0.000000,0.000000,0.000000,0.000000,0.000000,0.000000,0.000000,0.000000,0,0.000000,0.000000,0.000000,0.000000,0.000000,0.000000,0.000000,0.000000,0.000000,0.000000,0.000000,0.000000,0.000000,0.000000,0.000000,0.000000,0.000000,0.000000,0.000000,0.000000,0.000000,0.000000,0.000000,0.000000,0.000000,0.000000,0.000000,0.000000,0.000000,0.000000,0.000000,0.000000,0,0,0,0,0,0,0,0,0,0,0,0,0,66,0,0
5.267984,9770,13,0,0,2,60,0,0,0,0,0,0,-0.000033,-0.000000,-0.034812,-0.004902,-0.000000,0.035494,0.000938,0.000000,1.570796,0.227498,0.000000,0.000000,-9600,-9600,-9600,-9600,0,0,0,0.000000,0.000000,0.000000,0.000000,0.000000,0.000000,0.000000,0.000000,0,0.000000,0.000000,0.000000,0.000000,0.000000,0.000000,0.000000,0.000000,0.000000,0.000000,0.000000,0.000000,0.000000,0.000000,0.000000,0.000000,0.000000,0.000000,0.000000,0.000000,0.000000,0.000000,0.000000,0.000000,0.000000,0.000000,0.000000,0.000000,0.000000,0.000000,0.000000,0.000000,0,0,0,0,0,0,0,0,0,0,0,0,0,66,0,0
5.277754,9770,13,0,0,2,60,0,0,0,0,0,0,-0.000033,-0.000000,-0.034812,-0.004902,-0.000000,0.035494,0.000938,0.000000,1.570796,0.227498,0.000000,0.000000,-9600,-9600,-9600,-9600,0,0,0,0.000000,0.000000,0.000000,0.000000,0.000000,0.000000,0.000000,0.000000,0,0.000000,0.000000,0.000000,0.000000,0.000000,0.000000,0.000000,0.000000,0.000000,0.000000,0.000000,0.000000,0.000000,0.000000,0.000000,0.000000,0.000000,0.000000,0.000000,0.000000,0.000000,0.000000,0.000000,0.000000,0.000000,0.000000,0.000000,0.000000,0.000000,0.000000,0.000000,0.000000,0,0,0,0,0,0,0,0,0,0,0,0,0,66,0,0
5.287524,9770,13,0,0,2,60,0,0,0,0,0,0,-0.000033,-0.000000,-0.034812,-0.004902,-0.000000,0.035494,0.000938,0.000000,1.570796,0.227498,0.000000,0.000000,-9600,-9600,-9600,-9600,0,0,0,0.000000,0.000000,0.000000,0.000000,0.000000,0.000000,0.000000,0.000000,0,0.000000,0.000000,0.000000,0.000000,0.000000,0.000000,0.000000,0.000000,0.000000,0.000000,0.000000,0.000000,0.000000,0.000000,0.000000,0.000000,0.000000,0.000000,0.000000,0.000000,0.000000,0.000000,0.000000,0.000000,0.000000,0.000000,0.000000,0.000000,0.000000,0.000000,0.000000,0.000000,0,0,0,0,0,0,0,0,0,0,0,0,0,66,0,0
5.297294,9770,13,0,0,2,60,0,0,0,0,0,0,-0.000033,-0.000000,-0.034812,-0.004902,-0.000000,0.035494,0.000938,0.000000,1.570796,0.227498,0.000000,0.000000,-9600,-9600,-9600,-9600,0,0,0,0.000000,0.000000,0.000000,0.000000,0.000000,0.000000,0.000000,0.000000,0,0.000000,0.000000,0.000000,0.000000,0.000000,0.000000,0.000000,0.000000,0.000000,0.000000,0.000000,0.000000,0.000000,0.000000,0.000000,0.000000,0.000000,0.000000,0.000000,0.000000,0.000000,0.000000,0.000000,0.000000,0.000000,0.000000,0.000000,0.000000,0.000000,0.000000,0.000000,0.000000,0,0,0,0,0,0,0,0,0,0,0,0,0,66,0,0
5.307064,9770,13,0,0,2,60,0,0,0,0,0,0,-0.000033,-0.000000,-0.034812,-0.004902,-0.000000,0.035494,0.000938,0.000000,1.570796,0.227498,0.000000,0.000000,-9600,-9600,-9600,-9600,0,0,0,0.000000,0.000000,0.000000,0.000000,0.000000,0.000000,0.000000,0.000000,0,0.000000,0.000000,0.000000,0.000000,0.000000,0.000000,0.000000,0.000000,0.000000,0.000000,0.000000,0.000000,0.000000,0.000000,0.000000,0.000000,0.000000,0.000000,0.000000,0.000000,0.000000,0.000000,0.000000,0.000000,0.000000,0.000000,0.000000,0.000000,0.000000,0.000000,0.000000,0.000000,0,0,0,0,0,0,0,0,0,0,0,0,0,66,0,0
5.316834,9770,13,0,0,2,60,0,0,0,0,0,0,-0.000033,-0.000000,-0.034812,-0.004902,-0.000000,0.035494,0.000938,0.000000,1.570796,0.227498,0.000000,0.000000,-9600,-9600,-9600,-9600,0,0,0,0.000000,0.000000,0.000000,0.000000,0.000000,0.000000,0.000000,0.000000,0,0.000000,0.000000,0.000000,0.000000,0.000000,0.000000,0.000000,0.000000,0.000000,0.000000,0.000000,0.000000,0.000000,0.000000,0.000000,0.000000,0.000000,0.000000,0.000000,0.000000,0.000000,0.000000,0.000000,0.000000,0.000000,0.000000,0.000000,0.000000,0.000000,0.000000,0.000000,0.000000,0,0,0,0,0,0,0,0,0,0,0,0,0,66,0,0
5.326604,9770,13,0,0,2,60,0,0,0,0,0,0,-0.000033,-0.000000,-0.034812,-0.004902,-0.000000,0.035494,0.000938,0.000000,1.570796,0.227498,0.000000,0.000000,-9600,-9600,-9600,-9600,0,0,0,0.000000,0.000000,0.000000,0.000000,0.000000,0.000000,0.000000,0.000000,0,0.000000,0.000000,0.000000,0.000000,0.000000,0.000000,0.000000,0.000000,0.000000,0.000000,0.000000,0.000000,0.000000,0.000000,0.000000,0.000000,0.000000,0.000000,0.000000,0.000000,0.000000,0.000000,0.000000,0.000000,0.000000,0.000000,0.000000,0.000000,0.000000,0.000000,0.000000,0.000000,0,0,0,0,0,0,0,0,0,0,0,0,0,66,0,0
5.336374,9770,13,0,0,2,60,0,0,0,0,0,0,-0.000033,-0.000000,-0.034812,-0.004902,-0.000000,0.035494,0.000938,0.000000,1.570796,0.227498,0.000000,0.000000,-9600,-9600,-9600,-9600,0,0,0,0.000000,0.000000,0.000000,0.000000,0.000000,0.000000,0.000000,0.000000,0,0.000000,0.000000,0.000000,0.000000,0.000000,0.000000,0.000000,0.000000,0.000000,0.000000,0.000000,0.000000,0.000000,0.000000,0.000000,0.000000,0.000000,0.000000,0.000000,0.000000,0.000000,0.000000,0.000000,0.000000,0.000000,0.000000,0.000000,0.000000,0.000000,0.000000,0.000000,0.000000,0,0,0,0,0,0,0,0,0,0,0,0,0,66,0,0
5.346144,9770,13,0,0,2,60,0,0,0,0,0,0,-0.000033,-0.000000,-0.034812,-0.004902,-0.000000,0.035494,0.000938,0.000000,1.570796,0.227498,0.000000,0.000000,-9600,-9600,-9600,-9600,0,0,0,0.000000,0.000000,0.000000,0.000000,0.000000,0.000000,0.000000,0.000000,0,0.000000,0.000000,0.000000,0.000000,0.000000,0.000000,0.000000,0.000000,0.000000,0.000000,0.000000,0.000000,0.000000,0.000000,0.000000,0.000000,0.000000,0.000000,0.000000,0.000000,0.000000,0.000000,0.000000,0.000000,0.000000,0.000000,0.000000,0.000000,0.000000,0.000000,0.000000,0.000000,0,0,0,0,0,0,0,0,0,0,0,0,0,66,0,0
5.355914,9770,13,0,0,2,60,0,0,0,0,0,0,-0.000033,-0.000000,-0.034812,-0.004902,-0.000000,0.035494,0.000938,0.000000,1.570796,0.227498,0.000000,0.000000,-9600,-9600,-9600,-9600,0,0,0,0.000000,0.000000,0.000000,0.000000,0.000000,0.000000,0.000000,0.000000,0,0.000000,0.000000,0.000000,0.000000,0.000000,0.000000,0.000000,0.000000,0.000000,0.000000,0.000000,0.000000,0.000000,0.000000,0.000000,0.000000,0.000000,0.000000,0.000000,0.000000,0.000000,0.000000,0.000000,0.000000,0.000000,0.000000,0.000000,0.000000,0.000000,0.000000,0.000000,0.000000,0,0,0,0,0,0,0,0,0,0,0,0,0,66,0,0
5.365684,9770,13,0,0,2,60,0,0,0,0,0,0,-0.000033,-0.000000,-0.034812,-0.004902,-0.000000,0.035494,0.000938,0.000000,1.570796,0.227498,0.000000,0.000000,-9600,-9600,-9600,-9600,0,0,0,0.000000,0.000000,0.000000,0.000000,0.000000,0.000000,0.000000,0.000000,0,0.000000,0.000000,0.000000,0.000000,0.000000,0.000000,0.000000,0.000000,0.000000,0.000000,0.000000,0.000000,0.000000,0.000000,0.000000,0.000000,0.000000,0.000000,0.000000,0.000000,0.000000,0.000000,0.000000,0.000000,0.000000,0.000000,0.000000,0.000000,0.000000,0.000000,0.000000,0.000000,0,0,0,0,0,0,0,0,0,0,0,0,0,66,0,0
5.375454,9770,13,0,0,2,60,0,0,0,0,0,0,-0.000033,-0.000000,-0.034812,-0.004902,-0.000000,0.035494,0.000938,0.000000,1.570796,0.227498,0.000000,0.000000,-9600,-9600,-9600,-9600,0,0,0,0.000000,0.000000,0.000000,0.000000,0.000000,0.000000,0.000000,0.000000,0,0.000000,0.000000,0.000000,0.000000,0.000000,0.000000,0.000000,0.000000,0.000000,0.000000,0.000000,0.000000,0.000000,0.000000,0.000000,0.000000,0.000000,0.000000,0.000000,0.000000,0.000000,0.000000,0.000000,0.000000,0.000000,0.000000,0.000000,0.000000,0.000000,0.000000,0.000000,0.000000,0,0,0,0,0,0,0,0,0,0,0,0,0,66,0,0
5.385224,9770,13,0,0,2,60,0,0,0,0,0,0,-0.000033,-0.000000,-0.034812,-0.004902,-0.000000,0.035494,0.000938,0.000000,1.570796,0.227498,0.000000,0.000000,-9600,-9600,-9600,-9600,0,0,0,0.000000,0.000000,0.000000,0.000000,0.000000,0.000000,0.000000,0.000000,0,0.000000,0.000000,0.000000,0.000000,0.000000,0.000000,0.000000,0.000000,0.000000,0.000000,0.000000,0.000000,0.000000,0.000000,0.000000,0.000000,0.000000,0.000000,0.000000,0.000000,0.000000,0.000000,0.000000,0.000000,0.000000,0.000000,0.000000,0.000000,0.000000,0.000000,0.000000,0.000000,0,0,0,0,0,0,0,0,0,0,0,0,0,66,0,0
5.394994,9770,13,0,0,2,60,0,0,0,0,0,0,-0.000033,-0.000000,-0.034812,-0.004902,-0.000000,0.035494,0.000938,0.000000,1.570796,0.227498,0.000000,0.000000,-9600,-9600,-9600,-9600,0,0,0,0.000000,0.000000,0.000000,0.000000,0.000000,0.000000,0.000000,0.000000,0,0.000000,0.000000,0.000000,0.000000,0.000000,0.000000,0.000000,0.000000,0.000000,0.000000,0.000000,0.000000,0.000000,0.000000,0.000000,0.000000,0.000000,0.000000,0.000000,0.000000,0.000000,0.000000,0.000000,0.000000,0.000000,0.000000,0.000000,0.000000,0.000000,0.000000,0.000000,0.000000,0,0,0,0,0,0,0,0,0,0,0,0,0,66,0,0
5.404764,9770,13,0,0,2,60,0,0,0,0,0,0,-0.000033,-0.000000,-0.034812,-0.004902,-0.000000,0.035494,0.000938,0.000000,1.570796,0.227498,0.000000,0.000000,-9600,-9600,-9600,-9600,0,0,0,0.000000,0.000000,0.000000,0.000000,0.000000,0.000000,0.000000,0.000000,0,0.000000,0.000000,0.000000,0.000000,0.000000,0.000000,0.000000,0.000000,0.000000,0.000000,0.000000,0.000000,0.000000,0.000000,0.000000,0.000000,0.000000,0.000000,0.000000,0.000000,0.000000,0.000000,0.000000,0.000000,0.000000,0.000000,0.000000,0.000000,0.000000,0.000000,0.000000,0.000000,0,0,0,0,0,0,0,0,0,0,0,0,0,66,0,0
5.414534,9770,13,0,0,2,60,0,0,0,0,0,0,-0.000033,-0.000000,-0.034812,-0.004902,-0.000000,0.035494,0.000938,0.000000,1.570796,0.227498,0.000000,0.000000,-9600,-9600,-9600,-9600,0,0,0,0.000000,0.000000,0.000000,0.000000,0.000000,0.000000,0.000000,0.000000,0,0.000000,0.000000,0.000000,0.000000,0.000000,0.000000,0.000000,0.000000,0.000000,0.000000,0.000000,0.000000,0.000000,0.000000,0.000000,0.000000,0.000000,0.000000,0.000000,0.000000,0.000000,0.000000,0.000000,0.000000,0.000000,0.000000,0.000000,0.000000,0.000000,0.000000,0.000000,0.000000,0,0,0,0,0,0,0,0,0,0,0,0,0,66,0,0
5.424304,9770,13,0,0,2,60,0,0,0,0,0,0,-0.000033,-0.000000,-0.034812,-0.004902,-0.000000,0.035494,0.000938,0.000000,1.570796,0.227498,0.000000,0.000000,-9600,-9600,-9600,-9600,0,0,0,0.000000,0.000000,0.000000,0.000000,0.000000,0.000000,0.000000,0.000000,0,0.000000,0.000000,0.000000,0.000000,0.000000,0.000000,0.000000,0.000000,0.000000,0.000000,0.000000,0.000000,0.000000,0.000000,0.000000,0.000000,0.000000,0.000000,0.000000,0.000000,0.000000,0.000000,0.000000,0.000000,0.000000,0.000000,0.000000,0.000000,0.000000,0.000000,0.000000,0.000000,0,0,0,0,0,0,0,0,0,0,0,0,0,66,0,0
5.434074,9770,13,0,0,2,60,0,0,0,0,0,0,-0.000033,-0.000000,-0.034812,-0.004902,-0.000000,0.035494,0.000938,0.000000,1.570796,0.227498,0.000000,0.000000,-9600,-9600,-9600,-9600,0,0,0,0.000000,0.000000,0.000000,0.000000,0.000000,0.000000,0.000000,0.000000,0,0.000000,0.000000,0.000000,0.000000,0.000000,0.000000,0.000000,0.000000,0.000000,0.000000,0.000000,0.000000,0.000000,0.000000,0.000000,0.000000,0.000000,0.000000,0.000000,0.000000,0.000000,0.000000,0.000000,0.000000,0.000000,0.000000,0.000000,0.000000,0.000000,0.000000,0.000000,0.000000,0,0,0,0,0,0,0,0,0,0,0,0,0,66,0,0
5.443844,9770,13,0,0,2,60,0,0,0,0,0,0,-0.000033,-0.000000,-0.034812,-0.004902,-0.000000,0.035494,0.000938,0.000000,1.570796,0.227498,0.000000,0.000000,-9600,-9600,-9600,-9600,0,0,0,0.000000,0.000000,0.000000,0.000000,0.000000,0.000000,0.000000,0.000000,0,0.000000,0.000000,0.000000,0.000000,0.000000,0.000000,0.000000,0.000000,0.000000,0.000000,0.000000,0.000000,0.000000,0.000000,0.000000,0.000000,0.000000,0.000000,0.000000,0.000000,0.000000,0.000000,0.000000,0.000000,0.000000,0.000000,0.000000,0.000000,0.000000,0.000000,0.000000,0.000000,0,0,0,0,0,0,0,0,0,0,0,0,0,66,0,0
5.453614,9770,13,0,0,2,60,0,0,0,0,0,0,-0.000033,-0.000000,-0.034812,-0.004902,-0.000000,0.035494,0.000938,0.000000,1.570796,0.227498,0.000000,0.000000,-9600,-9600,-9600,-9600,0,0,0,0.000000,0.000000,0.000000,0.000000,0.000000,0.000000,0.000000,0.000000,0,0.000000,0.000000,0.000000,0.000000,0.000000,0.000000,0.000000,0.000000,0.000000,0.000000,0.000000,0.000000,0.000000,0.000000,0.000000,0.000000,0.000000,0.000000,0.000000,0.000000,0.000000,0.000000,0.000000,0.000000,0.000000,0.000000,0.000000,0.000000,0.000000,0.000000,0.000000,0.000000,0,0,0,0,0,0,0,0,0,0,0,0,0,66,0,0
5.463384,9770,13,0,0,2,60,0,0,0,0,0,0,-0.000033,-0.000000,-0.034812,-0.004902,-0.000000,0.035494,0.000938,0.000000,1.570796,0.227498,0.000000,0.000000,-9600,-9600,-9600,-9600,0,0,0,0.000000,0.000000,0.000000,0.000000,0.000000,0.000000,0.000000,0.000000,0,0.000000,0.000000,0.000000,0.000000,0.000000,0.000000,0.000000,0.000000,0.000000,0.000000,0.000000,0.000000,0.000000,0.000000,0.000000,0.000000,0.000000,0.000000,0.000000,0.000000,0.000000,0.000000,0.000000,0.000000,0.000000,0.000000,0.000000,0.000000,0.000000,0.000000,0.000000,0.000000,0,0,0,0,0,0,0,0,0,0,0,0,0,66,0,0
5.473154,9770,13,0,0,2,60,0,0,0,0,0,0,-0.000033,-0.000000,-0.034812,-0.004902,-0.000000,0.035494,0.000938,0.000000,1.570796,0.227498,0.000000,0.000000,-9600,-9600,-9600,-9600,0,0,0,0.000000,0.000000,0.000000,0.000000,0.000000,0.000000,0.000000,0.000000,0,0.000000,0.000000,0.000000,0.000000,0.000000,0.000000,0.000000,0.000000,0.000000,0.000000,0.000000,0.000000,0.000000,0.000000,0.000000,0.000000,0.000000,0.000000,0.000000,0.000000,0.000000,0.000000,0.000000,0.000000,0.000000,0.000000,0.000000,0.000000,0.000000,0.000000,0.000000,0.000000,0,0,0,0,0,0,0,0,0,0,0,0,0,66,0,0
5.482924,9770,13,0,0,2,60,0,0,0,0,0,0,-0.000033,-0.000000,-0.034812,-0.004902,-0.000000,0.035494,0.000938,0.000000,1.570796,0.227498,0.000000,0.000000,-9600,-9600,-9600,-9600,0,0,0,0.000000,0.000000,0.000000,0.000000,0.000000,0.000000,0.000000,0.000000,0,0.000000,0.000000,0.000000,0.000000,0.000000,0.000000,0.000000,0.000000,0.000000,0.000000,0.000000,0.000000,0.000000,0.000000,0.000000,0.000000,0.000000,0.000000,0.000000,0.000000,0.000000,0.000000,0.000000,0.000000,0.000000,0.000000,0.000000,0.000000,0.000000,0.000000,0.000000,0.000000,0,0,0,0,0,0,0,0,0,0,0,0,0,66,0,0
5.492694,9770,13,0,0,2,60,0,0,0,0,0,0,-0.000033,-0.000000,-0.034812,-0.004902,-0.000000,0.035494,0.000938,0.000000,1.570796,0.227498,0.000000,0.000000,-9600,-9600,-9600,-9600,0,0,0,0.000000,0.000000,0.000000,0.000000,0.000000,0.000000,0.000000,0.000000,0,0.000000,0.000000,0.000000,0.000000,0.000000,0.000000,0.000000,0.000000,0.000000,0.000000,0.000000,0.000000,0.000000,0.000000,0.000000,0.000000,0.000000,0.000000,0.000000,0.000000,0.000000,0.000000,0.000000,0.000000,0.000000,0.000000,0.000000,0.000000,0.000000,0.000000,0.000000,0.000000,0,0,0,0,0,0,0,0,0,0,0,0,0,66,0,0
5.502464,9770,13,0,0,2,60,0,0,0,0,0,0,-0.000034,-0.000000,-0.034812,-0.004902,-0.000000,0.035494,0.000938,0.000000,1.570796,0.227498,0.000000,0.000000,-9600,-9600,-9600,-9600,0,0,0,0.000000,0.000000,0.000000,0.000000,0.000000,0.000000,0.000000,0.000000,0,0.000000,0.000000,0.000000,0.000000,0.000000,0.000000,0.000000,0.000000,0.000000,0.000000,0.000000,0.000000,0.000000,0.000000,0.000000,0.000000,0.000000,0.000000,0.000000,0.000000,0.000000,0.000000,0.000000,0.000000,0.000000,0.000000,0.000000,0.000000,0.000000,0.000000,0.000000,0.000000,0,0,0,0,0,0,0,0,0,0,0,0,0,66,0,0
5.512234,9770,13,0,0,2,60,0,0,0,0,0,0,-0.000034,-0.000000,-0.034812,-0.004902,-0.000000,0.035494,0.000938,0.000000,1.570796,0.227498,0.000000,0.000000,-9600,-9600,-9600,-9600,0,0,0,0.000000,0.000000,0.000000,0.000000,0.000000,0.000000,0.000000,0.000000,0,0.000000,0.000000,0.000000,0.000000,0.000000,0.000000,0.000000,0.000000,0.000000,0.000000,0.000000,0.000000,0.000000,0.000000,0.000000,0.000000,0.000000,0.000000,0.000000,0.000000,0.000000,0.000000,0.000000,0.000000,0.000000,0.000000,0.000000,0.000000,0.000000,0.000000,0.000000,0.000000,0,0,0,0,0,0,0,0,0,0,0,0,0,66,0,0
5.522004,9770,13,0,0,2,60,0,0,0,0,0,0,-0.000034,-0.000000,-0.034812,-0.004902,-0.000000,0.035494,0.000938,0.000000,1.570796,0.227498,0.000000,0.000000,-9600,-9600,-9600,-9600,0,0,0,0.000000,0.000000,0.000000,0.000000,0.000000,0.000000,0.000000,0.000000,0,0.000000,0.000000,0.000000,0.000000,0.000000,0.000000,0.000000,0.000000,0.000000,0.000000,0.000000,0.000000,0.000000,0.000000,0.000000,0.000000,0.000000,0.000000,0.000000,0.000000,0.000000,0.000000,0.000000,0.000000,0.000000,0.000000,0.000000,0.000000,0.000000,0.000000,0.000000,0.000000,0,0,0,0,0,0,0,0,0,0,0,0,0,66,0,0
5.531774,9770,13,0,0,2,60,0,0,0,0,0,0,-0.000034,-0.000000,-0.034812,-0.004902,-0.000000,0.035494,0.000938,0.000000,1.570796,0.227498,0.000000,0.000000,-9600,-9600,-9600,-9600,0,0,0,0.000000,0.000000,0.000000,0.000000,0.000000,0.000000,0.000000,0.000000,0,0.000000,0.000000,0.000000,0.000000,0.000000,0.000000,0.000000,0.000000,0.000000,0.000000,0.000000,0.000000,0.000000,0.000000,0.000000,0.000000,0.000000,0.000000,0.000000,0.000000,0.000000,0.000000,0.000000,0.000000,0.000000,0.000000,0.000000,0.000000,0.000000,0.000000,0.000000,0.000000,0,0,0,0,0,0,0,0,0,0,0,0,0,66,0,0
5.541544,9770,13,0,0,2,60,0,0,0,0,0,0,-0.000034,-0.000000,-0.034812,-0.004902,-0.000000,0.035494,0.000938,0.000000,1.570796,0.227498,0.000000,0.000000,-9600,-9600,-9600,-9600,0,0,0,0.000000,0.000000,0.000000,0.000000,0.000000,0.000000,0.000000,0.000000,0,0.000000,0.000000,0.000000,0.000000,0.000000,0.000000,0.000000,0.000000,0.000000,0.000000,0.000000,0.000000,0.000000,0.000000,0.000000,0.000000,0.000000,0.000000,0.000000,0.000000,0.000000,0.000000,0.000000,0.000000,0.000000,0.000000,0.000000,0.000000,0.000000,0.000000,0.000000,0.000000,0,0,0,0,0,0,0,0,0,0,0,0,0,66,0,0
5.551314,9770,13,0,0,2,60,0,0,0,0,0,0,-0.000034,-0.000000,-0.034812,-0.004902,-0.000000,0.035494,0.000938,0.000000,1.570796,0.227498,0.000000,0.000000,-9600,-9600,-9600,-9600,0,0,0,0.000000,0.000000,0.000000,0.000000,0.000000,0.000000,0.000000,0.000000,0,0.000000,0.000000,0.000000,0.000000,0.000000,0.000000,0.000000,0.000000,0.000000,0.000000,0.000000,0.000000,0.000000,0.000000,0.000000,0.000000,0.000000,0.000000,0.000000,0.000000,0.000000,0.000000,0.000000,0.000000,0.000000,0.000000,0.000000,0.000000,0.000000,0.000000,0.000000,0.000000,0,0,0,0,0,0,0,0,0,0,0,0,0,66,0,0
5.561084,9770,13,0,0,2,60,0,0,0,0,0,0,-0.000034,-0.000000,-0.034812,-0.004902,-0.000000,0.035494,0.000938,0.000000,1.570796,0.227498,0.000000,0.000000,-9600,-9600,-9600,-9600,0,0,0,0.000000,0.000000,0.000000,0.000000,0.000000,0.000000,0.000000,0.000000,0,0.000000,0.000000,0.000000,0.000000,0.000000,0.000000,0.000000,0.000000,0.000000,0.000000,0.000000,0.000000,0.000000,0.000000,0.000000,0.000000,0.000000,0.000000,0.000000,0.000000,0.000000,0.000000,0.000000,0.000000,0.000000,0.000000,0.000000,0.000000,0.000000,0.000000,0.000000,0.000000,0,0,0,0,0,0,0,0,0,0,0,0,0,66,0,0
5.570854,9770,13,0,0,2,60,0,0,0,0,0,0,-0.000034,-0.000000,-0.034812,-0.004902,-0.000000,0.035494,0.000938,0.000000,1.570796,0.227498,0.000000,0.000000,-9600,-9600,-9600,-9600,0,0,0,0.000000,0.000000,0.000000,0.000000,0.000000,0.000000,0.000000,0.000000,0,0.000000,0.000000,0.000000,0.000000,0.000000,0.000000,0.000000,0.000000,0.000000,0.000000,0.000000,0.000000,0.000000,0.000000,0.000000,0.000000,0.000000,0.000000,0.000000,0.000000,0.000000,0.000000,0.000000,0.000000,0.000000,0.000000,0.000000,0.000000,0.000000,0.000000,0.000000,0.000000,0,0,0,0,0,0,0,0,0,0,0,0,0,66,0,0
5.580624,9770,13,0,0,2,60,0,0,0,0,0,0,-0.000034,-0.000000,-0.034812,-0.004902,-0.000000,0.035494,0.000938,0.000000,1.570796,0.227498,0.000000,0.000000,-9600,-9600,-9600,-9600,0,0,0,0.000000,0.000000,0.000000,0.000000,0.000000,0.000000,0.000000,0.000000,0,0.000000,0.000000,0.000000,0.000000,0.000000,0.000000,0.000000,0.000000,0.000000,0.000000,0.000000,0.000000,0.000000,0.000000,0.000000,0.000000,0.000000,0.000000,0.000000,0.000000,0.000000,0.000000,0.000000,0.000000,0.000000,0.000000,0.000000,0.000000,0.000000,0.000000,0.000000,0.000000,0,0,0,0,0,0,0,0,0,0,0,0,0,66,0,0
5.590394,9770,13,0,0,2,60,0,0,0,0,0,0,-0.000034,-0.000000,-0.034812,-0.004902,-0.000000,0.035494,0.000938,0.000000,1.570796,0.227498,0.000000,0.000000,-9600,-9600,-9600,-9600,0,0,0,0.000000,0.000000,0.000000,0.000000,0.000000,0.000000,0.000000,0.000000,0,0.000000,0.000000,0.000000,0.000000,0.000000,0.000000,0.000000,0.000000,0.000000,0.000000,0.000000,0.000000,0.000000,0.000000,0.000000,0.000000,0.000000,0.000000,0.000000,0.000000,0.000000,0.000000,0.000000,0.000000,0.000000,0.000000,0.000000,0.000000,0.000000,0.000000,0.000000,0.000000,0,0,0,0,0,0,0,0,0,0,0,0,0,66,0,0
5.600164,9770,13,0,0,2,60,0,0,0,0,0,0,-0.000034,-0.000000,-0.034812,-0.004902,-0.000000,0.035494,0.000938,0.000000,1.570796,0.227498,0.000000,0.000000,-9600,-9600,-9600,-9600,0,0,0,0.000000,0.000000,0.000000,0.000000,0.000000,0.000000,0.000000,0.000000,0,0.000000,0.000000,0.000000,0.000000,0.000000,0.000000,0.000000,0.000000,0.000000,0.000000,0.000000,0.000000,0.000000,0.000000,0.000000,0.000000,0.000000,0.000000,0.000000,0.000000,0.000000,0.000000,0.000000,0.000000,0.000000,0.000000,0.000000,0.000000,0.000000,0.000000,0.000000,0.000000,0,0,0,0,0,0,0,0,0,0,0,0,0,66,0,0
5.609934,9770,13,0,0,2,60,0,0,0,0,0,0,-0.000034,-0.000000,-0.034812,-0.004902,-0.000000,0.035494,0.000938,0.000000,1.570796,0.227498,0.000000,0.000000,-9600,-9600,-9600,-9600,0,0,0,0.000000,0.000000,0.000000,0.000000,0.000000,0.000000,0.000000,0.000000,0,0.000000,0.000000,0.000000,0.000000,0.000000,0.000000,0.000000,0.000000,0.000000,0.000000,0.000000,0.000000,0.000000,0.000000,0.000000,0.000000,0.000000,0.000000,0.000000,0.000000,0.000000,0.000000,0.000000,0.000000,0.000000,0.000000,0.000000,0.000000,0.000000,0.000000,0.000000,0.000000,0,0,0,0,0,0,0,0,0,0,0,0,0,66,0,0
5.619704,9770,13,0,0,2,60,0,0,0,0,0,0,-0.000034,-0.000000,-0.034812,-0.004902,-0.000000,0.035494,0.000938,0.000000,1.570796,0.227498,0.000000,0.000000,-9600,-9600,-9600,-9600,0,0,0,0.000000,0.000000,0.000000,0.000000,0.000000,0.000000,0.000000,0.000000,0,0.000000,0.000000,0.000000,0.000000,0.000000,0.000000,0.000000,0.000000,0.000000,0.000000,0.000000,0.000000,0.000000,0.000000,0.000000,0.000000,0.000000,0.000000,0.000000,0.000000,0.000000,0.000000,0.000000,0.000000,0.000000,0.000000,0.000000,0.000000,0.000000,0.000000,0.000000,0.000000,0,0,0,0,0,0,0,0,0,0,0,0,0,66,0,0
5.629474,9770,13,0,0,2,60,0,0,0,0,0,0,-0.000034,-0.000000,-0.034812,-0.004902,-0.000000,0.035494,0.000938,0.000000,1.570796,0.227498,0.000000,0.000000,-9600,-9600,-9600,-9600,0,0,0,0.000000,0.000000,0.000000,0.000000,0.000000,0.000000,0.000000,0.000000,0,0.000000,0.000000,0.000000,0.000000,0.000000,0.000000,0.000000,0.000000,0.000000,0.000000,0.000000,0.000000,0.000000,0.000000,0.000000,0.000000,0.000000,0.000000,0.000000,0.000000,0.000000,0.000000,0.000000,0.000000,0.000000,0.000000,0.000000,0.000000,0.000000,0.000000,0.000000,0.000000,0,0,0,0,0,0,0,0,0,0,0,0,0,66,0,0
5.639244,9770,13,0,0,2,60,0,0,0,0,0,0,-0.000034,-0.000000,-0.034812,-0.004902,-0.000000,0.035494,0.000938,0.000000,1.570796,0.227498,0.000000,0.000000,-9600,-9600,-9600,-9600,0,0,0,0.000000,0.000000,0.000000,0.000000,0.000000,0.000000,0.000000,0.000000,0,0.000000,0.000000,0.000000,0.000000,0.000000,0.000000,0.000000,0.000000,0.000000,0.000000,0.000000,0.000000,0.000000,0.000000,0.000000,0.000000,0.000000,0.000000,0.000000,0.000000,0.000000,0.000000,0.000000,0.000000,0.000000,0.000000,0.000000,0.000000,0.000000,0.000000,0.000000,0.000000,0,0,0,0,0,0,0,0,0,0,0,0,0,66,0,0
5.649014,9770,13,0,0,2,60,0,0,0,0,0,0,-0.000034,-0.000000,-0.034812,-0.004902,-0.000000,0.035494,0.000938,0.000000,1.570796,0.227498,0.000000,0.000000,-9600,-9600,-9600,-9600,0,0,0,0.000000,0.000000,0.000000,0.000000,0.000000,0.000000,0.000000,0.000000,0,0.000000,0.000000,0.000000,0.000000,0.000000,0.000000,0.000000,0.000000,0.000000,0.000000,0.000000,0.000000,0.000000,0.000000,0.000000,0.000000,0.000000,0.000000,0.000000,0.000000,0.000000,0.000000,0.000000,0.000000,0.000000,0.000000,0.000000,0.000000,0.000000,0.000000,0.000000,0.000000,0,0,0,0,0,0,0,0,0,0,0,0,0,66,0,0
5.658784,9770,13,0,0,2,60,0,0,0,0,0,0,-0.000034,-0.000000,-0.034812,-0.004902,-0.000000,0.035494,0.000938,0.000000,1.570796,0.227498,0.000000,0.000000,-9600,-9600,-9600,-9600,0,0,0,0.000000,0.000000,0.000000,0.000000,0.000000,0.000000,0.000000,0.000000,0,0.000000,0.000000,0.000000,0.000000,0.000000,0.000000,0.000000,0.000000,0.000000,0.000000,0.000000,0.000000,0.000000,0.000000,0.000000,0.000000,0.000000,0.000000,0.000000,0.000000,0.000000,0.000000,0.000000,0.000000,0.000000,0.000000,0.000000,0.000000,0.000000,0.000000,0.000000,0.000000,0,0,0,0,0,0,0,0,0,0,0,0,0,66,0,0
5.668554,9770,13,0,0,2,60,0,0,0,0,0,0,-0.000034,-0.000000,-0.034812,-0.004902,-0.000000,0.035494,0.000938,0.000000,1.570796,0.227498,0.000000,0.000000,-9600,-9600,-9600,-9600,0,0,0,0.000000,0.000000,0.000000,0.000000,0.000000,0.000000,0.000000,0.000000,0,0.000000,0.000000,0.000000,0.000000,0.000000,0.000000,0.000000,0.000000,0.000000,0.000000,0.000000,0.000000,0.000000,0.000000,0.000000,0.000000,0.000000,0.000000,0.000000,0.000000,0.000000,0.000000,0.000000,0.000000,0.000000,0.000000,0.000000,0.000000,0.000000,0.000000,0.000000,0.000000,0,0,0,0,0,0,0,0,0,0,0,0,0,66,0,0
5.678324,9770,13,0,0,2,60,0,0,0,0,0,0,-0.000034,-0.000000,-0.034812,-0.004902,-0.000000,0.035494,0.000938,0.000000,1.570796,0.227498,0.000000,0.000000,-9600,-9600,-9600,-9600,0,0,0,0.000000,0.000000,0.000000,0.000000,0.000000,0.000000,0.000000,0.000000,0,0.000000,0.000000,0.000000,0.000000,0.000000,0.000000,0.000000,0.000000,0.000000,0.000000,0.000000,0.000000,0.000000,0.000000,0.000000,0.000000,0.000000,0.000000,0.000000,0.000000,0.000000,0.000000,0.000000,0.000000,0.000000,0.000000,0.000000,0.000000,0.000000,0.000000,0.000000,0.000000,0,0,0,0,0,0,0,0,0,0,0,0,0,66,0,0
5.688094,9770,13,0,0,2,60,0,0,0,0,0,0,-0.000034,-0.000000,-0.034812,-0.004902,-0.000000,0.035494,0.000938,0.000000,1.570796,0.227498,0.000000,0.000000,-9600,-9600,-9600,-9600,0,0,0,0.000000,0.000000,0.000000,0.000000,0.000000,0.000000,0.000000,0.000000,0,0.000000,0.000000,0.000000,0.000000,0.000000,0.000000,0.000000,0.000000,0.000000,0.000000,0.000000,0.000000,0.000000,0.000000,0.000000,0.000000,0.000000,0.000000,0.000000,0.000000,0.000000,0.000000,0.000000,0.000000,0.000000,0.000000,0.000000,0.000000,0.000000,0.000000,0.000000,0.000000,0,0,0,0,0,0,0,0,0,0,0,0,0,66,0,0
5.697864,9770,13,0,0,2,60,0,0,0,0,0,0,-0.000034,-0.000000,-0.034812,-0.004902,-0.000000,0.035494,0.000938,0.000000,1.570796,0.227498,0.000000,0.000000,-9600,-9600,-9600,-9600,0,0,0,0.000000,0.000000,0.000000,0.000000,0.000000,0.000000,0.000000,0.000000,0,0.000000,0.000000,0.000000,0.000000,0.000000,0.000000,0.000000,0.000000,0.000000,0.000000,0.000000,0.000000,0.000000,0.000000,0.000000,0.000000,0.000000,0.000000,0.000000,0.000000,0.000000,0.000000,0.000000,0.000000,0.000000,0.000000,0.000000,0.000000,0.000000,0.000000,0.000000,0.000000,0,0,0,0,0,0,0,0,0,0,0,0,0,66,0,0
5.707634,9770,13,0,0,2,60,0,0,0,0,0,0,-0.000034,-0.000000,-0.034812,-0.004902,-0.000000,0.035494,0.000938,0.000000,1.570796,0.227498,0.000000,0.000000,-9600,-9600,-9600,-9600,0,0,0,0.000000,0.000000,0.000000,0.000000,0.000000,0.000000,0.000000,0.000000,0,0.000000,0.000000,0.000000,0.000000,0.000000,0.000000,0.000000,0.000000,0.000000,0.000000,0.000000,0.000000,0.000000,0.000000,0.000000,0.000000,0.000000,0.000000,0.000000,0.000000,0.000000,0.000000,0.000000,0.000000,0.000000,0.000000,0.000000,0.000000,0.000000,0.000000,0.000000,0.000000,0,0,0,0,0,0,0,0,0,0,0,0,0,66,0,0
5.717404,9770,13,0,0,2,60,0,0,0,0,0,0,-0.000034,-0.000000,-0.034812,-0.004902,-0.000000,0.035494,0.000938,0.000000,1.570796,0.227498,0.000000,0.000000,-9600,-9600,-9600,-9600,0,0,0,0.000000,0.000000,0.000000,0.000000,0.000000,0.000000,0.000000,0.000000,0,0.000000,0.000000,0.000000,0.000000,0.000000,0.000000,0.000000,0.000000,0.000000,0.000000,0.000000,0.000000,0.000000,0.000000,0.000000,0.000000,0.000000,0.000000,0.000000,0.000000,0.000000,0.000000,0.000000,0.000000,0.000000,0.000000,0.000000,0.000000,0.000000,0.000000,0.000000,0.000000,0,0,0,0,0,0,0,0,0,0,0,0,0,66,0,0
5.727174,9770,13,0,0,2,60,0,0,0,0,0,0,-0.000034,-0.000000,-0.034812,-0.004902,-0.000000,0.035494,0.000938,0.000000,1.570796,0.227498,0.000000,0.000000,-9600,-9600,-9600,-9600,0,0,0,0.000000,0.000000,0.000000,0.000000,0.000000,0.000000,0.000000,0.000000,0,0.000000,0.000000,0.000000,0.000000,0.000000,0.000000,0.000000,0.000000,0.000000,0.000000,0.000000,0.000000,0.000000,0.000000,0.000000,0.000000,0.000000,0.000000,0.000000,0.000000,0.000000,0.000000,0.000000,0.000000,0.000000,0.000000,0.000000,0.000000,0.000000,0.000000,0.000000,0.000000,0,0,0,0,0,0,0,0,0,0,0,0,0,66,0,0
5.736944,9770,13,0,0,2,60,0,0,0,0,0,0,-0.000034,-0.000000,-0.034812,-0.004902,-0.000000,0.035494,0.000938,0.000000,1.570796,0.227498,0.000000,0.000000,-9600,-9600,-9600,-9600,0,0,0,0.000000,0.000000,0.000000,0.000000,0.000000,0.000000,0.000000,0.000000,0,0.000000,0.000000,0.000000,0.000000,0.000000,0.000000,0.000000,0.000000,0.000000,0.000000,0.000000,0.000000,0.000000,0.000000,0.000000,0.000000,0.000000,0.000000,0.000000,0.000000,0.000000,0.000000,0.000000,0.000000,0.000000,0.000000,0.000000,0.000000,0.000000,0.000000,0.000000,0.000000,0,0,0,0,0,0,0,0,0,0,0,0,0,66,0,0
5.746714,9770,13,0,0,2,60,0,0,0,0,0,0,-0.000034,-0.000000,-0.034812,-0.004902,-0.000000,0.035494,0.000938,0.000000,1.570796,0.227498,0.000000,0.000000,-9600,-9600,-9600,-9600,0,0,0,0.000000,0.000000,0.000000,0.000000,0.000000,0.000000,0.000000,0.000000,0,0.000000,0.000000,0.000000,0.000000,0.000000,0.000000,0.000000,0.000000,0.000000,0.000000,0.000000,0.000000,0.000000,0.000000,0.000000,0.000000,0.000000,0.000000,0.000000,0.000000,0.000000,0.000000,0.000000,0.000000,0.000000,0.000000,0.000000,0.000000,0.000000,0.000000,0.000000,0.000000,0,0,0,0,0,0,0,0,0,0,0,0,0,66,0,0
5.756484,9770,13,0,0,2,60,0,0,0,0,0,0,-0.000034,-0.000000,-0.034812,-0.004902,-0.000000,0.035494,0.000938,0.000000,1.570796,0.227498,0.000000,0.000000,-9600,-9600,-9600,-9600,0,0,0,0.000000,0.000000,0.000000,0.000000,0.000000,0.000000,0.000000,0.000000,0,0.000000,0.000000,0.000000,0.000000,0.000000,0.000000,0.000000,0.000000,0.000000,0.000000,0.000000,0.000000,0.000000,0.000000,0.000000,0.000000,0.000000,0.000000,0.000000,0.000000,0.000000,0.000000,0.000000,0.000000,0.000000,0.000000,0.000000,0.000000,0.000000,0.000000,0.000000,0.000000,0,0,0,0,0,0,0,0,0,0,0,0,0,66,0,0
5.766254,9770,13,0,0,2,60,0,0,0,0,0,0,-0.000034,-0.000000,-0.034812,-0.004902,-0.000000,0.035494,0.000938,0.000000,1.570796,0.227498,0.000000,0.000000,-9600,-9600,-9600,-9600,0,0,0,0.000000,0.000000,0.000000,0.000000,0.000000,0.000000,0.000000,0.000000,0,0.000000,0.000000,0.000000,0.000000,0.000000,0.000000,0.000000,0.000000,0.000000,0.000000,0.000000,0.000000,0.000000,0.000000,0.000000,0.000000,0.000000,0.000000,0.000000,0.000000,0.000000,0.000000,0.000000,0.000000,0.000000,0.000000,0.000000,0.000000,0.000000,0.000000,0.000000,0.000000,0,0,0,0,0,0,0,0,0,0,0,0,0,66,0,0
5.776024,9770,13,0,0,2,60,0,0,0,0,0,0,-0.000034,-0.000000,-0.034812,-0.004902,-0.000000,0.035494,0.000938,0.000000,1.570796,0.227498,0.000000,0.000000,-9600,-9600,-9600,-9600,0,0,0,0.000000,0.000000,0.000000,0.000000,0.000000,0.000000,0.000000,0.000000,0,0.000000,0.000000,0.000000,0.000000,0.000000,0.000000,0.000000,0.000000,0.000000,0.000000,0.000000,0.000000,0.000000,0.000000,0.000000,0.000000,0.000000,0.000000,0.000000,0.000000,0.000000,0.000000,0.000000,0.000000,0.000000,0.000000,0.000000,0.000000,0.000000,0.000000,0.000000,0.000000,0,0,0,0,0,0,0,0,0,0,0,0,0,66,0,0
5.785794,9770,13,0,0,2,60,0,0,0,0,0,0,-0.000034,-0.000000,-0.034812,-0.004902,-0.000000,0.035494,0.000938,0.000000,1.570796,0.227498,0.000000,0.000000,-9600,-9600,-9600,-9600,0,0,0,0.000000,0.000000,0.000000,0.000000,0.000000,0.000000,0.000000,0.000000,0,0.000000,0.000000,0.000000,0.000000,0.000000,0.000000,0.000000,0.000000,0.000000,0.000000,0.000000,0.000000,0.000000,0.000000,0.000000,0.000000,0.000000,0.000000,0.000000,0.000000,0.000000,0.000000,0.000000,0.000000,0.000000,0.000000,0.000000,0.000000,0.000000,0.000000,0.000000,0.000000,0,0,0,0,0,0,0,0,0,0,0,0,0,66,0,0
5.795564,9770,13,0,0,2,60,0,0,0,0,0,0,-0.000034,-0.000000,-0.034812,-0.004902,-0.000000,0.035494,0.000938,0.000000,1.570796,0.227498,0.000000,0.000000,-9600,-9600,-9600,-9600,0,0,0,0.000000,0.000000,0.000000,0.000000,0.000000,0.000000,0.000000,0.000000,0,0.000000,0.000000,0.000000,0.000000,0.000000,0.000000,0.000000,0.000000,0.000000,0.000000,0.000000,0.000000,0.000000,0.000000,0.000000,0.000000,0.000000,0.000000,0.000000,0.000000,0.000000,0.000000,0.000000,0.000000,0.000000,0.000000,0.000000,0.000000,0.000000,0.000000,0.000000,0.000000,0,0,0,0,0,0,0,0,0,0,0,0,0,66,0,0
5.805334,9770,13,0,0,2,60,0,0,0,0,0,0,-0.000034,-0.000000,-0.034812,-0.004902,-0.000000,0.035494,0.000938,0.000000,1.570796,0.227498,0.000000,0.000000,-9600,-9600,-9600,-9600,0,0,0,0.000000,0.000000,0.000000,0.000000,0.000000,0.000000,0.000000,0.000000,0,0.000000,0.000000,0.000000,0.000000,0.000000,0.000000,0.000000,0.000000,0.000000,0.000000,0.000000,0.000000,0.000000,0.000000,0.000000,0.000000,0.000000,0.000000,0.000000,0.000000,0.000000,0.000000,0.000000,0.000000,0.000000,0.000000,0.000000,0.000000,0.000000,0.000000,0.000000,0.000000,0,0,0,0,0,0,0,0,0,0,0,0,0,66,0,0
5.815104,9770,13,0,0,2,60,0,0,0,0,0,0,-0.000034,-0.000000,-0.034812,-0.004902,-0.000000,0.035494,0.000938,0.000000,1.570796,0.227498,0.000000,0.000000,-9600,-9600,-9600,-9600,0,0,0,0.000000,0.000000,0.000000,0.000000,0.000000,0.000000,0.000000,0.000000,0,0.000000,0.000000,0.000000,0.000000,0.000000,0.000000,0.000000,0.000000,0.000000,0.000000,0.000000,0.000000,0.000000,0.000000,0.000000,0.000000,0.000000,0.000000,0.000000,0.000000,0.000000,0.000000,0.000000,0.000000,0.000000,0.000000,0.000000,0.000000,0.000000,0.000000,0.000000,0.000000,0,0,0,0,0,0,0,0,0,0,0,0,0,66,0,0
5.824874,9770,13,0,0,2,60,0,0,0,0,0,0,-0.000034,-0.000000,-0.034812,-0.004902,-0.000000,0.035494,0.000938,0.000000,1.570796,0.227498,0.000000,0.000000,-9600,-9600,-9600,-9600,0,0,0,0.000000,0.000000,0.000000,0.000000,0.000000,0.000000,0.000000,0.000000,0,0.000000,0.000000,0.000000,0.000000,0.000000,0.000000,0.000000,0.000000,0.000000,0.000000,0.000000,0.000000,0.000000,0.000000,0.000000,0.000000,0.000000,0.000000,0.000000,0.000000,0.000000,0.000000,0.000000,0.000000,0.000000,0.000000,0.000000,0.000000,0.000000,0.000000,0.000000,0.000000,0,0,0,0,0,0,0,0,0,0,0,0,0,66,0,0
5.834644,9770,13,0,0,2,60,0,0,0,0,0,0,-0.000034,-0.000000,-0.034812,-0.004902,-0.000000,0.035494,0.000938,0.000000,1.570796,0.227498,0.000000,0.000000,-9600,-9600,-9600,-9600,0,0,0,0.000000,0.000000,0.000000,0.000000,0.000000,0.000000,0.000000,0.000000,0,0.000000,0.000000,0.000000,0.000000,0.000000,0.000000,0.000000,0.000000,0.000000,0.000000,0.000000,0.000000,0.000000,0.000000,0.000000,0.000000,0.000000,0.000000,0.000000,0.000000,0.000000,0.000000,0.000000,0.000000,0.000000,0.000000,0.000000,0.000000,0.000000,0.000000,0.000000,0.000000,0,0,0,0,0,0,0,0,0,0,0,0,0,66,0,0
5.844414,9770,13,0,0,2,60,0,0,0,0,0,0,-0.000034,-0.000000,-0.034812,-0.004902,-0.000000,0.035494,0.000938,0.000000,1.570796,0.227498,0.000000,0.000000,-9600,-9600,-9600,-9600,0,0,0,0.000000,0.000000,0.000000,0.000000,0.000000,0.000000,0.000000,0.000000,0,0.000000,0.000000,0.000000,0.000000,0.000000,0.000000,0.000000,0.000000,0.000000,0.000000,0.000000,0.000000,0.000000,0.000000,0.000000,0.000000,0.000000,0.000000,0.000000,0.000000,0.000000,0.000000,0.000000,0.000000,0.000000,0.000000,0.000000,0.000000,0.000000,0.000000,0.000000,0.000000,0,0,0,0,0,0,0,0,0,0,0,0,0,66,0,0
5.854184,9770,13,0,0,2,60,0,0,0,0,0,0,-0.000034,-0.000000,-0.034812,-0.004902,-0.000000,0.035494,0.000938,0.000000,1.570796,0.227498,0.000000,0.000000,-9600,-9600,-9600,-9600,0,0,0,0.000000,0.000000,0.000000,0.000000,0.000000,0.000000,0.000000,0.000000,0,0.000000,0.000000,0.000000,0.000000,0.000000,0.000000,0.000000,0.000000,0.000000,0.000000,0.000000,0.000000,0.000000,0.000000,0.000000,0.000000,0.000000,0.000000,0.000000,0.000000,0.000000,0.000000,0.000000,0.000000,0.000000,0.000000,0.000000,0.000000,0.000000,0.000000,0.000000,0.000000,0,0,0,0,0,0,0,0,0,0,0,0,0,66,0,0
5.863954,9770,13,0,0,2,60,0,0,0,0,0,0,-0.000034,-0.000000,-0.034812,-0.004902,-0.000000,0.035494,0.000938,0.000000,1.570796,0.227498,0.000000,0.000000,-9600,-9600,-9600,-9600,0,0,0,0.000000,0.000000,0.000000,0.000000,0.000000,0.000000,0.000000,0.000000,0,0.000000,0.000000,0.000000,0.000000,0.000000,0.000000,0.000000,0.000000,0.000000,0.000000,0.000000,0.000000,0.000000,0.000000,0.000000,0.000000,0.000000,0.000000,0.000000,0.000000,0.000000,0.000000,0.000000,0.000000,0.000000,0.000000,0.000000,0.000000,0.000000,0.000000,0.000000,0.000000,0,0,0,0,0,0,0,0,0,0,0,0,0,66,0,0
5.873724,9770,13,0,0,2,60,0,0,0,0,0,0,-0.000034,-0.000000,-0.034812,-0.004902,-0.000000,0.035494,0.000938,0.000000,1.570796,0.227498,0.000000,0.000000,-9600,-9600,-9600,-9600,0,0,0,0.000000,0.000000,0.000000,0.000000,0.000000,0.000000,0.000000,0.000000,0,0.000000,0.000000,0.000000,0.000000,0.000000,0.000000,0.000000,0.000000,0.000000,0.000000,0.000000,0.000000,0.000000,0.000000,0.000000,0.000000,0.000000,0.000000,0.000000,0.000000,0.000000,0.000000,0.000000,0.000000,0.000000,0.000000,0.000000,0.000000,0.000000,0.000000,0.000000,0.000000,0,0,0,0,0,0,0,0,0,0,0,0,0,66,0,0
5.883494,9770,13,0,0,2,60,0,0,0,0,0,0,-0.000034,-0.000000,-0.034812,-0.004902,-0.000000,0.035494,0.000938,0.000000,1.570796,0.227498,0.000000,0.000000,-9600,-9600,-9600,-9600,0,0,0,0.000000,0.000000,0.000000,0.000000,0.000000,0.000000,0.000000,0.000000,0,0.000000,0.000000,0.000000,0.000000,0.000000,0.000000,0.000000,0.000000,0.000000,0.000000,0.000000,0.000000,0.000000,0.000000,0.000000,0.000000,0.000000,0.000000,0.000000,0.000000,0.000000,0.000000,0.000000,0.000000,0.000000,0.000000,0.000000,0.000000,0.000000,0.000000,0.000000,0.000000,0,0,0,0,0,0,0,0,0,0,0,0,0,66,0,0
5.893264,9770,13,0,0,2,60,0,0,0,0,0,0,-0.000034,-0.000000,-0.034812,-0.004902,-0.000000,0.035494,0.000938,0.000000,1.570796,0.227498,0.000000,0.000000,-9600,-9600,-9600,-9600,0,0,0,0.000000,0.000000,0.000000,0.000000,0.000000,0.000000,0.000000,0.000000,0,0.000000,0.000000,0.000000,0.000000,0.000000,0.000000,0.000000,0.000000,0.000000,0.000000,0.000000,0.000000,0.000000,0.000000,0.000000,0.000000,0.000000,0.000000,0.000000,0.000000,0.000000,0.000000,0.000000,0.000000,0.000000,0.000000,0.000000,0.000000,0.000000,0.000000,0.000000,0.000000,0,0,0,0,0,0,0,0,0,0,0,0,0,66,0,0
5.903034,9770,13,0,0,2,60,0,0,0,0,0,0,-0.000034,-0.000000,-0.034812,-0.004902,-0.000000,0.035494,0.000938,0.000000,1.570796,0.227498,0.000000,0.000000,-9600,-9600,-9600,-9600,0,0,0,0.000000,0.000000,0.000000,0.000000,0.000000,0.000000,0.000000,0.000000,0,0.000000,0.000000,0.000000,0.000000,0.000000,0.000000,0.000000,0.000000,0.000000,0.000000,0.000000,0.000000,0.000000,0.000000,0.000000,0.000000,0.000000,0.000000,0.000000,0.000000,0.000000,0.000000,0.000000,0.000000,0.000000,0.000000,0.000000,0.000000,0.000000,0.000000,0.000000,0.000000,0,0,0,0,0,0,0,0,0,0,0,0,0,66,0,0
5.912804,9770,13,0,0,2,60,0,0,0,0,0,0,-0.000035,-0.000000,-0.034812,-0.004902,-0.000000,0.035494,0.000938,0.000000,1.570796,0.227498,0.000000,0.000000,-9600,-9600,-9600,-9600,0,0,0,0.000000,0.000000,0.000000,0.000000,0.000000,0.000000,0.000000,0.000000,0,0.000000,0.000000,0.000000,0.000000,0.000000,0.000000,0.000000,0.000000,0.000000,0.000000,0.000000,0.000000,0.000000,0.000000,0.000000,0.000000,0.000000,0.000000,0.000000,0.000000,0.000000,0.000000,0.000000,0.000000,0.000000,0.000000,0.000000,0.000000,0.000000,0.000000,0.000000,0.000000,0,0,0,0,0,0,0,0,0,0,0,0,0,66,0,0
5.922574,9770,13,0,0,2,60,0,0,0,0,0,0,-0.000035,-0.000000,-0.034812,-0.004902,-0.000000,0.035494,0.000938,0.000000,1.570796,0.227498,0.000000,0.000000,-9600,-9600,-9600,-9600,0,0,0,0.000000,0.000000,0.000000,0.000000,0.000000,0.000000,0.000000,0.000000,0,0.000000,0.000000,0.000000,0.000000,0.000000,0.000000,0.000000,0.000000,0.000000,0.000000,0.000000,0.000000,0.000000,0.000000,0.000000,0.000000,0.000000,0.000000,0.000000,0.000000,0.000000,0.000000,0.000000,0.000000,0.000000,0.000000,0.000000,0.000000,0.000000,0.000000,0.000000,0.000000,0,0,0,0,0,0,0,0,0,0,0,0,0,66,0,0
5.932344,9770,13,0,0,2,60,0,0,0,0,0,0,-0.000035,-0.000000,-0.034812,-0.004902,-0.000000,0.035494,0.000938,0.000000,1.570796,0.227498,0.000000,0.000000,-9600,-9600,-9600,-9600,0,0,0,0.000000,0.000000,0.000000,0.000000,0.000000,0.000000,0.000000,0.000000,0,0.000000,0.000000,0.000000,0.000000,0.000000,0.000000,0.000000,0.000000,0.000000,0.000000,0.000000,0.000000,0.000000,0.000000,0.000000,0.000000,0.000000,0.000000,0.000000,0.000000,0.000000,0.000000,0.000000,0.000000,0.000000,0.000000,0.000000,0.000000,0.000000,0.000000,0.000000,0.000000,0,0,0,0,0,0,0,0,0,0,0,0,0,66,0,0
5.942114,9770,13,0,0,2,60,0,0,0,0,0,0,-0.000035,-0.000000,-0.034812,-0.004902,-0.000000,0.035494,0.000938,0.000000,1.570796,0.227498,0.000000,0.000000,-9600,-9600,-9600,-9600,0,0,0,0.000000,0.000000,0.000000,0.000000,0.000000,0.000000,0.000000,0.000000,0,0.000000,0.000000,0.000000,0.000000,0.000000,0.000000,0.000000,0.000000,0.000000,0.000000,0.000000,0.000000,0.000000,0.000000,0.000000,0.000000,0.000000,0.000000,0.000000,0.000000,0.000000,0.000000,0.000000,0.000000,0.000000,0.000000,0.000000,0.000000,0.000000,0.000000,0.000000,0.000000,0,0,0,0,0,0,0,0,0,0,0,0,0,66,0,0
5.951884,9770,13,0,0,2,60,0,0,0,0,0,0,-0.000035,-0.000000,-0.034812,-0.004902,-0.000000,0.035494,0.000938,0.000000,1.570796,0.227498,0.000000,0.000000,-9600,-9600,-9600,-9600,0,0,0,0.000000,0.000000,0.000000,0.000000,0.000000,0.000000,0.000000,0.000000,0,0.000000,0.000000,0.000000,0.000000,0.000000,0.000000,0.000000,0.000000,0.000000,0.000000,0.000000,0.000000,0.000000,0.000000,0.000000,0.000000,0.000000,0.000000,0.000000,0.000000,0.000000,0.000000,0.000000,0.000000,0.000000,0.000000,0.000000,0.000000,0.000000,0.000000,0.000000,0.000000,0,0,0,0,0,0,0,0,0,0,0,0,0,66,0,0
5.961654,9770,13,0,0,2,60,0,0,0,0,0,0,-0.000035,-0.000000,-0.034812,-0.004902,-0.000000,0.035494,0.000938,0.000000,1.570796,0.227498,0.000000,0.000000,-9600,-9600,-9600,-9600,0,0,0,0.000000,0.000000,0.000000,0.000000,0.000000,0.000000,0.000000,0.000000,0,0.000000,0.000000,0.000000,0.000000,0.000000,0.000000,0.000000,0.000000,0.000000,0.000000,0.000000,0.000000,0.000000,0.000000,0.000000,0.000000,0.000000,0.000000,0.000000,0.000000,0.000000,0.000000,0.000000,0.000000,0.000000,0.000000,0.000000,0.000000,0.000000,0.000000,0.000000,0.000000,0,0,0,0,0,0,0,0,0,0,0,0,0,66,0,0
5.971424,9770,13,0,0,2,60,0,0,0,0,0,0,-0.000035,-0.000000,-0.034812,-0.004902,-0.000000,0.035494,0.000938,0.000000,1.570796,0.227498,0.000000,0.000000,-9600,-9600,-9600,-9600,0,0,0,0.000000,0.000000,0.000000,0.000000,0.000000,0.000000,0.000000,0.000000,0,0.000000,0.000000,0.000000,0.000000,0.000000,0.000000,0.000000,0.000000,0.000000,0.000000,0.000000,0.000000,0.000000,0.000000,0.000000,0.000000,0.000000,0.000000,0.000000,0.000000,0.000000,0.000000,0.000000,0.000000,0.000000,0.000000,0.000000,0.000000,0.000000,0.000000,0.000000,0.000000,0,0,0,0,0,0,0,0,0,0,0,0,0,66,0,0
5.981194,9770,13,0,0,2,60,0,0,0,0,0,0,-0.000035,-0.000000,-0.034812,-0.004902,-0.000000,0.035494,0.000938,0.000000,1.570796,0.227498,0.000000,0.000000,-9600,-9600,-9600,-9600,0,0,0,0.000000,0.000000,0.000000,0.000000,0.000000,0.000000,0.000000,0.000000,0,0.000000,0.000000,0.000000,0.000000,0.000000,0.000000,0.000000,0.000000,0.000000,0.000000,0.000000,0.000000,0.000000,0.000000,0.000000,0.000000,0.000000,0.000000,0.000000,0.000000,0.000000,0.000000,0.000000,0.000000,0.000000,0.000000,0.000000,0.000000,0.000000,0.000000,0.000000,0.000000,0,0,0,0,0,0,0,0,0,0,0,0,0,66,0,0
5.990964,9770,13,0,0,2,60,0,0,0,0,0,0,-0.000035,-0.000000,-0.034812,-0.004902,-0.000000,0.035494,0.000938,0.000000,1.570796,0.227498,0.000000,0.000000,-9600,-9600,-9600,-9600,0,0,0,0.000000,0.000000,0.000000,0.000000,0.000000,0.000000,0.000000,0.000000,0,0.000000,0.000000,0.000000,0.000000,0.000000,0.000000,0.000000,0.000000,0.000000,0.000000,0.000000,0.000000,0.000000,0.000000,0.000000,0.000000,0.000000,0.000000,0.000000,0.000000,0.000000,0.000000,0.000000,0.000000,0.000000,0.000000,0.000000,0.000000,0.000000,0.000000,0.000000,0.000000,0,0,0,0,0,0,0,0,0,0,0,0,0,66,0,0
6.000734,9770,13,0,0,2,60,0,0,0,0,0,0,-0.000035,-0.000000,-0.034812,-0.004902,-0.000000,0.035494,0.000938,0.000000,1.570796,0.227498,0.000000,0.000000,-9600,-9600,-9600,-9600,0,0,0,0.000000,0.000000,0.000000,0.000000,0.000000,0.000000,0.000000,0.000000,0,0.000000,0.000000,0.000000,0.000000,0.000000,0.000000,0.000000,0.000000,0.000000,0.000000,0.000000,0.000000,0.000000,0.000000,0.000000,0.000000,0.000000,0.000000,0.000000,0.000000,0.000000,0.000000,0.000000,0.000000,0.000000,0.000000,0.000000,0.000000,0.000000,0.000000,0.000000,0.000000,0,0,0,0,0,0,0,0,0,0,0,0,0,66,0,0
6.010504,9770,13,0,0,2,60,0,0,0,0,0,0,-0.000035,-0.000000,-0.034812,-0.004902,-0.000000,0.035494,0.000938,0.000000,1.570796,0.227498,0.000000,0.000000,-9600,-9600,-9600,-9600,0,0,0,0.000000,0.000000,0.000000,0.000000,0.000000,0.000000,0.000000,0.000000,0,0.000000,0.000000,0.000000,0.000000,0.000000,0.000000,0.000000,0.000000,0.000000,0.000000,0.000000,0.000000,0.000000,0.000000,0.000000,0.000000,0.000000,0.000000,0.000000,0.000000,0.000000,0.000000,0.000000,0.000000,0.000000,0.000000,0.000000,0.000000,0.000000,0.000000,0.000000,0.000000,0,0,0,0,0,0,0,0,0,0,0,0,0,66,0,0
6.020274,9770,13,0,0,2,60,0,0,0,0,0,0,-0.000035,-0.000000,-0.034812,-0.004902,-0.000000,0.035494,0.000938,0.000000,1.570796,0.227498,0.000000,0.000000,-9600,-9600,-9600,-9600,0,0,0,0.000000,0.000000,0.000000,0.000000,0.000000,0.000000,0.000000,0.000000,0,0.000000,0.000000,0.000000,0.000000,0.000000,0.000000,0.000000,0.000000,0.000000,0.000000,0.000000,0.000000,0.000000,0.000000,0.000000,0.000000,0.000000,0.000000,0.000000,0.000000,0.000000,0.000000,0.000000,0.000000,0.000000,0.000000,0.000000,0.000000,0.000000,0.000000,0.000000,0.000000,0,0,0,0,0,0,0,0,0,0,0,0,0,66,0,0
6.030044,9770,13,0,0,2,60,0,0,0,0,0,0,-0.000035,-0.000000,-0.034812,-0.004902,-0.000000,0.035494,0.000938,0.000000,1.570796,0.227498,0.000000,0.000000,-9600,-9600,-9600,-9600,0,0,0,0.000000,0.000000,0.000000,0.000000,0.000000,0.000000,0.000000,0.000000,0,0.000000,0.000000,0.000000,0.000000,0.000000,0.000000,0.000000,0.000000,0.000000,0.000000,0.000000,0.000000,0.000000,0.000000,0.000000,0.000000,0.000000,0.000000,0.000000,0.000000,0.000000,0.000000,0.000000,0.000000,0.000000,0.000000,0.000000,0.000000,0.000000,0.000000,0.000000,0.000000,0,0,0,0,0,0,0,0,0,0,0,0,0,66,0,0
6.039814,9770,13,0,0,2,60,0,0,0,0,0,0,-0.000035,-0.000000,-0.034812,-0.004902,-0.000000,0.035494,0.000938,0.000000,1.570796,0.227498,0.000000,0.000000,-9600,-9600,-9600,-9600,0,0,0,0.000000,0.000000,0.000000,0.000000,0.000000,0.000000,0.000000,0.000000,0,0.000000,0.000000,0.000000,0.000000,0.000000,0.000000,0.000000,0.000000,0.000000,0.000000,0.000000,0.000000,0.000000,0.000000,0.000000,0.000000,0.000000,0.000000,0.000000,0.000000,0.000000,0.000000,0.000000,0.000000,0.000000,0.000000,0.000000,0.000000,0.000000,0.000000,0.000000,0.000000,0,0,0,0,0,0,0,0,0,0,0,0,0,66,0,0
6.049584,9770,13,0,0,2,60,0,0,0,0,0,0,-0.000035,-0.000000,-0.034812,-0.004902,-0.000000,0.035494,0.000938,0.000000,1.570796,0.227498,0.000000,0.000000,-9600,-9600,-9600,-9600,0,0,0,0.000000,0.000000,0.000000,0.000000,0.000000,0.000000,0.000000,0.000000,0,0.000000,0.000000,0.000000,0.000000,0.000000,0.000000,0.000000,0.000000,0.000000,0.000000,0.000000,0.000000,0.000000,0.000000,0.000000,0.000000,0.000000,0.000000,0.000000,0.000000,0.000000,0.000000,0.000000,0.000000,0.000000,0.000000,0.000000,0.000000,0.000000,0.000000,0.000000,0.000000,0,0,0,0,0,0,0,0,0,0,0,0,0,66,0,0
6.059354,9770,13,0,0,2,60,0,0,0,0,0,0,-0.000035,-0.000000,-0.034812,-0.004902,-0.000000,0.035494,0.000938,0.000000,1.570796,0.227498,0.000000,0.000000,-9600,-9600,-9600,-9600,0,0,0,0.000000,0.000000,0.000000,0.000000,0.000000,0.000000,0.000000,0.000000,0,0.000000,0.000000,0.000000,0.000000,0.000000,0.000000,0.000000,0.000000,0.000000,0.000000,0.000000,0.000000,0.000000,0.000000,0.000000,0.000000,0.000000,0.000000,0.000000,0.000000,0.000000,0.000000,0.000000,0.000000,0.000000,0.000000,0.000000,0.000000,0.000000,0.000000,0.000000,0.000000,0,0,0,0,0,0,0,0,0,0,0,0,0,66,0,0
6.069124,9770,13,0,0,2,60,0,0,0,0,0,0,-0.000035,-0.000000,-0.034812,-0.004902,-0.000000,0.035494,0.000938,0.000000,1.570796,0.227498,0.000000,0.000000,-9600,-9600,-9600,-9600,0,0,0,0.000000,0.000000,0.000000,0.000000,0.000000,0.000000,0.000000,0.000000,0,0.000000,0.000000,0.000000,0.000000,0.000000,0.000000,0.000000,0.000000,0.000000,0.000000,0.000000,0.000000,0.000000,0.000000,0.000000,0.000000,0.000000,0.000000,0.000000,0.000000,0.000000,0.000000,0.000000,0.000000,0.000000,0.000000,0.000000,0.000000,0.000000,0.000000,0.000000,0.000000,0,0,0,0,0,0,0,0,0,0,0,0,0,66,0,0
6.078894,9770,13,0,0,2,60,0,0,0,0,0,0,-0.000035,-0.000000,-0.034812,-0.004902,-0.000000,0.035494,0.000938,0.000000,1.570796,0.227498,0.000000,0.000000,-9600,-9600,-9600,-9600,0,0,0,0.000000,0.000000,0.000000,0.000000,0.000000,0.000000,0.000000,0.000000,0,0.000000,0.000000,0.000000,0.000000,0.000000,0.000000,0.000000,0.000000,0.000000,0.000000,0.000000,0.000000,0.000000,0.000000,0.000000,0.000000,0.000000,0.000000,0.000000,0.000000,0.000000,0.000000,0.000000,0.000000,0.000000,0.000000,0.000000,0.000000,0.000000,0.000000,0.000000,0.000000,0,0,0,0,0,0,0,0,0,0,0,0,0,66,0,0
6.088664,9770,13,0,0,2,60,0,0,0,0,0,0,-0.000035,-0.000000,-0.034812,-0.004902,-0.000000,0.035494,0.000938,0.000000,1.570796,0.227498,0.000000,0.000000,-9600,-9600,-9600,-9600,0,0,0,0.000000,0.000000,0.000000,0.000000,0.000000,0.000000,0.000000,0.000000,0,0.000000,0.000000,0.000000,0.000000,0.000000,0.000000,0.000000,0.000000,0.000000,0.000000,0.000000,0.000000,0.000000,0.000000,0.000000,0.000000,0.000000,0.000000,0.000000,0.000000,0.000000,0.000000,0.000000,0.000000,0.000000,0.000000,0.000000,0.000000,0.000000,0.000000,0.000000,0.000000,0,0,0,0,0,0,0,0,0,0,0,0,0,66,0,0
6.098434,9770,13,0,0,2,60,0,0,0,0,0,0,-0.000035,-0.000000,-0.034812,-0.004902,-0.000000,0.035494,0.000938,0.000000,1.570796,0.227498,0.000000,0.000000,-9600,-9600,-9600,-9600,0,0,0,0.000000,0.000000,0.000000,0.000000,0.000000,0.000000,0.000000,0.000000,0,0.000000,0.000000,0.000000,0.000000,0.000000,0.000000,0.000000,0.000000,0.000000,0.000000,0.000000,0.000000,0.000000,0.000000,0.000000,0.000000,0.000000,0.000000,0.000000,0.000000,0.000000,0.000000,0.000000,0.000000,0.000000,0.000000,0.000000,0.000000,0.000000,0.000000,0.000000,0.000000,0,0,0,0,0,0,0,0,0,0,0,0,0,66,0,0
6.108204,9770,13,0,0,2,60,0,0,0,0,0,0,-0.000035,-0.000000,-0.034812,-0.004902,-0.000000,0.035494,0.000938,0.000000,1.570796,0.227498,0.000000,0.000000,-9600,-9600,-9600,-9600,0,0,0,0.000000,0.000000,0.000000,0.000000,0.000000,0.000000,0.000000,0.000000,0,0.000000,0.000000,0.000000,0.000000,0.000000,0.000000,0.000000,0.000000,0.000000,0.000000,0.000000,0.000000,0.000000,0.000000,0.000000,0.000000,0.000000,0.000000,0.000000,0.000000,0.000000,0.000000,0.000000,0.000000,0.000000,0.000000,0.000000,0.000000,0.000000,0.000000,0.000000,0.000000,0,0,0,0,0,0,0,0,0,0,0,0,0,66,0,0
6.117974,9770,13,0,0,2,60,0,0,0,0,0,0,-0.000035,-0.000000,-0.034812,-0.004902,-0.000000,0.035494,0.000938,0.000000,1.570796,0.227498,0.000000,0.000000,-9600,-9600,-9600,-9600,0,0,0,0.000000,0.000000,0.000000,0.000000,0.000000,0.000000,0.000000,0.000000,0,0.000000,0.000000,0.000000,0.000000,0.000000,0.000000,0.000000,0.000000,0.000000,0.000000,0.000000,0.000000,0.000000,0.000000,0.000000,0.000000,0.000000,0.000000,0.000000,0.000000,0.000000,0.000000,0.000000,0.000000,0.000000,0.000000,0.000000,0.000000,0.000000,0.000000,0.000000,0.000000,0,0,0,0,0,0,0,0,0,0,0,0,0,66,0,0
6.127744,9770,13,0,0,2,60,0,0,0,0,0,0,-0.000035,-0.000000,-0.034812,-0.004902,-0.000000,0.035494,0.000938,0.000000,1.570796,0.227498,0.000000,0.000000,-9600,-9600,-9600,-9600,0,0,0,0.000000,0.000000,0.000000,0.000000,0.000000,0.000000,0.000000,0.000000,0,0.000000,0.000000,0.000000,0.000000,0.000000,0.000000,0.000000,0.000000,0.000000,0.000000,0.000000,0.000000,0.000000,0.000000,0.000000,0.000000,0.000000,0.000000,0.000000,0.000000,0.000000,0.000000,0.000000,0.000000,0.000000,0.000000,0.000000,0.000000,0.000000,0.000000,0.000000,0.000000,0,0,0,0,0,0,0,0,0,0,0,0,0,66,0,0
6.137514,9770,13,0,0,2,60,0,0,0,0,0,0,-0.000035,-0.000000,-0.034812,-0.004902,-0.000000,0.035494,0.000938,0.000000,1.570796,0.227498,0.000000,0.000000,-9600,-9600,-9600,-9600,0,0,0,0.000000,0.000000,0.000000,0.000000,0.000000,0.000000,0.000000,0.000000,0,0.000000,0.000000,0.000000,0.000000,0.000000,0.000000,0.000000,0.000000,0.000000,0.000000,0.000000,0.000000,0.000000,0.000000,0.000000,0.000000,0.000000,0.000000,0.000000,0.000000,0.000000,0.000000,0.000000,0.000000,0.000000,0.000000,0.000000,0.000000,0.000000,0.000000,0.000000,0.000000,0,0,0,0,0,0,0,0,0,0,0,0,0,66,0,0
6.147284,9770,13,0,0,2,60,0,0,0,0,0,0,-0.000035,-0.000000,-0.034812,-0.004902,-0.000000,0.035494,0.000938,0.000000,1.570796,0.227498,0.000000,0.000000,-9600,-9600,-9600,-9600,0,0,0,0.000000,0.000000,0.000000,0.000000,0.000000,0.000000,0.000000,0.000000,0,0.000000,0.000000,0.000000,0.000000,0.000000,0.000000,0.000000,0.000000,0.000000,0.000000,0.000000,0.000000,0.000000,0.000000,0.000000,0.000000,0.000000,0.000000,0.000000,0.000000,0.000000,0.000000,0.000000,0.000000,0.000000,0.000000,0.000000,0.000000,0.000000,0.000000,0.000000,0.000000,0,0,0,0,0,0,0,0,0,0,0,0,0,66,0,0
6.157054,9770,13,0,0,2,60,0,0,0,0,0,0,-0.000035,-0.000000,-0.034812,-0.004902,-0.000000,0.035494,0.000938,0.000000,1.570796,0.227498,0.000000,0.000000,-9600,-9600,-9600,-9600,0,0,0,0.000000,0.000000,0.000000,0.000000,0.000000,0.000000,0.000000,0.000000,0,0.000000,0.000000,0.000000,0.000000,0.000000,0.000000,0.000000,0.000000,0.000000,0.000000,0.000000,0.000000,0.000000,0.000000,0.000000,0.000000,0.000000,0.000000,0.000000,0.000000,0.000000,0.000000,0.000000,0.000000,0.000000,0.000000,0.000000,0.000000,0.000000,0.000000,0.000000,0.000000,0,0,0,0,0,0,0,0,0,0,0,0,0,66,0,0
6.166824,9770,13,0,0,2,60,0,0,0,0,0,0,-0.000035,-0.000000,-0.034812,-0.004902,-0.000000,0.035494,0.000938,0.000000,1.570796,0.227498,0.000000,0.000000,-9600,-9600,-9600,-9600,0,0,0,0.000000,0.000000,0.000000,0.000000,0.000000,0.000000,0.000000,0.000000,0,0.000000,0.000000,0.000000,0.000000,0.000000,0.000000,0.000000,0.000000,0.000000,0.000000,0.000000,0.000000,0.000000,0.000000,0.000000,0.000000,0.000000,0.000000,0.000000,0.000000,0.000000,0.000000,0.000000,0.000000,0.000000,0.000000,0.000000,0.000000,0.000000,0.000000,0.000000,0.000000,0,0,0,0,0,0,0,0,0,0,0,0,0,66,0,0
6.176594,9770,13,0,0,2,60,0,0,0,0,0,0,-0.000035,-0.000000,-0.034812,-0.004902,-0.000000,0.035494,0.000938,0.000000,1.570796,0.227498,0.000000,0.000000,-9600,-9600,-9600,-9600,0,0,0,0.000000,0.000000,0.000000,0.000000,0.000000,0.000000,0.000000,0.000000,0,0.000000,0.000000,0.000000,0.000000,0.000000,0.000000,0.000000,0.000000,0.000000,0.000000,0.000000,0.000000,0.000000,0.000000,0.000000,0.000000,0.000000,0.000000,0.000000,0.000000,0.000000,0.000000,0.000000,0.000000,0.000000,0.000000,0.000000,0.000000,0.000000,0.000000,0.000000,0.000000,0,0,0,0,0,0,0,0,0,0,0,0,0,66,0,0
6.186364,9770,13,0,0,2,60,0,0,0,0,0,0,-0.000035,-0.000000,-0.034812,-0.004902,-0.000000,0.035494,0.000938,0.000000,1.570796,0.227498,0.000000,0.000000,-9600,-9600,-9600,-9600,0,0,0,0.000000,0.000000,0.000000,0.000000,0.000000,0.000000,0.000000,0.000000,0,0.000000,0.000000,0.000000,0.000000,0.000000,0.000000,0.000000,0.000000,0.000000,0.000000,0.000000,0.000000,0.000000,0.000000,0.000000,0.000000,0.000000,0.000000,0.000000,0.000000,0.000000,0.000000,0.000000,0.000000,0.000000,0.000000,0.000000,0.000000,0.000000,0.000000,0.000000,0.000000,0,0,0,0,0,0,0,0,0,0,0,0,0,66,0,0
6.196134,9770,13,0,0,2,60,0,0,0,0,0,0,-0.000035,-0.000000,-0.034812,-0.004902,-0.000000,0.035494,0.000938,0.000000,1.570796,0.227498,0.000000,0.000000,-9600,-9600,-9600,-9600,0,0,0,0.000000,0.000000,0.000000,0.000000,0.000000,0.000000,0.000000,0.000000,0,0.000000,0.000000,0.000000,0.000000,0.000000,0.000000,0.000000,0.000000,0.000000,0.000000,0.000000,0.000000,0.000000,0.000000,0.000000,0.000000,0.000000,0.000000,0.000000,0.000000,0.000000,0.000000,0.000000,0.000000,0.000000,0.000000,0.000000,0.000000,0.000000,0.000000,0.000000,0.000000,0,0,0,0,0,0,0,0,0,0,0,0,0,66,0,0
6.205904,9770,13,0,0,2,60,0,0,0,0,0,0,-0.000035,-0.000000,-0.034812,-0.004902,-0.000000,0.035494,0.000938,0.000000,1.570796,0.227498,0.000000,0.000000,-9600,-9600,-9600,-9600,0,0,0,0.000000,0.000000,0.000000,0.000000,0.000000,0.000000,0.000000,0.000000,0,0.000000,0.000000,0.000000,0.000000,0.000000,0.000000,0.000000,0.000000,0.000000,0.000000,0.000000,0.000000,0.000000,0.000000,0.000000,0.000000,0.000000,0.000000,0.000000,0.000000,0.000000,0.000000,0.000000,0.000000,0.000000,0.000000,0.000000,0.000000,0.000000,0.000000,0.000000,0.000000,0,0,0,0,0,0,0,0,0,0,0,0,0,66,0,0
6.215674,9770,13,0,0,2,60,0,0,0,0,0,0,-0.000035,-0.000000,-0.034812,-0.004902,-0.000000,0.035494,0.000938,0.000000,1.570796,0.227498,0.000000,0.000000,-9600,-9600,-9600,-9600,0,0,0,0.000000,0.000000,0.000000,0.000000,0.000000,0.000000,0.000000,0.000000,0,0.000000,0.000000,0.000000,0.000000,0.000000,0.000000,0.000000,0.000000,0.000000,0.000000,0.000000,0.000000,0.000000,0.000000,0.000000,0.000000,0.000000,0.000000,0.000000,0.000000,0.000000,0.000000,0.000000,0.000000,0.000000,0.000000,0.000000,0.000000,0.000000,0.000000,0.000000,0.000000,0,0,0,0,0,0,0,0,0,0,0,0,0,66,0,0
6.225444,9770,13,0,0,2,60,0,0,0,0,0,0,-0.000035,-0.000000,-0.034812,-0.004902,-0.000000,0.035494,0.000938,0.000000,1.570796,0.227498,0.000000,0.000000,-9600,-9600,-9600,-9600,0,0,0,0.000000,0.000000,0.000000,0.000000,0.000000,0.000000,0.000000,0.000000,0,0.000000,0.000000,0.000000,0.000000,0.000000,0.000000,0.000000,0.000000,0.000000,0.000000,0.000000,0.000000,0.000000,0.000000,0.000000,0.000000,0.000000,0.000000,0.000000,0.000000,0.000000,0.000000,0.000000,0.000000,0.000000,0.000000,0.000000,0.000000,0.000000,0.000000,0.000000,0.000000,0,0,0,0,0,0,0,0,0,0,0,0,0,66,0,0
6.235214,9770,13,0,0,2,60,0,0,0,0,0,0,-0.000035,-0.000000,-0.034812,-0.004902,-0.000000,0.035494,0.000938,0.000000,1.570796,0.227498,0.000000,0.000000,-9600,-9600,-9600,-9600,0,0,0,0.000000,0.000000,0.000000,0.000000,0.000000,0.000000,0.000000,0.000000,0,0.000000,0.000000,0.000000,0.000000,0.000000,0.000000,0.000000,0.000000,0.000000,0.000000,0.000000,0.000000,0.000000,0.000000,0.000000,0.000000,0.000000,0.000000,0.000000,0.000000,0.000000,0.000000,0.000000,0.000000,0.000000,0.000000,0.000000,0.000000,0.000000,0.000000,0.000000,0.000000,0,0,0,0,0,0,0,0,0,0,0,0,0,66,0,0
6.244984,9770,13,0,0,2,60,0,0,0,0,0,0,-0.000035,-0.000000,-0.034812,-0.004902,-0.000000,0.035494,0.000938,0.000000,1.570796,0.227498,0.000000,0.000000,-9600,-9600,-9600,-9600,0,0,0,0.000000,0.000000,0.000000,0.000000,0.000000,0.000000,0.000000,0.000000,0,0.000000,0.000000,0.000000,0.000000,0.000000,0.000000,0.000000,0.000000,0.000000,0.000000,0.000000,0.000000,0.000000,0.000000,0.000000,0.000000,0.000000,0.000000,0.000000,0.000000,0.000000,0.000000,0.000000,0.000000,0.000000,0.000000,0.000000,0.000000,0.000000,0.000000,0.000000,0.000000,0,0,0,0,0,0,0,0,0,0,0,0,0,66,0,0
6.254754,9770,13,0,0,2,60,0,0,0,0,0,0,-0.000035,-0.000000,-0.034812,-0.004902,-0.000000,0.035494,0.000938,0.000000,1.570796,0.227498,0.000000,0.000000,-9600,-9600,-9600,-9600,0,0,0,0.000000,0.000000,0.000000,0.000000,0.000000,0.000000,0.000000,0.000000,0,0.000000,0.000000,0.000000,0.000000,0.000000,0.000000,0.000000,0.000000,0.000000,0.000000,0.000000,0.000000,0.000000,0.000000,0.000000,0.000000,0.000000,0.000000,0.000000,0.000000,0.000000,0.000000,0.000000,0.000000,0.000000,0.000000,0.000000,0.000000,0.000000,0.000000,0.000000,0.000000,0,0,0,0,0,0,0,0,0,0,0,0,0,66,0,0
6.264524,9770,13,0,0,2,60,0,0,0,0,0,0,-0.000035,-0.000000,-0.034812,-0.004902,-0.000000,0.035494,0.000938,0.000000,1.570796,0.227498,0.000000,0.000000,-9600,-9600,-9600,-9600,0,0,0,0.000000,0.000000,0.000000,0.000000,0.000000,0.000000,0.000000,0.000000,0,0.000000,0.000000,0.000000,0.000000,0.000000,0.000000,0.000000,0.000000,0.000000,0.000000,0.000000,0.000000,0.000000,0.000000,0.000000,0.000000,0.000000,0.000000,0.000000,0.000000,0.000000,0.000000,0.000000,0.000000,0.000000,0.000000,0.000000,0.000000,0.000000,0.000000,0.000000,0.000000,0,0,0,0,0,0,0,0,0,0,0,0,0,66,0,0
6.274294,9770,13,0,0,2,60,0,0,0,0,0,0,-0.000035,-0.000000,-0.034812,-0.004902,-0.000000,0.035494,0.000938,0.000000,1.570796,0.227498,0.000000,0.000000,-9600,-9600,-9600,-9600,0,0,0,0.000000,0.000000,0.000000,0.000000,0.000000,0.000000,0.000000,0.000000,0,0.000000,0.000000,0.000000,0.000000,0.000000,0.000000,0.000000,0.000000,0.000000,0.000000,0.000000,0.000000,0.000000,0.000000,0.000000,0.000000,0.000000,0.000000,0.000000,0.000000,0.000000,0.000000,0.000000,0.000000,0.000000,0.000000,0.000000,0.000000,0.000000,0.000000,0.000000,0.000000,0,0,0,0,0,0,0,0,0,0,0,0,0,66,0,0
6.284064,9770,13,0,0,2,60,0,0,0,0,0,0,-0.000035,-0.000000,-0.034812,-0.004902,-0.000000,0.035494,0.000938,0.000000,1.570796,0.227498,0.000000,0.000000,-9600,-9600,-9600,-9600,0,0,0,0.000000,0.000000,0.000000,0.000000,0.000000,0.000000,0.000000,0.000000,0,0.000000,0.000000,0.000000,0.000000,0.000000,0.000000,0.000000,0.000000,0.000000,0.000000,0.000000,0.000000,0.000000,0.000000,0.000000,0.000000,0.000000,0.000000,0.000000,0.000000,0.000000,0.000000,0.000000,0.000000,0.000000,0.000000,0.000000,0.000000,0.000000,0.000000,0.000000,0.000000,0,0,0,0,0,0,0,0,0,0,0,0,0,66,0,0
6.293834,9770,13,0,0,2,60,0,0,0,0,0,0,-0.000035,-0.000000,-0.034812,-0.004902,-0.000000,0.035494,0.000938,0.000000,1.570796,0.227498,0.000000,0.000000,-9600,-9600,-9600,-9600,0,0,0,0.000000,0.000000,0.000000,0.000000,0.000000,0.000000,0.000000,0.000000,0,0.000000,0.000000,0.000000,0.000000,0.000000,0.000000,0.000000,0.000000,0.000000,0.000000,0.000000,0.000000,0.000000,0.000000,0.000000,0.000000,0.000000,0.000000,0.000000,0.000000,0.000000,0.000000,0.000000,0.000000,0.000000,0.000000,0.000000,0.000000,0.000000,0.000000,0.000000,0.000000,0,0,0,0,0,0,0,0,0,0,0,0,0,66,0,0
6.303604,9770,13,0,0,2,60,0,0,0,0,0,0,-0.000035,-0.000000,-0.034812,-0.004902,-0.000000,0.035494,0.000938,0.000000,1.570796,0.227498,0.000000,0.000000,-9600,-9600,-9600,-9600,0,0,0,0.000000,0.000000,0.000000,0.000000,0.000000,0.000000,0.000000,0.000000,0,0.000000,0.000000,0.000000,0.000000,0.000000,0.000000,0.000000,0.000000,0.000000,0.000000,0.000000,0.000000,0.000000,0.000000,0.000000,0.000000,0.000000,0.000000,0.000000,0.000000,0.000000,0.000000,0.000000,0.000000,0.000000,0.000000,0.000000,0.000000,0.000000,0.000000,0.000000,0.000000,0,0,0,0,0,0,0,0,0,0,0,0,0,66,0,0
6.313374,9770,13,0,0,2,60,0,0,0,0,0,0,-0.000035,-0.000000,-0.034812,-0.004902,-0.000000,0.035494,0.000938,0.000000,1.570796,0.227498,0.000000,0.000000,-9600,-9600,-9600,-9600,0,0,0,0.000000,0.000000,0.000000,0.000000,0.000000,0.000000,0.000000,0.000000,0,0.000000,0.000000,0.000000,0.000000,0.000000,0.000000,0.000000,0.000000,0.000000,0.000000,0.000000,0.000000,0.000000,0.000000,0.000000,0.000000,0.000000,0.000000,0.000000,0.000000,0.000000,0.000000,0.000000,0.000000,0.000000,0.000000,0.000000,0.000000,0.000000,0.000000,0.000000,0.000000,0,0,0,0,0,0,0,0,0,0,0,0,0,66,0,0
6.323144,9770,13,0,0,2,60,0,0,0,0,0,0,-0.000036,-0.000000,-0.034812,-0.004902,-0.000000,0.035494,0.000938,0.000000,1.570796,0.227498,0.000000,0.000000,-9600,-9600,-9600,-9600,0,0,0,0.000000,0.000000,0.000000,0.000000,0.000000,0.000000,0.000000,0.000000,0,0.000000,0.000000,0.000000,0.000000,0.000000,0.000000,0.000000,0.000000,0.000000,0.000000,0.000000,0.000000,0.000000,0.000000,0.000000,0.000000,0.000000,0.000000,0.000000,0.000000,0.000000,0.000000,0.000000,0.000000,0.000000,0.000000,0.000000,0.000000,0.000000,0.000000,0.000000,0.000000,0,0,0,0,0,0,0,0,0,0,0,0,0,66,0,0
6.332914,9770,13,0,0,2,60,0,0,0,0,0,0,-0.000036,-0.000000,-0.034812,-0.004902,-0.000000,0.035494,0.000938,0.000000,1.570796,0.227498,0.000000,0.000000,-9600,-9600,-9600,-9600,0,0,0,0.000000,0.000000,0.000000,0.000000,0.000000,0.000000,0.000000,0.000000,0,0.000000,0.000000,0.000000,0.000000,0.000000,0.000000,0.000000,0.000000,0.000000,0.000000,0.000000,0.000000,0.000000,0.000000,0.000000,0.000000,0.000000,0.000000,0.000000,0.000000,0.000000,0.000000,0.000000,0.000000,0.000000,0.000000,0.000000,0.000000,0.000000,0.000000,0.000000,0.000000,0,0,0,0,0,0,0,0,0,0,0,0,0,66,0,0
6.342684,9770,13,0,0,2,60,0,0,0,0,0,0,-0.000036,-0.000000,-0.034812,-0.004902,-0.000000,0.035494,0.000938,0.000000,1.570796,0.227498,0.000000,0.000000,-9600,-9600,-9600,-9600,0,0,0,0.000000,0.000000,0.000000,0.000000,0.000000,0.000000,0.000000,0.000000,0,0.000000,0.000000,0.000000,0.000000,0.000000,0.000000,0.000000,0.000000,0.000000,0.000000,0.000000,0.000000,0.000000,0.000000,0.000000,0.000000,0.000000,0.000000,0.000000,0.000000,0.000000,0.000000,0.000000,0.000000,0.000000,0.000000,0.000000,0.000000,0.000000,0.000000,0.000000,0.000000,0,0,0,0,0,0,0,0,0,0,0,0,0,66,0,0
6.352454,9770,13,0,0,2,60,0,0,0,0,0,0,-0.000036,-0.000000,-0.034812,-0.004902,-0.000000,0.035494,0.000938,0.000000,1.570796,0.227498,0.000000,0.000000,-9600,-9600,-9600,-9600,0,0,0,0.000000,0.000000,0.000000,0.000000,0.000000,0.000000,0.000000,0.000000,0,0.000000,0.000000,0.000000,0.000000,0.000000,0.000000,0.000000,0.000000,0.000000,0.000000,0.000000,0.000000,0.000000,0.000000,0.000000,0.000000,0.000000,0.000000,0.000000,0.000000,0.000000,0.000000,0.000000,0.000000,0.000000,0.000000,0.000000,0.000000,0.000000,0.000000,0.000000,0.000000,0,0,0,0,0,0,0,0,0,0,0,0,0,66,0,0
6.362224,9770,13,0,0,2,60,0,0,0,0,0,0,-0.000036,-0.000000,-0.034812,-0.004902,-0.000000,0.035494,0.000938,0.000000,1.570796,0.227498,0.000000,0.000000,-9600,-9600,-9600,-9600,0,0,0,0.000000,0.000000,0.000000,0.000000,0.000000,0.000000,0.000000,0.000000,0,0.000000,0.000000,0.000000,0.000000,0.000000,0.000000,0.000000,0.000000,0.000000,0.000000,0.000000,0.000000,0.000000,0.000000,0.000000,0.000000,0.000000,0.000000,0.000000,0.000000,0.000000,0.000000,0.000000,0.000000,0.000000,0.000000,0.000000,0.000000,0.000000,0.000000,0.000000,0.000000,0,0,0,0,0,0,0,0,0,0,0,0,0,66,0,0
6.371994,9770,13,0,0,2,60,0,0,0,0,0,0,-0.000036,-0.000000,-0.034812,-0.004902,-0.000000,0.035494,0.000938,0.000000,1.570796,0.227498,0.000000,0.000000,-9600,-9600,-9600,-9600,0,0,0,0.000000,0.000000,0.000000,0.000000,0.000000,0.000000,0.000000,0.000000,0,0.000000,0.000000,0.000000,0.000000,0.000000,0.000000,0.000000,0.000000,0.000000,0.000000,0.000000,0.000000,0.000000,0.000000,0.000000,0.000000,0.000000,0.000000,0.000000,0.000000,0.000000,0.000000,0.000000,0.000000,0.000000,0.000000,0.000000,0.000000,0.000000,0.000000,0.000000,0.000000,0,0,0,0,0,0,0,0,0,0,0,0,0,66,0,0
6.381764,9770,13,0,0,2,60,0,0,0,0,0,0,-0.000036,-0.000000,-0.034812,-0.004902,-0.000000,0.035494,0.000938,0.000000,1.570796,0.227498,0.000000,0.000000,-9600,-9600,-9600,-9600,0,0,0,0.000000,0.000000,0.000000,0.000000,0.000000,0.000000,0.000000,0.000000,0,0.000000,0.000000,0.000000,0.000000,0.000000,0.000000,0.000000,0.000000,0.000000,0.000000,0.000000,0.000000,0.000000,0.000000,0.000000,0.000000,0.000000,0.000000,0.000000,0.000000,0.000000,0.000000,0.000000,0.000000,0.000000,0.000000,0.000000,0.000000,0.000000,0.000000,0.000000,0.000000,0,0,0,0,0,0,0,0,0,0,0,0,0,66,0,0
6.391534,9770,13,0,0,2,60,0,0,0,0,0,0,-0.000036,-0.000000,-0.034812,-0.004902,-0.000000,0.035494,0.000938,0.000000,1.570796,0.227498,0.000000,0.000000,-9600,-9600,-9600,-9600,0,0,0,0.000000,0.000000,0.000000,0.000000,0.000000,0.000000,0.000000,0.000000,0,0.000000,0.000000,0.000000,0.000000,0.000000,0.000000,0.000000,0.000000,0.000000,0.000000,0.000000,0.000000,0.000000,0.000000,0.000000,0.000000,0.000000,0.000000,0.000000,0.000000,0.000000,0.000000,0.000000,0.000000,0.000000,0.000000,0.000000,0.000000,0.000000,0.000000,0.000000,0.000000,0,0,0,0,0,0,0,0,0,0,0,0,0,66,0,0
6.401304,9770,13,0,0,2,60,0,0,0,0,0,0,-0.000036,-0.000000,-0.034812,-0.004902,-0.000000,0.035494,0.000938,0.000000,1.570796,0.227498,0.000000,0.000000,-9600,-9600,-9600,-9600,0,0,0,0.000000,0.000000,0.000000,0.000000,0.000000,0.000000,0.000000,0.000000,0,0.000000,0.000000,0.000000,0.000000,0.000000,0.000000,0.000000,0.000000,0.000000,0.000000,0.000000,0.000000,0.000000,0.000000,0.000000,0.000000,0.000000,0.000000,0.000000,0.000000,0.000000,0.000000,0.000000,0.000000,0.000000,0.000000,0.000000,0.000000,0.000000,0.000000,0.000000,0.000000,0,0,0,0,0,0,0,0,0,0,0,0,0,66,0,0
6.411074,9770,13,0,0,2,60,0,0,0,0,0,0,-0.000036,-0.000000,-0.034812,-0.004902,-0.000000,0.035494,0.000938,0.000000,1.570796,0.227498,0.000000,0.000000,-9600,-9600,-9600,-9600,0,0,0,0.000000,0.000000,0.000000,0.000000,0.000000,0.000000,0.000000,0.000000,0,0.000000,0.000000,0.000000,0.000000,0.000000,0.000000,0.000000,0.000000,0.000000,0.000000,0.000000,0.000000,0.000000,0.000000,0.000000,0.000000,0.000000,0.000000,0.000000,0.000000,0.000000,0.000000,0.000000,0.000000,0.000000,0.000000,0.000000,0.000000,0.000000,0.000000,0.000000,0.000000,0,0,0,0,0,0,0,0,0,0,0,0,0,66,0,0
6.420844,9770,13,0,0,2,60,0,0,0,0,0,0,-0.000036,-0.000000,-0.034812,-0.004902,-0.000000,0.035494,0.000938,0.000000,1.570796,0.227498,0.000000,0.000000,-9600,-9600,-9600,-9600,0,0,0,0.000000,0.000000,0.000000,0.000000,0.000000,0.000000,0.000000,0.000000,0,0.000000,0.000000,0.000000,0.000000,0.000000,0.000000,0.000000,0.000000,0.000000,0.000000,0.000000,0.000000,0.000000,0.000000,0.000000,0.000000,0.000000,0.000000,0.000000,0.000000,0.000000,0.000000,0.000000,0.000000,0.000000,0.000000,0.000000,0.000000,0.000000,0.000000,0.000000,0.000000,0,0,0,0,0,0,0,0,0,0,0,0,0,66,0,0
6.430614,9770,13,0,0,2,60,0,0,0,0,0,0,-0.000036,-0.000000,-0.034812,-0.004902,-0.000000,0.035494,0.000938,0.000000,1.570796,0.227498,0.000000,0.000000,-9600,-9600,-9600,-9600,0,0,0,0.000000,0.000000,0.000000,0.000000,0.000000,0.000000,0.000000,0.000000,0,0.000000,0.000000,0.000000,0.000000,0.000000,0.000000,0.000000,0.000000,0.000000,0.000000,0.000000,0.000000,0.000000,0.000000,0.000000,0.000000,0.000000,0.000000,0.000000,0.000000,0.000000,0.000000,0.000000,0.000000,0.000000,0.000000,0.000000,0.000000,0.000000,0.000000,0.000000,0.000000,0,0,0,0,0,0,0,0,0,0,0,0,0,66,0,0
6.440384,9770,13,0,0,2,60,0,0,0,0,0,0,-0.000036,-0.000000,-0.034812,-0.004902,-0.000000,0.035494,0.000938,0.000000,1.570796,0.227498,0.000000,0.000000,-9600,-9600,-9600,-9600,0,0,0,0.000000,0.000000,0.000000,0.000000,0.000000,0.000000,0.000000,0.000000,0,0.000000,0.000000,0.000000,0.000000,0.000000,0.000000,0.000000,0.000000,0.000000,0.000000,0.000000,0.000000,0.000000,0.000000,0.000000,0.000000,0.000000,0.000000,0.000000,0.000000,0.000000,0.000000,0.000000,0.000000,0.000000,0.000000,0.000000,0.000000,0.000000,0.000000,0.000000,0.000000,0,0,0,0,0,0,0,0,0,0,0,0,0,66,0,0
6.450154,9770,13,0,0,2,60,0,0,0,0,0,0,-0.000036,-0.000000,-0.034812,-0.004902,-0.000000,0.035494,0.000938,0.000000,1.570796,0.227498,0.000000,0.000000,-9600,-9600,-9600,-9600,0,0,0,0.000000,0.000000,0.000000,0.000000,0.000000,0.000000,0.000000,0.000000,0,0.000000,0.000000,0.000000,0.000000,0.000000,0.000000,0.000000,0.000000,0.000000,0.000000,0.000000,0.000000,0.000000,0.000000,0.000000,0.000000,0.000000,0.000000,0.000000,0.000000,0.000000,0.000000,0.000000,0.000000,0.000000,0.000000,0.000000,0.000000,0.000000,0.000000,0.000000,0.000000,0,0,0,0,0,0,0,0,0,0,0,0,0,66,0,0
6.459924,9770,13,0,0,2,60,0,0,0,0,0,0,-0.000036,-0.000000,-0.034812,-0.004902,-0.000000,0.035494,0.000938,0.000000,1.570796,0.227498,0.000000,0.000000,-9600,-9600,-9600,-9600,0,0,0,0.000000,0.000000,0.000000,0.000000,0.000000,0.000000,0.000000,0.000000,0,0.000000,0.000000,0.000000,0.000000,0.000000,0.000000,0.000000,0.000000,0.000000,0.000000,0.000000,0.000000,0.000000,0.000000,0.000000,0.000000,0.000000,0.000000,0.000000,0.000000,0.000000,0.000000,0.000000,0.000000,0.000000,0.000000,0.000000,0.000000,0.000000,0.000000,0.000000,0.000000,0,0,0,0,0,0,0,0,0,0,0,0,0,66,0,0
6.469694,9770,13,0,0,2,60,0,0,0,0,0,0,-0.000036,-0.000000,-0.034812,-0.004902,-0.000000,0.035494,0.000938,0.000000,1.570796,0.227498,0.000000,0.000000,-9600,-9600,-9600,-9600,0,0,0,0.000000,0.000000,0.000000,0.000000,0.000000,0.000000,0.000000,0.000000,0,0.000000,0.000000,0.000000,0.000000,0.000000,0.000000,0.000000,0.000000,0.000000,0.000000,0.000000,0.000000,0.000000,0.000000,0.000000,0.000000,0.000000,0.000000,0.000000,0.000000,0.000000,0.000000,0.000000,0.000000,0.000000,0.000000,0.000000,0.000000,0.000000,0.000000,0.000000,0.000000,0,0,0,0,0,0,0,0,0,0,0,0,0,66,0,0
6.479464,9770,13,0,0,2,60,0,0,0,0,0,0,-0.000036,-0.000000,-0.034812,-0.004902,-0.000000,0.035494,0.000938,0.000000,1.570796,0.227498,0.000000,0.000000,-9600,-9600,-9600,-9600,0,0,0,0.000000,0.000000,0.000000,0.000000,0.000000,0.000000,0.000000,0.000000,0,0.000000,0.000000,0.000000,0.000000,0.000000,0.000000,0.000000,0.000000,0.000000,0.000000,0.000000,0.000000,0.000000,0.000000,0.000000,0.000000,0.000000,0.000000,0.000000,0.000000,0.000000,0.000000,0.000000,0.000000,0.000000,0.000000,0.000000,0.000000,0.000000,0.000000,0.000000,0.000000,0,0,0,0,0,0,0,0,0,0,0,0,0,66,0,0
6.489234,9770,13,0,0,2,60,0,0,0,0,0,0,-0.000036,-0.000000,-0.034812,-0.004902,-0.000000,0.035494,0.000938,0.000000,1.570796,0.227498,0.000000,0.000000,-9600,-9600,-9600,-9600,0,0,0,0.000000,0.000000,0.000000,0.000000,0.000000,0.000000,0.000000,0.000000,0,0.000000,0.000000,0.000000,0.000000,0.000000,0.000000,0.000000,0.000000,0.000000,0.000000,0.000000,0.000000,0.000000,0.000000,0.000000,0.000000,0.000000,0.000000,0.000000,0.000000,0.000000,0.000000,0.000000,0.000000,0.000000,0.000000,0.000000,0.000000,0.000000,0.000000,0.000000,0.000000,0,0,0,0,0,0,0,0,0,0,0,0,0,66,0,0
6.499004,9770,13,0,0,2,60,0,0,0,0,0,0,-0.000036,-0.000000,-0.034812,-0.004902,-0.000000,0.035494,0.000938,0.000000,1.570796,0.227498,0.000000,0.000000,-9600,-9600,-9600,-9600,0,0,0,0.000000,0.000000,0.000000,0.000000,0.000000,0.000000,0.000000,0.000000,0,0.000000,0.000000,0.000000,0.000000,0.000000,0.000000,0.000000,0.000000,0.000000,0.000000,0.000000,0.000000,0.000000,0.000000,0.000000,0.000000,0.000000,0.000000,0.000000,0.000000,0.000000,0.000000,0.000000,0.000000,0.000000,0.000000,0.000000,0.000000,0.000000,0.000000,0.000000,0.000000,0,0,0,0,0,0,0,0,0,0,0,0,0,66,0,0
6.508774,9770,13,0,0,2,60,0,0,0,0,0,0,-0.000036,-0.000000,-0.034812,-0.004902,-0.000000,0.035494,0.000938,0.000000,1.570796,0.227498,0.000000,0.000000,-9600,-9600,-9600,-9600,0,0,0,0.000000,0.000000,0.000000,0.000000,0.000000,0.000000,0.000000,0.000000,0,0.000000,0.000000,0.000000,0.000000,0.000000,0.000000,0.000000,0.000000,0.000000,0.000000,0.000000,0.000000,0.000000,0.000000,0.000000,0.000000,0.000000,0.000000,0.000000,0.000000,0.000000,0.000000,0.000000,0.000000,0.000000,0.000000,0.000000,0.000000,0.000000,0.000000,0.000000,0.000000,0,0,0,0,0,0,0,0,0,0,0,0,0,66,0,0
6.518544,9770,13,0,0,2,60,0,0,0,0,0,0,-0.000036,-0.000000,-0.034812,-0.004902,-0.000000,0.035494,0.000938,0.000000,1.570796,0.227498,0.000000,0.000000,-9600,-9600,-9600,-9600,0,0,0,0.000000,0.000000,0.000000,0.000000,0.000000,0.000000,0.000000,0.000000,0,0.000000,0.000000,0.000000,0.000000,0.000000,0.000000,0.000000,0.000000,0.000000,0.000000,0.000000,0.000000,0.000000,0.000000,0.000000,0.000000,0.000000,0.000000,0.000000,0.000000,0.000000,0.000000,0.000000,0.000000,0.000000,0.000000,0.000000,0.000000,0.000000,0.000000,0.000000,0.000000,0,0,0,0,0,0,0,0,0,0,0,0,0,66,0,0
6.528314,9770,13,0,0,2,60,0,0,0,0,0,0,-0.000036,-0.000000,-0.034812,-0.004902,-0.000000,0.035494,0.000938,0.000000,1.570796,0.227498,0.000000,0.000000,-9600,-9600,-9600,-9600,0,0,0,0.000000,0.000000,0.000000,0.000000,0.000000,0.000000,0.000000,0.000000,0,0.000000,0.000000,0.000000,0.000000,0.000000,0.000000,0.000000,0.000000,0.000000,0.000000,0.000000,0.000000,0.000000,0.000000,0.000000,0.000000,0.000000,0.000000,0.000000,0.000000,0.000000,0.000000,0.000000,0.000000,0.000000,0.000000,0.000000,0.000000,0.000000,0.000000,0.000000,0.000000,0,0,0,0,0,0,0,0,0,0,0,0,0,66,0,0
6.538084,9770,13,0,0,2,60,0,0,0,0,0,0,-0.000036,-0.000000,-0.034812,-0.004902,-0.000000,0.035494,0.000938,0.000000,1.570796,0.227498,0.000000,0.000000,-9600,-9600,-9600,-9600,0,0,0,0.000000,0.000000,0.000000,0.000000,0.000000,0.000000,0.000000,0.000000,0,0.000000,0.000000,0.000000,0.000000,0.000000,0.000000,0.000000,0.000000,0.000000,0.000000,0.000000,0.000000,0.000000,0.000000,0.000000,0.000000,0.000000,0.000000,0.000000,0.000000,0.000000,0.000000,0.000000,0.000000,0.000000,0.000000,0.000000,0.000000,0.000000,0.000000,0.000000,0.000000,0,0,0,0,0,0,0,0,0,0,0,0,0,66,0,0
6.547854,9770,13,0,0,2,60,0,0,0,0,0,0,-0.000036,-0.000000,-0.034812,-0.004902,-0.000000,0.035494,0.000938,0.000000,1.570796,0.227498,0.000000,0.000000,-9600,-9600,-9600,-9600,0,0,0,0.000000,0.000000,0.000000,0.000000,0.000000,0.000000,0.000000,0.000000,0,0.000000,0.000000,0.000000,0.000000,0.000000,0.000000,0.000000,0.000000,0.000000,0.000000,0.000000,0.000000,0.000000,0.000000,0.000000,0.000000,0.000000,0.000000,0.000000,0.000000,0.000000,0.000000,0.000000,0.000000,0.000000,0.000000,0.000000,0.000000,0.000000,0.000000,0.000000,0.000000,0,0,0,0,0,0,0,0,0,0,0,0,0,66,0,0
6.557624,9770,13,0,0,2,60,0,0,0,0,0,0,-0.000036,-0.000000,-0.034812,-0.004902,-0.000000,0.035494,0.000938,0.000000,1.570796,0.227498,0.000000,0.000000,-9600,-9600,-9600,-9600,0,0,0,0.000000,0.000000,0.000000,0.000000,0.000000,0.000000,0.000000,0.000000,0,0.000000,0.000000,0.000000,0.000000,0.000000,0.000000,0.000000,0.000000,0.000000,0.000000,0.000000,0.000000,0.000000,0.000000,0.000000,0.000000,0.000000,0.000000,0.000000,0.000000,0.000000,0.000000,0.000000,0.000000,0.000000,0.000000,0.000000,0.000000,0.000000,0.000000,0.000000,0.000000,0,0,0,0,0,0,0,0,0,0,0,0,0,66,0,0
6.567394,9770,13,0,0,2,60,0,0,0,0,0,0,-0.000036,-0.000000,-0.034812,-0.004902,-0.000000,0.035494,0.000938,0.000000,1.570796,0.227498,0.000000,0.000000,-9600,-9600,-9600,-9600,0,0,0,0.000000,0.000000,0.000000,0.000000,0.000000,0.000000,0.000000,0.000000,0,0.000000,0.000000,0.000000,0.000000,0.000000,0.000000,0.000000,0.000000,0.000000,0.000000,0.000000,0.000000,0.000000,0.000000,0.000000,0.000000,0.000000,0.000000,0.000000,0.000000,0.000000,0.000000,0.000000,0.000000,0.000000,0.000000,0.000000,0.000000,0.000000,0.000000,0.000000,0.000000,0,0,0,0,0,0,0,0,0,0,0,0,0,66,0,0
6.577164,9770,13,0,0,2,60,0,0,0,0,0,0,-0.000036,-0.000000,-0.034812,-0.004902,-0.000000,0.035494,0.000938,0.000000,1.570796,0.227498,0.000000,0.000000,-9600,-9600,-9600,-9600,0,0,0,0.000000,0.000000,0.000000,0.000000,0.000000,0.000000,0.000000,0.000000,0,0.000000,0.000000,0.000000,0.000000,0.000000,0.000000,0.000000,0.000000,0.000000,0.000000,0.000000,0.000000,0.000000,0.000000,0.000000,0.000000,0.000000,0.000000,0.000000,0.000000,0.000000,0.000000,0.000000,0.000000,0.000000,0.000000,0.000000,0.000000,0.000000,0.000000,0.000000,0.000000,0,0,0,0,0,0,0,0,0,0,0,0,0,66,0,0
6.586934,9770,13,0,0,2,60,0,0,0,0,0,0,-0.000036,-0.000000,-0.034812,-0.004902,-0.000000,0.035494,0.000938,0.000000,1.570796,0.227498,0.000000,0.000000,-9600,-9600,-9600,-9600,0,0,0,0.000000,0.000000,0.000000,0.000000,0.000000,0.000000,0.000000,0.000000,0,0.000000,0.000000,0.000000,0.000000,0.000000,0.000000,0.000000,0.000000,0.000000,0.000000,0.000000,0.000000,0.000000,0.000000,0.000000,0.000000,0.000000,0.000000,0.000000,0.000000,0.000000,0.000000,0.000000,0.000000,0.000000,0.000000,0.000000,0.000000,0.000000,0.000000,0.000000,0.000000,0,0,0,0,0,0,0,0,0,0,0,0,0,66,0,0
6.596704,9770,13,0,0,2,60,0,0,0,0,0,0,-0.000036,-0.000000,-0.034812,-0.004902,-0.000000,0.035494,0.000938,0.000000,1.570796,0.227498,0.000000,0.000000,-9600,-9600,-9600,-9600,0,0,0,0.000000,0.000000,0.000000,0.000000,0.000000,0.000000,0.000000,0.000000,0,0.000000,0.000000,0.000000,0.000000,0.000000,0.000000,0.000000,0.000000,0.000000,0.000000,0.000000,0.000000,0.000000,0.000000,0.000000,0.000000,0.000000,0.000000,0.000000,0.000000,0.000000,0.000000,0.000000,0.000000,0.000000,0.000000,0.000000,0.000000,0.000000,0.000000,0.000000,0.000000,0,0,0,0,0,0,0,0,0,0,0,0,0,66,0,0
6.606474,9770,13,0,0,2,60,0,0,0,0,0,0,-0.000036,-0.000000,-0.034812,-0.004902,-0.000000,0.035494,0.000938,0.000000,1.570796,0.227498,0.000000,0.000000,-9600,-9600,-9600,-9600,0,0,0,0.000000,0.000000,0.000000,0.000000,0.000000,0.000000,0.000000,0.000000,0,0.000000,0.000000,0.000000,0.000000,0.000000,0.000000,0.000000,0.000000,0.000000,0.000000,0.000000,0.000000,0.000000,0.000000,0.000000,0.000000,0.000000,0.000000,0.000000,0.000000,0.000000,0.000000,0.000000,0.000000,0.000000,0.000000,0.000000,0.000000,0.000000,0.000000,0.000000,0.000000,0,0,0,0,0,0,0,0,0,0,0,0,0,66,0,0
6.616244,9770,13,0,0,2,60,0,0,0,0,0,0,-0.000036,-0.000000,-0.034812,-0.004902,-0.000000,0.035494,0.000938,0.000000,1.570796,0.227498,0.000000,0.000000,-9600,-9600,-9600,-9600,0,0,0,0.000000,0.000000,0.000000,0.000000,0.000000,0.000000,0.000000,0.000000,0,0.000000,0.000000,0.000000,0.000000,0.000000,0.000000,0.000000,0.000000,0.000000,0.000000,0.000000,0.000000,0.000000,0.000000,0.000000,0.000000,0.000000,0.000000,0.000000,0.000000,0.000000,0.000000,0.000000,0.000000,0.000000,0.000000,0.000000,0.000000,0.000000,0.000000,0.000000,0.000000,0,0,0,0,0,0,0,0,0,0,0,0,0,66,0,0
6.626014,9770,13,0,0,2,60,0,0,0,0,0,0,-0.000036,-0.000000,-0.034812,-0.004902,-0.000000,0.035494,0.000938,0.000000,1.570796,0.227498,0.000000,0.000000,-9600,-9600,-9600,-9600,0,0,0,0.000000,0.000000,0.000000,0.000000,0.000000,0.000000,0.000000,0.000000,0,0.000000,0.000000,0.000000,0.000000,0.000000,0.000000,0.000000,0.000000,0.000000,0.000000,0.000000,0.000000,0.000000,0.000000,0.000000,0.000000,0.000000,0.000000,0.000000,0.000000,0.000000,0.000000,0.000000,0.000000,0.000000,0.000000,0.000000,0.000000,0.000000,0.000000,0.000000,0.000000,0,0,0,0,0,0,0,0,0,0,0,0,0,66,0,0
6.635784,9770,13,0,0,2,60,0,0,0,0,0,0,-0.000036,-0.000000,-0.034812,-0.004902,-0.000000,0.035494,0.000938,0.000000,1.570796,0.227498,0.000000,0.000000,-9600,-9600,-9600,-9600,0,0,0,0.000000,0.000000,0.000000,0.000000,0.000000,0.000000,0.000000,0.000000,0,0.000000,0.000000,0.000000,0.000000,0.000000,0.000000,0.000000,0.000000,0.000000,0.000000,0.000000,0.000000,0.000000,0.000000,0.000000,0.000000,0.000000,0.000000,0.000000,0.000000,0.000000,0.000000,0.000000,0.000000,0.000000,0.000000,0.000000,0.000000,0.000000,0.000000,0.000000,0.000000,0,0,0,0,0,0,0,0,0,0,0,0,0,66,0,0
6.645554,9770,13,0,0,2,60,0,0,0,0,0,0,-0.000036,-0.000000,-0.034812,-0.004902,-0.000000,0.035494,0.000938,0.000000,1.570796,0.227498,0.000000,0.000000,-9600,-9600,-9600,-9600,0,0,0,0.000000,0.000000,0.000000,0.000000,0.000000,0.000000,0.000000,0.000000,0,0.000000,0.000000,0.000000,0.000000,0.000000,0.000000,0.000000,0.000000,0.000000,0.000000,0.000000,0.000000,0.000000,0.000000,0.000000,0.000000,0.000000,0.000000,0.000000,0.000000,0.000000,0.000000,0.000000,0.000000,0.000000,0.000000,0.000000,0.000000,0.000000,0.000000,0.000000,0.000000,0,0,0,0,0,0,0,0,0,0,0,0,0,66,0,0
6.655324,9770,13,0,0,2,60,0,0,0,0,0,0,-0.000036,-0.000000,-0.034812,-0.004902,-0.000000,0.035494,0.000938,0.000000,1.570796,0.227498,0.000000,0.000000,-9600,-9600,-9600,-9600,0,0,0,0.000000,0.000000,0.000000,0.000000,0.000000,0.000000,0.000000,0.000000,0,0.000000,0.000000,0.000000,0.000000,0.000000,0.000000,0.000000,0.000000,0.000000,0.000000,0.000000,0.000000,0.000000,0.000000,0.000000,0.000000,0.000000,0.000000,0.000000,0.000000,0.000000,0.000000,0.000000,0.000000,0.000000,0.000000,0.000000,0.000000,0.000000,0.000000,0.000000,0.000000,0,0,0,0,0,0,0,0,0,0,0,0,0,66,0,0
6.665094,9770,13,0,0,2,60,0,0,0,0,0,0,-0.000036,-0.000000,-0.034812,-0.004902,-0.000000,0.035494,0.000938,0.000000,1.570796,0.227498,0.000000,0.000000,-9600,-9600,-9600,-9600,0,0,0,0.000000,0.000000,0.000000,0.000000,0.000000,0.000000,0.000000,0.000000,0,0.000000,0.000000,0.000000,0.000000,0.000000,0.000000,0.000000,0.000000,0.000000,0.000000,0.000000,0.000000,0.000000,0.000000,0.000000,0.000000,0.000000,0.000000,0.000000,0.000000,0.000000,0.000000,0.000000,0.000000,0.000000,0.000000,0.000000,0.000000,0.000000,0.000000,0.000000,0.000000,0,0,0,0,0,0,0,0,0,0,0,0,0,66,0,0
6.674864,9770,13,0,0,2,60,0,0,0,0,0,0,-0.000036,-0.000000,-0.034812,-0.004902,-0.000000,0.035494,0.000938,0.000000,1.570796,0.227498,0.000000,0.000000,-9600,-9600,-9600,-9600,0,0,0,0.000000,0.000000,0.000000,0.000000,0.000000,0.000000,0.000000,0.000000,0,0.000000,0.000000,0.000000,0.000000,0.000000,0.000000,0.000000,0.000000,0.000000,0.000000,0.000000,0.000000,0.000000,0.000000,0.000000,0.000000,0.000000,0.000000,0.000000,0.000000,0.000000,0.000000,0.000000,0.000000,0.000000,0.000000,0.000000,0.000000,0.000000,0.000000,0.000000,0.000000,0,0,0,0,0,0,0,0,0,0,0,0,0,66,0,0
6.684634,9770,13,0,0,2,60,0,0,0,0,0,0,-0.000036,-0.000000,-0.034812,-0.004902,-0.000000,0.035494,0.000938,0.000000,1.570796,0.227498,0.000000,0.000000,-9600,-9600,-9600,-9600,0,0,0,0.000000,0.000000,0.000000,0.000000,0.000000,0.000000,0.000000,0.000000,0,0.000000,0.000000,0.000000,0.000000,0.000000,0.000000,0.000000,0.000000,0.000000,0.000000,0.000000,0.000000,0.000000,0.000000,0.000000,0.000000,0.000000,0.000000,0.000000,0.000000,0.000000,0.000000,0.000000,0.000000,0.000000,0.000000,0.000000,0.000000,0.000000,0.000000,0.000000,0.000000,0,0,0,0,0,0,0,0,0,0,0,0,0,66,0,0
6.694404,9770,13,0,0,2,60,0,0,0,0,0,0,-0.000036,-0.000000,-0.034812,-0.004902,-0.000000,0.035494,0.000938,0.000000,1.570796,0.227498,0.000000,0.000000,-9600,-9600,-9600,-9600,0,0,0,0.000000,0.000000,0.000000,0.000000,0.000000,0.000000,0.000000,0.000000,0,0.000000,0.000000,0.000000,0.000000,0.000000,0.000000,0.000000,0.000000,0.000000,0.000000,0.000000,0.000000,0.000000,0.000000,0.000000,0.000000,0.000000,0.000000,0.000000,0.000000,0.000000,0.000000,0.000000,0.000000,0.000000,0.000000,0.000000,0.000000,0.000000,0.000000,0.000000,0.000000,0,0,0,0,0,0,0,0,0,0,0,0,0,66,0,0
6.704174,9770,13,0,0,2,60,0,0,0,0,0,0,-0.000036,-0.000000,-0.034812,-0.004902,-0.000000,0.035494,0.000938,0.000000,1.570796,0.227498,0.000000,0.000000,-9600,-9600,-9600,-9600,0,0,0,0.000000,0.000000,0.000000,0.000000,0.000000,0.000000,0.000000,0.000000,0,0.000000,0.000000,0.000000,0.000000,0.000000,0.000000,0.000000,0.000000,0.000000,0.000000,0.000000,0.000000,0.000000,0.000000,0.000000,0.000000,0.000000,0.000000,0.000000,0.000000,0.000000,0.000000,0.000000,0.000000,0.000000,0.000000,0.000000,0.000000,0.000000,0.000000,0.000000,0.000000,0,0,0,0,0,0,0,0,0,0,0,0,0,66,0,0
6.713944,9770,13,0,0,2,60,0,0,0,0,0,0,-0.000036,-0.000000,-0.034812,-0.004902,-0.000000,0.035494,0.000938,0.000000,1.570796,0.227498,0.000000,0.000000,-9600,-9600,-9600,-9600,0,0,0,0.000000,0.000000,0.000000,0.000000,0.000000,0.000000,0.000000,0.000000,0,0.000000,0.000000,0.000000,0.000000,0.000000,0.000000,0.000000,0.000000,0.000000,0.000000,0.000000,0.000000,0.000000,0.000000,0.000000,0.000000,0.000000,0.000000,0.000000,0.000000,0.000000,0.000000,0.000000,0.000000,0.000000,0.000000,0.000000,0.000000,0.000000,0.000000,0.000000,0.000000,0,0,0,0,0,0,0,0,0,0,0,0,0,66,0,0
6.723714,9770,13,0,0,2,60,0,0,0,0,0,0,-0.000036,-0.000000,-0.034812,-0.004902,-0.000000,0.035494,0.000938,0.000000,1.570796,0.227498,0.000000,0.000000,-9600,-9600,-9600,-9600,0,0,0,0.000000,0.000000,0.000000,0.000000,0.000000,0.000000,0.000000,0.000000,0,0.000000,0.000000,0.000000,0.000000,0.000000,0.000000,0.000000,0.000000,0.000000,0.000000,0.000000,0.000000,0.000000,0.000000,0.000000,0.000000,0.000000,0.000000,0.000000,0.000000,0.000000,0.000000,0.000000,0.000000,0.000000,0.000000,0.000000,0.000000,0.000000,0.000000,0.000000,0.000000,0,0,0,0,0,0,0,0,0,0,0,0,0,66,0,0
6.733484,9770,13,0,0,2,60,0,0,0,0,0,0,-0.000037,-0.000000,-0.034812,-0.004902,-0.000000,0.035494,0.000938,0.000000,1.570796,0.227498,0.000000,0.000000,-9600,-9600,-9600,-9600,0,0,0,0.000000,0.000000,0.000000,0.000000,0.000000,0.000000,0.000000,0.000000,0,0.000000,0.000000,0.000000,0.000000,0.000000,0.000000,0.000000,0.000000,0.000000,0.000000,0.000000,0.000000,0.000000,0.000000,0.000000,0.000000,0.000000,0.000000,0.000000,0.000000,0.000000,0.000000,0.000000,0.000000,0.000000,0.000000,0.000000,0.000000,0.000000,0.000000,0.000000,0.000000,0,0,0,0,0,0,0,0,0,0,0,0,0,66,0,0
6.743254,9770,13,0,0,2,60,0,0,0,0,0,0,-0.000037,-0.000000,-0.034812,-0.004902,-0.000000,0.035494,0.000938,0.000000,1.570796,0.227498,0.000000,0.000000,-9600,-9600,-9600,-9600,0,0,0,0.000000,0.000000,0.000000,0.000000,0.000000,0.000000,0.000000,0.000000,0,0.000000,0.000000,0.000000,0.000000,0.000000,0.000000,0.000000,0.000000,0.000000,0.000000,0.000000,0.000000,0.000000,0.000000,0.000000,0.000000,0.000000,0.000000,0.000000,0.000000,0.000000,0.000000,0.000000,0.000000,0.000000,0.000000,0.000000,0.000000,0.000000,0.000000,0.000000,0.000000,0,0,0,0,0,0,0,0,0,0,0,0,0,66,0,0
6.753024,9770,13,0,0,2,60,0,0,0,0,0,0,-0.000037,-0.000000,-0.034812,-0.004902,-0.000000,0.035494,0.000938,0.000000,1.570796,0.227498,0.000000,0.000000,-9600,-9600,-9600,-9600,0,0,0,0.000000,0.000000,0.000000,0.000000,0.000000,0.000000,0.000000,0.000000,0,0.000000,0.000000,0.000000,0.000000,0.000000,0.000000,0.000000,0.000000,0.000000,0.000000,0.000000,0.000000,0.000000,0.000000,0.000000,0.000000,0.000000,0.000000,0.000000,0.000000,0.000000,0.000000,0.000000,0.000000,0.000000,0.000000,0.000000,0.000000,0.000000,0.000000,0.000000,0.000000,0,0,0,0,0,0,0,0,0,0,0,0,0,66,0,0
6.762794,9770,13,0,0,2,60,0,0,0,0,0,0,-0.000037,-0.000000,-0.034812,-0.004902,-0.000000,0.035494,0.000938,0.000000,1.570796,0.227498,0.000000,0.000000,-9600,-9600,-9600,-9600,0,0,0,0.000000,0.000000,0.000000,0.000000,0.000000,0.000000,0.000000,0.000000,0,0.000000,0.000000,0.000000,0.000000,0.000000,0.000000,0.000000,0.000000,0.000000,0.000000,0.000000,0.000000,0.000000,0.000000,0.000000,0.000000,0.000000,0.000000,0.000000,0.000000,0.000000,0.000000,0.000000,0.000000,0.000000,0.000000,0.000000,0.000000,0.000000,0.000000,0.000000,0.000000,0,0,0,0,0,0,0,0,0,0,0,0,0,66,0,0
6.772564,9770,13,0,0,2,60,0,0,0,0,0,0,-0.000037,-0.000000,-0.034812,-0.004902,-0.000000,0.035494,0.000938,0.000000,1.570796,0.227498,0.000000,0.000000,-9600,-9600,-9600,-9600,0,0,0,0.000000,0.000000,0.000000,0.000000,0.000000,0.000000,0.000000,0.000000,0,0.000000,0.000000,0.000000,0.000000,0.000000,0.000000,0.000000,0.000000,0.000000,0.000000,0.000000,0.000000,0.000000,0.000000,0.000000,0.000000,0.000000,0.000000,0.000000,0.000000,0.000000,0.000000,0.000000,0.000000,0.000000,0.000000,0.000000,0.000000,0.000000,0.000000,0.000000,0.000000,0,0,0,0,0,0,0,0,0,0,0,0,0,66,0,0
6.782334,9770,13,0,0,2,60,0,0,0,0,0,0,-0.000037,-0.000000,-0.034812,-0.004902,-0.000000,0.035494,0.000938,0.000000,1.570796,0.227498,0.000000,0.000000,-9600,-9600,-9600,-9600,0,0,0,0.000000,0.000000,0.000000,0.000000,0.000000,0.000000,0.000000,0.000000,0,0.000000,0.000000,0.000000,0.000000,0.000000,0.000000,0.000000,0.000000,0.000000,0.000000,0.000000,0.000000,0.000000,0.000000,0.000000,0.000000,0.000000,0.000000,0.000000,0.000000,0.000000,0.000000,0.000000,0.000000,0.000000,0.000000,0.000000,0.000000,0.000000,0.000000,0.000000,0.000000,0,0,0,0,0,0,0,0,0,0,0,0,0,66,0,0
6.792104,9770,13,0,0,2,60,0,0,0,0,0,0,-0.000037,-0.000000,-0.034812,-0.004902,-0.000000,0.035494,0.000938,0.000000,1.570796,0.227498,0.000000,0.000000,-9600,-9600,-9600,-9600,0,0,0,0.000000,0.000000,0.000000,0.000000,0.000000,0.000000,0.000000,0.000000,0,0.000000,0.000000,0.000000,0.000000,0.000000,0.000000,0.000000,0.000000,0.000000,0.000000,0.000000,0.000000,0.000000,0.000000,0.000000,0.000000,0.000000,0.000000,0.000000,0.000000,0.000000,0.000000,0.000000,0.000000,0.000000,0.000000,0.000000,0.000000,0.000000,0.000000,0.000000,0.000000,0,0,0,0,0,0,0,0,0,0,0,0,0,66,0,0
6.801874,9770,13,0,0,2,60,0,0,0,0,0,0,-0.000037,-0.000000,-0.034812,-0.004902,-0.000000,0.035494,0.000938,0.000000,1.570796,0.227498,0.000000,0.000000,-9600,-9600,-9600,-9600,0,0,0,0.000000,0.000000,0.000000,0.000000,0.000000,0.000000,0.000000,0.000000,0,0.000000,0.000000,0.000000,0.000000,0.000000,0.000000,0.000000,0.000000,0.000000,0.000000,0.000000,0.000000,0.000000,0.000000,0.000000,0.000000,0.000000,0.000000,0.000000,0.000000,0.000000,0.000000,0.000000,0.000000,0.000000,0.000000,0.000000,0.000000,0.000000,0.000000,0.000000,0.000000,0,0,0,0,0,0,0,0,0,0,0,0,0,66,0,0
6.811644,9770,13,0,0,2,60,0,0,0,0,0,0,-0.000037,-0.000000,-0.034812,-0.004902,-0.000000,0.035494,0.000938,0.000000,1.570796,0.227498,0.000000,0.000000,-9600,-9600,-9600,-9600,0,0,0,0.000000,0.000000,0.000000,0.000000,0.000000,0.000000,0.000000,0.000000,0,0.000000,0.000000,0.000000,0.000000,0.000000,0.000000,0.000000,0.000000,0.000000,0.000000,0.000000,0.000000,0.000000,0.000000,0.000000,0.000000,0.000000,0.000000,0.000000,0.000000,0.000000,0.000000,0.000000,0.000000,0.000000,0.000000,0.000000,0.000000,0.000000,0.000000,0.000000,0.000000,0,0,0,0,0,0,0,0,0,0,0,0,0,66,0,0
6.821414,9770,13,0,0,2,60,0,0,0,0,0,0,-0.000037,-0.000000,-0.034812,-0.004902,-0.000000,0.035494,0.000938,0.000000,1.570796,0.227498,0.000000,0.000000,-9600,-9600,-9600,-9600,0,0,0,0.000000,0.000000,0.000000,0.000000,0.000000,0.000000,0.000000,0.000000,0,0.000000,0.000000,0.000000,0.000000,0.000000,0.000000,0.000000,0.000000,0.000000,0.000000,0.000000,0.000000,0.000000,0.000000,0.000000,0.000000,0.000000,0.000000,0.000000,0.000000,0.000000,0.000000,0.000000,0.000000,0.000000,0.000000,0.000000,0.000000,0.000000,0.000000,0.000000,0.000000,0,0,0,0,0,0,0,0,0,0,0,0,0,66,0,0
6.831184,9770,13,0,0,2,60,0,0,0,0,0,0,-0.000037,-0.000000,-0.034812,-0.004902,-0.000000,0.035494,0.000938,0.000000,1.570796,0.227498,0.000000,0.000000,-9600,-9600,-9600,-9600,0,0,0,0.000000,0.000000,0.000000,0.000000,0.000000,0.000000,0.000000,0.000000,0,0.000000,0.000000,0.000000,0.000000,0.000000,0.000000,0.000000,0.000000,0.000000,0.000000,0.000000,0.000000,0.000000,0.000000,0.000000,0.000000,0.000000,0.000000,0.000000,0.000000,0.000000,0.000000,0.000000,0.000000,0.000000,0.000000,0.000000,0.000000,0.000000,0.000000,0.000000,0.000000,0,0,0,0,0,0,0,0,0,0,0,0,0,66,0,0
6.840954,9770,13,0,0,2,60,0,0,0,0,0,0,-0.000037,-0.000000,-0.034812,-0.004902,-0.000000,0.035494,0.000938,0.000000,1.570796,0.227498,0.000000,0.000000,-9600,-9600,-9600,-9600,0,0,0,0.000000,0.000000,0.000000,0.000000,0.000000,0.000000,0.000000,0.000000,0,0.000000,0.000000,0.000000,0.000000,0.000000,0.000000,0.000000,0.000000,0.000000,0.000000,0.000000,0.000000,0.000000,0.000000,0.000000,0.000000,0.000000,0.000000,0.000000,0.000000,0.000000,0.000000,0.000000,0.000000,0.000000,0.000000,0.000000,0.000000,0.000000,0.000000,0.000000,0.000000,0,0,0,0,0,0,0,0,0,0,0,0,0,66,0,0
6.850724,9770,13,0,0,2,60,0,0,0,0,0,0,-0.000037,-0.000000,-0.034812,-0.004902,-0.000000,0.035494,0.000938,0.000000,1.570796,0.227498,0.000000,0.000000,-9600,-9600,-9600,-9600,0,0,0,0.000000,0.000000,0.000000,0.000000,0.000000,0.000000,0.000000,0.000000,0,0.000000,0.000000,0.000000,0.000000,0.000000,0.000000,0.000000,0.000000,0.000000,0.000000,0.000000,0.000000,0.000000,0.000000,0.000000,0.000000,0.000000,0.000000,0.000000,0.000000,0.000000,0.000000,0.000000,0.000000,0.000000,0.000000,0.000000,0.000000,0.000000,0.000000,0.000000,0.000000,0,0,0,0,0,0,0,0,0,0,0,0,0,66,0,0
6.860494,9770,13,0,0,2,60,0,0,0,0,0,0,-0.000037,-0.000000,-0.034812,-0.004902,-0.000000,0.035494,0.000938,0.000000,1.570796,0.227498,0.000000,0.000000,-9600,-9600,-9600,-9600,0,0,0,0.000000,0.000000,0.000000,0.000000,0.000000,0.000000,0.000000,0.000000,0,0.000000,0.000000,0.000000,0.000000,0.000000,0.000000,0.000000,0.000000,0.000000,0.000000,0.000000,0.000000,0.000000,0.000000,0.000000,0.000000,0.000000,0.000000,0.000000,0.000000,0.000000,0.000000,0.000000,0.000000,0.000000,0.000000,0.000000,0.000000,0.000000,0.000000,0.000000,0.000000,0,0,0,0,0,0,0,0,0,0,0,0,0,66,0,0
6.870264,9770,13,0,0,2,60,0,0,0,0,0,0,-0.000037,-0.000000,-0.034812,-0.004902,-0.000000,0.035494,0.000938,0.000000,1.570796,0.227498,0.000000,0.000000,-9600,-9600,-9600,-9600,0,0,0,0.000000,0.000000,0.000000,0.000000,0.000000,0.000000,0.000000,0.000000,0,0.000000,0.000000,0.000000,0.000000,0.000000,0.000000,0.000000,0.000000,0.000000,0.000000,0.000000,0.000000,0.000000,0.000000,0.000000,0.000000,0.000000,0.000000,0.000000,0.000000,0.000000,0.000000,0.000000,0.000000,0.000000,0.000000,0.000000,0.000000,0.000000,0.000000,0.000000,0.000000,0,0,0,0,0,0,0,0,0,0,0,0,0,66,0,0
6.880034,9770,13,0,0,2,60,0,0,0,0,0,0,-0.000037,-0.000000,-0.034812,-0.004902,-0.000000,0.035494,0.000938,0.000000,1.570796,0.227498,0.000000,0.000000,-9600,-9600,-9600,-9600,0,0,0,0.000000,0.000000,0.000000,0.000000,0.000000,0.000000,0.000000,0.000000,0,0.000000,0.000000,0.000000,0.000000,0.000000,0.000000,0.000000,0.000000,0.000000,0.000000,0.000000,0.000000,0.000000,0.000000,0.000000,0.000000,0.000000,0.000000,0.000000,0.000000,0.000000,0.000000,0.000000,0.000000,0.000000,0.000000,0.000000,0.000000,0.000000,0.000000,0.000000,0.000000,0,0,0,0,0,0,0,0,0,0,0,0,0,66,0,0
6.889804,9770,13,0,0,2,60,0,0,0,0,0,0,-0.000037,-0.000000,-0.034812,-0.004902,-0.000000,0.035494,0.000938,0.000000,1.570796,0.227498,0.000000,0.000000,-9600,-9600,-9600,-9600,0,0,0,0.000000,0.000000,0.000000,0.000000,0.000000,0.000000,0.000000,0.000000,0,0.000000,0.000000,0.000000,0.000000,0.000000,0.000000,0.000000,0.000000,0.000000,0.000000,0.000000,0.000000,0.000000,0.000000,0.000000,0.000000,0.000000,0.000000,0.000000,0.000000,0.000000,0.000000,0.000000,0.000000,0.000000,0.000000,0.000000,0.000000,0.000000,0.000000,0.000000,0.000000,0,0,0,0,0,0,0,0,0,0,0,0,0,66,0,0
6.899574,9770,13,0,0,2,60,0,0,0,0,0,0,-0.000037,-0.000000,-0.034812,-0.004902,-0.000000,0.035494,0.000938,0.000000,1.570796,0.227498,0.000000,0.000000,-9600,-9600,-9600,-9600,0,0,0,0.000000,0.000000,0.000000,0.000000,0.000000,0.000000,0.000000,0.000000,0,0.000000,0.000000,0.000000,0.000000,0.000000,0.000000,0.000000,0.000000,0.000000,0.000000,0.000000,0.000000,0.000000,0.000000,0.000000,0.000000,0.000000,0.000000,0.000000,0.000000,0.000000,0.000000,0.000000,0.000000,0.000000,0.000000,0.000000,0.000000,0.000000,0.000000,0.000000,0.000000,0,0,0,0,0,0,0,0,0,0,0,0,0,66,0,0
6.909344,9770,13,0,0,2,60,0,0,0,0,0,0,-0.000037,-0.000000,-0.034812,-0.004902,-0.000000,0.035494,0.000938,0.000000,1.570796,0.227498,0.000000,0.000000,-9600,-9600,-9600,-9600,0,0,0,0.000000,0.000000,0.000000,0.000000,0.000000,0.000000,0.000000,0.000000,0,0.000000,0.000000,0.000000,0.000000,0.000000,0.000000,0.000000,0.000000,0.000000,0.000000,0.000000,0.000000,0.000000,0.000000,0.000000,0.000000,0.000000,0.000000,0.000000,0.000000,0.000000,0.000000,0.000000,0.000000,0.000000,0.000000,0.000000,0.000000,0.000000,0.000000,0.000000,0.000000,0,0,0,0,0,0,0,0,0,0,0,0,0,66,0,0
6.919114,9770,13,0,0,2,60,0,0,0,0,0,0,-0.000037,-0.000000,-0.034812,-0.004902,-0.000000,0.035494,0.000938,0.000000,1.570796,0.227498,0.000000,0.000000,-9600,-9600,-9600,-9600,0,0,0,0.000000,0.000000,0.000000,0.000000,0.000000,0.000000,0.000000,0.000000,0,0.000000,0.000000,0.000000,0.000000,0.000000,0.000000,0.000000,0.000000,0.000000,0.000000,0.000000,0.000000,0.000000,0.000000,0.000000,0.000000,0.000000,0.000000,0.000000,0.000000,0.000000,0.000000,0.000000,0.000000,0.000000,0.000000,0.000000,0.000000,0.000000,0.000000,0.000000,0.000000,0,0,0,0,0,0,0,0,0,0,0,0,0,66,0,0
6.928884,9770,13,0,0,2,60,0,0,0,0,0,0,-0.000037,-0.000000,-0.034812,-0.004902,-0.000000,0.035494,0.000938,0.000000,1.570796,0.227498,0.000000,0.000000,-9600,-9600,-9600,-9600,0,0,0,0.000000,0.000000,0.000000,0.000000,0.000000,0.000000,0.000000,0.000000,0,0.000000,0.000000,0.000000,0.000000,0.000000,0.000000,0.000000,0.000000,0.000000,0.000000,0.000000,0.000000,0.000000,0.000000,0.000000,0.000000,0.000000,0.000000,0.000000,0.000000,0.000000,0.000000,0.000000,0.000000,0.000000,0.000000,0.000000,0.000000,0.000000,0.000000,0.000000,0.000000,0,0,0,0,0,0,0,0,0,0,0,0,0,66,0,0
6.938654,9770,13,0,0,2,60,0,0,0,0,0,0,-0.000037,-0.000000,-0.034812,-0.004902,-0.000000,0.035494,0.000938,0.000000,1.570796,0.227498,0.000000,0.000000,-9600,-9600,-9600,-9600,0,0,0,0.000000,0.000000,0.000000,0.000000,0.000000,0.000000,0.000000,0.000000,0,0.000000,0.000000,0.000000,0.000000,0.000000,0.000000,0.000000,0.000000,0.000000,0.000000,0.000000,0.000000,0.000000,0.000000,0.000000,0.000000,0.000000,0.000000,0.000000,0.000000,0.000000,0.000000,0.000000,0.000000,0.000000,0.000000,0.000000,0.000000,0.000000,0.000000,0.000000,0.000000,0,0,0,0,0,0,0,0,0,0,0,0,0,66,0,0
6.948424,9770,13,0,0,2,60,0,0,0,0,0,0,-0.000037,-0.000000,-0.034812,-0.004902,-0.000000,0.035494,0.000938,0.000000,1.570796,0.227498,0.000000,0.000000,-9600,-9600,-9600,-9600,0,0,0,0.000000,0.000000,0.000000,0.000000,0.000000,0.000000,0.000000,0.000000,0,0.000000,0.000000,0.000000,0.000000,0.000000,0.000000,0.000000,0.000000,0.000000,0.000000,0.000000,0.000000,0.000000,0.000000,0.000000,0.000000,0.000000,0.000000,0.000000,0.000000,0.000000,0.000000,0.000000,0.000000,0.000000,0.000000,0.000000,0.000000,0.000000,0.000000,0.000000,0.000000,0,0,0,0,0,0,0,0,0,0,0,0,0,66,0,0
6.958194,9770,13,0,0,2,60,0,0,0,0,0,0,-0.000037,-0.000000,-0.034812,-0.004902,-0.000000,0.035494,0.000938,0.000000,1.570796,0.227498,0.000000,0.000000,-9600,-9600,-9600,-9600,0,0,0,0.000000,0.000000,0.000000,0.000000,0.000000,0.000000,0.000000,0.000000,0,0.000000,0.000000,0.000000,0.000000,0.000000,0.000000,0.000000,0.000000,0.000000,0.000000,0.000000,0.000000,0.000000,0.000000,0.000000,0.000000,0.000000,0.000000,0.000000,0.000000,0.000000,0.000000,0.000000,0.000000,0.000000,0.000000,0.000000,0.000000,0.000000,0.000000,0.000000,0.000000,0,0,0,0,0,0,0,0,0,0,0,0,0,66,0,0
6.967964,9770,13,0,0,2,60,0,0,0,0,0,0,-0.000037,-0.000000,-0.034812,-0.004902,-0.000000,0.035494,0.000938,0.000000,1.570796,0.227498,0.000000,0.000000,-9600,-9600,-9600,-9600,0,0,0,0.000000,0.000000,0.000000,0.000000,0.000000,0.000000,0.000000,0.000000,0,0.000000,0.000000,0.000000,0.000000,0.000000,0.000000,0.000000,0.000000,0.000000,0.000000,0.000000,0.000000,0.000000,0.000000,0.000000,0.000000,0.000000,0.000000,0.000000,0.000000,0.000000,0.000000,0.000000,0.000000,0.000000,0.000000,0.000000,0.000000,0.000000,0.000000,0.000000,0.000000,0,0,0,0,0,0,0,0,0,0,0,0,0,66,0,0
6.977734,9770,13,0,0,2,60,0,0,0,0,0,0,-0.000037,-0.000000,-0.034812,-0.004902,-0.000000,0.035494,0.000938,0.000000,1.570796,0.227498,0.000000,0.000000,-9600,-9600,-9600,-9600,0,0,0,0.000000,0.000000,0.000000,0.000000,0.000000,0.000000,0.000000,0.000000,0,0.000000,0.000000,0.000000,0.000000,0.000000,0.000000,0.000000,0.000000,0.000000,0.000000,0.000000,0.000000,0.000000,0.000000,0.000000,0.000000,0.000000,0.000000,0.000000,0.000000,0.000000,0.000000,0.000000,0.000000,0.000000,0.000000,0.000000,0.000000,0.000000,0.000000,0.000000,0.000000,0,0,0,0,0,0,0,0,0,0,0,0,0,66,0,0
6.987504,9770,13,0,0,2,60,0,0,0,0,0,0,-0.000037,-0.000000,-0.034812,-0.004902,-0.000000,0.035494,0.000938,0.000000,1.570796,0.227498,0.000000,0.000000,-9600,-9600,-9600,-9600,0,0,0,0.000000,0.000000,0.000000,0.000000,0.000000,0.000000,0.000000,0.000000,0,0.000000,0.000000,0.000000,0.000000,0.000000,0.000000,0.000000,0.000000,0.000000,0.000000,0.000000,0.000000,0.000000,0.000000,0.000000,0.000000,0.000000,0.000000,0.000000,0.000000,0.000000,0.000000,0.000000,0.000000,0.000000,0.000000,0.000000,0.000000,0.000000,0.000000,0.000000,0.000000,0,0,0,0,0,0,0,0,0,0,0,0,0,66,0,0
6.997274,9770,13,0,0,2,60,0,0,0,0,0,0,-0.000037,-0.000000,-0.034812,-0.004902,-0.000000,0.035494,0.000938,0.000000,1.570796,0.227498,0.000000,0.000000,-9600,-9600,-9600,-9600,0,0,0,0.000000,0.000000,0.000000,0.000000,0.000000,0.000000,0.000000,0.000000,0,0.000000,0.000000,0.000000,0.000000,0.000000,0.000000,0.000000,0.000000,0.000000,0.000000,0.000000,0.000000,0.000000,0.000000,0.000000,0.000000,0.000000,0.000000,0.000000,0.000000,0.000000,0.000000,0.000000,0.000000,0.000000,0.000000,0.000000,0.000000,0.000000,0.000000,0.000000,0.000000,0,0,0,0,0,0,0,0,0,0,0,0,0,66,0,0
7.007044,9770,13,0,0,2,60,0,0,0,0,0,0,-0.000037,-0.000000,-0.034812,-0.004902,-0.000000,0.035494,0.000938,0.000000,1.570796,0.227498,0.000000,0.000000,-9600,-9600,-9600,-9600,0,0,0,0.000000,0.000000,0.000000,0.000000,0.000000,0.000000,0.000000,0.000000,0,0.000000,0.000000,0.000000,0.000000,0.000000,0.000000,0.000000,0.000000,0.000000,0.000000,0.000000,0.000000,0.000000,0.000000,0.000000,0.000000,0.000000,0.000000,0.000000,0.000000,0.000000,0.000000,0.000000,0.000000,0.000000,0.000000,0.000000,0.000000,0.000000,0.000000,0.000000,0.000000,0,0,0,0,0,0,0,0,0,0,0,0,0,66,0,0
7.016814,9770,13,0,0,2,60,0,0,0,0,0,0,-0.000037,-0.000000,-0.034812,-0.004902,-0.000000,0.035494,0.000938,0.000000,1.570796,0.227498,0.000000,0.000000,-9600,-9600,-9600,-9600,0,0,0,0.000000,0.000000,0.000000,0.000000,0.000000,0.000000,0.000000,0.000000,0,0.000000,0.000000,0.000000,0.000000,0.000000,0.000000,0.000000,0.000000,0.000000,0.000000,0.000000,0.000000,0.000000,0.000000,0.000000,0.000000,0.000000,0.000000,0.000000,0.000000,0.000000,0.000000,0.000000,0.000000,0.000000,0.000000,0.000000,0.000000,0.000000,0.000000,0.000000,0.000000,0,0,0,0,0,0,0,0,0,0,0,0,0,66,0,0
7.026584,9770,13,0,0,2,60,0,0,0,0,0,0,-0.000037,-0.000000,-0.034812,-0.004902,-0.000000,0.035494,0.000938,0.000000,1.570796,0.227498,0.000000,0.000000,-9600,-9600,-9600,-9600,0,0,0,0.000000,0.000000,0.000000,0.000000,0.000000,0.000000,0.000000,0.000000,0,0.000000,0.000000,0.000000,0.000000,0.000000,0.000000,0.000000,0.000000,0.000000,0.000000,0.000000,0.000000,0.000000,0.000000,0.000000,0.000000,0.000000,0.000000,0.000000,0.000000,0.000000,0.000000,0.000000,0.000000,0.000000,0.000000,0.000000,0.000000,0.000000,0.000000,0.000000,0.000000,0,0,0,0,0,0,0,0,0,0,0,0,0,66,0,0
7.036354,9770,13,0,0,2,60,0,0,0,0,0,0,-0.000037,-0.000000,-0.034812,-0.004902,-0.000000,0.035494,0.000938,0.000000,1.570796,0.227498,0.000000,0.000000,-9600,-9600,-9600,-9600,0,0,0,0.000000,0.000000,0.000000,0.000000,0.000000,0.000000,0.000000,0.000000,0,0.000000,0.000000,0.000000,0.000000,0.000000,0.000000,0.000000,0.000000,0.000000,0.000000,0.000000,0.000000,0.000000,0.000000,0.000000,0.000000,0.000000,0.000000,0.000000,0.000000,0.000000,0.000000,0.000000,0.000000,0.000000,0.000000,0.000000,0.000000,0.000000,0.000000,0.000000,0.000000,0,0,0,0,0,0,0,0,0,0,0,0,0,66,0,0
7.046124,9770,13,0,0,2,60,0,0,0,0,0,0,-0.000037,-0.000000,-0.034812,-0.004902,-0.000000,0.035494,0.000938,0.000000,1.570796,0.227498,0.000000,0.000000,-9600,-9600,-9600,-9600,0,0,0,0.000000,0.000000,0.000000,0.000000,0.000000,0.000000,0.000000,0.000000,0,0.000000,0.000000,0.000000,0.000000,0.000000,0.000000,0.000000,0.000000,0.000000,0.000000,0.000000,0.000000,0.000000,0.000000,0.000000,0.000000,0.000000,0.000000,0.000000,0.000000,0.000000,0.000000,0.000000,0.000000,0.000000,0.000000,0.000000,0.000000,0.000000,0.000000,0.000000,0.000000,0,0,0,0,0,0,0,0,0,0,0,0,0,66,0,0
7.055894,9770,13,0,0,2,60,0,0,0,0,0,0,-0.000037,-0.000000,-0.034812,-0.004902,-0.000000,0.035494,0.000938,0.000000,1.570796,0.227498,0.000000,0.000000,-9600,-9600,-9600,-9600,0,0,0,0.000000,0.000000,0.000000,0.000000,0.000000,0.000000,0.000000,0.000000,0,0.000000,0.000000,0.000000,0.000000,0.000000,0.000000,0.000000,0.000000,0.000000,0.000000,0.000000,0.000000,0.000000,0.000000,0.000000,0.000000,0.000000,0.000000,0.000000,0.000000,0.000000,0.000000,0.000000,0.000000,0.000000,0.000000,0.000000,0.000000,0.000000,0.000000,0.000000,0.000000,0,0,0,0,0,0,0,0,0,0,0,0,0,66,0,0
7.065664,9770,13,0,0,2,60,0,0,0,0,0,0,-0.000037,-0.000000,-0.034812,-0.004902,-0.000000,0.035494,0.000938,0.000000,1.570796,0.227498,0.000000,0.000000,-9600,-9600,-9600,-9600,0,0,0,0.000000,0.000000,0.000000,0.000000,0.000000,0.000000,0.000000,0.000000,0,0.000000,0.000000,0.000000,0.000000,0.000000,0.000000,0.000000,0.000000,0.000000,0.000000,0.000000,0.000000,0.000000,0.000000,0.000000,0.000000,0.000000,0.000000,0.000000,0.000000,0.000000,0.000000,0.000000,0.000000,0.000000,0.000000,0.000000,0.000000,0.000000,0.000000,0.000000,0.000000,0,0,0,0,0,0,0,0,0,0,0,0,0,66,0,0
7.075434,9770,13,0,0,2,60,0,0,0,0,0,0,-0.000037,-0.000000,-0.034812,-0.004902,-0.000000,0.035494,0.000938,0.000000,1.570796,0.227498,0.000000,0.000000,-9600,-9600,-9600,-9600,0,0,0,0.000000,0.000000,0.000000,0.000000,0.000000,0.000000,0.000000,0.000000,0,0.000000,0.000000,0.000000,0.000000,0.000000,0.000000,0.000000,0.000000,0.000000,0.000000,0.000000,0.000000,0.000000,0.000000,0.000000,0.000000,0.000000,0.000000,0.000000,0.000000,0.000000,0.000000,0.000000,0.000000,0.000000,0.000000,0.000000,0.000000,0.000000,0.000000,0.000000,0.000000,0,0,0,0,0,0,0,0,0,0,0,0,0,66,0,0
7.085204,9770,13,0,0,2,60,0,0,0,0,0,0,-0.000037,-0.000000,-0.034812,-0.004902,-0.000000,0.035494,0.000938,0.000000,1.570796,0.227498,0.000000,0.000000,-9600,-9600,-9600,-9600,0,0,0,0.000000,0.000000,0.000000,0.000000,0.000000,0.000000,0.000000,0.000000,0,0.000000,0.000000,0.000000,0.000000,0.000000,0.000000,0.000000,0.000000,0.000000,0.000000,0.000000,0.000000,0.000000,0.000000,0.000000,0.000000,0.000000,0.000000,0.000000,0.000000,0.000000,0.000000,0.000000,0.000000,0.000000,0.000000,0.000000,0.000000,0.000000,0.000000,0.000000,0.000000,0,0,0,0,0,0,0,0,0,0,0,0,0,66,0,0
7.094974,9770,13,0,0,2,60,0,0,0,0,0,0,-0.000037,-0.000000,-0.034812,-0.004902,-0.000000,0.035494,0.000938,0.000000,1.570796,0.227498,0.000000,0.000000,-9600,-9600,-9600,-9600,0,0,0,0.000000,0.000000,0.000000,0.000000,0.000000,0.000000,0.000000,0.000000,0,0.000000,0.000000,0.000000,0.000000,0.000000,0.000000,0.000000,0.000000,0.000000,0.000000,0.000000,0.000000,0.000000,0.000000,0.000000,0.000000,0.000000,0.000000,0.000000,0.000000,0.000000,0.000000,0.000000,0.000000,0.000000,0.000000,0.000000,0.000000,0.000000,0.000000,0.000000,0.000000,0,0,0,0,0,0,0,0,0,0,0,0,0,66,0,0
7.104744,9770,13,0,0,2,60,0,0,0,0,0,0,-0.000037,-0.000000,-0.034812,-0.004902,-0.000000,0.035494,0.000938,0.000000,1.570796,0.227498,0.000000,0.000000,-9600,-9600,-9600,-9600,0,0,0,0.000000,0.000000,0.000000,0.000000,0.000000,0.000000,0.000000,0.000000,0,0.000000,0.000000,0.000000,0.000000,0.000000,0.000000,0.000000,0.000000,0.000000,0.000000,0.000000,0.000000,0.000000,0.000000,0.000000,0.000000,0.000000,0.000000,0.000000,0.000000,0.000000,0.000000,0.000000,0.000000,0.000000,0.000000,0.000000,0.000000,0.000000,0.000000,0.000000,0.000000,0,0,0,0,0,0,0,0,0,0,0,0,0,66,0,0
7.114514,9770,13,0,0,2,60,0,0,0,0,0,0,-0.000037,-0.000000,-0.034812,-0.004902,-0.000000,0.035494,0.000938,0.000000,1.570796,0.227498,0.000000,0.000000,-9600,-9600,-9600,-9600,0,0,0,0.000000,0.000000,0.000000,0.000000,0.000000,0.000000,0.000000,0.000000,0,0.000000,0.000000,0.000000,0.000000,0.000000,0.000000,0.000000,0.000000,0.000000,0.000000,0.000000,0.000000,0.000000,0.000000,0.000000,0.000000,0.000000,0.000000,0.000000,0.000000,0.000000,0.000000,0.000000,0.000000,0.000000,0.000000,0.000000,0.000000,0.000000,0.000000,0.000000,0.000000,0,0,0,0,0,0,0,0,0,0,0,0,0,66,0,0
7.124284,9770,13,0,0,2,60,0,0,0,0,0,0,-0.000037,-0.000000,-0.034812,-0.004902,-0.000000,0.035494,0.000938,0.000000,1.570796,0.227498,0.000000,0.000000,-9600,-9600,-9600,-9600,0,0,0,0.000000,0.000000,0.000000,0.000000,0.000000,0.000000,0.000000,0.000000,0,0.000000,0.000000,0.000000,0.000000,0.000000,0.000000,0.000000,0.000000,0.000000,0.000000,0.000000,0.000000,0.000000,0.000000,0.000000,0.000000,0.000000,0.000000,0.000000,0.000000,0.000000,0.000000,0.000000,0.000000,0.000000,0.000000,0.000000,0.000000,0.000000,0.000000,0.000000,0.000000,0,0,0,0,0,0,0,0,0,0,0,0,0,66,0,0
7.134054,9770,13,0,0,2,60,0,0,0,0,0,0,-0.000037,-0.000000,-0.034812,-0.004902,-0.000000,0.035494,0.000938,0.000000,1.570796,0.227498,0.000000,0.000000,-9600,-9600,-9600,-9600,0,0,0,0.000000,0.000000,0.000000,0.000000,0.000000,0.000000,0.000000,0.000000,0,0.000000,0.000000,0.000000,0.000000,0.000000,0.000000,0.000000,0.000000,0.000000,0.000000,0.000000,0.000000,0.000000,0.000000,0.000000,0.000000,0.000000,0.000000,0.000000,0.000000,0.000000,0.000000,0.000000,0.000000,0.000000,0.000000,0.000000,0.000000,0.000000,0.000000,0.000000,0.000000,0,0,0,0,0,0,0,0,0,0,0,0,0,66,0,0
7.143824,9770,13,0,0,2,60,0,0,0,0,0,0,-0.000038,-0.000000,-0.034812,-0.004902,-0.000000,0.035494,0.000938,0.000000,1.570796,0.227498,0.000000,0.000000,-9600,-9600,-9600,-9600,0,0,0,0.000000,0.000000,0.000000,0.000000,0.000000,0.000000,0.000000,0.000000,0,0.000000,0.000000,0.000000,0.000000,0.000000,0.000000,0.000000,0.000000,0.000000,0.000000,0.000000,0.000000,0.000000,0.000000,0.000000,0.000000,0.000000,0.000000,0.000000,0.000000,0.000000,0.000000,0.000000,0.000000,0.000000,0.000000,0.000000,0.000000,0.000000,0.000000,0.000000,0.000000,0,0,0,0,0,0,0,0,0,0,0,0,0,66,0,0
7.153594,9770,13,0,0,2,60,0,0,0,0,0,0,-0.000038,-0.000000,-0.034812,-0.004902,-0.000000,0.035494,0.000938,0.000000,1.570796,0.227498,0.000000,0.000000,-9600,-9600,-9600,-9600,0,0,0,0.000000,0.000000,0.000000,0.000000,0.000000,0.000000,0.000000,0.000000,0,0.000000,0.000000,0.000000,0.000000,0.000000,0.000000,0.000000,0.000000,0.000000,0.000000,0.000000,0.000000,0.000000,0.000000,0.000000,0.000000,0.000000,0.000000,0.000000,0.000000,0.000000,0.000000,0.000000,0.000000,0.000000,0.000000,0.000000,0.000000,0.000000,0.000000,0.000000,0.000000,0,0,0,0,0,0,0,0,0,0,0,0,0,66,0,0
7.163364,9770,13,0,0,2,60,0,0,0,0,0,0,-0.000038,-0.000000,-0.034812,-0.004902,-0.000000,0.035494,0.000938,0.000000,1.570796,0.227498,0.000000,0.000000,-9600,-9600,-9600,-9600,0,0,0,0.000000,0.000000,0.000000,0.000000,0.000000,0.000000,0.000000,0.000000,0,0.000000,0.000000,0.000000,0.000000,0.000000,0.000000,0.000000,0.000000,0.000000,0.000000,0.000000,0.000000,0.000000,0.000000,0.000000,0.000000,0.000000,0.000000,0.000000,0.000000,0.000000,0.000000,0.000000,0.000000,0.000000,0.000000,0.000000,0.000000,0.000000,0.000000,0.000000,0.000000,0,0,0,0,0,0,0,0,0,0,0,0,0,66,0,0
7.173134,9770,13,0,0,2,60,0,0,0,0,0,0,-0.000038,-0.000000,-0.034812,-0.004902,-0.000000,0.035494,0.000938,0.000000,1.570796,0.227498,0.000000,0.000000,-9600,-9600,-9600,-9600,0,0,0,0.000000,0.000000,0.000000,0.000000,0.000000,0.000000,0.000000,0.000000,0,0.000000,0.000000,0.000000,0.000000,0.000000,0.000000,0.000000,0.000000,0.000000,0.000000,0.000000,0.000000,0.000000,0.000000,0.000000,0.000000,0.000000,0.000000,0.000000,0.000000,0.000000,0.000000,0.000000,0.000000,0.000000,0.000000,0.000000,0.000000,0.000000,0.000000,0.000000,0.000000,0,0,0,0,0,0,0,0,0,0,0,0,0,66,0,0
7.182904,9770,13,0,0,2,60,0,0,0,0,0,0,-0.000038,-0.000000,-0.034812,-0.004902,-0.000000,0.035494,0.000938,0.000000,1.570796,0.227498,0.000000,0.000000,-9600,-9600,-9600,-9600,0,0,0,0.000000,0.000000,0.000000,0.000000,0.000000,0.000000,0.000000,0.000000,0,0.000000,0.000000,0.000000,0.000000,0.000000,0.000000,0.000000,0.000000,0.000000,0.000000,0.000000,0.000000,0.000000,0.000000,0.000000,0.000000,0.000000,0.000000,0.000000,0.000000,0.000000,0.000000,0.000000,0.000000,0.000000,0.000000,0.000000,0.000000,0.000000,0.000000,0.000000,0.000000,0,0,0,0,0,0,0,0,0,0,0,0,0,66,0,0
7.192674,9770,13,0,0,2,60,0,0,0,0,0,0,-0.000038,-0.000000,-0.034812,-0.004902,-0.000000,0.035494,0.000938,0.000000,1.570796,0.227498,0.000000,0.000000,-9600,-9600,-9600,-9600,0,0,0,0.000000,0.000000,0.000000,0.000000,0.000000,0.000000,0.000000,0.000000,0,0.000000,0.000000,0.000000,0.000000,0.000000,0.000000,0.000000,0.000000,0.000000,0.000000,0.000000,0.000000,0.000000,0.000000,0.000000,0.000000,0.000000,0.000000,0.000000,0.000000,0.000000,0.000000,0.000000,0.000000,0.000000,0.000000,0.000000,0.000000,0.000000,0.000000,0.000000,0.000000,0,0,0,0,0,0,0,0,0,0,0,0,0,66,0,0
7.202444,9770,13,0,0,2,60,0,0,0,0,0,0,-0.000038,-0.000000,-0.034812,-0.004902,-0.000000,0.035494,0.000938,0.000000,1.570796,0.227498,0.000000,0.000000,-9600,-9600,-9600,-9600,0,0,0,0.000000,0.000000,0.000000,0.000000,0.000000,0.000000,0.000000,0.000000,0,0.000000,0.000000,0.000000,0.000000,0.000000,0.000000,0.000000,0.000000,0.000000,0.000000,0.000000,0.000000,0.000000,0.000000,0.000000,0.000000,0.000000,0.000000,0.000000,0.000000,0.000000,0.000000,0.000000,0.000000,0.000000,0.000000,0.000000,0.000000,0.000000,0.000000,0.000000,0.000000,0,0,0,0,0,0,0,0,0,0,0,0,0,66,0,0
7.212214,9770,13,0,0,2,60,0,0,0,0,0,0,-0.000038,-0.000000,-0.034812,-0.004902,-0.000000,0.035494,0.000938,0.000000,1.570796,0.227498,0.000000,0.000000,-9600,-9600,-9600,-9600,0,0,0,0.000000,0.000000,0.000000,0.000000,0.000000,0.000000,0.000000,0.000000,0,0.000000,0.000000,0.000000,0.000000,0.000000,0.000000,0.000000,0.000000,0.000000,0.000000,0.000000,0.000000,0.000000,0.000000,0.000000,0.000000,0.000000,0.000000,0.000000,0.000000,0.000000,0.000000,0.000000,0.000000,0.000000,0.000000,0.000000,0.000000,0.000000,0.000000,0.000000,0.000000,0,0,0,0,0,0,0,0,0,0,0,0,0,66,0,0
7.221984,9770,13,0,0,2,60,0,0,0,0,0,0,-0.000038,-0.000000,-0.034812,-0.004902,-0.000000,0.035494,0.000938,0.000000,1.570796,0.227498,0.000000,0.000000,-9600,-9600,-9600,-9600,0,0,0,0.000000,0.000000,0.000000,0.000000,0.000000,0.000000,0.000000,0.000000,0,0.000000,0.000000,0.000000,0.000000,0.000000,0.000000,0.000000,0.000000,0.000000,0.000000,0.000000,0.000000,0.000000,0.000000,0.000000,0.000000,0.000000,0.000000,0.000000,0.000000,0.000000,0.000000,0.000000,0.000000,0.000000,0.000000,0.000000,0.000000,0.000000,0.000000,0.000000,0.000000,0,0,0,0,0,0,0,0,0,0,0,0,0,66,0,0
7.231754,9770,13,0,0,2,60,0,0,0,0,0,0,-0.000038,-0.000000,-0.034812,-0.004902,-0.000000,0.035494,0.000938,0.000000,1.570796,0.227498,0.000000,0.000000,-9600,-9600,-9600,-9600,0,0,0,0.000000,0.000000,0.000000,0.000000,0.000000,0.000000,0.000000,0.000000,0,0.000000,0.000000,0.000000,0.000000,0.000000,0.000000,0.000000,0.000000,0.000000,0.000000,0.000000,0.000000,0.000000,0.000000,0.000000,0.000000,0.000000,0.000000,0.000000,0.000000,0.000000,0.000000,0.000000,0.000000,0.000000,0.000000,0.000000,0.000000,0.000000,0.000000,0.000000,0.000000,0,0,0,0,0,0,0,0,0,0,0,0,0,66,0,0
7.241524,9770,13,0,0,2,60,0,0,0,0,0,0,-0.000038,-0.000000,-0.034812,-0.004902,-0.000000,0.035494,0.000938,0.000000,1.570796,0.227498,0.000000,0.000000,-9600,-9600,-9600,-9600,0,0,0,0.000000,0.000000,0.000000,0.000000,0.000000,0.000000,0.000000,0.000000,0,0.000000,0.000000,0.000000,0.000000,0.000000,0.000000,0.000000,0.000000,0.000000,0.000000,0.000000,0.000000,0.000000,0.000000,0.000000,0.000000,0.000000,0.000000,0.000000,0.000000,0.000000,0.000000,0.000000,0.000000,0.000000,0.000000,0.000000,0.000000,0.000000,0.000000,0.000000,0.000000,0,0,0,0,0,0,0,0,0,0,0,0,0,66,0,0
7.251294,9770,13,0,0,2,60,0,0,0,0,0,0,-0.000038,-0.000000,-0.034812,-0.004902,-0.000000,0.035494,0.000938,0.000000,1.570796,0.227498,0.000000,0.000000,-9600,-9600,-9600,-9600,0,0,0,0.000000,0.000000,0.000000,0.000000,0.000000,0.000000,0.000000,0.000000,0,0.000000,0.000000,0.000000,0.000000,0.000000,0.000000,0.000000,0.000000,0.000000,0.000000,0.000000,0.000000,0.000000,0.000000,0.000000,0.000000,0.000000,0.000000,0.000000,0.000000,0.000000,0.000000,0.000000,0.000000,0.000000,0.000000,0.000000,0.000000,0.000000,0.000000,0.000000,0.000000,0,0,0,0,0,0,0,0,0,0,0,0,0,66,0,0
7.261064,9770,13,0,0,2,60,0,0,0,0,0,0,-0.000038,-0.000000,-0.034812,-0.004902,-0.000000,0.035494,0.000938,0.000000,1.570796,0.227498,0.000000,0.000000,-9600,-9600,-9600,-9600,0,0,0,0.000000,0.000000,0.000000,0.000000,0.000000,0.000000,0.000000,0.000000,0,0.000000,0.000000,0.000000,0.000000,0.000000,0.000000,0.000000,0.000000,0.000000,0.000000,0.000000,0.000000,0.000000,0.000000,0.000000,0.000000,0.000000,0.000000,0.000000,0.000000,0.000000,0.000000,0.000000,0.000000,0.000000,0.000000,0.000000,0.000000,0.000000,0.000000,0.000000,0.000000,0,0,0,0,0,0,0,0,0,0,0,0,0,66,0,0
7.270834,9770,13,0,0,2,60,0,0,0,0,0,0,-0.000038,-0.000000,-0.034812,-0.004902,-0.000000,0.035494,0.000938,0.000000,1.570796,0.227498,0.000000,0.000000,-9600,-9600,-9600,-9600,0,0,0,0.000000,0.000000,0.000000,0.000000,0.000000,0.000000,0.000000,0.000000,0,0.000000,0.000000,0.000000,0.000000,0.000000,0.000000,0.000000,0.000000,0.000000,0.000000,0.000000,0.000000,0.000000,0.000000,0.000000,0.000000,0.000000,0.000000,0.000000,0.000000,0.000000,0.000000,0.000000,0.000000,0.000000,0.000000,0.000000,0.000000,0.000000,0.000000,0.000000,0.000000,0,0,0,0,0,0,0,0,0,0,0,0,0,66,0,0
7.280604,9770,13,0,0,2,60,0,0,0,0,0,0,-0.000038,-0.000000,-0.034812,-0.004902,-0.000000,0.035494,0.000938,0.000000,1.570796,0.227498,0.000000,0.000000,-9600,-9600,-9600,-9600,0,0,0,0.000000,0.000000,0.000000,0.000000,0.000000,0.000000,0.000000,0.000000,0,0.000000,0.000000,0.000000,0.000000,0.000000,0.000000,0.000000,0.000000,0.000000,0.000000,0.000000,0.000000,0.000000,0.000000,0.000000,0.000000,0.000000,0.000000,0.000000,0.000000,0.000000,0.000000,0.000000,0.000000,0.000000,0.000000,0.000000,0.000000,0.000000,0.000000,0.000000,0.000000,0,0,0,0,0,0,0,0,0,0,0,0,0,66,0,0
7.290374,9770,13,0,0,2,60,0,0,0,0,0,0,-0.000038,-0.000000,-0.034812,-0.004902,-0.000000,0.035494,0.000938,0.000000,1.570796,0.227498,0.000000,0.000000,-9600,-9600,-9600,-9600,0,0,0,0.000000,0.000000,0.000000,0.000000,0.000000,0.000000,0.000000,0.000000,0,0.000000,0.000000,0.000000,0.000000,0.000000,0.000000,0.000000,0.000000,0.000000,0.000000,0.000000,0.000000,0.000000,0.000000,0.000000,0.000000,0.000000,0.000000,0.000000,0.000000,0.000000,0.000000,0.000000,0.000000,0.000000,0.000000,0.000000,0.000000,0.000000,0.000000,0.000000,0.000000,0,0,0,0,0,0,0,0,0,0,0,0,0,66,0,0
7.300144,9770,13,0,0,2,60,0,0,0,0,0,0,-0.000038,-0.000000,-0.034812,-0.004902,-0.000000,0.035494,0.000938,0.000000,1.570796,0.227498,0.000000,0.000000,-9600,-9600,-9600,-9600,0,0,0,0.000000,0.000000,0.000000,0.000000,0.000000,0.000000,0.000000,0.000000,0,0.000000,0.000000,0.000000,0.000000,0.000000,0.000000,0.000000,0.000000,0.000000,0.000000,0.000000,0.000000,0.000000,0.000000,0.000000,0.000000,0.000000,0.000000,0.000000,0.000000,0.000000,0.000000,0.000000,0.000000,0.000000,0.000000,0.000000,0.000000,0.000000,0.000000,0.000000,0.000000,0,0,0,0,0,0,0,0,0,0,0,0,0,66,0,0
7.309914,9770,13,0,0,2,60,0,0,0,0,0,0,-0.000038,-0.000000,-0.034812,-0.004902,-0.000000,0.035494,0.000938,0.000000,1.570796,0.227498,0.000000,0.000000,-9600,-9600,-9600,-9600,0,0,0,0.000000,0.000000,0.000000,0.000000,0.000000,0.000000,0.000000,0.000000,0,0.000000,0.000000,0.000000,0.000000,0.000000,0.000000,0.000000,0.000000,0.000000,0.000000,0.000000,0.000000,0.000000,0.000000,0.000000,0.000000,0.000000,0.000000,0.000000,0.000000,0.000000,0.000000,0.000000,0.000000,0.000000,0.000000,0.000000,0.000000,0.000000,0.000000,0.000000,0.000000,0,0,0,0,0,0,0,0,0,0,0,0,0,66,0,0
7.319684,9770,13,0,0,2,60,0,0,0,0,0,0,-0.000038,-0.000000,-0.034812,-0.004902,-0.000000,0.035494,0.000938,0.000000,1.570796,0.227498,0.000000,0.000000,-9600,-9600,-9600,-9600,0,0,0,0.000000,0.000000,0.000000,0.000000,0.000000,0.000000,0.000000,0.000000,0,0.000000,0.000000,0.000000,0.000000,0.000000,0.000000,0.000000,0.000000,0.000000,0.000000,0.000000,0.000000,0.000000,0.000000,0.000000,0.000000,0.000000,0.000000,0.000000,0.000000,0.000000,0.000000,0.000000,0.000000,0.000000,0.000000,0.000000,0.000000,0.000000,0.000000,0.000000,0.000000,0,0,0,0,0,0,0,0,0,0,0,0,0,66,0,0
7.329454,9770,13,0,0,2,60,0,0,0,0,0,0,-0.000038,-0.000000,-0.034812,-0.004902,-0.000000,0.035494,0.000938,0.000000,1.570796,0.227498,0.000000,0.000000,-9600,-9600,-9600,-9600,0,0,0,0.000000,0.000000,0.000000,0.000000,0.000000,0.000000,0.000000,0.000000,0,0.000000,0.000000,0.000000,0.000000,0.000000,0.000000,0.000000,0.000000,0.000000,0.000000,0.000000,0.000000,0.000000,0.000000,0.000000,0.000000,0.000000,0.000000,0.000000,0.000000,0.000000,0.000000,0.000000,0.000000,0.000000,0.000000,0.000000,0.000000,0.000000,0.000000,0.000000,0.000000,0,0,0,0,0,0,0,0,0,0,0,0,0,66,0,0
7.339224,9770,13,0,0,2,60,0,0,0,0,0,0,-0.000038,-0.000000,-0.034812,-0.004902,-0.000000,0.035494,0.000938,0.000000,1.570796,0.227498,0.000000,0.000000,-9600,-9600,-9600,-9600,0,0,0,0.000000,0.000000,0.000000,0.000000,0.000000,0.000000,0.000000,0.000000,0,0.000000,0.000000,0.000000,0.000000,0.000000,0.000000,0.000000,0.000000,0.000000,0.000000,0.000000,0.000000,0.000000,0.000000,0.000000,0.000000,0.000000,0.000000,0.000000,0.000000,0.000000,0.000000,0.000000,0.000000,0.000000,0.000000,0.000000,0.000000,0.000000,0.000000,0.000000,0.000000,0,0,0,0,0,0,0,0,0,0,0,0,0,66,0,0
7.348994,9770,13,0,0,2,60,0,0,0,0,0,0,-0.000038,-0.000000,-0.034812,-0.004902,-0.000000,0.035494,0.000938,0.000000,1.570796,0.227498,0.000000,0.000000,-9600,-9600,-9600,-9600,0,0,0,0.000000,0.000000,0.000000,0.000000,0.000000,0.000000,0.000000,0.000000,0,0.000000,0.000000,0.000000,0.000000,0.000000,0.000000,0.000000,0.000000,0.000000,0.000000,0.000000,0.000000,0.000000,0.000000,0.000000,0.000000,0.000000,0.000000,0.000000,0.000000,0.000000,0.000000,0.000000,0.000000,0.000000,0.000000,0.000000,0.000000,0.000000,0.000000,0.000000,0.000000,0,0,0,0,0,0,0,0,0,0,0,0,0,66,0,0
7.358764,9770,13,0,0,2,60,0,0,0,0,0,0,-0.000038,-0.000000,-0.034812,-0.004902,-0.000000,0.035494,0.000938,0.000000,1.570796,0.227498,0.000000,0.000000,-9600,-9600,-9600,-9600,0,0,0,0.000000,0.000000,0.000000,0.000000,0.000000,0.000000,0.000000,0.000000,0,0.000000,0.000000,0.000000,0.000000,0.000000,0.000000,0.000000,0.000000,0.000000,0.000000,0.000000,0.000000,0.000000,0.000000,0.000000,0.000000,0.000000,0.000000,0.000000,0.000000,0.000000,0.000000,0.000000,0.000000,0.000000,0.000000,0.000000,0.000000,0.000000,0.000000,0.000000,0.000000,0,0,0,0,0,0,0,0,0,0,0,0,0,66,0,0
7.368534,9770,13,0,0,2,60,0,0,0,0,0,0,-0.000038,-0.000000,-0.034812,-0.004902,-0.000000,0.035494,0.000938,0.000000,1.570796,0.227498,0.000000,0.000000,-9600,-9600,-9600,-9600,0,0,0,0.000000,0.000000,0.000000,0.000000,0.000000,0.000000,0.000000,0.000000,0,0.000000,0.000000,0.000000,0.000000,0.000000,0.000000,0.000000,0.000000,0.000000,0.000000,0.000000,0.000000,0.000000,0.000000,0.000000,0.000000,0.000000,0.000000,0.000000,0.000000,0.000000,0.000000,0.000000,0.000000,0.000000,0.000000,0.000000,0.000000,0.000000,0.000000,0.000000,0.000000,0,0,0,0,0,0,0,0,0,0,0,0,0,66,0,0
7.378304,9770,13,0,0,2,60,0,0,0,0,0,0,-0.000038,-0.000000,-0.034812,-0.004902,-0.000000,0.035494,0.000938,0.000000,1.570796,0.227498,0.000000,0.000000,-9600,-9600,-9600,-9600,0,0,0,0.000000,0.000000,0.000000,0.000000,0.000000,0.000000,0.000000,0.000000,0,0.000000,0.000000,0.000000,0.000000,0.000000,0.000000,0.000000,0.000000,0.000000,0.000000,0.000000,0.000000,0.000000,0.000000,0.000000,0.000000,0.000000,0.000000,0.000000,0.000000,0.000000,0.000000,0.000000,0.000000,0.000000,0.000000,0.000000,0.000000,0.000000,0.000000,0.000000,0.000000,0,0,0,0,0,0,0,0,0,0,0,0,0,66,0,0
7.388074,9770,13,0,0,2,60,0,0,0,0,0,0,-0.000038,-0.000000,-0.034812,-0.004902,-0.000000,0.035494,0.000938,0.000000,1.570796,0.227498,0.000000,0.000000,-9600,-9600,-9600,-9600,0,0,0,0.000000,0.000000,0.000000,0.000000,0.000000,0.000000,0.000000,0.000000,0,0.000000,0.000000,0.000000,0.000000,0.000000,0.000000,0.000000,0.000000,0.000000,0.000000,0.000000,0.000000,0.000000,0.000000,0.000000,0.000000,0.000000,0.000000,0.000000,0.000000,0.000000,0.000000,0.000000,0.000000,0.000000,0.000000,0.000000,0.000000,0.000000,0.000000,0.000000,0.000000,0,0,0,0,0,0,0,0,0,0,0,0,0,66,0,0
7.397844,9770,13,0,0,2,60,0,0,0,0,0,0,-0.000038,-0.000000,-0.034812,-0.004902,-0.000000,0.035494,0.000938,0.000000,1.570796,0.227498,0.000000,0.000000,-9600,-9600,-9600,-9600,0,0,0,0.000000,0.000000,0.000000,0.000000,0.000000,0.000000,0.000000,0.000000,0,0.000000,0.000000,0.000000,0.000000,0.000000,0.000000,0.000000,0.000000,0.000000,0.000000,0.000000,0.000000,0.000000,0.000000,0.000000,0.000000,0.000000,0.000000,0.000000,0.000000,0.000000,0.000000,0.000000,0.000000,0.000000,0.000000,0.000000,0.000000,0.000000,0.000000,0.000000,0.000000,0,0,0,0,0,0,0,0,0,0,0,0,0,66,0,0
7.407614,9770,13,0,0,2,60,0,0,0,0,0,0,-0.000038,-0.000000,-0.034812,-0.004902,-0.000000,0.035494,0.000938,0.000000,1.570796,0.227498,0.000000,0.000000,-9600,-9600,-9600,-9600,0,0,0,0.000000,0.000000,0.000000,0.000000,0.000000,0.000000,0.000000,0.000000,0,0.000000,0.000000,0.000000,0.000000,0.000000,0.000000,0.000000,0.000000,0.000000,0.000000,0.000000,0.000000,0.000000,0.000000,0.000000,0.000000,0.000000,0.000000,0.000000,0.000000,0.000000,0.000000,0.000000,0.000000,0.000000,0.000000,0.000000,0.000000,0.000000,0.000000,0.000000,0.000000,0,0,0,0,0,0,0,0,0,0,0,0,0,66,0,0
7.417384,9770,13,0,0,2,60,0,0,0,0,0,0,-0.000038,-0.000000,-0.034812,-0.004902,-0.000000,0.035494,0.000938,0.000000,1.570796,0.227498,0.000000,0.000000,-9600,-9600,-9600,-9600,0,0,0,0.000000,0.000000,0.000000,0.000000,0.000000,0.000000,0.000000,0.000000,0,0.000000,0.000000,0.000000,0.000000,0.000000,0.000000,0.000000,0.000000,0.000000,0.000000,0.000000,0.000000,0.000000,0.000000,0.000000,0.000000,0.000000,0.000000,0.000000,0.000000,0.000000,0.000000,0.000000,0.000000,0.000000,0.000000,0.000000,0.000000,0.000000,0.000000,0.000000,0.000000,0,0,0,0,0,0,0,0,0,0,0,0,0,66,0,0
7.427154,9770,13,0,0,2,60,0,0,0,0,0,0,-0.000038,-0.000000,-0.034812,-0.004902,-0.000000,0.035494,0.000938,0.000000,1.570796,0.227498,0.000000,0.000000,-9600,-9600,-9600,-9600,0,0,0,0.000000,0.000000,0.000000,0.000000,0.000000,0.000000,0.000000,0.000000,0,0.000000,0.000000,0.000000,0.000000,0.000000,0.000000,0.000000,0.000000,0.000000,0.000000,0.000000,0.000000,0.000000,0.000000,0.000000,0.000000,0.000000,0.000000,0.000000,0.000000,0.000000,0.000000,0.000000,0.000000,0.000000,0.000000,0.000000,0.000000,0.000000,0.000000,0.000000,0.000000,0,0,0,0,0,0,0,0,0,0,0,0,0,66,0,0
7.436924,9770,13,0,0,2,60,0,0,0,0,0,0,-0.000038,-0.000000,-0.034812,-0.004902,-0.000000,0.035494,0.000938,0.000000,1.570796,0.227498,0.000000,0.000000,-9600,-9600,-9600,-9600,0,0,0,0.000000,0.000000,0.000000,0.000000,0.000000,0.000000,0.000000,0.000000,0,0.000000,0.000000,0.000000,0.000000,0.000000,0.000000,0.000000,0.000000,0.000000,0.000000,0.000000,0.000000,0.000000,0.000000,0.000000,0.000000,0.000000,0.000000,0.000000,0.000000,0.000000,0.000000,0.000000,0.000000,0.000000,0.000000,0.000000,0.000000,0.000000,0.000000,0.000000,0.000000,0,0,0,0,0,0,0,0,0,0,0,0,0,66,0,0
7.446694,9770,13,0,0,2,60,0,0,0,0,0,0,-0.000038,-0.000000,-0.034812,-0.004902,-0.000000,0.035494,0.000938,0.000000,1.570796,0.227498,0.000000,0.000000,-9600,-9600,-9600,-9600,0,0,0,0.000000,0.000000,0.000000,0.000000,0.000000,0.000000,0.000000,0.000000,0,0.000000,0.000000,0.000000,0.000000,0.000000,0.000000,0.000000,0.000000,0.000000,0.000000,0.000000,0.000000,0.000000,0.000000,0.000000,0.000000,0.000000,0.000000,0.000000,0.000000,0.000000,0.000000,0.000000,0.000000,0.000000,0.000000,0.000000,0.000000,0.000000,0.000000,0.000000,0.000000,0,0,0,0,0,0,0,0,0,0,0,0,0,66,0,0
7.456464,9770,13,0,0,2,60,0,0,0,0,0,0,-0.000038,-0.000000,-0.034812,-0.004902,-0.000000,0.035494,0.000938,0.000000,1.570796,0.227498,0.000000,0.000000,-9600,-9600,-9600,-9600,0,0,0,0.000000,0.000000,0.000000,0.000000,0.000000,0.000000,0.000000,0.000000,0,0.000000,0.000000,0.000000,0.000000,0.000000,0.000000,0.000000,0.000000,0.000000,0.000000,0.000000,0.000000,0.000000,0.000000,0.000000,0.000000,0.000000,0.000000,0.000000,0.000000,0.000000,0.000000,0.000000,0.000000,0.000000,0.000000,0.000000,0.000000,0.000000,0.000000,0.000000,0.000000,0,0,0,0,0,0,0,0,0,0,0,0,0,66,0,0
7.466234,9770,13,0,0,2,60,0,0,0,0,0,0,-0.000038,-0.000000,-0.034812,-0.004902,-0.000000,0.035494,0.000938,0.000000,1.570796,0.227498,0.000000,0.000000,-9600,-9600,-9600,-9600,0,0,0,0.000000,0.000000,0.000000,0.000000,0.000000,0.000000,0.000000,0.000000,0,0.000000,0.000000,0.000000,0.000000,0.000000,0.000000,0.000000,0.000000,0.000000,0.000000,0.000000,0.000000,0.000000,0.000000,0.000000,0.000000,0.000000,0.000000,0.000000,0.000000,0.000000,0.000000,0.000000,0.000000,0.000000,0.000000,0.000000,0.000000,0.000000,0.000000,0.000000,0.000000,0,0,0,0,0,0,0,0,0,0,0,0,0,66,0,0
7.476004,9770,13,0,0,2,60,0,0,0,0,0,0,-0.000038,-0.000000,-0.034812,-0.004902,-0.000000,0.035494,0.000938,0.000000,1.570796,0.227498,0.000000,0.000000,-9600,-9600,-9600,-9600,0,0,0,0.000000,0.000000,0.000000,0.000000,0.000000,0.000000,0.000000,0.000000,0,0.000000,0.000000,0.000000,0.000000,0.000000,0.000000,0.000000,0.000000,0.000000,0.000000,0.000000,0.000000,0.000000,0.000000,0.000000,0.000000,0.000000,0.000000,0.000000,0.000000,0.000000,0.000000,0.000000,0.000000,0.000000,0.000000,0.000000,0.000000,0.000000,0.000000,0.000000,0.000000,0,0,0,0,0,0,0,0,0,0,0,0,0,66,0,0
7.485774,9770,13,0,0,2,60,0,0,0,0,0,0,-0.000038,-0.000000,-0.034812,-0.004902,-0.000000,0.035494,0.000938,0.000000,1.570796,0.227498,0.000000,0.000000,-9600,-9600,-9600,-9600,0,0,0,0.000000,0.000000,0.000000,0.000000,0.000000,0.000000,0.000000,0.000000,0,0.000000,0.000000,0.000000,0.000000,0.000000,0.000000,0.000000,0.000000,0.000000,0.000000,0.000000,0.000000,0.000000,0.000000,0.000000,0.000000,0.000000,0.000000,0.000000,0.000000,0.000000,0.000000,0.000000,0.000000,0.000000,0.000000,0.000000,0.000000,0.000000,0.000000,0.000000,0.000000,0,0,0,0,0,0,0,0,0,0,0,0,0,66,0,0
7.495544,9770,13,0,0,2,60,0,0,0,0,0,0,-0.000038,-0.000000,-0.034812,-0.004902,-0.000000,0.035494,0.000938,0.000000,1.570796,0.227498,0.000000,0.000000,-9600,-9600,-9600,-9600,0,0,0,0.000000,0.000000,0.000000,0.000000,0.000000,0.000000,0.000000,0.000000,0,0.000000,0.000000,0.000000,0.000000,0.000000,0.000000,0.000000,0.000000,0.000000,0.000000,0.000000,0.000000,0.000000,0.000000,0.000000,0.000000,0.000000,0.000000,0.000000,0.000000,0.000000,0.000000,0.000000,0.000000,0.000000,0.000000,0.000000,0.000000,0.000000,0.000000,0.000000,0.000000,0,0,0,0,0,0,0,0,0,0,0,0,0,66,0,0
7.505314,9770,13,0,0,2,60,0,0,0,0,0,0,-0.000038,-0.000000,-0.034812,-0.004902,-0.000000,0.035494,0.000938,0.000000,1.570796,0.227498,0.000000,0.000000,-9600,-9600,-9600,-9600,0,0,0,0.000000,0.000000,0.000000,0.000000,0.000000,0.000000,0.000000,0.000000,0,0.000000,0.000000,0.000000,0.000000,0.000000,0.000000,0.000000,0.000000,0.000000,0.000000,0.000000,0.000000,0.000000,0.000000,0.000000,0.000000,0.000000,0.000000,0.000000,0.000000,0.000000,0.000000,0.000000,0.000000,0.000000,0.000000,0.000000,0.000000,0.000000,0.000000,0.000000,0.000000,0,0,0,0,0,0,0,0,0,0,0,0,0,66,0,0
7.515084,9770,13,0,0,2,60,0,0,0,0,0,0,-0.000038,-0.000000,-0.034812,-0.004902,-0.000000,0.035494,0.000938,0.000000,1.570796,0.227498,0.000000,0.000000,-9600,-9600,-9600,-9600,0,0,0,0.000000,0.000000,0.000000,0.000000,0.000000,0.000000,0.000000,0.000000,0,0.000000,0.000000,0.000000,0.000000,0.000000,0.000000,0.000000,0.000000,0.000000,0.000000,0.000000,0.000000,0.000000,0.000000,0.000000,0.000000,0.000000,0.000000,0.000000,0.000000,0.000000,0.000000,0.000000,0.000000,0.000000,0.000000,0.000000,0.000000,0.000000,0.000000,0.000000,0.000000,0,0,0,0,0,0,0,0,0,0,0,0,0,66,0,0
7.524854,9770,13,0,0,2,60,0,0,0,0,0,0,-0.000038,-0.000000,-0.034812,-0.004902,-0.000000,0.035494,0.000938,0.000000,1.570796,0.227498,0.000000,0.000000,-9600,-9600,-9600,-9600,0,0,0,0.000000,0.000000,0.000000,0.000000,0.000000,0.000000,0.000000,0.000000,0,0.000000,0.000000,0.000000,0.000000,0.000000,0.000000,0.000000,0.000000,0.000000,0.000000,0.000000,0.000000,0.000000,0.000000,0.000000,0.000000,0.000000,0.000000,0.000000,0.000000,0.000000,0.000000,0.000000,0.000000,0.000000,0.000000,0.000000,0.000000,0.000000,0.000000,0.000000,0.000000,0,0,0,0,0,0,0,0,0,0,0,0,0,66,0,0
7.534624,9770,13,0,0,2,60,0,0,0,0,0,0,-0.000038,-0.000000,-0.034812,-0.004902,-0.000000,0.035494,0.000938,0.000000,1.570796,0.227498,0.000000,0.000000,-9600,-9600,-9600,-9600,0,0,0,0.000000,0.000000,0.000000,0.000000,0.000000,0.000000,0.000000,0.000000,0,0.000000,0.000000,0.000000,0.000000,0.000000,0.000000,0.000000,0.000000,0.000000,0.000000,0.000000,0.000000,0.000000,0.000000,0.000000,0.000000,0.000000,0.000000,0.000000,0.000000,0.000000,0.000000,0.000000,0.000000,0.000000,0.000000,0.000000,0.000000,0.000000,0.000000,0.000000,0.000000,0,0,0,0,0,0,0,0,0,0,0,0,0,66,0,0
7.544394,9770,13,0,0,2,60,0,0,0,0,0,0,-0.000039,-0.000000,-0.034812,-0.004902,-0.000000,0.035494,0.000938,0.000000,1.570796,0.227498,0.000000,0.000000,-9600,-9600,-9600,-9600,0,0,0,0.000000,0.000000,0.000000,0.000000,0.000000,0.000000,0.000000,0.000000,0,0.000000,0.000000,0.000000,0.000000,0.000000,0.000000,0.000000,0.000000,0.000000,0.000000,0.000000,0.000000,0.000000,0.000000,0.000000,0.000000,0.000000,0.000000,0.000000,0.000000,0.000000,0.000000,0.000000,0.000000,0.000000,0.000000,0.000000,0.000000,0.000000,0.000000,0.000000,0.000000,0,0,0,0,0,0,0,0,0,0,0,0,0,66,0,0
7.554164,9770,13,0,0,2,60,0,0,0,0,0,0,-0.000039,-0.000000,-0.034812,-0.004902,-0.000000,0.035494,0.000938,0.000000,1.570796,0.227498,0.000000,0.000000,-9600,-9600,-9600,-9600,0,0,0,0.000000,0.000000,0.000000,0.000000,0.000000,0.000000,0.000000,0.000000,0,0.000000,0.000000,0.000000,0.000000,0.000000,0.000000,0.000000,0.000000,0.000000,0.000000,0.000000,0.000000,0.000000,0.000000,0.000000,0.000000,0.000000,0.000000,0.000000,0.000000,0.000000,0.000000,0.000000,0.000000,0.000000,0.000000,0.000000,0.000000,0.000000,0.000000,0.000000,0.000000,0,0,0,0,0,0,0,0,0,0,0,0,0,66,0,0
7.563934,9770,13,0,0,2,60,0,0,0,0,0,0,-0.000039,-0.000000,-0.034812,-0.004902,-0.000000,0.035494,0.000938,0.000000,1.570796,0.227498,0.000000,0.000000,-9600,-9600,-9600,-9600,0,0,0,0.000000,0.000000,0.000000,0.000000,0.000000,0.000000,0.000000,0.000000,0,0.000000,0.000000,0.000000,0.000000,0.000000,0.000000,0.000000,0.000000,0.000000,0.000000,0.000000,0.000000,0.000000,0.000000,0.000000,0.000000,0.000000,0.000000,0.000000,0.000000,0.000000,0.000000,0.000000,0.000000,0.000000,0.000000,0.000000,0.000000,0.000000,0.000000,0.000000,0.000000,0,0,0,0,0,0,0,0,0,0,0,0,0,66,0,0
7.573704,9770,13,0,0,2,60,0,0,0,0,0,0,-0.000039,-0.000000,-0.034812,-0.004902,-0.000000,0.035494,0.000938,0.000000,1.570796,0.227498,0.000000,0.000000,-9600,-9600,-9600,-9600,0,0,0,0.000000,0.000000,0.000000,0.000000,0.000000,0.000000,0.000000,0.000000,0,0.000000,0.000000,0.000000,0.000000,0.000000,0.000000,0.000000,0.000000,0.000000,0.000000,0.000000,0.000000,0.000000,0.000000,0.000000,0.000000,0.000000,0.000000,0.000000,0.000000,0.000000,0.000000,0.000000,0.000000,0.000000,0.000000,0.000000,0.000000,0.000000,0.000000,0.000000,0.000000,0,0,0,0,0,0,0,0,0,0,0,0,0,66,0,0
7.583474,9770,13,0,0,2,60,0,0,0,0,0,0,-0.000039,-0.000000,-0.034812,-0.004902,-0.000000,0.035494,0.000938,0.000000,1.570796,0.227498,0.000000,0.000000,-9600,-9600,-9600,-9600,0,0,0,0.000000,0.000000,0.000000,0.000000,0.000000,0.000000,0.000000,0.000000,0,0.000000,0.000000,0.000000,0.000000,0.000000,0.000000,0.000000,0.000000,0.000000,0.000000,0.000000,0.000000,0.000000,0.000000,0.000000,0.000000,0.000000,0.000000,0.000000,0.000000,0.000000,0.000000,0.000000,0.000000,0.000000,0.000000,0.000000,0.000000,0.000000,0.000000,0.000000,0.000000,0,0,0,0,0,0,0,0,0,0,0,0,0,66,0,0
7.593244,9770,13,0,0,2,60,0,0,0,0,0,0,-0.000039,-0.000000,-0.034812,-0.004902,-0.000000,0.035494,0.000938,0.000000,1.570796,0.227498,0.000000,0.000000,-9600,-9600,-9600,-9600,0,0,0,0.000000,0.000000,0.000000,0.000000,0.000000,0.000000,0.000000,0.000000,0,0.000000,0.000000,0.000000,0.000000,0.000000,0.000000,0.000000,0.000000,0.000000,0.000000,0.000000,0.000000,0.000000,0.000000,0.000000,0.000000,0.000000,0.000000,0.000000,0.000000,0.000000,0.000000,0.000000,0.000000,0.000000,0.000000,0.000000,0.000000,0.000000,0.000000,0.000000,0.000000,0,0,0,0,0,0,0,0,0,0,0,0,0,66,0,0
7.603014,9770,13,0,0,2,60,0,0,0,0,0,0,-0.000039,-0.000000,-0.034812,-0.004902,-0.000000,0.035494,0.000938,0.000000,1.570796,0.227498,0.000000,0.000000,-9600,-9600,-9600,-9600,0,0,0,0.000000,0.000000,0.000000,0.000000,0.000000,0.000000,0.000000,0.000000,0,0.000000,0.000000,0.000000,0.000000,0.000000,0.000000,0.000000,0.000000,0.000000,0.000000,0.000000,0.000000,0.000000,0.000000,0.000000,0.000000,0.000000,0.000000,0.000000,0.000000,0.000000,0.000000,0.000000,0.000000,0.000000,0.000000,0.000000,0.000000,0.000000,0.000000,0.000000,0.000000,0,0,0,0,0,0,0,0,0,0,0,0,0,66,0,0
7.612784,9770,13,0,0,2,60,0,0,0,0,0,0,-0.000039,-0.000000,-0.034812,-0.004902,-0.000000,0.035494,0.000938,0.000000,1.570796,0.227498,0.000000,0.000000,-9600,-9600,-9600,-9600,0,0,0,0.000000,0.000000,0.000000,0.000000,0.000000,0.000000,0.000000,0.000000,0,0.000000,0.000000,0.000000,0.000000,0.000000,0.000000,0.000000,0.000000,0.000000,0.000000,0.000000,0.000000,0.000000,0.000000,0.000000,0.000000,0.000000,0.000000,0.000000,0.000000,0.000000,0.000000,0.000000,0.000000,0.000000,0.000000,0.000000,0.000000,0.000000,0.000000,0.000000,0.000000,0,0,0,0,0,0,0,0,0,0,0,0,0,66,0,0
7.622554,9770,13,0,0,2,60,0,0,0,0,0,0,-0.000039,-0.000000,-0.034812,-0.004902,-0.000000,0.035494,0.000938,0.000000,1.570796,0.227498,0.000000,0.000000,-9600,-9600,-9600,-9600,0,0,0,0.000000,0.000000,0.000000,0.000000,0.000000,0.000000,0.000000,0.000000,0,0.000000,0.000000,0.000000,0.000000,0.000000,0.000000,0.000000,0.000000,0.000000,0.000000,0.000000,0.000000,0.000000,0.000000,0.000000,0.000000,0.000000,0.000000,0.000000,0.000000,0.000000,0.000000,0.000000,0.000000,0.000000,0.000000,0.000000,0.000000,0.000000,0.000000,0.000000,0.000000,0,0,0,0,0,0,0,0,0,0,0,0,0,66,0,0
7.632324,9770,13,0,0,2,60,0,0,0,0,0,0,-0.000039,-0.000000,-0.034812,-0.004902,-0.000000,0.035494,0.000938,0.000000,1.570796,0.227498,0.000000,0.000000,-9600,-9600,-9600,-9600,0,0,0,0.000000,0.000000,0.000000,0.000000,0.000000,0.000000,0.000000,0.000000,0,0.000000,0.000000,0.000000,0.000000,0.000000,0.000000,0.000000,0.000000,0.000000,0.000000,0.000000,0.000000,0.000000,0.000000,0.000000,0.000000,0.000000,0.000000,0.000000,0.000000,0.000000,0.000000,0.000000,0.000000,0.000000,0.000000,0.000000,0.000000,0.000000,0.000000,0.000000,0.000000,0,0,0,0,0,0,0,0,0,0,0,0,0,66,0,0
7.642094,9770,13,0,0,2,60,0,0,0,0,0,0,-0.000039,-0.000000,-0.034812,-0.004902,-0.000000,0.035494,0.000938,0.000000,1.570796,0.227498,0.000000,0.000000,-9600,-9600,-9600,-9600,0,0,0,0.000000,0.000000,0.000000,0.000000,0.000000,0.000000,0.000000,0.000000,0,0.000000,0.000000,0.000000,0.000000,0.000000,0.000000,0.000000,0.000000,0.000000,0.000000,0.000000,0.000000,0.000000,0.000000,0.000000,0.000000,0.000000,0.000000,0.000000,0.000000,0.000000,0.000000,0.000000,0.000000,0.000000,0.000000,0.000000,0.000000,0.000000,0.000000,0.000000,0.000000,0,0,0,0,0,0,0,0,0,0,0,0,0,66,0,0
7.651864,9770,13,0,0,2,60,0,0,0,0,0,0,-0.000039,-0.000000,-0.034812,-0.004902,-0.000000,0.035494,0.000938,0.000000,1.570796,0.227498,0.000000,0.000000,-9600,-9600,-9600,-9600,0,0,0,0.000000,0.000000,0.000000,0.000000,0.000000,0.000000,0.000000,0.000000,0,0.000000,0.000000,0.000000,0.000000,0.000000,0.000000,0.000000,0.000000,0.000000,0.000000,0.000000,0.000000,0.000000,0.000000,0.000000,0.000000,0.000000,0.000000,0.000000,0.000000,0.000000,0.000000,0.000000,0.000000,0.000000,0.000000,0.000000,0.000000,0.000000,0.000000,0.000000,0.000000,0,0,0,0,0,0,0,0,0,0,0,0,0,66,0,0
7.661634,9770,13,0,0,2,60,0,0,0,0,0,0,-0.000039,-0.000000,-0.034812,-0.004902,-0.000000,0.035494,0.000938,0.000000,1.570796,0.227498,0.000000,0.000000,-9600,-9600,-9600,-9600,0,0,0,0.000000,0.000000,0.000000,0.000000,0.000000,0.000000,0.000000,0.000000,0,0.000000,0.000000,0.000000,0.000000,0.000000,0.000000,0.000000,0.000000,0.000000,0.000000,0.000000,0.000000,0.000000,0.000000,0.000000,0.000000,0.000000,0.000000,0.000000,0.000000,0.000000,0.000000,0.000000,0.000000,0.000000,0.000000,0.000000,0.000000,0.000000,0.000000,0.000000,0.000000,0,0,0,0,0,0,0,0,0,0,0,0,0,66,0,0
7.671404,9770,13,0,0,2,60,0,0,0,0,0,0,-0.000039,-0.000000,-0.034812,-0.004902,-0.000000,0.035494,0.000938,0.000000,1.570796,0.227498,0.000000,0.000000,-9600,-9600,-9600,-9600,0,0,0,0.000000,0.000000,0.000000,0.000000,0.000000,0.000000,0.000000,0.000000,0,0.000000,0.000000,0.000000,0.000000,0.000000,0.000000,0.000000,0.000000,0.000000,0.000000,0.000000,0.000000,0.000000,0.000000,0.000000,0.000000,0.000000,0.000000,0.000000,0.000000,0.000000,0.000000,0.000000,0.000000,0.000000,0.000000,0.000000,0.000000,0.000000,0.000000,0.000000,0.000000,0,0,0,0,0,0,0,0,0,0,0,0,0,66,0,0
7.681174,9770,13,0,0,2,60,0,0,0,0,0,0,-0.000039,-0.000000,-0.034812,-0.004902,-0.000000,0.035494,0.000938,0.000000,1.570796,0.227498,0.000000,0.000000,-9600,-9600,-9600,-9600,0,0,0,0.000000,0.000000,0.000000,0.000000,0.000000,0.000000,0.000000,0.000000,0,0.000000,0.000000,0.000000,0.000000,0.000000,0.000000,0.000000,0.000000,0.000000,0.000000,0.000000,0.000000,0.000000,0.000000,0.000000,0.000000,0.000000,0.000000,0.000000,0.000000,0.000000,0.000000,0.000000,0.000000,0.000000,0.000000,0.000000,0.000000,0.000000,0.000000,0.000000,0.000000,0,0,0,0,0,0,0,0,0,0,0,0,0,66,0,0
7.690944,9770,13,0,0,2,60,0,0,0,0,0,0,-0.000039,-0.000000,-0.034812,-0.004902,-0.000000,0.035494,0.000938,0.000000,1.570796,0.227498,0.000000,0.000000,-9600,-9600,-9600,-9600,0,0,0,0.000000,0.000000,0.000000,0.000000,0.000000,0.000000,0.000000,0.000000,0,0.000000,0.000000,0.000000,0.000000,0.000000,0.000000,0.000000,0.000000,0.000000,0.000000,0.000000,0.000000,0.000000,0.000000,0.000000,0.000000,0.000000,0.000000,0.000000,0.000000,0.000000,0.000000,0.000000,0.000000,0.000000,0.000000,0.000000,0.000000,0.000000,0.000000,0.000000,0.000000,0,0,0,0,0,0,0,0,0,0,0,0,0,66,0,0
7.700714,9770,13,0,0,2,60,0,0,0,0,0,0,-0.000039,-0.000000,-0.034812,-0.004902,-0.000000,0.035494,0.000938,0.000000,1.570796,0.227498,0.000000,0.000000,-9600,-9600,-9600,-9600,0,0,0,0.000000,0.000000,0.000000,0.000000,0.000000,0.000000,0.000000,0.000000,0,0.000000,0.000000,0.000000,0.000000,0.000000,0.000000,0.000000,0.000000,0.000000,0.000000,0.000000,0.000000,0.000000,0.000000,0.000000,0.000000,0.000000,0.000000,0.000000,0.000000,0.000000,0.000000,0.000000,0.000000,0.000000,0.000000,0.000000,0.000000,0.000000,0.000000,0.000000,0.000000,0,0,0,0,0,0,0,0,0,0,0,0,0,66,0,0
7.710484,9770,13,0,0,2,60,0,0,0,0,0,0,-0.000039,-0.000000,-0.034812,-0.004902,-0.000000,0.035494,0.000938,0.000000,1.570796,0.227498,0.000000,0.000000,-9600,-9600,-9600,-9600,0,0,0,0.000000,0.000000,0.000000,0.000000,0.000000,0.000000,0.000000,0.000000,0,0.000000,0.000000,0.000000,0.000000,0.000000,0.000000,0.000000,0.000000,0.000000,0.000000,0.000000,0.000000,0.000000,0.000000,0.000000,0.000000,0.000000,0.000000,0.000000,0.000000,0.000000,0.000000,0.000000,0.000000,0.000000,0.000000,0.000000,0.000000,0.000000,0.000000,0.000000,0.000000,0,0,0,0,0,0,0,0,0,0,0,0,0,66,0,0
7.720254,9770,13,0,0,2,60,0,0,0,0,0,0,-0.000039,-0.000000,-0.034812,-0.004902,-0.000000,0.035494,0.000938,0.000000,1.570796,0.227498,0.000000,0.000000,-9600,-9600,-9600,-9600,0,0,0,0.000000,0.000000,0.000000,0.000000,0.000000,0.000000,0.000000,0.000000,0,0.000000,0.000000,0.000000,0.000000,0.000000,0.000000,0.000000,0.000000,0.000000,0.000000,0.000000,0.000000,0.000000,0.000000,0.000000,0.000000,0.000000,0.000000,0.000000,0.000000,0.000000,0.000000,0.000000,0.000000,0.000000,0.000000,0.000000,0.000000,0.000000,0.000000,0.000000,0.000000,0,0,0,0,0,0,0,0,0,0,0,0,0,66,0,0
7.730024,9770,13,0,0,2,60,0,0,0,0,0,0,-0.000039,-0.000000,-0.034812,-0.004902,-0.000000,0.035494,0.000938,0.000000,1.570796,0.227498,0.000000,0.000000,-9600,-9600,-9600,-9600,0,0,0,0.000000,0.000000,0.000000,0.000000,0.000000,0.000000,0.000000,0.000000,0,0.000000,0.000000,0.000000,0.000000,0.000000,0.000000,0.000000,0.000000,0.000000,0.000000,0.000000,0.000000,0.000000,0.000000,0.000000,0.000000,0.000000,0.000000,0.000000,0.000000,0.000000,0.000000,0.000000,0.000000,0.000000,0.000000,0.000000,0.000000,0.000000,0.000000,0.000000,0.000000,0,0,0,0,0,0,0,0,0,0,0,0,0,66,0,0
7.739794,9770,13,0,0,2,60,0,0,0,0,0,0,-0.000039,-0.000000,-0.034812,-0.004902,-0.000000,0.035494,0.000938,0.000000,1.570796,0.227498,0.000000,0.000000,-9600,-9600,-9600,-9600,0,0,0,0.000000,0.000000,0.000000,0.000000,0.000000,0.000000,0.000000,0.000000,0,0.000000,0.000000,0.000000,0.000000,0.000000,0.000000,0.000000,0.000000,0.000000,0.000000,0.000000,0.000000,0.000000,0.000000,0.000000,0.000000,0.000000,0.000000,0.000000,0.000000,0.000000,0.000000,0.000000,0.000000,0.000000,0.000000,0.000000,0.000000,0.000000,0.000000,0.000000,0.000000,0,0,0,0,0,0,0,0,0,0,0,0,0,66,0,0
7.749564,9770,13,0,0,2,60,0,0,0,0,0,0,-0.000039,-0.000000,-0.034812,-0.004902,-0.000000,0.035494,0.000938,0.000000,1.570796,0.227498,0.000000,0.000000,-9600,-9600,-9600,-9600,0,0,0,0.000000,0.000000,0.000000,0.000000,0.000000,0.000000,0.000000,0.000000,0,0.000000,0.000000,0.000000,0.000000,0.000000,0.000000,0.000000,0.000000,0.000000,0.000000,0.000000,0.000000,0.000000,0.000000,0.000000,0.000000,0.000000,0.000000,0.000000,0.000000,0.000000,0.000000,0.000000,0.000000,0.000000,0.000000,0.000000,0.000000,0.000000,0.000000,0.000000,0.000000,0,0,0,0,0,0,0,0,0,0,0,0,0,66,0,0
7.759334,9770,13,0,0,2,60,0,0,0,0,0,0,-0.000039,-0.000000,-0.034812,-0.004902,-0.000000,0.035494,0.000938,0.000000,1.570796,0.227498,0.000000,0.000000,-9600,-9600,-9600,-9600,0,0,0,0.000000,0.000000,0.000000,0.000000,0.000000,0.000000,0.000000,0.000000,0,0.000000,0.000000,0.000000,0.000000,0.000000,0.000000,0.000000,0.000000,0.000000,0.000000,0.000000,0.000000,0.000000,0.000000,0.000000,0.000000,0.000000,0.000000,0.000000,0.000000,0.000000,0.000000,0.000000,0.000000,0.000000,0.000000,0.000000,0.000000,0.000000,0.000000,0.000000,0.000000,0,0,0,0,0,0,0,0,0,0,0,0,0,66,0,0
7.769104,9770,13,0,0,2,60,0,0,0,0,0,0,-0.000039,-0.000000,-0.034812,-0.004902,-0.000000,0.035494,0.000938,0.000000,1.570796,0.227498,0.000000,0.000000,-9600,-9600,-9600,-9600,0,0,0,0.000000,0.000000,0.000000,0.000000,0.000000,0.000000,0.000000,0.000000,0,0.000000,0.000000,0.000000,0.000000,0.000000,0.000000,0.000000,0.000000,0.000000,0.000000,0.000000,0.000000,0.000000,0.000000,0.000000,0.000000,0.000000,0.000000,0.000000,0.000000,0.000000,0.000000,0.000000,0.000000,0.000000,0.000000,0.000000,0.000000,0.000000,0.000000,0.000000,0.000000,0,0,0,0,0,0,0,0,0,0,0,0,0,66,0,0
7.778874,9770,13,0,0,2,60,0,0,0,0,0,0,-0.000039,-0.000000,-0.034812,-0.004902,-0.000000,0.035494,0.000938,0.000000,1.570796,0.227498,0.000000,0.000000,-9600,-9600,-9600,-9600,0,0,0,0.000000,0.000000,0.000000,0.000000,0.000000,0.000000,0.000000,0.000000,0,0.000000,0.000000,0.000000,0.000000,0.000000,0.000000,0.000000,0.000000,0.000000,0.000000,0.000000,0.000000,0.000000,0.000000,0.000000,0.000000,0.000000,0.000000,0.000000,0.000000,0.000000,0.000000,0.000000,0.000000,0.000000,0.000000,0.000000,0.000000,0.000000,0.000000,0.000000,0.000000,0,0,0,0,0,0,0,0,0,0,0,0,0,66,0,0
7.788644,9770,13,0,0,2,60,0,0,0,0,0,0,-0.000039,-0.000000,-0.034812,-0.004902,-0.000000,0.035494,0.000938,0.000000,1.570796,0.227498,0.000000,0.000000,-9600,-9600,-9600,-9600,0,0,0,0.000000,0.000000,0.000000,0.000000,0.000000,0.000000,0.000000,0.000000,0,0.000000,0.000000,0.000000,0.000000,0.000000,0.000000,0.000000,0.000000,0.000000,0.000000,0.000000,0.000000,0.000000,0.000000,0.000000,0.000000,0.000000,0.000000,0.000000,0.000000,0.000000,0.000000,0.000000,0.000000,0.000000,0.000000,0.000000,0.000000,0.000000,0.000000,0.000000,0.000000,0,0,0,0,0,0,0,0,0,0,0,0,0,66,0,0
7.798414,9770,13,0,0,2,60,0,0,0,0,0,0,-0.000039,-0.000000,-0.034812,-0.004902,-0.000000,0.035494,0.000938,0.000000,1.570796,0.227498,0.000000,0.000000,-9600,-9600,-9600,-9600,0,0,0,0.000000,0.000000,0.000000,0.000000,0.000000,0.000000,0.000000,0.000000,0,0.000000,0.000000,0.000000,0.000000,0.000000,0.000000,0.000000,0.000000,0.000000,0.000000,0.000000,0.000000,0.000000,0.000000,0.000000,0.000000,0.000000,0.000000,0.000000,0.000000,0.000000,0.000000,0.000000,0.000000,0.000000,0.000000,0.000000,0.000000,0.000000,0.000000,0.000000,0.000000,0,0,0,0,0,0,0,0,0,0,0,0,0,66,0,0
7.808184,9770,13,0,0,2,60,0,0,0,0,0,0,-0.000039,-0.000000,-0.034812,-0.004902,-0.000000,0.035494,0.000938,0.000000,1.570796,0.227498,0.000000,0.000000,-9600,-9600,-9600,-9600,0,0,0,0.000000,0.000000,0.000000,0.000000,0.000000,0.000000,0.000000,0.000000,0,0.000000,0.000000,0.000000,0.000000,0.000000,0.000000,0.000000,0.000000,0.000000,0.000000,0.000000,0.000000,0.000000,0.000000,0.000000,0.000000,0.000000,0.000000,0.000000,0.000000,0.000000,0.000000,0.000000,0.000000,0.000000,0.000000,0.000000,0.000000,0.000000,0.000000,0.000000,0.000000,0,0,0,0,0,0,0,0,0,0,0,0,0,66,0,0
7.817954,9770,13,0,0,2,60,0,0,0,0,0,0,-0.000039,-0.000000,-0.034812,-0.004902,-0.000000,0.035494,0.000938,0.000000,1.570796,0.227498,0.000000,0.000000,-9600,-9600,-9600,-9600,0,0,0,0.000000,0.000000,0.000000,0.000000,0.000000,0.000000,0.000000,0.000000,0,0.000000,0.000000,0.000000,0.000000,0.000000,0.000000,0.000000,0.000000,0.000000,0.000000,0.000000,0.000000,0.000000,0.000000,0.000000,0.000000,0.000000,0.000000,0.000000,0.000000,0.000000,0.000000,0.000000,0.000000,0.000000,0.000000,0.000000,0.000000,0.000000,0.000000,0.000000,0.000000,0,0,0,0,0,0,0,0,0,0,0,0,0,66,0,0
7.827724,9770,13,0,0,2,60,0,0,0,0,0,0,-0.000039,-0.000000,-0.034812,-0.004902,-0.000000,0.035494,0.000938,0.000000,1.570796,0.227498,0.000000,0.000000,-9600,-9600,-9600,-9600,0,0,0,0.000000,0.000000,0.000000,0.000000,0.000000,0.000000,0.000000,0.000000,0,0.000000,0.000000,0.000000,0.000000,0.000000,0.000000,0.000000,0.000000,0.000000,0.000000,0.000000,0.000000,0.000000,0.000000,0.000000,0.000000,0.000000,0.000000,0.000000,0.000000,0.000000,0.000000,0.000000,0.000000,0.000000,0.000000,0.000000,0.000000,0.000000,0.000000,0.000000,0.000000,0,0,0,0,0,0,0,0,0,0,0,0,0,66,0,0
7.837494,9770,13,0,0,2,60,0,0,0,0,0,0,-0.000039,-0.000000,-0.034812,-0.004902,-0.000000,0.035494,0.000938,0.000000,1.570796,0.227498,0.000000,0.000000,-9600,-9600,-9600,-9600,0,0,0,0.000000,0.000000,0.000000,0.000000,0.000000,0.000000,0.000000,0.000000,0,0.000000,0.000000,0.000000,0.000000,0.000000,0.000000,0.000000,0.000000,0.000000,0.000000,0.000000,0.000000,0.000000,0.000000,0.000000,0.000000,0.000000,0.000000,0.000000,0.000000,0.000000,0.000000,0.000000,0.000000,0.000000,0.000000,0.000000,0.000000,0.000000,0.000000,0.000000,0.000000,0,0,0,0,0,0,0,0,0,0,0,0,0,66,0,0
7.847264,9770,13,0,0,2,60,0,0,0,0,0,0,-0.000039,-0.000000,-0.034812,-0.004902,-0.000000,0.035494,0.000938,0.000000,1.570796,0.227498,0.000000,0.000000,-9600,-9600,-9600,-9600,0,0,0,0.000000,0.000000,0.000000,0.000000,0.000000,0.000000,0.000000,0.000000,0,0.000000,0.000000,0.000000,0.000000,0.000000,0.000000,0.000000,0.000000,0.000000,0.000000,0.000000,0.000000,0.000000,0.000000,0.000000,0.000000,0.000000,0.000000,0.000000,0.000000,0.000000,0.000000,0.000000,0.000000,0.000000,0.000000,0.000000,0.000000,0.000000,0.000000,0.000000,0.000000,0,0,0,0,0,0,0,0,0,0,0,0,0,66,0,0
7.857034,9770,13,0,0,2,60,0,0,0,0,0,0,-0.000039,-0.000000,-0.034812,-0.004902,-0.000000,0.035494,0.000938,0.000000,1.570796,0.227498,0.000000,0.000000,-9600,-9600,-9600,-9600,0,0,0,0.000000,0.000000,0.000000,0.000000,0.000000,0.000000,0.000000,0.000000,0,0.000000,0.000000,0.000000,0.000000,0.000000,0.000000,0.000000,0.000000,0.000000,0.000000,0.000000,0.000000,0.000000,0.000000,0.000000,0.000000,0.000000,0.000000,0.000000,0.000000,0.000000,0.000000,0.000000,0.000000,0.000000,0.000000,0.000000,0.000000,0.000000,0.000000,0.000000,0.000000,0,0,0,0,0,0,0,0,0,0,0,0,0,66,0,0
7.866804,9770,13,0,0,2,60,0,0,0,0,0,0,-0.000039,-0.000000,-0.034812,-0.004902,-0.000000,0.035494,0.000938,0.000000,1.570796,0.227498,0.000000,0.000000,-9600,-9600,-9600,-9600,0,0,0,0.000000,0.000000,0.000000,0.000000,0.000000,0.000000,0.000000,0.000000,0,0.000000,0.000000,0.000000,0.000000,0.000000,0.000000,0.000000,0.000000,0.000000,0.000000,0.000000,0.000000,0.000000,0.000000,0.000000,0.000000,0.000000,0.000000,0.000000,0.000000,0.000000,0.000000,0.000000,0.000000,0.000000,0.000000,0.000000,0.000000,0.000000,0.000000,0.000000,0.000000,0,0,0,0,0,0,0,0,0,0,0,0,0,66,0,0
7.876574,9770,13,0,0,2,60,0,0,0,0,0,0,-0.000039,-0.000000,-0.034812,-0.004902,-0.000000,0.035494,0.000938,0.000000,1.570796,0.227498,0.000000,0.000000,-9600,-9600,-9600,-9600,0,0,0,0.000000,0.000000,0.000000,0.000000,0.000000,0.000000,0.000000,0.000000,0,0.000000,0.000000,0.000000,0.000000,0.000000,0.000000,0.000000,0.000000,0.000000,0.000000,0.000000,0.000000,0.000000,0.000000,0.000000,0.000000,0.000000,0.000000,0.000000,0.000000,0.000000,0.000000,0.000000,0.000000,0.000000,0.000000,0.000000,0.000000,0.000000,0.000000,0.000000,0.000000,0,0,0,0,0,0,0,0,0,0,0,0,0,66,0,0
7.886344,9770,13,0,0,2,60,0,0,0,0,0,0,-0.000039,-0.000000,-0.034812,-0.004902,-0.000000,0.035494,0.000938,0.000000,1.570796,0.227498,0.000000,0.000000,-9600,-9600,-9600,-9600,0,0,0,0.000000,0.000000,0.000000,0.000000,0.000000,0.000000,0.000000,0.000000,0,0.000000,0.000000,0.000000,0.000000,0.000000,0.000000,0.000000,0.000000,0.000000,0.000000,0.000000,0.000000,0.000000,0.000000,0.000000,0.000000,0.000000,0.000000,0.000000,0.000000,0.000000,0.000000,0.000000,0.000000,0.000000,0.000000,0.000000,0.000000,0.000000,0.000000,0.000000,0.000000,0,0,0,0,0,0,0,0,0,0,0,0,0,66,0,0
7.896114,9770,13,0,0,2,60,0,0,0,0,0,0,-0.000039,-0.000000,-0.034812,-0.004902,-0.000000,0.035494,0.000938,0.000000,1.570796,0.227498,0.000000,0.000000,-9600,-9600,-9600,-9600,0,0,0,0.000000,0.000000,0.000000,0.000000,0.000000,0.000000,0.000000,0.000000,0,0.000000,0.000000,0.000000,0.000000,0.000000,0.000000,0.000000,0.000000,0.000000,0.000000,0.000000,0.000000,0.000000,0.000000,0.000000,0.000000,0.000000,0.000000,0.000000,0.000000,0.000000,0.000000,0.000000,0.000000,0.000000,0.000000,0.000000,0.000000,0.000000,0.000000,0.000000,0.000000,0,0,0,0,0,0,0,0,0,0,0,0,0,66,0,0
7.905884,9770,13,0,0,2,60,0,0,0,0,0,0,-0.000039,-0.000000,-0.034812,-0.004902,-0.000000,0.035494,0.000938,0.000000,1.570796,0.227498,0.000000,0.000000,-9600,-9600,-9600,-9600,0,0,0,0.000000,0.000000,0.000000,0.000000,0.000000,0.000000,0.000000,0.000000,0,0.000000,0.000000,0.000000,0.000000,0.000000,0.000000,0.000000,0.000000,0.000000,0.000000,0.000000,0.000000,0.000000,0.000000,0.000000,0.000000,0.000000,0.000000,0.000000,0.000000,0.000000,0.000000,0.000000,0.000000,0.000000,0.000000,0.000000,0.000000,0.000000,0.000000,0.000000,0.000000,0,0,0,0,0,0,0,0,0,0,0,0,0,66,0,0
7.915654,9770,13,0,0,2,60,0,0,0,0,0,0,-0.000039,-0.000000,-0.034812,-0.004902,-0.000000,0.035494,0.000938,0.000000,1.570796,0.227498,0.000000,0.000000,-9600,-9600,-9600,-9600,0,0,0,0.000000,0.000000,0.000000,0.000000,0.000000,0.000000,0.000000,0.000000,0,0.000000,0.000000,0.000000,0.000000,0.000000,0.000000,0.000000,0.000000,0.000000,0.000000,0.000000,0.000000,0.000000,0.000000,0.000000,0.000000,0.000000,0.000000,0.000000,0.000000,0.000000,0.000000,0.000000,0.000000,0.000000,0.000000,0.000000,0.000000,0.000000,0.000000,0.000000,0.000000,0,0,0,0,0,0,0,0,0,0,0,0,0,66,0,0
7.925424,9770,13,0,0,2,60,0,0,0,0,0,0,-0.000039,-0.000000,-0.034812,-0.004902,-0.000000,0.035494,0.000938,0.000000,1.570796,0.227498,0.000000,0.000000,-9600,-9600,-9600,-9600,0,0,0,0.000000,0.000000,0.000000,0.000000,0.000000,0.000000,0.000000,0.000000,0,0.000000,0.000000,0.000000,0.000000,0.000000,0.000000,0.000000,0.000000,0.000000,0.000000,0.000000,0.000000,0.000000,0.000000,0.000000,0.000000,0.000000,0.000000,0.000000,0.000000,0.000000,0.000000,0.000000,0.000000,0.000000,0.000000,0.000000,0.000000,0.000000,0.000000,0.000000,0.000000,0,0,0,0,0,0,0,0,0,0,0,0,0,66,0,0
7.935194,9770,13,0,0,2,60,0,0,0,0,0,0,-0.000039,-0.000000,-0.034812,-0.004902,-0.000000,0.035494,0.000938,0.000000,1.570796,0.227498,0.000000,0.000000,-9600,-9600,-9600,-9600,0,0,0,0.000000,0.000000,0.000000,0.000000,0.000000,0.000000,0.000000,0.000000,0,0.000000,0.000000,0.000000,0.000000,0.000000,0.000000,0.000000,0.000000,0.000000,0.000000,0.000000,0.000000,0.000000,0.000000,0.000000,0.000000,0.000000,0.000000,0.000000,0.000000,0.000000,0.000000,0.000000,0.000000,0.000000,0.000000,0.000000,0.000000,0.000000,0.000000,0.000000,0.000000,0,0,0,0,0,0,0,0,0,0,0,0,0,66,0,0
7.944964,9770,13,0,0,2,60,0,0,0,0,0,0,-0.000039,-0.000000,-0.034812,-0.004902,-0.000000,0.035494,0.000938,0.000000,1.570796,0.227498,0.000000,0.000000,-9600,-9600,-9600,-9600,0,0,0,0.000000,0.000000,0.000000,0.000000,0.000000,0.000000,0.000000,0.000000,0,0.000000,0.000000,0.000000,0.000000,0.000000,0.000000,0.000000,0.000000,0.000000,0.000000,0.000000,0.000000,0.000000,0.000000,0.000000,0.000000,0.000000,0.000000,0.000000,0.000000,0.000000,0.000000,0.000000,0.000000,0.000000,0.000000,0.000000,0.000000,0.000000,0.000000,0.000000,0.000000,0,0,0,0,0,0,0,0,0,0,0,0,0,66,0,0
7.954734,9770,13,0,0,2,60,0,0,0,0,0,0,-0.000040,-0.000000,-0.034812,-0.004902,-0.000000,0.035494,0.000938,0.000000,1.570796,0.227498,0.000000,0.000000,-9600,-9600,-9600,-9600,0,0,0,0.000000,0.000000,0.000000,0.000000,0.000000,0.000000,0.000000,0.000000,0,0.000000,0.000000,0.000000,0.000000,0.000000,0.000000,0.000000,0.000000,0.000000,0.000000,0.000000,0.000000,0.000000,0.000000,0.000000,0.000000,0.000000,0.000000,0.000000,0.000000,0.000000,0.000000,0.000000,0.000000,0.000000,0.000000,0.000000,0.000000,0.000000,0.000000,0.000000,0.000000,0,0,0,0,0,0,0,0,0,0,0,0,0,66,0,0
7.964504,9770,13,0,0,2,60,0,0,0,0,0,0,-0.000040,-0.000000,-0.034812,-0.004902,-0.000000,0.035494,0.000938,0.000000,1.570796,0.227498,0.000000,0.000000,-9600,-9600,-9600,-9600,0,0,0,0.000000,0.000000,0.000000,0.000000,0.000000,0.000000,0.000000,0.000000,0,0.000000,0.000000,0.000000,0.000000,0.000000,0.000000,0.000000,0.000000,0.000000,0.000000,0.000000,0.000000,0.000000,0.000000,0.000000,0.000000,0.000000,0.000000,0.000000,0.000000,0.000000,0.000000,0.000000,0.000000,0.000000,0.000000,0.000000,0.000000,0.000000,0.000000,0.000000,0.000000,0,0,0,0,0,0,0,0,0,0,0,0,0,66,0,0
7.974274,9770,13,0,0,2,60,0,0,0,0,0,0,-0.000040,-0.000000,-0.034812,-0.004902,-0.000000,0.035494,0.000938,0.000000,1.570796,0.227498,0.000000,0.000000,-9600,-9600,-9600,-9600,0,0,0,0.000000,0.000000,0.000000,0.000000,0.000000,0.000000,0.000000,0.000000,0,0.000000,0.000000,0.000000,0.000000,0.000000,0.000000,0.000000,0.000000,0.000000,0.000000,0.000000,0.000000,0.000000,0.000000,0.000000,0.000000,0.000000,0.000000,0.000000,0.000000,0.000000,0.000000,0.000000,0.000000,0.000000,0.000000,0.000000,0.000000,0.000000,0.000000,0.000000,0.000000,0,0,0,0,0,0,0,0,0,0,0,0,0,66,0,0
7.984044,9770,13,0,0,2,60,0,0,0,0,0,0,-0.000040,-0.000000,-0.034812,-0.004902,-0.000000,0.035494,0.000938,0.000000,1.570796,0.227498,0.000000,0.000000,-9600,-9600,-9600,-9600,0,0,0,0.000000,0.000000,0.000000,0.000000,0.000000,0.000000,0.000000,0.000000,0,0.000000,0.000000,0.000000,0.000000,0.000000,0.000000,0.000000,0.000000,0.000000,0.000000,0.000000,0.000000,0.000000,0.000000,0.000000,0.000000,0.000000,0.000000,0.000000,0.000000,0.000000,0.000000,0.000000,0.000000,0.000000,0.000000,0.000000,0.000000,0.000000,0.000000,0.000000,0.000000,0,0,0,0,0,0,0,0,0,0,0,0,0,66,0,0
7.993814,9770,13,0,0,2,60,0,0,0,0,0,0,-0.000040,-0.000000,-0.034812,-0.004902,-0.000000,0.035494,0.000938,0.000000,1.570796,0.227498,0.000000,0.000000,-9600,-9600,-9600,-9600,0,0,0,0.000000,0.000000,0.000000,0.000000,0.000000,0.000000,0.000000,0.000000,0,0.000000,0.000000,0.000000,0.000000,0.000000,0.000000,0.000000,0.000000,0.000000,0.000000,0.000000,0.000000,0.000000,0.000000,0.000000,0.000000,0.000000,0.000000,0.000000,0.000000,0.000000,0.000000,0.000000,0.000000,0.000000,0.000000,0.000000,0.000000,0.000000,0.000000,0.000000,0.000000,0,0,0,0,0,0,0,0,0,0,0,0,0,66,0,0
8.003584,9770,13,0,0,2,60,0,0,0,0,0,0,-0.000040,-0.000000,-0.034812,-0.004902,-0.000000,0.035494,0.000938,0.000000,1.570796,0.227498,0.000000,0.000000,-9600,-9600,-9600,-9600,0,0,0,0.000000,0.000000,0.000000,0.000000,0.000000,0.000000,0.000000,0.000000,0,0.000000,0.000000,0.000000,0.000000,0.000000,0.000000,0.000000,0.000000,0.000000,0.000000,0.000000,0.000000,0.000000,0.000000,0.000000,0.000000,0.000000,0.000000,0.000000,0.000000,0.000000,0.000000,0.000000,0.000000,0.000000,0.000000,0.000000,0.000000,0.000000,0.000000,0.000000,0.000000,0,0,0,0,0,0,0,0,0,0,0,0,0,66,0,0
8.013354,9770,13,0,0,2,60,0,0,0,0,0,0,-0.000040,-0.000000,-0.034812,-0.004902,-0.000000,0.035494,0.000938,0.000000,1.570796,0.227498,0.000000,0.000000,-9600,-9600,-9600,-9600,0,0,0,0.000000,0.000000,0.000000,0.000000,0.000000,0.000000,0.000000,0.000000,0,0.000000,0.000000,0.000000,0.000000,0.000000,0.000000,0.000000,0.000000,0.000000,0.000000,0.000000,0.000000,0.000000,0.000000,0.000000,0.000000,0.000000,0.000000,0.000000,0.000000,0.000000,0.000000,0.000000,0.000000,0.000000,0.000000,0.000000,0.000000,0.000000,0.000000,0.000000,0.000000,0,0,0,0,0,0,0,0,0,0,0,0,0,66,0,0
8.023124,9770,13,0,0,2,60,0,0,0,0,0,0,-0.000040,-0.000000,-0.034812,-0.004902,-0.000000,0.035494,0.000938,0.000000,1.570796,0.227498,0.000000,0.000000,-9600,-9600,-9600,-9600,0,0,0,0.000000,0.000000,0.000000,0.000000,0.000000,0.000000,0.000000,0.000000,0,0.000000,0.000000,0.000000,0.000000,0.000000,0.000000,0.000000,0.000000,0.000000,0.000000,0.000000,0.000000,0.000000,0.000000,0.000000,0.000000,0.000000,0.000000,0.000000,0.000000,0.000000,0.000000,0.000000,0.000000,0.000000,0.000000,0.000000,0.000000,0.000000,0.000000,0.000000,0.000000,0,0,0,0,0,0,0,0,0,0,0,0,0,66,0,0
8.032894,9770,13,0,0,2,60,0,0,0,0,0,0,-0.000040,-0.000000,-0.034812,-0.004902,-0.000000,0.035494,0.000938,0.000000,1.570796,0.227498,0.000000,0.000000,-9600,-9600,-9600,-9600,0,0,0,0.000000,0.000000,0.000000,0.000000,0.000000,0.000000,0.000000,0.000000,0,0.000000,0.000000,0.000000,0.000000,0.000000,0.000000,0.000000,0.000000,0.000000,0.000000,0.000000,0.000000,0.000000,0.000000,0.000000,0.000000,0.000000,0.000000,0.000000,0.000000,0.000000,0.000000,0.000000,0.000000,0.000000,0.000000,0.000000,0.000000,0.000000,0.000000,0.000000,0.000000,0,0,0,0,0,0,0,0,0,0,0,0,0,66,0,0
8.042664,9770,13,0,0,2,60,0,0,0,0,0,0,-0.000040,-0.000000,-0.034812,-0.004902,-0.000000,0.035494,0.000938,0.000000,1.570796,0.227498,0.000000,0.000000,-9600,-9600,-9600,-9600,0,0,0,0.000000,0.000000,0.000000,0.000000,0.000000,0.000000,0.000000,0.000000,0,0.000000,0.000000,0.000000,0.000000,0.000000,0.000000,0.000000,0.000000,0.000000,0.000000,0.000000,0.000000,0.000000,0.000000,0.000000,0.000000,0.000000,0.000000,0.000000,0.000000,0.000000,0.000000,0.000000,0.000000,0.000000,0.000000,0.000000,0.000000,0.000000,0.000000,0.000000,0.000000,0,0,0,0,0,0,0,0,0,0,0,0,0,66,0,0
8.052434,9770,13,0,0,2,60,0,0,0,0,0,0,-0.000040,-0.000000,-0.034812,-0.004902,-0.000000,0.035494,0.000938,0.000000,1.570796,0.227498,0.000000,0.000000,-9600,-9600,-9600,-9600,0,0,0,0.000000,0.000000,0.000000,0.000000,0.000000,0.000000,0.000000,0.000000,0,0.000000,0.000000,0.000000,0.000000,0.000000,0.000000,0.000000,0.000000,0.000000,0.000000,0.000000,0.000000,0.000000,0.000000,0.000000,0.000000,0.000000,0.000000,0.000000,0.000000,0.000000,0.000000,0.000000,0.000000,0.000000,0.000000,0.000000,0.000000,0.000000,0.000000,0.000000,0.000000,0,0,0,0,0,0,0,0,0,0,0,0,0,66,0,0
8.062204,9770,13,0,0,2,60,0,0,0,0,0,0,-0.000040,-0.000000,-0.034812,-0.004902,-0.000000,0.035494,0.000938,0.000000,1.570796,0.227498,0.000000,0.000000,-9600,-9600,-9600,-9600,0,0,0,0.000000,0.000000,0.000000,0.000000,0.000000,0.000000,0.000000,0.000000,0,0.000000,0.000000,0.000000,0.000000,0.000000,0.000000,0.000000,0.000000,0.000000,0.000000,0.000000,0.000000,0.000000,0.000000,0.000000,0.000000,0.000000,0.000000,0.000000,0.000000,0.000000,0.000000,0.000000,0.000000,0.000000,0.000000,0.000000,0.000000,0.000000,0.000000,0.000000,0.000000,0,0,0,0,0,0,0,0,0,0,0,0,0,66,0,0
8.071974,9770,13,0,0,2,60,0,0,0,0,0,0,-0.000040,-0.000000,-0.034812,-0.004902,-0.000000,0.035494,0.000938,0.000000,1.570796,0.227498,0.000000,0.000000,-9600,-9600,-9600,-9600,0,0,0,0.000000,0.000000,0.000000,0.000000,0.000000,0.000000,0.000000,0.000000,0,0.000000,0.000000,0.000000,0.000000,0.000000,0.000000,0.000000,0.000000,0.000000,0.000000,0.000000,0.000000,0.000000,0.000000,0.000000,0.000000,0.000000,0.000000,0.000000,0.000000,0.000000,0.000000,0.000000,0.000000,0.000000,0.000000,0.000000,0.000000,0.000000,0.000000,0.000000,0.000000,0,0,0,0,0,0,0,0,0,0,0,0,0,66,0,0
8.081744,9770,13,0,0,2,60,0,0,0,0,0,0,-0.000040,-0.000000,-0.034812,-0.004902,-0.000000,0.035494,0.000938,0.000000,1.570796,0.227498,0.000000,0.000000,-9600,-9600,-9600,-9600,0,0,0,0.000000,0.000000,0.000000,0.000000,0.000000,0.000000,0.000000,0.000000,0,0.000000,0.000000,0.000000,0.000000,0.000000,0.000000,0.000000,0.000000,0.000000,0.000000,0.000000,0.000000,0.000000,0.000000,0.000000,0.000000,0.000000,0.000000,0.000000,0.000000,0.000000,0.000000,0.000000,0.000000,0.000000,0.000000,0.000000,0.000000,0.000000,0.000000,0.000000,0.000000,0,0,0,0,0,0,0,0,0,0,0,0,0,66,0,0
8.091514,9770,13,0,0,2,60,0,0,0,0,0,0,-0.000040,-0.000000,-0.034812,-0.004902,-0.000000,0.035494,0.000938,0.000000,1.570796,0.227498,0.000000,0.000000,-9600,-9600,-9600,-9600,0,0,0,0.000000,0.000000,0.000000,0.000000,0.000000,0.000000,0.000000,0.000000,0,0.000000,0.000000,0.000000,0.000000,0.000000,0.000000,0.000000,0.000000,0.000000,0.000000,0.000000,0.000000,0.000000,0.000000,0.000000,0.000000,0.000000,0.000000,0.000000,0.000000,0.000000,0.000000,0.000000,0.000000,0.000000,0.000000,0.000000,0.000000,0.000000,0.000000,0.000000,0.000000,0,0,0,0,0,0,0,0,0,0,0,0,0,66,0,0
8.101284,9770,13,0,0,2,60,0,0,0,0,0,0,-0.000040,-0.000000,-0.034812,-0.004902,-0.000000,0.035494,0.000938,0.000000,1.570796,0.227498,0.000000,0.000000,-9600,-9600,-9600,-9600,0,0,0,0.000000,0.000000,0.000000,0.000000,0.000000,0.000000,0.000000,0.000000,0,0.000000,0.000000,0.000000,0.000000,0.000000,0.000000,0.000000,0.000000,0.000000,0.000000,0.000000,0.000000,0.000000,0.000000,0.000000,0.000000,0.000000,0.000000,0.000000,0.000000,0.000000,0.000000,0.000000,0.000000,0.000000,0.000000,0.000000,0.000000,0.000000,0.000000,0.000000,0.000000,0,0,0,0,0,0,0,0,0,0,0,0,0,66,0,0
8.111054,9770,13,0,0,2,60,0,0,0,0,0,0,-0.000040,-0.000000,-0.034812,-0.004902,-0.000000,0.035494,0.000938,0.000000,1.570796,0.227498,0.000000,0.000000,-9600,-9600,-9600,-9600,0,0,0,0.000000,0.000000,0.000000,0.000000,0.000000,0.000000,0.000000,0.000000,0,0.000000,0.000000,0.000000,0.000000,0.000000,0.000000,0.000000,0.000000,0.000000,0.000000,0.000000,0.000000,0.000000,0.000000,0.000000,0.000000,0.000000,0.000000,0.000000,0.000000,0.000000,0.000000,0.000000,0.000000,0.000000,0.000000,0.000000,0.000000,0.000000,0.000000,0.000000,0.000000,0,0,0,0,0,0,0,0,0,0,0,0,0,66,0,0
8.120824,9770,13,0,0,2,60,0,0,0,0,0,0,-0.000040,-0.000000,-0.034812,-0.004902,-0.000000,0.035494,0.000938,0.000000,1.570796,0.227498,0.000000,0.000000,-9600,-9600,-9600,-9600,0,0,0,0.000000,0.000000,0.000000,0.000000,0.000000,0.000000,0.000000,0.000000,0,0.000000,0.000000,0.000000,0.000000,0.000000,0.000000,0.000000,0.000000,0.000000,0.000000,0.000000,0.000000,0.000000,0.000000,0.000000,0.000000,0.000000,0.000000,0.000000,0.000000,0.000000,0.000000,0.000000,0.000000,0.000000,0.000000,0.000000,0.000000,0.000000,0.000000,0.000000,0.000000,0,0,0,0,0,0,0,0,0,0,0,0,0,66,0,0
8.130594,9770,13,0,0,2,60,0,0,0,0,0,0,-0.000040,-0.000000,-0.034812,-0.004902,-0.000000,0.035494,0.000938,0.000000,1.570796,0.227498,0.000000,0.000000,-9600,-9600,-9600,-9600,0,0,0,0.000000,0.000000,0.000000,0.000000,0.000000,0.000000,0.000000,0.000000,0,0.000000,0.000000,0.000000,0.000000,0.000000,0.000000,0.000000,0.000000,0.000000,0.000000,0.000000,0.000000,0.000000,0.000000,0.000000,0.000000,0.000000,0.000000,0.000000,0.000000,0.000000,0.000000,0.000000,0.000000,0.000000,0.000000,0.000000,0.000000,0.000000,0.000000,0.000000,0.000000,0,0,0,0,0,0,0,0,0,0,0,0,0,66,0,0
8.140364,9770,13,0,0,2,60,0,0,0,0,0,0,-0.000040,-0.000000,-0.034812,-0.004902,-0.000000,0.035494,0.000938,0.000000,1.570796,0.227498,0.000000,0.000000,-9600,-9600,-9600,-9600,0,0,0,0.000000,0.000000,0.000000,0.000000,0.000000,0.000000,0.000000,0.000000,0,0.000000,0.000000,0.000000,0.000000,0.000000,0.000000,0.000000,0.000000,0.000000,0.000000,0.000000,0.000000,0.000000,0.000000,0.000000,0.000000,0.000000,0.000000,0.000000,0.000000,0.000000,0.000000,0.000000,0.000000,0.000000,0.000000,0.000000,0.000000,0.000000,0.000000,0.000000,0.000000,0,0,0,0,0,0,0,0,0,0,0,0,0,66,0,0
8.150134,9770,13,0,0,2,60,0,0,0,0,0,0,-0.000040,-0.000000,-0.034812,-0.004902,-0.000000,0.035494,0.000938,0.000000,1.570796,0.227498,0.000000,0.000000,-9600,-9600,-9600,-9600,0,0,0,0.000000,0.000000,0.000000,0.000000,0.000000,0.000000,0.000000,0.000000,0,0.000000,0.000000,0.000000,0.000000,0.000000,0.000000,0.000000,0.000000,0.000000,0.000000,0.000000,0.000000,0.000000,0.000000,0.000000,0.000000,0.000000,0.000000,0.000000,0.000000,0.000000,0.000000,0.000000,0.000000,0.000000,0.000000,0.000000,0.000000,0.000000,0.000000,0.000000,0.000000,0,0,0,0,0,0,0,0,0,0,0,0,0,66,0,0
8.159904,9770,13,0,0,2,60,0,0,0,0,0,0,-0.000040,-0.000000,-0.034812,-0.004902,-0.000000,0.035494,0.000938,0.000000,1.570796,0.227498,0.000000,0.000000,-9600,-9600,-9600,-9600,0,0,0,0.000000,0.000000,0.000000,0.000000,0.000000,0.000000,0.000000,0.000000,0,0.000000,0.000000,0.000000,0.000000,0.000000,0.000000,0.000000,0.000000,0.000000,0.000000,0.000000,0.000000,0.000000,0.000000,0.000000,0.000000,0.000000,0.000000,0.000000,0.000000,0.000000,0.000000,0.000000,0.000000,0.000000,0.000000,0.000000,0.000000,0.000000,0.000000,0.000000,0.000000,0,0,0,0,0,0,0,0,0,0,0,0,0,66,0,0
8.169674,9770,13,0,0,2,60,0,0,0,0,0,0,-0.000040,-0.000000,-0.034812,-0.004902,-0.000000,0.035494,0.000938,0.000000,1.570796,0.227498,0.000000,0.000000,-9600,-9600,-9600,-9600,0,0,0,0.000000,0.000000,0.000000,0.000000,0.000000,0.000000,0.000000,0.000000,0,0.000000,0.000000,0.000000,0.000000,0.000000,0.000000,0.000000,0.000000,0.000000,0.000000,0.000000,0.000000,0.000000,0.000000,0.000000,0.000000,0.000000,0.000000,0.000000,0.000000,0.000000,0.000000,0.000000,0.000000,0.000000,0.000000,0.000000,0.000000,0.000000,0.000000,0.000000,0.000000,0,0,0,0,0,0,0,0,0,0,0,0,0,66,0,0
8.179444,9770,13,0,0,2,60,0,0,0,0,0,0,-0.000040,-0.000000,-0.034812,-0.004902,-0.000000,0.035494,0.000938,0.000000,1.570796,0.227498,0.000000,0.000000,-9600,-9600,-9600,-9600,0,0,0,0.000000,0.000000,0.000000,0.000000,0.000000,0.000000,0.000000,0.000000,0,0.000000,0.000000,0.000000,0.000000,0.000000,0.000000,0.000000,0.000000,0.000000,0.000000,0.000000,0.000000,0.000000,0.000000,0.000000,0.000000,0.000000,0.000000,0.000000,0.000000,0.000000,0.000000,0.000000,0.000000,0.000000,0.000000,0.000000,0.000000,0.000000,0.000000,0.000000,0.000000,0,0,0,0,0,0,0,0,0,0,0,0,0,66,0,0
8.189214,9770,13,0,0,2,60,0,0,0,0,0,0,-0.000040,-0.000000,-0.034812,-0.004902,-0.000000,0.035494,0.000938,0.000000,1.570796,0.227498,0.000000,0.000000,-9600,-9600,-9600,-9600,0,0,0,0.000000,0.000000,0.000000,0.000000,0.000000,0.000000,0.000000,0.000000,0,0.000000,0.000000,0.000000,0.000000,0.000000,0.000000,0.000000,0.000000,0.000000,0.000000,0.000000,0.000000,0.000000,0.000000,0.000000,0.000000,0.000000,0.000000,0.000000,0.000000,0.000000,0.000000,0.000000,0.000000,0.000000,0.000000,0.000000,0.000000,0.000000,0.000000,0.000000,0.000000,0,0,0,0,0,0,0,0,0,0,0,0,0,66,0,0
8.198984,9770,13,0,0,2,60,0,0,0,0,0,0,-0.000040,-0.000000,-0.034812,-0.004902,-0.000000,0.035494,0.000938,0.000000,1.570796,0.227498,0.000000,0.000000,-9600,-9600,-9600,-9600,0,0,0,0.000000,0.000000,0.000000,0.000000,0.000000,0.000000,0.000000,0.000000,0,0.000000,0.000000,0.000000,0.000000,0.000000,0.000000,0.000000,0.000000,0.000000,0.000000,0.000000,0.000000,0.000000,0.000000,0.000000,0.000000,0.000000,0.000000,0.000000,0.000000,0.000000,0.000000,0.000000,0.000000,0.000000,0.000000,0.000000,0.000000,0.000000,0.000000,0.000000,0.000000,0,0,0,0,0,0,0,0,0,0,0,0,0,66,0,0
8.208754,9770,13,0,0,2,60,0,0,0,0,0,0,-0.000040,-0.000000,-0.034812,-0.004902,-0.000000,0.035494,0.000938,0.000000,1.570796,0.227498,0.000000,0.000000,-9600,-9600,-9600,-9600,0,0,0,0.000000,0.000000,0.000000,0.000000,0.000000,0.000000,0.000000,0.000000,0,0.000000,0.000000,0.000000,0.000000,0.000000,0.000000,0.000000,0.000000,0.000000,0.000000,0.000000,0.000000,0.000000,0.000000,0.000000,0.000000,0.000000,0.000000,0.000000,0.000000,0.000000,0.000000,0.000000,0.000000,0.000000,0.000000,0.000000,0.000000,0.000000,0.000000,0.000000,0.000000,0,0,0,0,0,0,0,0,0,0,0,0,0,66,0,0
8.218524,9770,13,0,0,2,60,0,0,0,0,0,0,-0.000040,-0.000000,-0.034812,-0.004902,-0.000000,0.035494,0.000938,0.000000,1.570796,0.227498,0.000000,0.000000,-9600,-9600,-9600,-9600,0,0,0,0.000000,0.000000,0.000000,0.000000,0.000000,0.000000,0.000000,0.000000,0,0.000000,0.000000,0.000000,0.000000,0.000000,0.000000,0.000000,0.000000,0.000000,0.000000,0.000000,0.000000,0.000000,0.000000,0.000000,0.000000,0.000000,0.000000,0.000000,0.000000,0.000000,0.000000,0.000000,0.000000,0.000000,0.000000,0.000000,0.000000,0.000000,0.000000,0.000000,0.000000,0,0,0,0,0,0,0,0,0,0,0,0,0,66,0,0
8.228294,9770,13,0,0,2,60,0,0,0,0,0,0,-0.000040,-0.000000,-0.034812,-0.004902,-0.000000,0.035494,0.000938,0.000000,1.570796,0.227498,0.000000,0.000000,-9600,-9600,-9600,-9600,0,0,0,0.000000,0.000000,0.000000,0.000000,0.000000,0.000000,0.000000,0.000000,0,0.000000,0.000000,0.000000,0.000000,0.000000,0.000000,0.000000,0.000000,0.000000,0.000000,0.000000,0.000000,0.000000,0.000000,0.000000,0.000000,0.000000,0.000000,0.000000,0.000000,0.000000,0.000000,0.000000,0.000000,0.000000,0.000000,0.000000,0.000000,0.000000,0.000000,0.000000,0.000000,0,0,0,0,0,0,0,0,0,0,0,0,0,66,0,0
8.238064,9770,13,0,0,2,60,0,0,0,0,0,0,-0.000040,-0.000000,-0.034812,-0.004902,-0.000000,0.035494,0.000938,0.000000,1.570796,0.227498,0.000000,0.000000,-9600,-9600,-9600,-9600,0,0,0,0.000000,0.000000,0.000000,0.000000,0.000000,0.000000,0.000000,0.000000,0,0.000000,0.000000,0.000000,0.000000,0.000000,0.000000,0.000000,0.000000,0.000000,0.000000,0.000000,0.000000,0.000000,0.000000,0.000000,0.000000,0.000000,0.000000,0.000000,0.000000,0.000000,0.000000,0.000000,0.000000,0.000000,0.000000,0.000000,0.000000,0.000000,0.000000,0.000000,0.000000,0,0,0,0,0,0,0,0,0,0,0,0,0,66,0,0
8.247834,9770,13,0,0,2,60,0,0,0,0,0,0,-0.000040,-0.000000,-0.034812,-0.004902,-0.000000,0.035494,0.000938,0.000000,1.570796,0.227498,0.000000,0.000000,-9600,-9600,-9600,-9600,0,0,0,0.000000,0.000000,0.000000,0.000000,0.000000,0.000000,0.000000,0.000000,0,0.000000,0.000000,0.000000,0.000000,0.000000,0.000000,0.000000,0.000000,0.000000,0.000000,0.000000,0.000000,0.000000,0.000000,0.000000,0.000000,0.000000,0.000000,0.000000,0.000000,0.000000,0.000000,0.000000,0.000000,0.000000,0.000000,0.000000,0.000000,0.000000,0.000000,0.000000,0.000000,0,0,0,0,0,0,0,0,0,0,0,0,0,66,0,0
8.257604,9770,13,0,0,2,60,0,0,0,0,0,0,-0.000040,-0.000000,-0.034812,-0.004902,-0.000000,0.035494,0.000938,0.000000,1.570796,0.227498,0.000000,0.000000,-9600,-9600,-9600,-9600,0,0,0,0.000000,0.000000,0.000000,0.000000,0.000000,0.000000,0.000000,0.000000,0,0.000000,0.000000,0.000000,0.000000,0.000000,0.000000,0.000000,0.000000,0.000000,0.000000,0.000000,0.000000,0.000000,0.000000,0.000000,0.000000,0.000000,0.000000,0.000000,0.000000,0.000000,0.000000,0.000000,0.000000,0.000000,0.000000,0.000000,0.000000,0.000000,0.000000,0.000000,0.000000,0,0,0,0,0,0,0,0,0,0,0,0,0,66,0,0
8.267374,9770,13,0,0,2,60,0,0,0,0,0,0,-0.000040,-0.000000,-0.034812,-0.004902,-0.000000,0.035494,0.000938,0.000000,1.570796,0.227498,0.000000,0.000000,-9600,-9600,-9600,-9600,0,0,0,0.000000,0.000000,0.000000,0.000000,0.000000,0.000000,0.000000,0.000000,0,0.000000,0.000000,0.000000,0.000000,0.000000,0.000000,0.000000,0.000000,0.000000,0.000000,0.000000,0.000000,0.000000,0.000000,0.000000,0.000000,0.000000,0.000000,0.000000,0.000000,0.000000,0.000000,0.000000,0.000000,0.000000,0.000000,0.000000,0.000000,0.000000,0.000000,0.000000,0.000000,0,0,0,0,0,0,0,0,0,0,0,0,0,66,0,0
8.277144,9770,13,0,0,2,60,0,0,0,0,0,0,-0.000040,-0.000000,-0.034812,-0.004902,-0.000000,0.035494,0.000938,0.000000,1.570796,0.227498,0.000000,0.000000,-9600,-9600,-9600,-9600,0,0,0,0.000000,0.000000,0.000000,0.000000,0.000000,0.000000,0.000000,0.000000,0,0.000000,0.000000,0.000000,0.000000,0.000000,0.000000,0.000000,0.000000,0.000000,0.000000,0.000000,0.000000,0.000000,0.000000,0.000000,0.000000,0.000000,0.000000,0.000000,0.000000,0.000000,0.000000,0.000000,0.000000,0.000000,0.000000,0.000000,0.000000,0.000000,0.000000,0.000000,0.000000,0,0,0,0,0,0,0,0,0,0,0,0,0,66,0,0
8.286914,9770,13,0,0,2,60,0,0,0,0,0,0,-0.000040,-0.000000,-0.034812,-0.004902,-0.000000,0.035494,0.000938,0.000000,1.570796,0.227498,0.000000,0.000000,-9600,-9600,-9600,-9600,0,0,0,0.000000,0.000000,0.000000,0.000000,0.000000,0.000000,0.000000,0.000000,0,0.000000,0.000000,0.000000,0.000000,0.000000,0.000000,0.000000,0.000000,0.000000,0.000000,0.000000,0.000000,0.000000,0.000000,0.000000,0.000000,0.000000,0.000000,0.000000,0.000000,0.000000,0.000000,0.000000,0.000000,0.000000,0.000000,0.000000,0.000000,0.000000,0.000000,0.000000,0.000000,0,0,0,0,0,0,0,0,0,0,0,0,0,66,0,0
8.296684,9770,13,0,0,2,60,0,0,0,0,0,0,-0.000040,-0.000000,-0.034812,-0.004902,-0.000000,0.035494,0.000938,0.000000,1.570796,0.227498,0.000000,0.000000,-9600,-9600,-9600,-9600,0,0,0,0.000000,0.000000,0.000000,0.000000,0.000000,0.000000,0.000000,0.000000,0,0.000000,0.000000,0.000000,0.000000,0.000000,0.000000,0.000000,0.000000,0.000000,0.000000,0.000000,0.000000,0.000000,0.000000,0.000000,0.000000,0.000000,0.000000,0.000000,0.000000,0.000000,0.000000,0.000000,0.000000,0.000000,0.000000,0.000000,0.000000,0.000000,0.000000,0.000000,0.000000,0,0,0,0,0,0,0,0,0,0,0,0,0,66,0,0
8.306454,9770,13,0,0,2,60,0,0,0,0,0,0,-0.000040,-0.000000,-0.034812,-0.004902,-0.000000,0.035494,0.000938,0.000000,1.570796,0.227498,0.000000,0.000000,-9600,-9600,-9600,-9600,0,0,0,0.000000,0.000000,0.000000,0.000000,0.000000,0.000000,0.000000,0.000000,0,0.000000,0.000000,0.000000,0.000000,0.000000,0.000000,0.000000,0.000000,0.000000,0.000000,0.000000,0.000000,0.000000,0.000000,0.000000,0.000000,0.000000,0.000000,0.000000,0.000000,0.000000,0.000000,0.000000,0.000000,0.000000,0.000000,0.000000,0.000000,0.000000,0.000000,0.000000,0.000000,0,0,0,0,0,0,0,0,0,0,0,0,0,66,0,0
8.316224,9770,13,0,0,2,60,0,0,0,0,0,0,-0.000040,-0.000000,-0.034812,-0.004902,-0.000000,0.035494,0.000938,0.000000,1.570796,0.227498,0.000000,0.000000,-9600,-9600,-9600,-9600,0,0,0,0.000000,0.000000,0.000000,0.000000,0.000000,0.000000,0.000000,0.000000,0,0.000000,0.000000,0.000000,0.000000,0.000000,0.000000,0.000000,0.000000,0.000000,0.000000,0.000000,0.000000,0.000000,0.000000,0.000000,0.000000,0.000000,0.000000,0.000000,0.000000,0.000000,0.000000,0.000000,0.000000,0.000000,0.000000,0.000000,0.000000,0.000000,0.000000,0.000000,0.000000,0,0,0,0,0,0,0,0,0,0,0,0,0,66,0,0
8.325994,9770,13,0,0,2,60,0,0,0,0,0,0,-0.000040,-0.000000,-0.034812,-0.004902,-0.000000,0.035494,0.000938,0.000000,1.570796,0.227498,0.000000,0.000000,-9600,-9600,-9600,-9600,0,0,0,0.000000,0.000000,0.000000,0.000000,0.000000,0.000000,0.000000,0.000000,0,0.000000,0.000000,0.000000,0.000000,0.000000,0.000000,0.000000,0.000000,0.000000,0.000000,0.000000,0.000000,0.000000,0.000000,0.000000,0.000000,0.000000,0.000000,0.000000,0.000000,0.000000,0.000000,0.000000,0.000000,0.000000,0.000000,0.000000,0.000000,0.000000,0.000000,0.000000,0.000000,0,0,0,0,0,0,0,0,0,0,0,0,0,66,0,0
8.335764,9770,13,0,0,2,60,0,0,0,0,0,0,-0.000040,-0.000000,-0.034812,-0.004902,-0.000000,0.035494,0.000938,0.000000,1.570796,0.227498,0.000000,0.000000,-9600,-9600,-9600,-9600,0,0,0,0.000000,0.000000,0.000000,0.000000,0.000000,0.000000,0.000000,0.000000,0,0.000000,0.000000,0.000000,0.000000,0.000000,0.000000,0.000000,0.000000,0.000000,0.000000,0.000000,0.000000,0.000000,0.000000,0.000000,0.000000,0.000000,0.000000,0.000000,0.000000,0.000000,0.000000,0.000000,0.000000,0.000000,0.000000,0.000000,0.000000,0.000000,0.000000,0.000000,0.000000,0,0,0,0,0,0,0,0,0,0,0,0,0,66,0,0
8.345534,9770,13,0,0,2,60,0,0,0,0,0,0,-0.000040,-0.000000,-0.034812,-0.004902,-0.000000,0.035494,0.000938,0.000000,1.570796,0.227498,0.000000,0.000000,-9600,-9600,-9600,-9600,0,0,0,0.000000,0.000000,0.000000,0.000000,0.000000,0.000000,0.000000,0.000000,0,0.000000,0.000000,0.000000,0.000000,0.000000,0.000000,0.000000,0.000000,0.000000,0.000000,0.000000,0.000000,0.000000,0.000000,0.000000,0.000000,0.000000,0.000000,0.000000,0.000000,0.000000,0.000000,0.000000,0.000000,0.000000,0.000000,0.000000,0.000000,0.000000,0.000000,0.000000,0.000000,0,0,0,0,0,0,0,0,0,0,0,0,0,66,0,0
8.355304,9770,13,0,0,2,60,0,0,0,0,0,0,-0.000040,-0.000000,-0.034812,-0.004902,-0.000000,0.035494,0.000938,0.000000,1.570796,0.227498,0.000000,0.000000,-9600,-9600,-9600,-9600,0,0,0,0.000000,0.000000,0.000000,0.000000,0.000000,0.000000,0.000000,0.000000,0,0.000000,0.000000,0.000000,0.000000,0.000000,0.000000,0.000000,0.000000,0.000000,0.000000,0.000000,0.000000,0.000000,0.000000,0.000000,0.000000,0.000000,0.000000,0.000000,0.000000,0.000000,0.000000,0.000000,0.000000,0.000000,0.000000,0.000000,0.000000,0.000000,0.000000,0.000000,0.000000,0,0,0,0,0,0,0,0,0,0,0,0,0,66,0,0
8.365074,9770,13,0,0,2,60,0,0,0,0,0,0,-0.000041,-0.000000,-0.034812,-0.004902,-0.000000,0.035494,0.000938,0.000000,1.570796,0.227498,0.000000,0.000000,-9600,-9600,-9600,-9600,0,0,0,0.000000,0.000000,0.000000,0.000000,0.000000,0.000000,0.000000,0.000000,0,0.000000,0.000000,0.000000,0.000000,0.000000,0.000000,0.000000,0.000000,0.000000,0.000000,0.000000,0.000000,0.000000,0.000000,0.000000,0.000000,0.000000,0.000000,0.000000,0.000000,0.000000,0.000000,0.000000,0.000000,0.000000,0.000000,0.000000,0.000000,0.000000,0.000000,0.000000,0.000000,0,0,0,0,0,0,0,0,0,0,0,0,0,66,0,0
8.374844,9770,13,0,0,2,60,0,0,0,0,0,0,-0.000041,-0.000000,-0.034812,-0.004902,-0.000000,0.035494,0.000938,0.000000,1.570796,0.227498,0.000000,0.000000,-9600,-9600,-9600,-9600,0,0,0,0.000000,0.000000,0.000000,0.000000,0.000000,0.000000,0.000000,0.000000,0,0.000000,0.000000,0.000000,0.000000,0.000000,0.000000,0.000000,0.000000,0.000000,0.000000,0.000000,0.000000,0.000000,0.000000,0.000000,0.000000,0.000000,0.000000,0.000000,0.000000,0.000000,0.000000,0.000000,0.000000,0.000000,0.000000,0.000000,0.000000,0.000000,0.000000,0.000000,0.000000,0,0,0,0,0,0,0,0,0,0,0,0,0,66,0,0
8.384614,9770,13,0,0,2,60,0,0,0,0,0,0,-0.000041,-0.000000,-0.034812,-0.004902,-0.000000,0.035494,0.000938,0.000000,1.570796,0.227498,0.000000,0.000000,-9600,-9600,-9600,-9600,0,0,0,0.000000,0.000000,0.000000,0.000000,0.000000,0.000000,0.000000,0.000000,0,0.000000,0.000000,0.000000,0.000000,0.000000,0.000000,0.000000,0.000000,0.000000,0.000000,0.000000,0.000000,0.000000,0.000000,0.000000,0.000000,0.000000,0.000000,0.000000,0.000000,0.000000,0.000000,0.000000,0.000000,0.000000,0.000000,0.000000,0.000000,0.000000,0.000000,0.000000,0.000000,0,0,0,0,0,0,0,0,0,0,0,0,0,66,0,0
8.394384,9770,13,0,0,2,60,0,0,0,0,0,0,-0.000041,-0.000000,-0.034812,-0.004902,-0.000000,0.035494,0.000938,0.000000,1.570796,0.227498,0.000000,0.000000,-9600,-9600,-9600,-9600,0,0,0,0.000000,0.000000,0.000000,0.000000,0.000000,0.000000,0.000000,0.000000,0,0.000000,0.000000,0.000000,0.000000,0.000000,0.000000,0.000000,0.000000,0.000000,0.000000,0.000000,0.000000,0.000000,0.000000,0.000000,0.000000,0.000000,0.000000,0.000000,0.000000,0.000000,0.000000,0.000000,0.000000,0.000000,0.000000,0.000000,0.000000,0.000000,0.000000,0.000000,0.000000,0,0,0,0,0,0,0,0,0,0,0,0,0,66,0,0
8.404154,9770,13,0,0,2,60,0,0,0,0,0,0,-0.000041,-0.000000,-0.034812,-0.004902,-0.000000,0.035494,0.000938,0.000000,1.570796,0.227498,0.000000,0.000000,-9600,-9600,-9600,-9600,0,0,0,0.000000,0.000000,0.000000,0.000000,0.000000,0.000000,0.000000,0.000000,0,0.000000,0.000000,0.000000,0.000000,0.000000,0.000000,0.000000,0.000000,0.000000,0.000000,0.000000,0.000000,0.000000,0.000000,0.000000,0.000000,0.000000,0.000000,0.000000,0.000000,0.000000,0.000000,0.000000,0.000000,0.000000,0.000000,0.000000,0.000000,0.000000,0.000000,0.000000,0.000000,0,0,0,0,0,0,0,0,0,0,0,0,0,66,0,0
8.413924,9770,13,0,0,2,60,0,0,0,0,0,0,-0.000041,-0.000000,-0.034812,-0.004902,-0.000000,0.035494,0.000938,0.000000,1.570796,0.227498,0.000000,0.000000,-9600,-9600,-9600,-9600,0,0,0,0.000000,0.000000,0.000000,0.000000,0.000000,0.000000,0.000000,0.000000,0,0.000000,0.000000,0.000000,0.000000,0.000000,0.000000,0.000000,0.000000,0.000000,0.000000,0.000000,0.000000,0.000000,0.000000,0.000000,0.000000,0.000000,0.000000,0.000000,0.000000,0.000000,0.000000,0.000000,0.000000,0.000000,0.000000,0.000000,0.000000,0.000000,0.000000,0.000000,0.000000,0,0,0,0,0,0,0,0,0,0,0,0,0,66,0,0
8.423694,9770,13,0,0,2,60,0,0,0,0,0,0,-0.000041,-0.000000,-0.034812,-0.004902,-0.000000,0.035494,0.000938,0.000000,1.570796,0.227498,0.000000,0.000000,-9600,-9600,-9600,-9600,0,0,0,0.000000,0.000000,0.000000,0.000000,0.000000,0.000000,0.000000,0.000000,0,0.000000,0.000000,0.000000,0.000000,0.000000,0.000000,0.000000,0.000000,0.000000,0.000000,0.000000,0.000000,0.000000,0.000000,0.000000,0.000000,0.000000,0.000000,0.000000,0.000000,0.000000,0.000000,0.000000,0.000000,0.000000,0.000000,0.000000,0.000000,0.000000,0.000000,0.000000,0.000000,0,0,0,0,0,0,0,0,0,0,0,0,0,66,0,0
8.433464,9770,13,0,0,2,60,0,0,0,0,0,0,-0.000041,-0.000000,-0.034812,-0.004902,-0.000000,0.035494,0.000938,0.000000,1.570796,0.227498,0.000000,0.000000,-9600,-9600,-9600,-9600,0,0,0,0.000000,0.000000,0.000000,0.000000,0.000000,0.000000,0.000000,0.000000,0,0.000000,0.000000,0.000000,0.000000,0.000000,0.000000,0.000000,0.000000,0.000000,0.000000,0.000000,0.000000,0.000000,0.000000,0.000000,0.000000,0.000000,0.000000,0.000000,0.000000,0.000000,0.000000,0.000000,0.000000,0.000000,0.000000,0.000000,0.000000,0.000000,0.000000,0.000000,0.000000,0,0,0,0,0,0,0,0,0,0,0,0,0,66,0,0
8.443234,9770,13,0,0,2,60,0,0,0,0,0,0,-0.000041,-0.000000,-0.034812,-0.004902,-0.000000,0.035494,0.000938,0.000000,1.570796,0.227498,0.000000,0.000000,-9600,-9600,-9600,-9600,0,0,0,0.000000,0.000000,0.000000,0.000000,0.000000,0.000000,0.000000,0.000000,0,0.000000,0.000000,0.000000,0.000000,0.000000,0.000000,0.000000,0.000000,0.000000,0.000000,0.000000,0.000000,0.000000,0.000000,0.000000,0.000000,0.000000,0.000000,0.000000,0.000000,0.000000,0.000000,0.000000,0.000000,0.000000,0.000000,0.000000,0.000000,0.000000,0.000000,0.000000,0.000000,0,0,0,0,0,0,0,0,0,0,0,0,0,66,0,0
8.453004,9770,13,0,0,2,60,0,0,0,0,0,0,-0.000041,-0.000000,-0.034812,-0.004902,-0.000000,0.035494,0.000938,0.000000,1.570796,0.227498,0.000000,0.000000,-9600,-9600,-9600,-9600,0,0,0,0.000000,0.000000,0.000000,0.000000,0.000000,0.000000,0.000000,0.000000,0,0.000000,0.000000,0.000000,0.000000,0.000000,0.000000,0.000000,0.000000,0.000000,0.000000,0.000000,0.000000,0.000000,0.000000,0.000000,0.000000,0.000000,0.000000,0.000000,0.000000,0.000000,0.000000,0.000000,0.000000,0.000000,0.000000,0.000000,0.000000,0.000000,0.000000,0.000000,0.000000,0,0,0,0,0,0,0,0,0,0,0,0,0,66,0,0
8.462774,9770,13,0,0,2,60,0,0,0,0,0,0,-0.000041,-0.000000,-0.034812,-0.004902,-0.000000,0.035494,0.000938,0.000000,1.570796,0.227498,0.000000,0.000000,-9600,-9600,-9600,-9600,0,0,0,0.000000,0.000000,0.000000,0.000000,0.000000,0.000000,0.000000,0.000000,0,0.000000,0.000000,0.000000,0.000000,0.000000,0.000000,0.000000,0.000000,0.000000,0.000000,0.000000,0.000000,0.000000,0.000000,0.000000,0.000000,0.000000,0.000000,0.000000,0.000000,0.000000,0.000000,0.000000,0.000000,0.000000,0.000000,0.000000,0.000000,0.000000,0.000000,0.000000,0.000000,0,0,0,0,0,0,0,0,0,0,0,0,0,66,0,0
8.472544,9770,13,0,0,2,60,0,0,0,0,0,0,-0.000041,-0.000000,-0.034812,-0.004902,-0.000000,0.035494,0.000938,0.000000,1.570796,0.227498,0.000000,0.000000,-9600,-9600,-9600,-9600,0,0,0,0.000000,0.000000,0.000000,0.000000,0.000000,0.000000,0.000000,0.000000,0,0.000000,0.000000,0.000000,0.000000,0.000000,0.000000,0.000000,0.000000,0.000000,0.000000,0.000000,0.000000,0.000000,0.000000,0.000000,0.000000,0.000000,0.000000,0.000000,0.000000,0.000000,0.000000,0.000000,0.000000,0.000000,0.000000,0.000000,0.000000,0.000000,0.000000,0.000000,0.000000,0,0,0,0,0,0,0,0,0,0,0,0,0,66,0,0
8.482314,9770,13,0,0,2,60,0,0,0,0,0,0,-0.000041,-0.000000,-0.034812,-0.004902,-0.000000,0.035494,0.000938,0.000000,1.570796,0.227498,0.000000,0.000000,-9600,-9600,-9600,-9600,0,0,0,0.000000,0.000000,0.000000,0.000000,0.000000,0.000000,0.000000,0.000000,0,0.000000,0.000000,0.000000,0.000000,0.000000,0.000000,0.000000,0.000000,0.000000,0.000000,0.000000,0.000000,0.000000,0.000000,0.000000,0.000000,0.000000,0.000000,0.000000,0.000000,0.000000,0.000000,0.000000,0.000000,0.000000,0.000000,0.000000,0.000000,0.000000,0.000000,0.000000,0.000000,0,0,0,0,0,0,0,0,0,0,0,0,0,66,0,0
8.492084,9770,13,0,0,2,60,0,0,0,0,0,0,-0.000041,-0.000000,-0.034812,-0.004902,-0.000000,0.035494,0.000938,0.000000,1.570796,0.227498,0.000000,0.000000,-9600,-9600,-9600,-9600,0,0,0,0.000000,0.000000,0.000000,0.000000,0.000000,0.000000,0.000000,0.000000,0,0.000000,0.000000,0.000000,0.000000,0.000000,0.000000,0.000000,0.000000,0.000000,0.000000,0.000000,0.000000,0.000000,0.000000,0.000000,0.000000,0.000000,0.000000,0.000000,0.000000,0.000000,0.000000,0.000000,0.000000,0.000000,0.000000,0.000000,0.000000,0.000000,0.000000,0.000000,0.000000,0,0,0,0,0,0,0,0,0,0,0,0,0,66,0,0
8.501854,9770,13,0,0,2,60,0,0,0,0,0,0,-0.000041,-0.000000,-0.034812,-0.004902,-0.000000,0.035494,0.000938,0.000000,1.570796,0.227498,0.000000,0.000000,-9600,-9600,-9600,-9600,0,0,0,0.000000,0.000000,0.000000,0.000000,0.000000,0.000000,0.000000,0.000000,0,0.000000,0.000000,0.000000,0.000000,0.000000,0.000000,0.000000,0.000000,0.000000,0.000000,0.000000,0.000000,0.000000,0.000000,0.000000,0.000000,0.000000,0.000000,0.000000,0.000000,0.000000,0.000000,0.000000,0.000000,0.000000,0.000000,0.000000,0.000000,0.000000,0.000000,0.000000,0.000000,0,0,0,0,0,0,0,0,0,0,0,0,0,66,0,0
8.511624,9770,13,0,0,2,60,0,0,0,0,0,0,-0.000041,-0.000000,-0.034812,-0.004902,-0.000000,0.035494,0.000938,0.000000,1.570796,0.227498,0.000000,0.000000,-9600,-9600,-9600,-9600,0,0,0,0.000000,0.000000,0.000000,0.000000,0.000000,0.000000,0.000000,0.000000,0,0.000000,0.000000,0.000000,0.000000,0.000000,0.000000,0.000000,0.000000,0.000000,0.000000,0.000000,0.000000,0.000000,0.000000,0.000000,0.000000,0.000000,0.000000,0.000000,0.000000,0.000000,0.000000,0.000000,0.000000,0.000000,0.000000,0.000000,0.000000,0.000000,0.000000,0.000000,0.000000,0,0,0,0,0,0,0,0,0,0,0,0,0,66,0,0
8.521394,9770,13,0,0,2,60,0,0,0,0,0,0,-0.000041,-0.000000,-0.034812,-0.004902,-0.000000,0.035494,0.000938,0.000000,1.570796,0.227498,0.000000,0.000000,-9600,-9600,-9600,-9600,0,0,0,0.000000,0.000000,0.000000,0.000000,0.000000,0.000000,0.000000,0.000000,0,0.000000,0.000000,0.000000,0.000000,0.000000,0.000000,0.000000,0.000000,0.000000,0.000000,0.000000,0.000000,0.000000,0.000000,0.000000,0.000000,0.000000,0.000000,0.000000,0.000000,0.000000,0.000000,0.000000,0.000000,0.000000,0.000000,0.000000,0.000000,0.000000,0.000000,0.000000,0.000000,0,0,0,0,0,0,0,0,0,0,0,0,0,66,0,0
8.531164,9770,13,0,0,2,60,0,0,0,0,0,0,-0.000041,-0.000000,-0.034812,-0.004902,-0.000000,0.035494,0.000938,0.000000,1.570796,0.227498,0.000000,0.000000,-9600,-9600,-9600,-9600,0,0,0,0.000000,0.000000,0.000000,0.000000,0.000000,0.000000,0.000000,0.000000,0,0.000000,0.000000,0.000000,0.000000,0.000000,0.000000,0.000000,0.000000,0.000000,0.000000,0.000000,0.000000,0.000000,0.000000,0.000000,0.000000,0.000000,0.000000,0.000000,0.000000,0.000000,0.000000,0.000000,0.000000,0.000000,0.000000,0.000000,0.000000,0.000000,0.000000,0.000000,0.000000,0,0,0,0,0,0,0,0,0,0,0,0,0,66,0,0
8.540934,9770,13,0,0,2,60,0,0,0,0,0,0,-0.000041,-0.000000,-0.034812,-0.004902,-0.000000,0.035494,0.000938,0.000000,1.570796,0.227498,0.000000,0.000000,-9600,-9600,-9600,-9600,0,0,0,0.000000,0.000000,0.000000,0.000000,0.000000,0.000000,0.000000,0.000000,0,0.000000,0.000000,0.000000,0.000000,0.000000,0.000000,0.000000,0.000000,0.000000,0.000000,0.000000,0.000000,0.000000,0.000000,0.000000,0.000000,0.000000,0.000000,0.000000,0.000000,0.000000,0.000000,0.000000,0.000000,0.000000,0.000000,0.000000,0.000000,0.000000,0.000000,0.000000,0.000000,0,0,0,0,0,0,0,0,0,0,0,0,0,66,0,0
8.550704,9770,13,0,0,2,60,0,0,0,0,0,0,-0.000041,-0.000000,-0.034812,-0.004902,-0.000000,0.035494,0.000938,0.000000,1.570796,0.227498,0.000000,0.000000,-9600,-9600,-9600,-9600,0,0,0,0.000000,0.000000,0.000000,0.000000,0.000000,0.000000,0.000000,0.000000,0,0.000000,0.000000,0.000000,0.000000,0.000000,0.000000,0.000000,0.000000,0.000000,0.000000,0.000000,0.000000,0.000000,0.000000,0.000000,0.000000,0.000000,0.000000,0.000000,0.000000,0.000000,0.000000,0.000000,0.000000,0.000000,0.000000,0.000000,0.000000,0.000000,0.000000,0.000000,0.000000,0,0,0,0,0,0,0,0,0,0,0,0,0,66,0,0
8.560474,9770,13,0,0,2,60,0,0,0,0,0,0,-0.000041,-0.000000,-0.034812,-0.004902,-0.000000,0.035494,0.000938,0.000000,1.570796,0.227498,0.000000,0.000000,-9600,-9600,-9600,-9600,0,0,0,0.000000,0.000000,0.000000,0.000000,0.000000,0.000000,0.000000,0.000000,0,0.000000,0.000000,0.000000,0.000000,0.000000,0.000000,0.000000,0.000000,0.000000,0.000000,0.000000,0.000000,0.000000,0.000000,0.000000,0.000000,0.000000,0.000000,0.000000,0.000000,0.000000,0.000000,0.000000,0.000000,0.000000,0.000000,0.000000,0.000000,0.000000,0.000000,0.000000,0.000000,0,0,0,0,0,0,0,0,0,0,0,0,0,66,0,0
8.570244,9770,13,0,0,2,60,0,0,0,0,0,0,-0.000041,-0.000000,-0.034812,-0.004902,-0.000000,0.035494,0.000938,0.000000,1.570796,0.227498,0.000000,0.000000,-9600,-9600,-9600,-9600,0,0,0,0.000000,0.000000,0.000000,0.000000,0.000000,0.000000,0.000000,0.000000,0,0.000000,0.000000,0.000000,0.000000,0.000000,0.000000,0.000000,0.000000,0.000000,0.000000,0.000000,0.000000,0.000000,0.000000,0.000000,0.000000,0.000000,0.000000,0.000000,0.000000,0.000000,0.000000,0.000000,0.000000,0.000000,0.000000,0.000000,0.000000,0.000000,0.000000,0.000000,0.000000,0,0,0,0,0,0,0,0,0,0,0,0,0,66,0,0
8.580014,9770,13,0,0,2,60,0,0,0,0,0,0,-0.000041,-0.000000,-0.034812,-0.004902,-0.000000,0.035494,0.000938,0.000000,1.570796,0.227498,0.000000,0.000000,-9600,-9600,-9600,-9600,0,0,0,0.000000,0.000000,0.000000,0.000000,0.000000,0.000000,0.000000,0.000000,0,0.000000,0.000000,0.000000,0.000000,0.000000,0.000000,0.000000,0.000000,0.000000,0.000000,0.000000,0.000000,0.000000,0.000000,0.000000,0.000000,0.000000,0.000000,0.000000,0.000000,0.000000,0.000000,0.000000,0.000000,0.000000,0.000000,0.000000,0.000000,0.000000,0.000000,0.000000,0.000000,0,0,0,0,0,0,0,0,0,0,0,0,0,66,0,0
8.589784,9770,13,0,0,2,60,0,0,0,0,0,0,-0.000041,-0.000000,-0.034812,-0.004902,-0.000000,0.035494,0.000938,0.000000,1.570796,0.227498,0.000000,0.000000,-9600,-9600,-9600,-9600,0,0,0,0.000000,0.000000,0.000000,0.000000,0.000000,0.000000,0.000000,0.000000,0,0.000000,0.000000,0.000000,0.000000,0.000000,0.000000,0.000000,0.000000,0.000000,0.000000,0.000000,0.000000,0.000000,0.000000,0.000000,0.000000,0.000000,0.000000,0.000000,0.000000,0.000000,0.000000,0.000000,0.000000,0.000000,0.000000,0.000000,0.000000,0.000000,0.000000,0.000000,0.000000,0,0,0,0,0,0,0,0,0,0,0,0,0,66,0,0
8.599554,9770,13,0,0,2,60,0,0,0,0,0,0,-0.000041,-0.000000,-0.034812,-0.004902,-0.000000,0.035494,0.000938,0.000000,1.570796,0.227498,0.000000,0.000000,-9600,-9600,-9600,-9600,0,0,0,0.000000,0.000000,0.000000,0.000000,0.000000,0.000000,0.000000,0.000000,0,0.000000,0.000000,0.000000,0.000000,0.000000,0.000000,0.000000,0.000000,0.000000,0.000000,0.000000,0.000000,0.000000,0.000000,0.000000,0.000000,0.000000,0.000000,0.000000,0.000000,0.000000,0.000000,0.000000,0.000000,0.000000,0.000000,0.000000,0.000000,0.000000,0.000000,0.000000,0.000000,0,0,0,0,0,0,0,0,0,0,0,0,0,66,0,0
8.609324,9770,13,0,0,2,60,0,0,0,0,0,0,-0.000041,-0.000000,-0.034812,-0.004902,-0.000000,0.035494,0.000938,0.000000,1.570796,0.227498,0.000000,0.000000,-9600,-9600,-9600,-9600,0,0,0,0.000000,0.000000,0.000000,0.000000,0.000000,0.000000,0.000000,0.000000,0,0.000000,0.000000,0.000000,0.000000,0.000000,0.000000,0.000000,0.000000,0.000000,0.000000,0.000000,0.000000,0.000000,0.000000,0.000000,0.000000,0.000000,0.000000,0.000000,0.000000,0.000000,0.000000,0.000000,0.000000,0.000000,0.000000,0.000000,0.000000,0.000000,0.000000,0.000000,0.000000,0,0,0,0,0,0,0,0,0,0,0,0,0,66,0,0
8.619094,9770,13,0,0,2,60,0,0,0,0,0,0,-0.000041,-0.000000,-0.034812,-0.004902,-0.000000,0.035494,0.000938,0.000000,1.570796,0.227498,0.000000,0.000000,-9600,-9600,-9600,-9600,0,0,0,0.000000,0.000000,0.000000,0.000000,0.000000,0.000000,0.000000,0.000000,0,0.000000,0.000000,0.000000,0.000000,0.000000,0.000000,0.000000,0.000000,0.000000,0.000000,0.000000,0.000000,0.000000,0.000000,0.000000,0.000000,0.000000,0.000000,0.000000,0.000000,0.000000,0.000000,0.000000,0.000000,0.000000,0.000000,0.000000,0.000000,0.000000,0.000000,0.000000,0.000000,0,0,0,0,0,0,0,0,0,0,0,0,0,66,0,0
8.628864,9770,13,0,0,2,60,0,0,0,0,0,0,-0.000041,-0.000000,-0.034812,-0.004902,-0.000000,0.035494,0.000938,0.000000,1.570796,0.227498,0.000000,0.000000,-9600,-9600,-9600,-9600,0,0,0,0.000000,0.000000,0.000000,0.000000,0.000000,0.000000,0.000000,0.000000,0,0.000000,0.000000,0.000000,0.000000,0.000000,0.000000,0.000000,0.000000,0.000000,0.000000,0.000000,0.000000,0.000000,0.000000,0.000000,0.000000,0.000000,0.000000,0.000000,0.000000,0.000000,0.000000,0.000000,0.000000,0.000000,0.000000,0.000000,0.000000,0.000000,0.000000,0.000000,0.000000,0,0,0,0,0,0,0,0,0,0,0,0,0,66,0,0
8.638634,9770,13,0,0,2,60,0,0,0,0,0,0,-0.000041,-0.000000,-0.034812,-0.004902,-0.000000,0.035494,0.000938,0.000000,1.570796,0.227498,0.000000,0.000000,-9600,-9600,-9600,-9600,0,0,0,0.000000,0.000000,0.000000,0.000000,0.000000,0.000000,0.000000,0.000000,0,0.000000,0.000000,0.000000,0.000000,0.000000,0.000000,0.000000,0.000000,0.000000,0.000000,0.000000,0.000000,0.000000,0.000000,0.000000,0.000000,0.000000,0.000000,0.000000,0.000000,0.000000,0.000000,0.000000,0.000000,0.000000,0.000000,0.000000,0.000000,0.000000,0.000000,0.000000,0.000000,0,0,0,0,0,0,0,0,0,0,0,0,0,66,0,0
8.648404,9770,13,0,0,2,60,0,0,0,0,0,0,-0.000041,-0.000000,-0.034812,-0.004902,-0.000000,0.035494,0.000938,0.000000,1.570796,0.227498,0.000000,0.000000,-9600,-9600,-9600,-9600,0,0,0,0.000000,0.000000,0.000000,0.000000,0.000000,0.000000,0.000000,0.000000,0,0.000000,0.000000,0.000000,0.000000,0.000000,0.000000,0.000000,0.000000,0.000000,0.000000,0.000000,0.000000,0.000000,0.000000,0.000000,0.000000,0.000000,0.000000,0.000000,0.000000,0.000000,0.000000,0.000000,0.000000,0.000000,0.000000,0.000000,0.000000,0.000000,0.000000,0.000000,0.000000,0,0,0,0,0,0,0,0,0,0,0,0,0,66,0,0
8.658174,9770,13,0,0,2,60,0,0,0,0,0,0,-0.000041,-0.000000,-0.034812,-0.004902,-0.000000,0.035494,0.000938,0.000000,1.570796,0.227498,0.000000,0.000000,-9600,-9600,-9600,-9600,0,0,0,0.000000,0.000000,0.000000,0.000000,0.000000,0.000000,0.000000,0.000000,0,0.000000,0.000000,0.000000,0.000000,0.000000,0.000000,0.000000,0.000000,0.000000,0.000000,0.000000,0.000000,0.000000,0.000000,0.000000,0.000000,0.000000,0.000000,0.000000,0.000000,0.000000,0.000000,0.000000,0.000000,0.000000,0.000000,0.000000,0.000000,0.000000,0.000000,0.000000,0.000000,0,0,0,0,0,0,0,0,0,0,0,0,0,66,0,0
8.667944,9770,13,0,0,2,60,0,0,0,0,0,0,-0.000041,-0.000000,-0.034812,-0.004902,-0.000000,0.035494,0.000938,0.000000,1.570796,0.227498,0.000000,0.000000,-9600,-9600,-9600,-9600,0,0,0,0.000000,0.000000,0.000000,0.000000,0.000000,0.000000,0.000000,0.000000,0,0.000000,0.000000,0.000000,0.000000,0.000000,0.000000,0.000000,0.000000,0.000000,0.000000,0.000000,0.000000,0.000000,0.000000,0.000000,0.000000,0.000000,0.000000,0.000000,0.000000,0.000000,0.000000,0.000000,0.000000,0.000000,0.000000,0.000000,0.000000,0.000000,0.000000,0.000000,0.000000,0,0,0,0,0,0,0,0,0,0,0,0,0,66,0,0
8.677714,9770,13,0,0,2,60,0,0,0,0,0,0,-0.000041,-0.000000,-0.034812,-0.004902,-0.000000,0.035494,0.000938,0.000000,1.570796,0.227498,0.000000,0.000000,-9600,-9600,-9600,-9600,0,0,0,0.000000,0.000000,0.000000,0.000000,0.000000,0.000000,0.000000,0.000000,0,0.000000,0.000000,0.000000,0.000000,0.000000,0.000000,0.000000,0.000000,0.000000,0.000000,0.000000,0.000000,0.000000,0.000000,0.000000,0.000000,0.000000,0.000000,0.000000,0.000000,0.000000,0.000000,0.000000,0.000000,0.000000,0.000000,0.000000,0.000000,0.000000,0.000000,0.000000,0.000000,0,0,0,0,0,0,0,0,0,0,0,0,0,66,0,0
8.687484,9770,13,0,0,2,60,0,0,0,0,0,0,-0.000041,-0.000000,-0.034812,-0.004902,-0.000000,0.035494,0.000938,0.000000,1.570796,0.227498,0.000000,0.000000,-9600,-9600,-9600,-9600,0,0,0,0.000000,0.000000,0.000000,0.000000,0.000000,0.000000,0.000000,0.000000,0,0.000000,0.000000,0.000000,0.000000,0.000000,0.000000,0.000000,0.000000,0.000000,0.000000,0.000000,0.000000,0.000000,0.000000,0.000000,0.000000,0.000000,0.000000,0.000000,0.000000,0.000000,0.000000,0.000000,0.000000,0.000000,0.000000,0.000000,0.000000,0.000000,0.000000,0.000000,0.000000,0,0,0,0,0,0,0,0,0,0,0,0,0,66,0,0
8.697254,9770,13,0,0,2,60,0,0,0,0,0,0,-0.000041,-0.000000,-0.034812,-0.004902,-0.000000,0.035494,0.000938,0.000000,1.570796,0.227498,0.000000,0.000000,-9600,-9600,-9600,-9600,0,0,0,0.000000,0.000000,0.000000,0.000000,0.000000,0.000000,0.000000,0.000000,0,0.000000,0.000000,0.000000,0.000000,0.000000,0.000000,0.000000,0.000000,0.000000,0.000000,0.000000,0.000000,0.000000,0.000000,0.000000,0.000000,0.000000,0.000000,0.000000,0.000000,0.000000,0.000000,0.000000,0.000000,0.000000,0.000000,0.000000,0.000000,0.000000,0.000000,0.000000,0.000000,0,0,0,0,0,0,0,0,0,0,0,0,0,66,0,0
8.707024,9770,13,0,0,2,60,0,0,0,0,0,0,-0.000041,-0.000000,-0.034812,-0.004902,-0.000000,0.035494,0.000938,0.000000,1.570796,0.227498,0.000000,0.000000,-9600,-9600,-9600,-9600,0,0,0,0.000000,0.000000,0.000000,0.000000,0.000000,0.000000,0.000000,0.000000,0,0.000000,0.000000,0.000000,0.000000,0.000000,0.000000,0.000000,0.000000,0.000000,0.000000,0.000000,0.000000,0.000000,0.000000,0.000000,0.000000,0.000000,0.000000,0.000000,0.000000,0.000000,0.000000,0.000000,0.000000,0.000000,0.000000,0.000000,0.000000,0.000000,0.000000,0.000000,0.000000,0,0,0,0,0,0,0,0,0,0,0,0,0,66,0,0
8.716794,9770,13,0,0,2,60,0,0,0,0,0,0,-0.000041,-0.000000,-0.034812,-0.004902,-0.000000,0.035494,0.000938,0.000000,1.570796,0.227498,0.000000,0.000000,-9600,-9600,-9600,-9600,0,0,0,0.000000,0.000000,0.000000,0.000000,0.000000,0.000000,0.000000,0.000000,0,0.000000,0.000000,0.000000,0.000000,0.000000,0.000000,0.000000,0.000000,0.000000,0.000000,0.000000,0.000000,0.000000,0.000000,0.000000,0.000000,0.000000,0.000000,0.000000,0.000000,0.000000,0.000000,0.000000,0.000000,0.000000,0.000000,0.000000,0.000000,0.000000,0.000000,0.000000,0.000000,0,0,0,0,0,0,0,0,0,0,0,0,0,66,0,0
8.726564,9770,13,0,0,2,60,0,0,0,0,0,0,-0.000041,-0.000000,-0.034812,-0.004902,-0.000000,0.035494,0.000938,0.000000,1.570796,0.227498,0.000000,0.000000,-9600,-9600,-9600,-9600,0,0,0,0.000000,0.000000,0.000000,0.000000,0.000000,0.000000,0.000000,0.000000,0,0.000000,0.000000,0.000000,0.000000,0.000000,0.000000,0.000000,0.000000,0.000000,0.000000,0.000000,0.000000,0.000000,0.000000,0.000000,0.000000,0.000000,0.000000,0.000000,0.000000,0.000000,0.000000,0.000000,0.000000,0.000000,0.000000,0.000000,0.000000,0.000000,0.000000,0.000000,0.000000,0,0,0,0,0,0,0,0,0,0,0,0,0,66,0,0
8.736334,9770,13,0,0,2,60,0,0,0,0,0,0,-0.000041,-0.000000,-0.034812,-0.004902,-0.000000,0.035494,0.000938,0.000000,1.570796,0.227498,0.000000,0.000000,-9600,-9600,-9600,-9600,0,0,0,0.000000,0.000000,0.000000,0.000000,0.000000,0.000000,0.000000,0.000000,0,0.000000,0.000000,0.000000,0.000000,0.000000,0.000000,0.000000,0.000000,0.000000,0.000000,0.000000,0.000000,0.000000,0.000000,0.000000,0.000000,0.000000,0.000000,0.000000,0.000000,0.000000,0.000000,0.000000,0.000000,0.000000,0.000000,0.000000,0.000000,0.000000,0.000000,0.000000,0.000000,0,0,0,0,0,0,0,0,0,0,0,0,0,66,0,0
8.746104,9770,13,0,0,2,60,0,0,0,0,0,0,-0.000041,-0.000000,-0.034812,-0.004902,-0.000000,0.035494,0.000938,0.000000,1.570796,0.227498,0.000000,0.000000,-9600,-9600,-9600,-9600,0,0,0,0.000000,0.000000,0.000000,0.000000,0.000000,0.000000,0.000000,0.000000,0,0.000000,0.000000,0.000000,0.000000,0.000000,0.000000,0.000000,0.000000,0.000000,0.000000,0.000000,0.000000,0.000000,0.000000,0.000000,0.000000,0.000000,0.000000,0.000000,0.000000,0.000000,0.000000,0.000000,0.000000,0.000000,0.000000,0.000000,0.000000,0.000000,0.000000,0.000000,0.000000,0,0,0,0,0,0,0,0,0,0,0,0,0,66,0,0
8.755874,9770,13,0,0,2,60,0,0,0,0,0,0,-0.000041,-0.000000,-0.034812,-0.004902,-0.000000,0.035494,0.000938,0.000000,1.570796,0.227498,0.000000,0.000000,-9600,-9600,-9600,-9600,0,0,0,0.000000,0.000000,0.000000,0.000000,0.000000,0.000000,0.000000,0.000000,0,0.000000,0.000000,0.000000,0.000000,0.000000,0.000000,0.000000,0.000000,0.000000,0.000000,0.000000,0.000000,0.000000,0.000000,0.000000,0.000000,0.000000,0.000000,0.000000,0.000000,0.000000,0.000000,0.000000,0.000000,0.000000,0.000000,0.000000,0.000000,0.000000,0.000000,0.000000,0.000000,0,0,0,0,0,0,0,0,0,0,0,0,0,66,0,0
8.765644,9770,13,0,0,2,60,0,0,0,0,0,0,-0.000041,-0.000000,-0.034812,-0.004902,-0.000000,0.035494,0.000938,0.000000,1.570796,0.227498,0.000000,0.000000,-9600,-9600,-9600,-9600,0,0,0,0.000000,0.000000,0.000000,0.000000,0.000000,0.000000,0.000000,0.000000,0,0.000000,0.000000,0.000000,0.000000,0.000000,0.000000,0.000000,0.000000,0.000000,0.000000,0.000000,0.000000,0.000000,0.000000,0.000000,0.000000,0.000000,0.000000,0.000000,0.000000,0.000000,0.000000,0.000000,0.000000,0.000000,0.000000,0.000000,0.000000,0.000000,0.000000,0.000000,0.000000,0,0,0,0,0,0,0,0,0,0,0,0,0,66,0,0
8.775414,9770,13,0,0,2,60,0,0,0,0,0,0,-0.000042,-0.000000,-0.034812,-0.004902,-0.000000,0.035494,0.000938,0.000000,1.570796,0.227498,0.000000,0.000000,-9600,-9600,-9600,-9600,0,0,0,0.000000,0.000000,0.000000,0.000000,0.000000,0.000000,0.000000,0.000000,0,0.000000,0.000000,0.000000,0.000000,0.000000,0.000000,0.000000,0.000000,0.000000,0.000000,0.000000,0.000000,0.000000,0.000000,0.000000,0.000000,0.000000,0.000000,0.000000,0.000000,0.000000,0.000000,0.000000,0.000000,0.000000,0.000000,0.000000,0.000000,0.000000,0.000000,0.000000,0.000000,0,0,0,0,0,0,0,0,0,0,0,0,0,66,0,0
8.785184,9770,13,0,0,2,60,0,0,0,0,0,0,-0.000042,-0.000000,-0.034812,-0.004902,-0.000000,0.035494,0.000938,0.000000,1.570796,0.227498,0.000000,0.000000,-9600,-9600,-9600,-9600,0,0,0,0.000000,0.000000,0.000000,0.000000,0.000000,0.000000,0.000000,0.000000,0,0.000000,0.000000,0.000000,0.000000,0.000000,0.000000,0.000000,0.000000,0.000000,0.000000,0.000000,0.000000,0.000000,0.000000,0.000000,0.000000,0.000000,0.000000,0.000000,0.000000,0.000000,0.000000,0.000000,0.000000,0.000000,0.000000,0.000000,0.000000,0.000000,0.000000,0.000000,0.000000,0,0,0,0,0,0,0,0,0,0,0,0,0,66,0,0
8.794954,9770,13,0,0,2,60,0,0,0,0,0,0,-0.000042,-0.000000,-0.034812,-0.004902,-0.000000,0.035494,0.000938,0.000000,1.570796,0.227498,0.000000,0.000000,-9600,-9600,-9600,-9600,0,0,0,0.000000,0.000000,0.000000,0.000000,0.000000,0.000000,0.000000,0.000000,0,0.000000,0.000000,0.000000,0.000000,0.000000,0.000000,0.000000,0.000000,0.000000,0.000000,0.000000,0.000000,0.000000,0.000000,0.000000,0.000000,0.000000,0.000000,0.000000,0.000000,0.000000,0.000000,0.000000,0.000000,0.000000,0.000000,0.000000,0.000000,0.000000,0.000000,0.000000,0.000000,0,0,0,0,0,0,0,0,0,0,0,0,0,66,0,0
8.804724,9770,13,0,0,2,60,0,0,0,0,0,0,-0.000042,-0.000000,-0.034812,-0.004902,-0.000000,0.035494,0.000938,0.000000,1.570796,0.227498,0.000000,0.000000,-9600,-9600,-9600,-9600,0,0,0,0.000000,0.000000,0.000000,0.000000,0.000000,0.000000,0.000000,0.000000,0,0.000000,0.000000,0.000000,0.000000,0.000000,0.000000,0.000000,0.000000,0.000000,0.000000,0.000000,0.000000,0.000000,0.000000,0.000000,0.000000,0.000000,0.000000,0.000000,0.000000,0.000000,0.000000,0.000000,0.000000,0.000000,0.000000,0.000000,0.000000,0.000000,0.000000,0.000000,0.000000,0,0,0,0,0,0,0,0,0,0,0,0,0,66,0,0
8.814494,9770,13,0,0,2,60,0,0,0,0,0,0,-0.000042,-0.000000,-0.034812,-0.004902,-0.000000,0.035494,0.000938,0.000000,1.570796,0.227498,0.000000,0.000000,-9600,-9600,-9600,-9600,0,0,0,0.000000,0.000000,0.000000,0.000000,0.000000,0.000000,0.000000,0.000000,0,0.000000,0.000000,0.000000,0.000000,0.000000,0.000000,0.000000,0.000000,0.000000,0.000000,0.000000,0.000000,0.000000,0.000000,0.000000,0.000000,0.000000,0.000000,0.000000,0.000000,0.000000,0.000000,0.000000,0.000000,0.000000,0.000000,0.000000,0.000000,0.000000,0.000000,0.000000,0.000000,0,0,0,0,0,0,0,0,0,0,0,0,0,66,0,0
8.824264,9770,13,0,0,2,60,0,0,0,0,0,0,-0.000042,-0.000000,-0.034812,-0.004902,-0.000000,0.035494,0.000938,0.000000,1.570796,0.227498,0.000000,0.000000,-9600,-9600,-9600,-9600,0,0,0,0.000000,0.000000,0.000000,0.000000,0.000000,0.000000,0.000000,0.000000,0,0.000000,0.000000,0.000000,0.000000,0.000000,0.000000,0.000000,0.000000,0.000000,0.000000,0.000000,0.000000,0.000000,0.000000,0.000000,0.000000,0.000000,0.000000,0.000000,0.000000,0.000000,0.000000,0.000000,0.000000,0.000000,0.000000,0.000000,0.000000,0.000000,0.000000,0.000000,0.000000,0,0,0,0,0,0,0,0,0,0,0,0,0,66,0,0
8.834034,9770,13,0,0,2,60,0,0,0,0,0,0,-0.000042,-0.000000,-0.034812,-0.004902,-0.000000,0.035494,0.000938,0.000000,1.570796,0.227498,0.000000,0.000000,-9600,-9600,-9600,-9600,0,0,0,0.000000,0.000000,0.000000,0.000000,0.000000,0.000000,0.000000,0.000000,0,0.000000,0.000000,0.000000,0.000000,0.000000,0.000000,0.000000,0.000000,0.000000,0.000000,0.000000,0.000000,0.000000,0.000000,0.000000,0.000000,0.000000,0.000000,0.000000,0.000000,0.000000,0.000000,0.000000,0.000000,0.000000,0.000000,0.000000,0.000000,0.000000,0.000000,0.000000,0.000000,0,0,0,0,0,0,0,0,0,0,0,0,0,66,0,0
8.843804,9770,13,0,0,2,60,0,0,0,0,0,0,-0.000042,-0.000000,-0.034812,-0.004902,-0.000000,0.035494,0.000938,0.000000,1.570796,0.227498,0.000000,0.000000,-9600,-9600,-9600,-9600,0,0,0,0.000000,0.000000,0.000000,0.000000,0.000000,0.000000,0.000000,0.000000,0,0.000000,0.000000,0.000000,0.000000,0.000000,0.000000,0.000000,0.000000,0.000000,0.000000,0.000000,0.000000,0.000000,0.000000,0.000000,0.000000,0.000000,0.000000,0.000000,0.000000,0.000000,0.000000,0.000000,0.000000,0.000000,0.000000,0.000000,0.000000,0.000000,0.000000,0.000000,0.000000,0,0,0,0,0,0,0,0,0,0,0,0,0,66,0,0
8.853574,9770,13,0,0,2,60,0,0,0,0,0,0,-0.000042,-0.000000,-0.034812,-0.004902,-0.000000,0.035494,0.000938,0.000000,1.570796,0.227498,0.000000,0.000000,-9600,-9600,-9600,-9600,0,0,0,0.000000,0.000000,0.000000,0.000000,0.000000,0.000000,0.000000,0.000000,0,0.000000,0.000000,0.000000,0.000000,0.000000,0.000000,0.000000,0.000000,0.000000,0.000000,0.000000,0.000000,0.000000,0.000000,0.000000,0.000000,0.000000,0.000000,0.000000,0.000000,0.000000,0.000000,0.000000,0.000000,0.000000,0.000000,0.000000,0.000000,0.000000,0.000000,0.000000,0.000000,0,0,0,0,0,0,0,0,0,0,0,0,0,66,0,0
8.863344,9770,13,0,0,2,60,0,0,0,0,0,0,-0.000042,-0.000000,-0.034812,-0.004902,-0.000000,0.035494,0.000938,0.000000,1.570796,0.227498,0.000000,0.000000,-9600,-9600,-9600,-9600,0,0,0,0.000000,0.000000,0.000000,0.000000,0.000000,0.000000,0.000000,0.000000,0,0.000000,0.000000,0.000000,0.000000,0.000000,0.000000,0.000000,0.000000,0.000000,0.000000,0.000000,0.000000,0.000000,0.000000,0.000000,0.000000,0.000000,0.000000,0.000000,0.000000,0.000000,0.000000,0.000000,0.000000,0.000000,0.000000,0.000000,0.000000,0.000000,0.000000,0.000000,0.000000,0,0,0,0,0,0,0,0,0,0,0,0,0,66,0,0
8.873114,9770,13,0,0,2,60,0,0,0,0,0,0,-0.000042,-0.000000,-0.034812,-0.004902,-0.000000,0.035494,0.000938,0.000000,1.570796,0.227498,0.000000,0.000000,-9600,-9600,-9600,-9600,0,0,0,0.000000,0.000000,0.000000,0.000000,0.000000,0.000000,0.000000,0.000000,0,0.000000,0.000000,0.000000,0.000000,0.000000,0.000000,0.000000,0.000000,0.000000,0.000000,0.000000,0.000000,0.000000,0.000000,0.000000,0.000000,0.000000,0.000000,0.000000,0.000000,0.000000,0.000000,0.000000,0.000000,0.000000,0.000000,0.000000,0.000000,0.000000,0.000000,0.000000,0.000000,0,0,0,0,0,0,0,0,0,0,0,0,0,66,0,0
8.882884,9770,13,0,0,2,60,0,0,0,0,0,0,-0.000042,-0.000000,-0.034812,-0.004902,-0.000000,0.035494,0.000938,0.000000,1.570796,0.227498,0.000000,0.000000,-9600,-9600,-9600,-9600,0,0,0,0.000000,0.000000,0.000000,0.000000,0.000000,0.000000,0.000000,0.000000,0,0.000000,0.000000,0.000000,0.000000,0.000000,0.000000,0.000000,0.000000,0.000000,0.000000,0.000000,0.000000,0.000000,0.000000,0.000000,0.000000,0.000000,0.000000,0.000000,0.000000,0.000000,0.000000,0.000000,0.000000,0.000000,0.000000,0.000000,0.000000,0.000000,0.000000,0.000000,0.000000,0,0,0,0,0,0,0,0,0,0,0,0,0,66,0,0
8.892654,9770,13,0,0,2,60,0,0,0,0,0,0,-0.000042,-0.000000,-0.034812,-0.004902,-0.000000,0.035494,0.000938,0.000000,1.570796,0.227498,0.000000,0.000000,-9600,-9600,-9600,-9600,0,0,0,0.000000,0.000000,0.000000,0.000000,0.000000,0.000000,0.000000,0.000000,0,0.000000,0.000000,0.000000,0.000000,0.000000,0.000000,0.000000,0.000000,0.000000,0.000000,0.000000,0.000000,0.000000,0.000000,0.000000,0.000000,0.000000,0.000000,0.000000,0.000000,0.000000,0.000000,0.000000,0.000000,0.000000,0.000000,0.000000,0.000000,0.000000,0.000000,0.000000,0.000000,0,0,0,0,0,0,0,0,0,0,0,0,0,66,0,0
8.902424,9770,13,0,0,2,60,0,0,0,0,0,0,-0.000042,-0.000000,-0.034812,-0.004902,-0.000000,0.035494,0.000938,0.000000,1.570796,0.227498,0.000000,0.000000,-9600,-9600,-9600,-9600,0,0,0,0.000000,0.000000,0.000000,0.000000,0.000000,0.000000,0.000000,0.000000,0,0.000000,0.000000,0.000000,0.000000,0.000000,0.000000,0.000000,0.000000,0.000000,0.000000,0.000000,0.000000,0.000000,0.000000,0.000000,0.000000,0.000000,0.000000,0.000000,0.000000,0.000000,0.000000,0.000000,0.000000,0.000000,0.000000,0.000000,0.000000,0.000000,0.000000,0.000000,0.000000,0,0,0,0,0,0,0,0,0,0,0,0,0,66,0,0
8.912194,9770,13,0,0,2,60,0,0,0,0,0,0,-0.000042,-0.000000,-0.034812,-0.004902,-0.000000,0.035494,0.000938,0.000000,1.570796,0.227498,0.000000,0.000000,-9600,-9600,-9600,-9600,0,0,0,0.000000,0.000000,0.000000,0.000000,0.000000,0.000000,0.000000,0.000000,0,0.000000,0.000000,0.000000,0.000000,0.000000,0.000000,0.000000,0.000000,0.000000,0.000000,0.000000,0.000000,0.000000,0.000000,0.000000,0.000000,0.000000,0.000000,0.000000,0.000000,0.000000,0.000000,0.000000,0.000000,0.000000,0.000000,0.000000,0.000000,0.000000,0.000000,0.000000,0.000000,0,0,0,0,0,0,0,0,0,0,0,0,0,66,0,0
8.921964,9770,13,0,0,2,60,0,0,0,0,0,0,-0.000042,-0.000000,-0.034812,-0.004902,-0.000000,0.035494,0.000938,0.000000,1.570796,0.227498,0.000000,0.000000,-9600,-9600,-9600,-9600,0,0,0,0.000000,0.000000,0.000000,0.000000,0.000000,0.000000,0.000000,0.000000,0,0.000000,0.000000,0.000000,0.000000,0.000000,0.000000,0.000000,0.000000,0.000000,0.000000,0.000000,0.000000,0.000000,0.000000,0.000000,0.000000,0.000000,0.000000,0.000000,0.000000,0.000000,0.000000,0.000000,0.000000,0.000000,0.000000,0.000000,0.000000,0.000000,0.000000,0.000000,0.000000,0,0,0,0,0,0,0,0,0,0,0,0,0,66,0,0
8.931734,9770,13,0,0,2,60,0,0,0,0,0,0,-0.000042,-0.000000,-0.034812,-0.004902,-0.000000,0.035494,0.000938,0.000000,1.570796,0.227498,0.000000,0.000000,-9600,-9600,-9600,-9600,0,0,0,0.000000,0.000000,0.000000,0.000000,0.000000,0.000000,0.000000,0.000000,0,0.000000,0.000000,0.000000,0.000000,0.000000,0.000000,0.000000,0.000000,0.000000,0.000000,0.000000,0.000000,0.000000,0.000000,0.000000,0.000000,0.000000,0.000000,0.000000,0.000000,0.000000,0.000000,0.000000,0.000000,0.000000,0.000000,0.000000,0.000000,0.000000,0.000000,0.000000,0.000000,0,0,0,0,0,0,0,0,0,0,0,0,0,66,0,0
8.941504,9770,13,0,0,2,60,0,0,0,0,0,0,-0.000042,-0.000000,-0.034812,-0.004902,-0.000000,0.035494,0.000938,0.000000,1.570796,0.227498,0.000000,0.000000,-9600,-9600,-9600,-9600,0,0,0,0.000000,0.000000,0.000000,0.000000,0.000000,0.000000,0.000000,0.000000,0,0.000000,0.000000,0.000000,0.000000,0.000000,0.000000,0.000000,0.000000,0.000000,0.000000,0.000000,0.000000,0.000000,0.000000,0.000000,0.000000,0.000000,0.000000,0.000000,0.000000,0.000000,0.000000,0.000000,0.000000,0.000000,0.000000,0.000000,0.000000,0.000000,0.000000,0.000000,0.000000,0,0,0,0,0,0,0,0,0,0,0,0,0,66,0,0
8.951274,9770,13,0,0,2,60,0,0,0,0,0,0,-0.000042,-0.000000,-0.034812,-0.004902,-0.000000,0.035494,0.000938,0.000000,1.570796,0.227498,0.000000,0.000000,-9600,-9600,-9600,-9600,0,0,0,0.000000,0.000000,0.000000,0.000000,0.000000,0.000000,0.000000,0.000000,0,0.000000,0.000000,0.000000,0.000000,0.000000,0.000000,0.000000,0.000000,0.000000,0.000000,0.000000,0.000000,0.000000,0.000000,0.000000,0.000000,0.000000,0.000000,0.000000,0.000000,0.000000,0.000000,0.000000,0.000000,0.000000,0.000000,0.000000,0.000000,0.000000,0.000000,0.000000,0.000000,0,0,0,0,0,0,0,0,0,0,0,0,0,66,0,0
8.961044,9770,13,0,0,2,60,0,0,0,0,0,0,-0.000042,-0.000000,-0.034812,-0.004902,-0.000000,0.035494,0.000938,0.000000,1.570796,0.227498,0.000000,0.000000,-9600,-9600,-9600,-9600,0,0,0,0.000000,0.000000,0.000000,0.000000,0.000000,0.000000,0.000000,0.000000,0,0.000000,0.000000,0.000000,0.000000,0.000000,0.000000,0.000000,0.000000,0.000000,0.000000,0.000000,0.000000,0.000000,0.000000,0.000000,0.000000,0.000000,0.000000,0.000000,0.000000,0.000000,0.000000,0.000000,0.000000,0.000000,0.000000,0.000000,0.000000,0.000000,0.000000,0.000000,0.000000,0,0,0,0,0,0,0,0,0,0,0,0,0,66,0,0
8.970814,9770,13,0,0,2,60,0,0,0,0,0,0,-0.000042,-0.000000,-0.034812,-0.004902,-0.000000,0.035494,0.000938,0.000000,1.570796,0.227498,0.000000,0.000000,-9600,-9600,-9600,-9600,0,0,0,0.000000,0.000000,0.000000,0.000000,0.000000,0.000000,0.000000,0.000000,0,0.000000,0.000000,0.000000,0.000000,0.000000,0.000000,0.000000,0.000000,0.000000,0.000000,0.000000,0.000000,0.000000,0.000000,0.000000,0.000000,0.000000,0.000000,0.000000,0.000000,0.000000,0.000000,0.000000,0.000000,0.000000,0.000000,0.000000,0.000000,0.000000,0.000000,0.000000,0.000000,0,0,0,0,0,0,0,0,0,0,0,0,0,66,0,0
8.980584,9770,13,0,0,2,60,0,0,0,0,0,0,-0.000042,-0.000000,-0.034812,-0.004902,-0.000000,0.035494,0.000938,0.000000,1.570796,0.227498,0.000000,0.000000,-9600,-9600,-9600,-9600,0,0,0,0.000000,0.000000,0.000000,0.000000,0.000000,0.000000,0.000000,0.000000,0,0.000000,0.000000,0.000000,0.000000,0.000000,0.000000,0.000000,0.000000,0.000000,0.000000,0.000000,0.000000,0.000000,0.000000,0.000000,0.000000,0.000000,0.000000,0.000000,0.000000,0.000000,0.000000,0.000000,0.000000,0.000000,0.000000,0.000000,0.000000,0.000000,0.000000,0.000000,0.000000,0,0,0,0,0,0,0,0,0,0,0,0,0,66,0,0
8.990354,9770,13,0,0,2,60,0,0,0,0,0,0,-0.000042,-0.000000,-0.034812,-0.004902,-0.000000,0.035494,0.000938,0.000000,1.570796,0.227498,0.000000,0.000000,-9600,-9600,-9600,-9600,0,0,0,0.000000,0.000000,0.000000,0.000000,0.000000,0.000000,0.000000,0.000000,0,0.000000,0.000000,0.000000,0.000000,0.000000,0.000000,0.000000,0.000000,0.000000,0.000000,0.000000,0.000000,0.000000,0.000000,0.000000,0.000000,0.000000,0.000000,0.000000,0.000000,0.000000,0.000000,0.000000,0.000000,0.000000,0.000000,0.000000,0.000000,0.000000,0.000000,0.000000,0.000000,0,0,0,0,0,0,0,0,0,0,0,0,0,66,0,0
9.000124,9770,13,0,0,2,60,0,0,0,0,0,0,-0.000042,-0.000000,-0.034812,-0.004902,-0.000000,0.035494,0.000938,0.000000,1.570796,0.227498,0.000000,0.000000,-9600,-9600,-9600,-9600,0,0,0,0.000000,0.000000,0.000000,0.000000,0.000000,0.000000,0.000000,0.000000,0,0.000000,0.000000,0.000000,0.000000,0.000000,0.000000,0.000000,0.000000,0.000000,0.000000,0.000000,0.000000,0.000000,0.000000,0.000000,0.000000,0.000000,0.000000,0.000000,0.000000,0.000000,0.000000,0.000000,0.000000,0.000000,0.000000,0.000000,0.000000,0.000000,0.000000,0.000000,0.000000,0,0,0,0,0,0,0,0,0,0,0,0,0,66,0,0
9.009894,9770,13,0,0,2,60,0,0,0,0,0,0,-0.000042,-0.000000,-0.034812,-0.004902,-0.000000,0.035494,0.000938,0.000000,1.570796,0.227498,0.000000,0.000000,-9600,-9600,-9600,-9600,0,0,0,0.000000,0.000000,0.000000,0.000000,0.000000,0.000000,0.000000,0.000000,0,0.000000,0.000000,0.000000,0.000000,0.000000,0.000000,0.000000,0.000000,0.000000,0.000000,0.000000,0.000000,0.000000,0.000000,0.000000,0.000000,0.000000,0.000000,0.000000,0.000000,0.000000,0.000000,0.000000,0.000000,0.000000,0.000000,0.000000,0.000000,0.000000,0.000000,0.000000,0.000000,0,0,0,0,0,0,0,0,0,0,0,0,0,66,0,0
9.019664,9770,13,0,0,2,60,0,0,0,0,0,0,-0.000042,-0.000000,-0.034812,-0.004902,-0.000000,0.035494,0.000938,0.000000,1.570796,0.227498,0.000000,0.000000,-9600,-9600,-9600,-9600,0,0,0,0.000000,0.000000,0.000000,0.000000,0.000000,0.000000,0.000000,0.000000,0,0.000000,0.000000,0.000000,0.000000,0.000000,0.000000,0.000000,0.000000,0.000000,0.000000,0.000000,0.000000,0.000000,0.000000,0.000000,0.000000,0.000000,0.000000,0.000000,0.000000,0.000000,0.000000,0.000000,0.000000,0.000000,0.000000,0.000000,0.000000,0.000000,0.000000,0.000000,0.000000,0,0,0,0,0,0,0,0,0,0,0,0,0,66,0,0
9.029434,9770,13,0,0,2,60,0,0,0,0,0,0,-0.000042,-0.000000,-0.034812,-0.004902,-0.000000,0.035494,0.000938,0.000000,1.570796,0.227498,0.000000,0.000000,-9600,-9600,-9600,-9600,0,0,0,0.000000,0.000000,0.000000,0.000000,0.000000,0.000000,0.000000,0.000000,0,0.000000,0.000000,0.000000,0.000000,0.000000,0.000000,0.000000,0.000000,0.000000,0.000000,0.000000,0.000000,0.000000,0.000000,0.000000,0.000000,0.000000,0.000000,0.000000,0.000000,0.000000,0.000000,0.000000,0.000000,0.000000,0.000000,0.000000,0.000000,0.000000,0.000000,0.000000,0.000000,0,0,0,0,0,0,0,0,0,0,0,0,0,66,0,0
9.039204,9770,13,0,0,2,60,0,0,0,0,0,0,-0.000042,-0.000000,-0.034812,-0.004902,-0.000000,0.035494,0.000938,0.000000,1.570796,0.227498,0.000000,0.000000,-9600,-9600,-9600,-9600,0,0,0,0.000000,0.000000,0.000000,0.000000,0.000000,0.000000,0.000000,0.000000,0,0.000000,0.000000,0.000000,0.000000,0.000000,0.000000,0.000000,0.000000,0.000000,0.000000,0.000000,0.000000,0.000000,0.000000,0.000000,0.000000,0.000000,0.000000,0.000000,0.000000,0.000000,0.000000,0.000000,0.000000,0.000000,0.000000,0.000000,0.000000,0.000000,0.000000,0.000000,0.000000,0,0,0,0,0,0,0,0,0,0,0,0,0,66,0,0
9.048974,9770,13,0,0,2,60,0,0,0,0,0,0,-0.000042,-0.000000,-0.034812,-0.004902,-0.000000,0.035494,0.000938,0.000000,1.570796,0.227498,0.000000,0.000000,-9600,-9600,-9600,-9600,0,0,0,0.000000,0.000000,0.000000,0.000000,0.000000,0.000000,0.000000,0.000000,0,0.000000,0.000000,0.000000,0.000000,0.000000,0.000000,0.000000,0.000000,0.000000,0.000000,0.000000,0.000000,0.000000,0.000000,0.000000,0.000000,0.000000,0.000000,0.000000,0.000000,0.000000,0.000000,0.000000,0.000000,0.000000,0.000000,0.000000,0.000000,0.000000,0.000000,0.000000,0.000000,0,0,0,0,0,0,0,0,0,0,0,0,0,66,0,0
9.058744,9770,13,0,0,2,60,0,0,0,0,0,0,-0.000042,-0.000000,-0.034812,-0.004902,-0.000000,0.035494,0.000938,0.000000,1.570796,0.227498,0.000000,0.000000,-9600,-9600,-9600,-9600,0,0,0,0.000000,0.000000,0.000000,0.000000,0.000000,0.000000,0.000000,0.000000,0,0.000000,0.000000,0.000000,0.000000,0.000000,0.000000,0.000000,0.000000,0.000000,0.000000,0.000000,0.000000,0.000000,0.000000,0.000000,0.000000,0.000000,0.000000,0.000000,0.000000,0.000000,0.000000,0.000000,0.000000,0.000000,0.000000,0.000000,0.000000,0.000000,0.000000,0.000000,0.000000,0,0,0,0,0,0,0,0,0,0,0,0,0,66,0,0
9.068514,9770,13,0,0,2,60,0,0,0,0,0,0,-0.000042,-0.000000,-0.034812,-0.004902,-0.000000,0.035494,0.000938,0.000000,1.570796,0.227498,0.000000,0.000000,-9600,-9600,-9600,-9600,0,0,0,0.000000,0.000000,0.000000,0.000000,0.000000,0.000000,0.000000,0.000000,0,0.000000,0.000000,0.000000,0.000000,0.000000,0.000000,0.000000,0.000000,0.000000,0.000000,0.000000,0.000000,0.000000,0.000000,0.000000,0.000000,0.000000,0.000000,0.000000,0.000000,0.000000,0.000000,0.000000,0.000000,0.000000,0.000000,0.000000,0.000000,0.000000,0.000000,0.000000,0.000000,0,0,0,0,0,0,0,0,0,0,0,0,0,66,0,0
9.078284,9770,13,0,0,2,60,0,0,0,0,0,0,-0.000042,-0.000000,-0.034812,-0.004902,-0.000000,0.035494,0.000938,0.000000,1.570796,0.227498,0.000000,0.000000,-9600,-9600,-9600,-9600,0,0,0,0.000000,0.000000,0.000000,0.000000,0.000000,0.000000,0.000000,0.000000,0,0.000000,0.000000,0.000000,0.000000,0.000000,0.000000,0.000000,0.000000,0.000000,0.000000,0.000000,0.000000,0.000000,0.000000,0.000000,0.000000,0.000000,0.000000,0.000000,0.000000,0.000000,0.000000,0.000000,0.000000,0.000000,0.000000,0.000000,0.000000,0.000000,0.000000,0.000000,0.000000,0,0,0,0,0,0,0,0,0,0,0,0,0,66,0,0
9.088054,9770,13,0,0,2,60,0,0,0,0,0,0,-0.000042,-0.000000,-0.034812,-0.004902,-0.000000,0.035494,0.000938,0.000000,1.570796,0.227498,0.000000,0.000000,-9600,-9600,-9600,-9600,0,0,0,0.000000,0.000000,0.000000,0.000000,0.000000,0.000000,0.000000,0.000000,0,0.000000,0.000000,0.000000,0.000000,0.000000,0.000000,0.000000,0.000000,0.000000,0.000000,0.000000,0.000000,0.000000,0.000000,0.000000,0.000000,0.000000,0.000000,0.000000,0.000000,0.000000,0.000000,0.000000,0.000000,0.000000,0.000000,0.000000,0.000000,0.000000,0.000000,0.000000,0.000000,0,0,0,0,0,0,0,0,0,0,0,0,0,66,0,0
9.097824,9770,13,0,0,2,60,0,0,0,0,0,0,-0.000042,-0.000000,-0.034812,-0.004902,-0.000000,0.035494,0.000938,0.000000,1.570796,0.227498,0.000000,0.000000,-9600,-9600,-9600,-9600,0,0,0,0.000000,0.000000,0.000000,0.000000,0.000000,0.000000,0.000000,0.000000,0,0.000000,0.000000,0.000000,0.000000,0.000000,0.000000,0.000000,0.000000,0.000000,0.000000,0.000000,0.000000,0.000000,0.000000,0.000000,0.000000,0.000000,0.000000,0.000000,0.000000,0.000000,0.000000,0.000000,0.000000,0.000000,0.000000,0.000000,0.000000,0.000000,0.000000,0.000000,0.000000,0,0,0,0,0,0,0,0,0,0,0,0,0,66,0,0
9.107594,9770,13,0,0,2,60,0,0,0,0,0,0,-0.000042,-0.000000,-0.034812,-0.004902,-0.000000,0.035494,0.000938,0.000000,1.570796,0.227498,0.000000,0.000000,-9600,-9600,-9600,-9600,0,0,0,0.000000,0.000000,0.000000,0.000000,0.000000,0.000000,0.000000,0.000000,0,0.000000,0.000000,0.000000,0.000000,0.000000,0.000000,0.000000,0.000000,0.000000,0.000000,0.000000,0.000000,0.000000,0.000000,0.000000,0.000000,0.000000,0.000000,0.000000,0.000000,0.000000,0.000000,0.000000,0.000000,0.000000,0.000000,0.000000,0.000000,0.000000,0.000000,0.000000,0.000000,0,0,0,0,0,0,0,0,0,0,0,0,0,66,0,0
9.117364,9770,13,0,0,2,60,0,0,0,0,0,0,-0.000042,-0.000000,-0.034812,-0.004902,-0.000000,0.035494,0.000938,0.000000,1.570796,0.227498,0.000000,0.000000,-9600,-9600,-9600,-9600,0,0,0,0.000000,0.000000,0.000000,0.000000,0.000000,0.000000,0.000000,0.000000,0,0.000000,0.000000,0.000000,0.000000,0.000000,0.000000,0.000000,0.000000,0.000000,0.000000,0.000000,0.000000,0.000000,0.000000,0.000000,0.000000,0.000000,0.000000,0.000000,0.000000,0.000000,0.000000,0.000000,0.000000,0.000000,0.000000,0.000000,0.000000,0.000000,0.000000,0.000000,0.000000,0,0,0,0,0,0,0,0,0,0,0,0,0,66,0,0
9.127134,9770,13,0,0,2,60,0,0,0,0,0,0,-0.000042,-0.000000,-0.034812,-0.004902,-0.000000,0.035494,0.000938,0.000000,1.570796,0.227498,0.000000,0.000000,-9600,-9600,-9600,-9600,0,0,0,0.000000,0.000000,0.000000,0.000000,0.000000,0.000000,0.000000,0.000000,0,0.000000,0.000000,0.000000,0.000000,0.000000,0.000000,0.000000,0.000000,0.000000,0.000000,0.000000,0.000000,0.000000,0.000000,0.000000,0.000000,0.000000,0.000000,0.000000,0.000000,0.000000,0.000000,0.000000,0.000000,0.000000,0.000000,0.000000,0.000000,0.000000,0.000000,0.000000,0.000000,0,0,0,0,0,0,0,0,0,0,0,0,0,66,0,0
9.136904,9770,13,0,0,2,60,0,0,0,0,0,0,-0.000042,-0.000000,-0.034812,-0.004902,-0.000000,0.035494,0.000938,0.000000,1.570796,0.227498,0.000000,0.000000,-9600,-9600,-9600,-9600,0,0,0,0.000000,0.000000,0.000000,0.000000,0.000000,0.000000,0.000000,0.000000,0,0.000000,0.000000,0.000000,0.000000,0.000000,0.000000,0.000000,0.000000,0.000000,0.000000,0.000000,0.000000,0.000000,0.000000,0.000000,0.000000,0.000000,0.000000,0.000000,0.000000,0.000000,0.000000,0.000000,0.000000,0.000000,0.000000,0.000000,0.000000,0.000000,0.000000,0.000000,0.000000,0,0,0,0,0,0,0,0,0,0,0,0,0,66,0,0
9.146674,9770,13,0,0,2,60,0,0,0,0,0,0,-0.000042,-0.000000,-0.034812,-0.004902,-0.000000,0.035494,0.000938,0.000000,1.570796,0.227498,0.000000,0.000000,-9600,-9600,-9600,-9600,0,0,0,0.000000,0.000000,0.000000,0.000000,0.000000,0.000000,0.000000,0.000000,0,0.000000,0.000000,0.000000,0.000000,0.000000,0.000000,0.000000,0.000000,0.000000,0.000000,0.000000,0.000000,0.000000,0.000000,0.000000,0.000000,0.000000,0.000000,0.000000,0.000000,0.000000,0.000000,0.000000,0.000000,0.000000,0.000000,0.000000,0.000000,0.000000,0.000000,0.000000,0.000000,0,0,0,0,0,0,0,0,0,0,0,0,0,66,0,0
9.156444,9770,13,0,0,2,60,0,0,0,0,0,0,-0.000042,-0.000000,-0.034812,-0.004902,-0.000000,0.035494,0.000938,0.000000,1.570796,0.227498,0.000000,0.000000,-9600,-9600,-9600,-9600,0,0,0,0.000000,0.000000,0.000000,0.000000,0.000000,0.000000,0.000000,0.000000,0,0.000000,0.000000,0.000000,0.000000,0.000000,0.000000,0.000000,0.000000,0.000000,0.000000,0.000000,0.000000,0.000000,0.000000,0.000000,0.000000,0.000000,0.000000,0.000000,0.000000,0.000000,0.000000,0.000000,0.000000,0.000000,0.000000,0.000000,0.000000,0.000000,0.000000,0.000000,0.000000,0,0,0,0,0,0,0,0,0,0,0,0,0,66,0,0
9.166214,9770,13,0,0,2,60,0,0,0,0,0,0,-0.000042,-0.000000,-0.034812,-0.004902,-0.000000,0.035494,0.000938,0.000000,1.570796,0.227498,0.000000,0.000000,-9600,-9600,-9600,-9600,0,0,0,0.000000,0.000000,0.000000,0.000000,0.000000,0.000000,0.000000,0.000000,0,0.000000,0.000000,0.000000,0.000000,0.000000,0.000000,0.000000,0.000000,0.000000,0.000000,0.000000,0.000000,0.000000,0.000000,0.000000,0.000000,0.000000,0.000000,0.000000,0.000000,0.000000,0.000000,0.000000,0.000000,0.000000,0.000000,0.000000,0.000000,0.000000,0.000000,0.000000,0.000000,0,0,0,0,0,0,0,0,0,0,0,0,0,66,0,0
9.175984,9770,13,0,0,2,60,0,0,0,0,0,0,-0.000042,-0.000000,-0.034812,-0.004902,-0.000000,0.035494,0.000938,0.000000,1.570796,0.227498,0.000000,0.000000,-9600,-9600,-9600,-9600,0,0,0,0.000000,0.000000,0.000000,0.000000,0.000000,0.000000,0.000000,0.000000,0,0.000000,0.000000,0.000000,0.000000,0.000000,0.000000,0.000000,0.000000,0.000000,0.000000,0.000000,0.000000,0.000000,0.000000,0.000000,0.000000,0.000000,0.000000,0.000000,0.000000,0.000000,0.000000,0.000000,0.000000,0.000000,0.000000,0.000000,0.000000,0.000000,0.000000,0.000000,0.000000,0,0,0,0,0,0,0,0,0,0,0,0,0,66,0,0
9.185754,9770,13,0,0,2,60,0,0,0,0,0,0,-0.000043,-0.000000,-0.034812,-0.004902,-0.000000,0.035494,0.000938,0.000000,1.570796,0.227498,0.000000,0.000000,-9600,-9600,-9600,-9600,0,0,0,0.000000,0.000000,0.000000,0.000000,0.000000,0.000000,0.000000,0.000000,0,0.000000,0.000000,0.000000,0.000000,0.000000,0.000000,0.000000,0.000000,0.000000,0.000000,0.000000,0.000000,0.000000,0.000000,0.000000,0.000000,0.000000,0.000000,0.000000,0.000000,0.000000,0.000000,0.000000,0.000000,0.000000,0.000000,0.000000,0.000000,0.000000,0.000000,0.000000,0.000000,0,0,0,0,0,0,0,0,0,0,0,0,0,66,0,0
9.195524,9770,13,0,0,2,60,0,0,0,0,0,0,-0.000043,-0.000000,-0.034812,-0.004902,-0.000000,0.035494,0.000938,0.000000,1.570796,0.227498,0.000000,0.000000,-9600,-9600,-9600,-9600,0,0,0,0.000000,0.000000,0.000000,0.000000,0.000000,0.000000,0.000000,0.000000,0,0.000000,0.000000,0.000000,0.000000,0.000000,0.000000,0.000000,0.000000,0.000000,0.000000,0.000000,0.000000,0.000000,0.000000,0.000000,0.000000,0.000000,0.000000,0.000000,0.000000,0.000000,0.000000,0.000000,0.000000,0.000000,0.000000,0.000000,0.000000,0.000000,0.000000,0.000000,0.000000,0,0,0,0,0,0,0,0,0,0,0,0,0,66,0,0
9.205294,9770,13,0,0,2,60,0,0,0,0,0,0,-0.000043,-0.000000,-0.034812,-0.004902,-0.000000,0.035494,0.000938,0.000000,1.570796,0.227498,0.000000,0.000000,-9600,-9600,-9600,-9600,0,0,0,0.000000,0.000000,0.000000,0.000000,0.000000,0.000000,0.000000,0.000000,0,0.000000,0.000000,0.000000,0.000000,0.000000,0.000000,0.000000,0.000000,0.000000,0.000000,0.000000,0.000000,0.000000,0.000000,0.000000,0.000000,0.000000,0.000000,0.000000,0.000000,0.000000,0.000000,0.000000,0.000000,0.000000,0.000000,0.000000,0.000000,0.000000,0.000000,0.000000,0.000000,0,0,0,0,0,0,0,0,0,0,0,0,0,66,0,0
9.215064,9770,13,0,0,2,60,0,0,0,0,0,0,-0.000043,-0.000000,-0.034812,-0.004902,-0.000000,0.035494,0.000938,0.000000,1.570796,0.227498,0.000000,0.000000,-9600,-9600,-9600,-9600,0,0,0,0.000000,0.000000,0.000000,0.000000,0.000000,0.000000,0.000000,0.000000,0,0.000000,0.000000,0.000000,0.000000,0.000000,0.000000,0.000000,0.000000,0.000000,0.000000,0.000000,0.000000,0.000000,0.000000,0.000000,0.000000,0.000000,0.000000,0.000000,0.000000,0.000000,0.000000,0.000000,0.000000,0.000000,0.000000,0.000000,0.000000,0.000000,0.000000,0.000000,0.000000,0,0,0,0,0,0,0,0,0,0,0,0,0,66,0,0
9.224834,9770,13,0,0,2,60,0,0,0,0,0,0,-0.000043,-0.000000,-0.034812,-0.004902,-0.000000,0.035494,0.000938,0.000000,1.570796,0.227498,0.000000,0.000000,-9600,-9600,-9600,-9600,0,0,0,0.000000,0.000000,0.000000,0.000000,0.000000,0.000000,0.000000,0.000000,0,0.000000,0.000000,0.000000,0.000000,0.000000,0.000000,0.000000,0.000000,0.000000,0.000000,0.000000,0.000000,0.000000,0.000000,0.000000,0.000000,0.000000,0.000000,0.000000,0.000000,0.000000,0.000000,0.000000,0.000000,0.000000,0.000000,0.000000,0.000000,0.000000,0.000000,0.000000,0.000000,0,0,0,0,0,0,0,0,0,0,0,0,0,66,0,0
9.234604,9770,13,0,0,2,60,0,0,0,0,0,0,-0.000043,-0.000000,-0.034812,-0.004902,-0.000000,0.035494,0.000938,0.000000,1.570796,0.227498,0.000000,0.000000,-9600,-9600,-9600,-9600,0,0,0,0.000000,0.000000,0.000000,0.000000,0.000000,0.000000,0.000000,0.000000,0,0.000000,0.000000,0.000000,0.000000,0.000000,0.000000,0.000000,0.000000,0.000000,0.000000,0.000000,0.000000,0.000000,0.000000,0.000000,0.000000,0.000000,0.000000,0.000000,0.000000,0.000000,0.000000,0.000000,0.000000,0.000000,0.000000,0.000000,0.000000,0.000000,0.000000,0.000000,0.000000,0,0,0,0,0,0,0,0,0,0,0,0,0,66,0,0
9.244374,9770,13,0,0,2,60,0,0,0,0,0,0,-0.000043,-0.000000,-0.034812,-0.004902,-0.000000,0.035494,0.000938,0.000000,1.570796,0.227498,0.000000,0.000000,-9600,-9600,-9600,-9600,0,0,0,0.000000,0.000000,0.000000,0.000000,0.000000,0.000000,0.000000,0.000000,0,0.000000,0.000000,0.000000,0.000000,0.000000,0.000000,0.000000,0.000000,0.000000,0.000000,0.000000,0.000000,0.000000,0.000000,0.000000,0.000000,0.000000,0.000000,0.000000,0.000000,0.000000,0.000000,0.000000,0.000000,0.000000,0.000000,0.000000,0.000000,0.000000,0.000000,0.000000,0.000000,0,0,0,0,0,0,0,0,0,0,0,0,0,66,0,0
9.254144,9770,13,0,0,2,60,0,0,0,0,0,0,-0.000043,-0.000000,-0.034812,-0.004902,-0.000000,0.035494,0.000938,0.000000,1.570796,0.227498,0.000000,0.000000,-9600,-9600,-9600,-9600,0,0,0,0.000000,0.000000,0.000000,0.000000,0.000000,0.000000,0.000000,0.000000,0,0.000000,0.000000,0.000000,0.000000,0.000000,0.000000,0.000000,0.000000,0.000000,0.000000,0.000000,0.000000,0.000000,0.000000,0.000000,0.000000,0.000000,0.000000,0.000000,0.000000,0.000000,0.000000,0.000000,0.000000,0.000000,0.000000,0.000000,0.000000,0.000000,0.000000,0.000000,0.000000,0,0,0,0,0,0,0,0,0,0,0,0,0,66,0,0
9.263914,9770,13,0,0,2,60,0,0,0,0,0,0,-0.000043,-0.000000,-0.034812,-0.004902,-0.000000,0.035494,0.000938,0.000000,1.570796,0.227498,0.000000,0.000000,-9600,-9600,-9600,-9600,0,0,0,0.000000,0.000000,0.000000,0.000000,0.000000,0.000000,0.000000,0.000000,0,0.000000,0.000000,0.000000,0.000000,0.000000,0.000000,0.000000,0.000000,0.000000,0.000000,0.000000,0.000000,0.000000,0.000000,0.000000,0.000000,0.000000,0.000000,0.000000,0.000000,0.000000,0.000000,0.000000,0.000000,0.000000,0.000000,0.000000,0.000000,0.000000,0.000000,0.000000,0.000000,0,0,0,0,0,0,0,0,0,0,0,0,0,66,0,0
9.273684,9770,13,0,0,2,60,0,0,0,0,0,0,-0.000043,-0.000000,-0.034812,-0.004902,-0.000000,0.035494,0.000938,0.000000,1.570796,0.227498,0.000000,0.000000,-9600,-9600,-9600,-9600,0,0,0,0.000000,0.000000,0.000000,0.000000,0.000000,0.000000,0.000000,0.000000,0,0.000000,0.000000,0.000000,0.000000,0.000000,0.000000,0.000000,0.000000,0.000000,0.000000,0.000000,0.000000,0.000000,0.000000,0.000000,0.000000,0.000000,0.000000,0.000000,0.000000,0.000000,0.000000,0.000000,0.000000,0.000000,0.000000,0.000000,0.000000,0.000000,0.000000,0.000000,0.000000,0,0,0,0,0,0,0,0,0,0,0,0,0,66,0,0
9.283454,9770,13,0,0,2,60,0,0,0,0,0,0,-0.000043,-0.000000,-0.034812,-0.004902,-0.000000,0.035494,0.000938,0.000000,1.570796,0.227498,0.000000,0.000000,-9600,-9600,-9600,-9600,0,0,0,0.000000,0.000000,0.000000,0.000000,0.000000,0.000000,0.000000,0.000000,0,0.000000,0.000000,0.000000,0.000000,0.000000,0.000000,0.000000,0.000000,0.000000,0.000000,0.000000,0.000000,0.000000,0.000000,0.000000,0.000000,0.000000,0.000000,0.000000,0.000000,0.000000,0.000000,0.000000,0.000000,0.000000,0.000000,0.000000,0.000000,0.000000,0.000000,0.000000,0.000000,0,0,0,0,0,0,0,0,0,0,0,0,0,66,0,0
9.293224,9770,13,0,0,2,60,0,0,0,0,0,0,-0.000043,-0.000000,-0.034812,-0.004902,-0.000000,0.035494,0.000938,0.000000,1.570796,0.227498,0.000000,0.000000,-9600,-9600,-9600,-9600,0,0,0,0.000000,0.000000,0.000000,0.000000,0.000000,0.000000,0.000000,0.000000,0,0.000000,0.000000,0.000000,0.000000,0.000000,0.000000,0.000000,0.000000,0.000000,0.000000,0.000000,0.000000,0.000000,0.000000,0.000000,0.000000,0.000000,0.000000,0.000000,0.000000,0.000000,0.000000,0.000000,0.000000,0.000000,0.000000,0.000000,0.000000,0.000000,0.000000,0.000000,0.000000,0,0,0,0,0,0,0,0,0,0,0,0,0,66,0,0
9.302994,9770,13,0,0,2,60,0,0,0,0,0,0,-0.000043,-0.000000,-0.034812,-0.004902,-0.000000,0.035494,0.000938,0.000000,1.570796,0.227498,0.000000,0.000000,-9600,-9600,-9600,-9600,0,0,0,0.000000,0.000000,0.000000,0.000000,0.000000,0.000000,0.000000,0.000000,0,0.000000,0.000000,0.000000,0.000000,0.000000,0.000000,0.000000,0.000000,0.000000,0.000000,0.000000,0.000000,0.000000,0.000000,0.000000,0.000000,0.000000,0.000000,0.000000,0.000000,0.000000,0.000000,0.000000,0.000000,0.000000,0.000000,0.000000,0.000000,0.000000,0.000000,0.000000,0.000000,0,0,0,0,0,0,0,0,0,0,0,0,0,66,0,0
9.312764,9770,13,0,0,2,60,0,0,0,0,0,0,-0.000043,-0.000000,-0.034812,-0.004902,-0.000000,0.035494,0.000938,0.000000,1.570796,0.227498,0.000000,0.000000,-9600,-9600,-9600,-9600,0,0,0,0.000000,0.000000,0.000000,0.000000,0.000000,0.000000,0.000000,0.000000,0,0.000000,0.000000,0.000000,0.000000,0.000000,0.000000,0.000000,0.000000,0.000000,0.000000,0.000000,0.000000,0.000000,0.000000,0.000000,0.000000,0.000000,0.000000,0.000000,0.000000,0.000000,0.000000,0.000000,0.000000,0.000000,0.000000,0.000000,0.000000,0.000000,0.000000,0.000000,0.000000,0,0,0,0,0,0,0,0,0,0,0,0,0,66,0,0
9.322534,9770,13,0,0,2,60,0,0,0,0,0,0,-0.000043,-0.000000,-0.034812,-0.004902,-0.000000,0.035494,0.000938,0.000000,1.570796,0.227498,0.000000,0.000000,-9600,-9600,-9600,-9600,0,0,0,0.000000,0.000000,0.000000,0.000000,0.000000,0.000000,0.000000,0.000000,0,0.000000,0.000000,0.000000,0.000000,0.000000,0.000000,0.000000,0.000000,0.000000,0.000000,0.000000,0.000000,0.000000,0.000000,0.000000,0.000000,0.000000,0.000000,0.000000,0.000000,0.000000,0.000000,0.000000,0.000000,0.000000,0.000000,0.000000,0.000000,0.000000,0.000000,0.000000,0.000000,0,0,0,0,0,0,0,0,0,0,0,0,0,66,0,0
9.332304,9770,13,0,0,2,60,0,0,0,0,0,0,-0.000043,-0.000000,-0.034812,-0.004902,-0.000000,0.035494,0.000938,0.000000,1.570796,0.227498,0.000000,0.000000,-9600,-9600,-9600,-9600,0,0,0,0.000000,0.000000,0.000000,0.000000,0.000000,0.000000,0.000000,0.000000,0,0.000000,0.000000,0.000000,0.000000,0.000000,0.000000,0.000000,0.000000,0.000000,0.000000,0.000000,0.000000,0.000000,0.000000,0.000000,0.000000,0.000000,0.000000,0.000000,0.000000,0.000000,0.000000,0.000000,0.000000,0.000000,0.000000,0.000000,0.000000,0.000000,0.000000,0.000000,0.000000,0,0,0,0,0,0,0,0,0,0,0,0,0,66,0,0
9.342074,9770,13,0,0,2,60,0,0,0,0,0,0,-0.000043,-0.000000,-0.034812,-0.004902,-0.000000,0.035494,0.000938,0.000000,1.570796,0.227498,0.000000,0.000000,-9600,-9600,-9600,-9600,0,0,0,0.000000,0.000000,0.000000,0.000000,0.000000,0.000000,0.000000,0.000000,0,0.000000,0.000000,0.000000,0.000000,0.000000,0.000000,0.000000,0.000000,0.000000,0.000000,0.000000,0.000000,0.000000,0.000000,0.000000,0.000000,0.000000,0.000000,0.000000,0.000000,0.000000,0.000000,0.000000,0.000000,0.000000,0.000000,0.000000,0.000000,0.000000,0.000000,0.000000,0.000000,0,0,0,0,0,0,0,0,0,0,0,0,0,66,0,0
9.351844,9770,13,0,0,2,60,0,0,0,0,0,0,-0.000043,-0.000000,-0.034812,-0.004902,-0.000000,0.035494,0.000938,0.000000,1.570796,0.227498,0.000000,0.000000,-9600,-9600,-9600,-9600,0,0,0,0.000000,0.000000,0.000000,0.000000,0.000000,0.000000,0.000000,0.000000,0,0.000000,0.000000,0.000000,0.000000,0.000000,0.000000,0.000000,0.000000,0.000000,0.000000,0.000000,0.000000,0.000000,0.000000,0.000000,0.000000,0.000000,0.000000,0.000000,0.000000,0.000000,0.000000,0.000000,0.000000,0.000000,0.000000,0.000000,0.000000,0.000000,0.000000,0.000000,0.000000,0,0,0,0,0,0,0,0,0,0,0,0,0,66,0,0
9.361614,9770,13,0,0,2,60,0,0,0,0,0,0,-0.000043,-0.000000,-0.034812,-0.004902,-0.000000,0.035494,0.000938,0.000000,1.570796,0.227498,0.000000,0.000000,-9600,-9600,-9600,-9600,0,0,0,0.000000,0.000000,0.000000,0.000000,0.000000,0.000000,0.000000,0.000000,0,0.000000,0.000000,0.000000,0.000000,0.000000,0.000000,0.000000,0.000000,0.000000,0.000000,0.000000,0.000000,0.000000,0.000000,0.000000,0.000000,0.000000,0.000000,0.000000,0.000000,0.000000,0.000000,0.000000,0.000000,0.000000,0.000000,0.000000,0.000000,0.000000,0.000000,0.000000,0.000000,0,0,0,0,0,0,0,0,0,0,0,0,0,66,0,0
9.371384,9770,13,0,0,2,60,0,0,0,0,0,0,-0.000043,-0.000000,-0.034812,-0.004902,-0.000000,0.035494,0.000938,0.000000,1.570796,0.227498,0.000000,0.000000,-9600,-9600,-9600,-9600,0,0,0,0.000000,0.000000,0.000000,0.000000,0.000000,0.000000,0.000000,0.000000,0,0.000000,0.000000,0.000000,0.000000,0.000000,0.000000,0.000000,0.000000,0.000000,0.000000,0.000000,0.000000,0.000000,0.000000,0.000000,0.000000,0.000000,0.000000,0.000000,0.000000,0.000000,0.000000,0.000000,0.000000,0.000000,0.000000,0.000000,0.000000,0.000000,0.000000,0.000000,0.000000,0,0,0,0,0,0,0,0,0,0,0,0,0,66,0,0
9.381154,9770,13,0,0,2,60,0,0,0,0,0,0,-0.000043,-0.000000,-0.034812,-0.004902,-0.000000,0.035494,0.000938,0.000000,1.570796,0.227498,0.000000,0.000000,-9600,-9600,-9600,-9600,0,0,0,0.000000,0.000000,0.000000,0.000000,0.000000,0.000000,0.000000,0.000000,0,0.000000,0.000000,0.000000,0.000000,0.000000,0.000000,0.000000,0.000000,0.000000,0.000000,0.000000,0.000000,0.000000,0.000000,0.000000,0.000000,0.000000,0.000000,0.000000,0.000000,0.000000,0.000000,0.000000,0.000000,0.000000,0.000000,0.000000,0.000000,0.000000,0.000000,0.000000,0.000000,0,0,0,0,0,0,0,0,0,0,0,0,0,66,0,0
9.390924,9770,13,0,0,2,60,0,0,0,0,0,0,-0.000043,-0.000000,-0.034812,-0.004902,-0.000000,0.035494,0.000938,0.000000,1.570796,0.227498,0.000000,0.000000,-9600,-9600,-9600,-9600,0,0,0,0.000000,0.000000,0.000000,0.000000,0.000000,0.000000,0.000000,0.000000,0,0.000000,0.000000,0.000000,0.000000,0.000000,0.000000,0.000000,0.000000,0.000000,0.000000,0.000000,0.000000,0.000000,0.000000,0.000000,0.000000,0.000000,0.000000,0.000000,0.000000,0.000000,0.000000,0.000000,0.000000,0.000000,0.000000,0.000000,0.000000,0.000000,0.000000,0.000000,0.000000,0,0,0,0,0,0,0,0,0,0,0,0,0,66,0,0
9.400694,9770,13,0,0,2,60,0,0,0,0,0,0,-0.000043,-0.000000,-0.034812,-0.004902,-0.000000,0.035494,0.000938,0.000000,1.570796,0.227498,0.000000,0.000000,-9600,-9600,-9600,-9600,0,0,0,0.000000,0.000000,0.000000,0.000000,0.000000,0.000000,0.000000,0.000000,0,0.000000,0.000000,0.000000,0.000000,0.000000,0.000000,0.000000,0.000000,0.000000,0.000000,0.000000,0.000000,0.000000,0.000000,0.000000,0.000000,0.000000,0.000000,0.000000,0.000000,0.000000,0.000000,0.000000,0.000000,0.000000,0.000000,0.000000,0.000000,0.000000,0.000000,0.000000,0.000000,0,0,0,0,0,0,0,0,0,0,0,0,0,66,0,0
9.410464,9770,13,0,0,2,60,0,0,0,0,0,0,-0.000043,-0.000000,-0.034812,-0.004902,-0.000000,0.035494,0.000938,0.000000,1.570796,0.227498,0.000000,0.000000,-9600,-9600,-9600,-9600,0,0,0,0.000000,0.000000,0.000000,0.000000,0.000000,0.000000,0.000000,0.000000,0,0.000000,0.000000,0.000000,0.000000,0.000000,0.000000,0.000000,0.000000,0.000000,0.000000,0.000000,0.000000,0.000000,0.000000,0.000000,0.000000,0.000000,0.000000,0.000000,0.000000,0.000000,0.000000,0.000000,0.000000,0.000000,0.000000,0.000000,0.000000,0.000000,0.000000,0.000000,0.000000,0,0,0,0,0,0,0,0,0,0,0,0,0,66,0,0
9.420234,9770,13,0,0,2,60,0,0,0,0,0,0,-0.000043,-0.000000,-0.034812,-0.004902,-0.000000,0.035494,0.000938,0.000000,1.570796,0.227498,0.000000,0.000000,-9600,-9600,-9600,-9600,0,0,0,0.000000,0.000000,0.000000,0.000000,0.000000,0.000000,0.000000,0.000000,0,0.000000,0.000000,0.000000,0.000000,0.000000,0.000000,0.000000,0.000000,0.000000,0.000000,0.000000,0.000000,0.000000,0.000000,0.000000,0.000000,0.000000,0.000000,0.000000,0.000000,0.000000,0.000000,0.000000,0.000000,0.000000,0.000000,0.000000,0.000000,0.000000,0.000000,0.000000,0.000000,0,0,0,0,0,0,0,0,0,0,0,0,0,66,0,0
9.430004,9770,13,0,0,2,60,0,0,0,0,0,0,-0.000043,-0.000000,-0.034812,-0.004902,-0.000000,0.035494,0.000938,0.000000,1.570796,0.227498,0.000000,0.000000,-9600,-9600,-9600,-9600,0,0,0,0.000000,0.000000,0.000000,0.000000,0.000000,0.000000,0.000000,0.000000,0,0.000000,0.000000,0.000000,0.000000,0.000000,0.000000,0.000000,0.000000,0.000000,0.000000,0.000000,0.000000,0.000000,0.000000,0.000000,0.000000,0.000000,0.000000,0.000000,0.000000,0.000000,0.000000,0.000000,0.000000,0.000000,0.000000,0.000000,0.000000,0.000000,0.000000,0.000000,0.000000,0,0,0,0,0,0,0,0,0,0,0,0,0,66,0,0
9.439774,9770,13,0,0,2,60,0,0,0,0,0,0,-0.000043,-0.000000,-0.034812,-0.004902,-0.000000,0.035494,0.000938,0.000000,1.570796,0.227498,0.000000,0.000000,-9600,-9600,-9600,-9600,0,0,0,0.000000,0.000000,0.000000,0.000000,0.000000,0.000000,0.000000,0.000000,0,0.000000,0.000000,0.000000,0.000000,0.000000,0.000000,0.000000,0.000000,0.000000,0.000000,0.000000,0.000000,0.000000,0.000000,0.000000,0.000000,0.000000,0.000000,0.000000,0.000000,0.000000,0.000000,0.000000,0.000000,0.000000,0.000000,0.000000,0.000000,0.000000,0.000000,0.000000,0.000000,0,0,0,0,0,0,0,0,0,0,0,0,0,66,0,0
9.449544,9770,13,0,0,2,60,0,0,0,0,0,0,-0.000043,-0.000000,-0.034812,-0.004902,-0.000000,0.035494,0.000938,0.000000,1.570796,0.227498,0.000000,0.000000,-9600,-9600,-9600,-9600,0,0,0,0.000000,0.000000,0.000000,0.000000,0.000000,0.000000,0.000000,0.000000,0,0.000000,0.000000,0.000000,0.000000,0.000000,0.000000,0.000000,0.000000,0.000000,0.000000,0.000000,0.000000,0.000000,0.000000,0.000000,0.000000,0.000000,0.000000,0.000000,0.000000,0.000000,0.000000,0.000000,0.000000,0.000000,0.000000,0.000000,0.000000,0.000000,0.000000,0.000000,0.000000,0,0,0,0,0,0,0,0,0,0,0,0,0,66,0,0
9.459314,9770,13,0,0,2,60,0,0,0,0,0,0,-0.000043,-0.000000,-0.034812,-0.004902,-0.000000,0.035494,0.000938,0.000000,1.570796,0.227498,0.000000,0.000000,-9600,-9600,-9600,-9600,0,0,0,0.000000,0.000000,0.000000,0.000000,0.000000,0.000000,0.000000,0.000000,0,0.000000,0.000000,0.000000,0.000000,0.000000,0.000000,0.000000,0.000000,0.000000,0.000000,0.000000,0.000000,0.000000,0.000000,0.000000,0.000000,0.000000,0.000000,0.000000,0.000000,0.000000,0.000000,0.000000,0.000000,0.000000,0.000000,0.000000,0.000000,0.000000,0.000000,0.000000,0.000000,0,0,0,0,0,0,0,0,0,0,0,0,0,66,0,0
9.469084,9770,13,0,0,2,60,0,0,0,0,0,0,-0.000043,-0.000000,-0.034812,-0.004902,-0.000000,0.035494,0.000938,0.000000,1.570796,0.227498,0.000000,0.000000,-9600,-9600,-9600,-9600,0,0,0,0.000000,0.000000,0.000000,0.000000,0.000000,0.000000,0.000000,0.000000,0,0.000000,0.000000,0.000000,0.000000,0.000000,0.000000,0.000000,0.000000,0.000000,0.000000,0.000000,0.000000,0.000000,0.000000,0.000000,0.000000,0.000000,0.000000,0.000000,0.000000,0.000000,0.000000,0.000000,0.000000,0.000000,0.000000,0.000000,0.000000,0.000000,0.000000,0.000000,0.000000,0,0,0,0,0,0,0,0,0,0,0,0,0,66,0,0
9.478854,9770,13,0,0,2,60,0,0,0,0,0,0,-0.000043,-0.000000,-0.034812,-0.004902,-0.000000,0.035494,0.000938,0.000000,1.570796,0.227498,0.000000,0.000000,-9600,-9600,-9600,-9600,0,0,0,0.000000,0.000000,0.000000,0.000000,0.000000,0.000000,0.000000,0.000000,0,0.000000,0.000000,0.000000,0.000000,0.000000,0.000000,0.000000,0.000000,0.000000,0.000000,0.000000,0.000000,0.000000,0.000000,0.000000,0.000000,0.000000,0.000000,0.000000,0.000000,0.000000,0.000000,0.000000,0.000000,0.000000,0.000000,0.000000,0.000000,0.000000,0.000000,0.000000,0.000000,0,0,0,0,0,0,0,0,0,0,0,0,0,66,0,0
9.488624,9770,13,0,0,2,60,0,0,0,0,0,0,-0.000043,-0.000000,-0.034812,-0.004902,-0.000000,0.035494,0.000938,0.000000,1.570796,0.227498,0.000000,0.000000,-9600,-9600,-9600,-9600,0,0,0,0.000000,0.000000,0.000000,0.000000,0.000000,0.000000,0.000000,0.000000,0,0.000000,0.000000,0.000000,0.000000,0.000000,0.000000,0.000000,0.000000,0.000000,0.000000,0.000000,0.000000,0.000000,0.000000,0.000000,0.000000,0.000000,0.000000,0.000000,0.000000,0.000000,0.000000,0.000000,0.000000,0.000000,0.000000,0.000000,0.000000,0.000000,0.000000,0.000000,0.000000,0,0,0,0,0,0,0,0,0,0,0,0,0,66,0,0
9.498394,9770,13,0,0,2,60,0,0,0,0,0,0,-0.000043,-0.000000,-0.034812,-0.004902,-0.000000,0.035494,0.000938,0.000000,1.570796,0.227498,0.000000,0.000000,-9600,-9600,-9600,-9600,0,0,0,0.000000,0.000000,0.000000,0.000000,0.000000,0.000000,0.000000,0.000000,0,0.000000,0.000000,0.000000,0.000000,0.000000,0.000000,0.000000,0.000000,0.000000,0.000000,0.000000,0.000000,0.000000,0.000000,0.000000,0.000000,0.000000,0.000000,0.000000,0.000000,0.000000,0.000000,0.000000,0.000000,0.000000,0.000000,0.000000,0.000000,0.000000,0.000000,0.000000,0.000000,0,0,0,0,0,0,0,0,0,0,0,0,0,66,0,0
9.508164,9770,13,0,0,2,60,0,0,0,0,0,0,-0.000043,-0.000000,-0.034812,-0.004902,-0.000000,0.035494,0.000938,0.000000,1.570796,0.227498,0.000000,0.000000,-9600,-9600,-9600,-9600,0,0,0,0.000000,0.000000,0.000000,0.000000,0.000000,0.000000,0.000000,0.000000,0,0.000000,0.000000,0.000000,0.000000,0.000000,0.000000,0.000000,0.000000,0.000000,0.000000,0.000000,0.000000,0.000000,0.000000,0.000000,0.000000,0.000000,0.000000,0.000000,0.000000,0.000000,0.000000,0.000000,0.000000,0.000000,0.000000,0.000000,0.000000,0.000000,0.000000,0.000000,0.000000,0,0,0,0,0,0,0,0,0,0,0,0,0,66,0,0
9.517934,9770,13,0,0,2,60,0,0,0,0,0,0,-0.000043,-0.000000,-0.034812,-0.004902,-0.000000,0.035494,0.000938,0.000000,1.570796,0.227498,0.000000,0.000000,-9600,-9600,-9600,-9600,0,0,0,0.000000,0.000000,0.000000,0.000000,0.000000,0.000000,0.000000,0.000000,0,0.000000,0.000000,0.000000,0.000000,0.000000,0.000000,0.000000,0.000000,0.000000,0.000000,0.000000,0.000000,0.000000,0.000000,0.000000,0.000000,0.000000,0.000000,0.000000,0.000000,0.000000,0.000000,0.000000,0.000000,0.000000,0.000000,0.000000,0.000000,0.000000,0.000000,0.000000,0.000000,0,0,0,0,0,0,0,0,0,0,0,0,0,66,0,0
9.527704,9770,13,0,0,2,60,0,0,0,0,0,0,-0.000043,-0.000000,-0.034812,-0.004902,-0.000000,0.035494,0.000938,0.000000,1.570796,0.227498,0.000000,0.000000,-9600,-9600,-9600,-9600,0,0,0,0.000000,0.000000,0.000000,0.000000,0.000000,0.000000,0.000000,0.000000,0,0.000000,0.000000,0.000000,0.000000,0.000000,0.000000,0.000000,0.000000,0.000000,0.000000,0.000000,0.000000,0.000000,0.000000,0.000000,0.000000,0.000000,0.000000,0.000000,0.000000,0.000000,0.000000,0.000000,0.000000,0.000000,0.000000,0.000000,0.000000,0.000000,0.000000,0.000000,0.000000,0,0,0,0,0,0,0,0,0,0,0,0,0,66,0,0
9.537474,9770,13,0,0,2,60,0,0,0,0,0,0,-0.000043,-0.000000,-0.034812,-0.004902,-0.000000,0.035494,0.000938,0.000000,1.570796,0.227498,0.000000,0.000000,-9600,-9600,-9600,-9600,0,0,0,0.000000,0.000000,0.000000,0.000000,0.000000,0.000000,0.000000,0.000000,0,0.000000,0.000000,0.000000,0.000000,0.000000,0.000000,0.000000,0.000000,0.000000,0.000000,0.000000,0.000000,0.000000,0.000000,0.000000,0.000000,0.000000,0.000000,0.000000,0.000000,0.000000,0.000000,0.000000,0.000000,0.000000,0.000000,0.000000,0.000000,0.000000,0.000000,0.000000,0.000000,0,0,0,0,0,0,0,0,0,0,0,0,0,66,0,0
9.547244,9770,13,0,0,2,60,0,0,0,0,0,0,-0.000043,-0.000000,-0.034812,-0.004902,-0.000000,0.035494,0.000938,0.000000,1.570796,0.227498,0.000000,0.000000,-9600,-9600,-9600,-9600,0,0,0,0.000000,0.000000,0.000000,0.000000,0.000000,0.000000,0.000000,0.000000,0,0.000000,0.000000,0.000000,0.000000,0.000000,0.000000,0.000000,0.000000,0.000000,0.000000,0.000000,0.000000,0.000000,0.000000,0.000000,0.000000,0.000000,0.000000,0.000000,0.000000,0.000000,0.000000,0.000000,0.000000,0.000000,0.000000,0.000000,0.000000,0.000000,0.000000,0.000000,0.000000,0,0,0,0,0,0,0,0,0,0,0,0,0,66,0,0
9.557014,9770,13,0,0,2,60,0,0,0,0,0,0,-0.000043,-0.000000,-0.034812,-0.004902,-0.000000,0.035494,0.000938,0.000000,1.570796,0.227498,0.000000,0.000000,-9600,-9600,-9600,-9600,0,0,0,0.000000,0.000000,0.000000,0.000000,0.000000,0.000000,0.000000,0.000000,0,0.000000,0.000000,0.000000,0.000000,0.000000,0.000000,0.000000,0.000000,0.000000,0.000000,0.000000,0.000000,0.000000,0.000000,0.000000,0.000000,0.000000,0.000000,0.000000,0.000000,0.000000,0.000000,0.000000,0.000000,0.000000,0.000000,0.000000,0.000000,0.000000,0.000000,0.000000,0.000000,0,0,0,0,0,0,0,0,0,0,0,0,0,66,0,0
9.566784,9770,13,0,0,2,60,0,0,0,0,0,0,-0.000043,-0.000000,-0.034812,-0.004902,-0.000000,0.035494,0.000938,0.000000,1.570796,0.227498,0.000000,0.000000,-9600,-9600,-9600,-9600,0,0,0,0.000000,0.000000,0.000000,0.000000,0.000000,0.000000,0.000000,0.000000,0,0.000000,0.000000,0.000000,0.000000,0.000000,0.000000,0.000000,0.000000,0.000000,0.000000,0.000000,0.000000,0.000000,0.000000,0.000000,0.000000,0.000000,0.000000,0.000000,0.000000,0.000000,0.000000,0.000000,0.000000,0.000000,0.000000,0.000000,0.000000,0.000000,0.000000,0.000000,0.000000,0,0,0,0,0,0,0,0,0,0,0,0,0,66,0,0
9.576554,9770,13,0,0,2,60,0,0,0,0,0,0,-0.000043,-0.000000,-0.034812,-0.004902,-0.000000,0.035494,0.000938,0.000000,1.570796,0.227498,0.000000,0.000000,-9600,-9600,-9600,-9600,0,0,0,0.000000,0.000000,0.000000,0.000000,0.000000,0.000000,0.000000,0.000000,0,0.000000,0.000000,0.000000,0.000000,0.000000,0.000000,0.000000,0.000000,0.000000,0.000000,0.000000,0.000000,0.000000,0.000000,0.000000,0.000000,0.000000,0.000000,0.000000,0.000000,0.000000,0.000000,0.000000,0.000000,0.000000,0.000000,0.000000,0.000000,0.000000,0.000000,0.000000,0.000000,0,0,0,0,0,0,0,0,0,0,0,0,0,66,0,0
9.586324,9770,13,0,0,2,60,0,0,0,0,0,0,-0.000043,-0.000000,-0.034812,-0.004902,-0.000000,0.035494,0.000938,0.000000,1.570796,0.227498,0.000000,0.000000,-9600,-9600,-9600,-9600,0,0,0,0.000000,0.000000,0.000000,0.000000,0.000000,0.000000,0.000000,0.000000,0,0.000000,0.000000,0.000000,0.000000,0.000000,0.000000,0.000000,0.000000,0.000000,0.000000,0.000000,0.000000,0.000000,0.000000,0.000000,0.000000,0.000000,0.000000,0.000000,0.000000,0.000000,0.000000,0.000000,0.000000,0.000000,0.000000,0.000000,0.000000,0.000000,0.000000,0.000000,0.000000,0,0,0,0,0,0,0,0,0,0,0,0,0,66,0,0
9.596094,9770,13,0,0,2,60,0,0,0,0,0,0,-0.000044,-0.000000,-0.034812,-0.004902,-0.000000,0.035494,0.000938,0.000000,1.570796,0.227498,0.000000,0.000000,-9600,-9600,-9600,-9600,0,0,0,0.000000,0.000000,0.000000,0.000000,0.000000,0.000000,0.000000,0.000000,0,0.000000,0.000000,0.000000,0.000000,0.000000,0.000000,0.000000,0.000000,0.000000,0.000000,0.000000,0.000000,0.000000,0.000000,0.000000,0.000000,0.000000,0.000000,0.000000,0.000000,0.000000,0.000000,0.000000,0.000000,0.000000,0.000000,0.000000,0.000000,0.000000,0.000000,0.000000,0.000000,0,0,0,0,0,0,0,0,0,0,0,0,0,66,0,0
9.605864,9770,13,0,0,2,60,0,0,0,0,0,0,-0.000044,-0.000000,-0.034812,-0.004902,-0.000000,0.035494,0.000938,0.000000,1.570796,0.227498,0.000000,0.000000,-9600,-9600,-9600,-9600,0,0,0,0.000000,0.000000,0.000000,0.000000,0.000000,0.000000,0.000000,0.000000,0,0.000000,0.000000,0.000000,0.000000,0.000000,0.000000,0.000000,0.000000,0.000000,0.000000,0.000000,0.000000,0.000000,0.000000,0.000000,0.000000,0.000000,0.000000,0.000000,0.000000,0.000000,0.000000,0.000000,0.000000,0.000000,0.000000,0.000000,0.000000,0.000000,0.000000,0.000000,0.000000,0,0,0,0,0,0,0,0,0,0,0,0,0,66,0,0
9.615634,9770,13,0,0,2,60,0,0,0,0,0,0,-0.000044,-0.000000,-0.034812,-0.004902,-0.000000,0.035494,0.000938,0.000000,1.570796,0.227498,0.000000,0.000000,-9600,-9600,-9600,-9600,0,0,0,0.000000,0.000000,0.000000,0.000000,0.000000,0.000000,0.000000,0.000000,0,0.000000,0.000000,0.000000,0.000000,0.000000,0.000000,0.000000,0.000000,0.000000,0.000000,0.000000,0.000000,0.000000,0.000000,0.000000,0.000000,0.000000,0.000000,0.000000,0.000000,0.000000,0.000000,0.000000,0.000000,0.000000,0.000000,0.000000,0.000000,0.000000,0.000000,0.000000,0.000000,0,0,0,0,0,0,0,0,0,0,0,0,0,66,0,0
9.625404,9770,13,0,0,2,60,0,0,0,0,0,0,-0.000044,-0.000000,-0.034812,-0.004902,-0.000000,0.035494,0.000938,0.000000,1.570796,0.227498,0.000000,0.000000,-9600,-9600,-9600,-9600,0,0,0,0.000000,0.000000,0.000000,0.000000,0.000000,0.000000,0.000000,0.000000,0,0.000000,0.000000,0.000000,0.000000,0.000000,0.000000,0.000000,0.000000,0.000000,0.000000,0.000000,0.000000,0.000000,0.000000,0.000000,0.000000,0.000000,0.000000,0.000000,0.000000,0.000000,0.000000,0.000000,0.000000,0.000000,0.000000,0.000000,0.000000,0.000000,0.000000,0.000000,0.000000,0,0,0,0,0,0,0,0,0,0,0,0,0,66,0,0
9.635174,9770,13,0,0,2,60,0,0,0,0,0,0,-0.000044,-0.000000,-0.034812,-0.004902,-0.000000,0.035494,0.000938,0.000000,1.570796,0.227498,0.000000,0.000000,-9600,-9600,-9600,-9600,0,0,0,0.000000,0.000000,0.000000,0.000000,0.000000,0.000000,0.000000,0.000000,0,0.000000,0.000000,0.000000,0.000000,0.000000,0.000000,0.000000,0.000000,0.000000,0.000000,0.000000,0.000000,0.000000,0.000000,0.000000,0.000000,0.000000,0.000000,0.000000,0.000000,0.000000,0.000000,0.000000,0.000000,0.000000,0.000000,0.000000,0.000000,0.000000,0.000000,0.000000,0.000000,0,0,0,0,0,0,0,0,0,0,0,0,0,66,0,0
9.644944,9770,13,0,0,2,60,0,0,0,0,0,0,-0.000044,-0.000000,-0.034812,-0.004902,-0.000000,0.035494,0.000938,0.000000,1.570796,0.227498,0.000000,0.000000,-9600,-9600,-9600,-9600,0,0,0,0.000000,0.000000,0.000000,0.000000,0.000000,0.000000,0.000000,0.000000,0,0.000000,0.000000,0.000000,0.000000,0.000000,0.000000,0.000000,0.000000,0.000000,0.000000,0.000000,0.000000,0.000000,0.000000,0.000000,0.000000,0.000000,0.000000,0.000000,0.000000,0.000000,0.000000,0.000000,0.000000,0.000000,0.000000,0.000000,0.000000,0.000000,0.000000,0.000000,0.000000,0,0,0,0,0,0,0,0,0,0,0,0,0,66,0,0
9.654714,9770,13,0,0,2,60,0,0,0,0,0,0,-0.000044,-0.000000,-0.034812,-0.004902,-0.000000,0.035494,0.000938,0.000000,1.570796,0.227498,0.000000,0.000000,-9600,-9600,-9600,-9600,0,0,0,0.000000,0.000000,0.000000,0.000000,0.000000,0.000000,0.000000,0.000000,0,0.000000,0.000000,0.000000,0.000000,0.000000,0.000000,0.000000,0.000000,0.000000,0.000000,0.000000,0.000000,0.000000,0.000000,0.000000,0.000000,0.000000,0.000000,0.000000,0.000000,0.000000,0.000000,0.000000,0.000000,0.000000,0.000000,0.000000,0.000000,0.000000,0.000000,0.000000,0.000000,0,0,0,0,0,0,0,0,0,0,0,0,0,66,0,0
9.664484,9770,13,0,0,2,60,0,0,0,0,0,0,-0.000044,-0.000000,-0.034812,-0.004902,-0.000000,0.035494,0.000938,0.000000,1.570796,0.227498,0.000000,0.000000,-9600,-9600,-9600,-9600,0,0,0,0.000000,0.000000,0.000000,0.000000,0.000000,0.000000,0.000000,0.000000,0,0.000000,0.000000,0.000000,0.000000,0.000000,0.000000,0.000000,0.000000,0.000000,0.000000,0.000000,0.000000,0.000000,0.000000,0.000000,0.000000,0.000000,0.000000,0.000000,0.000000,0.000000,0.000000,0.000000,0.000000,0.000000,0.000000,0.000000,0.000000,0.000000,0.000000,0.000000,0.000000,0,0,0,0,0,0,0,0,0,0,0,0,0,66,0,0
9.674254,9770,13,0,0,2,60,0,0,0,0,0,0,-0.000044,-0.000000,-0.034812,-0.004902,-0.000000,0.035494,0.000938,0.000000,1.570796,0.227498,0.000000,0.000000,-9600,-9600,-9600,-9600,0,0,0,0.000000,0.000000,0.000000,0.000000,0.000000,0.000000,0.000000,0.000000,0,0.000000,0.000000,0.000000,0.000000,0.000000,0.000000,0.000000,0.000000,0.000000,0.000000,0.000000,0.000000,0.000000,0.000000,0.000000,0.000000,0.000000,0.000000,0.000000,0.000000,0.000000,0.000000,0.000000,0.000000,0.000000,0.000000,0.000000,0.000000,0.000000,0.000000,0.000000,0.000000,0,0,0,0,0,0,0,0,0,0,0,0,0,66,0,0
9.684024,9770,13,0,0,2,60,0,0,0,0,0,0,-0.000044,-0.000000,-0.034812,-0.004902,-0.000000,0.035494,0.000938,0.000000,1.570796,0.227498,0.000000,0.000000,-9600,-9600,-9600,-9600,0,0,0,0.000000,0.000000,0.000000,0.000000,0.000000,0.000000,0.000000,0.000000,0,0.000000,0.000000,0.000000,0.000000,0.000000,0.000000,0.000000,0.000000,0.000000,0.000000,0.000000,0.000000,0.000000,0.000000,0.000000,0.000000,0.000000,0.000000,0.000000,0.000000,0.000000,0.000000,0.000000,0.000000,0.000000,0.000000,0.000000,0.000000,0.000000,0.000000,0.000000,0.000000,0,0,0,0,0,0,0,0,0,0,0,0,0,66,0,0
9.693794,9770,13,0,0,2,60,0,0,0,0,0,0,-0.000044,-0.000000,-0.034812,-0.004902,-0.000000,0.035494,0.000938,0.000000,1.570796,0.227498,0.000000,0.000000,-9600,-9600,-9600,-9600,0,0,0,0.000000,0.000000,0.000000,0.000000,0.000000,0.000000,0.000000,0.000000,0,0.000000,0.000000,0.000000,0.000000,0.000000,0.000000,0.000000,0.000000,0.000000,0.000000,0.000000,0.000000,0.000000,0.000000,0.000000,0.000000,0.000000,0.000000,0.000000,0.000000,0.000000,0.000000,0.000000,0.000000,0.000000,0.000000,0.000000,0.000000,0.000000,0.000000,0.000000,0.000000,0,0,0,0,0,0,0,0,0,0,0,0,0,66,0,0
9.703564,9770,13,0,0,2,60,0,0,0,0,0,0,-0.000044,-0.000000,-0.034812,-0.004902,-0.000000,0.035494,0.000938,0.000000,1.570796,0.227498,0.000000,0.000000,-9600,-9600,-9600,-9600,0,0,0,0.000000,0.000000,0.000000,0.000000,0.000000,0.000000,0.000000,0.000000,0,0.000000,0.000000,0.000000,0.000000,0.000000,0.000000,0.000000,0.000000,0.000000,0.000000,0.000000,0.000000,0.000000,0.000000,0.000000,0.000000,0.000000,0.000000,0.000000,0.000000,0.000000,0.000000,0.000000,0.000000,0.000000,0.000000,0.000000,0.000000,0.000000,0.000000,0.000000,0.000000,0,0,0,0,0,0,0,0,0,0,0,0,0,66,0,0
9.713334,9770,13,0,0,2,60,0,0,0,0,0,0,-0.000044,-0.000000,-0.034812,-0.004902,-0.000000,0.035494,0.000938,0.000000,1.570796,0.227498,0.000000,0.000000,-9600,-9600,-9600,-9600,0,0,0,0.000000,0.000000,0.000000,0.000000,0.000000,0.000000,0.000000,0.000000,0,0.000000,0.000000,0.000000,0.000000,0.000000,0.000000,0.000000,0.000000,0.000000,0.000000,0.000000,0.000000,0.000000,0.000000,0.000000,0.000000,0.000000,0.000000,0.000000,0.000000,0.000000,0.000000,0.000000,0.000000,0.000000,0.000000,0.000000,0.000000,0.000000,0.000000,0.000000,0.000000,0,0,0,0,0,0,0,0,0,0,0,0,0,66,0,0
9.723104,9770,13,0,0,2,60,0,0,0,0,0,0,-0.000044,-0.000000,-0.034812,-0.004902,-0.000000,0.035494,0.000938,0.000000,1.570796,0.227498,0.000000,0.000000,-9600,-9600,-9600,-9600,0,0,0,0.000000,0.000000,0.000000,0.000000,0.000000,0.000000,0.000000,0.000000,0,0.000000,0.000000,0.000000,0.000000,0.000000,0.000000,0.000000,0.000000,0.000000,0.000000,0.000000,0.000000,0.000000,0.000000,0.000000,0.000000,0.000000,0.000000,0.000000,0.000000,0.000000,0.000000,0.000000,0.000000,0.000000,0.000000,0.000000,0.000000,0.000000,0.000000,0.000000,0.000000,0,0,0,0,0,0,0,0,0,0,0,0,0,66,0,0
9.732874,9770,13,0,0,2,60,0,0,0,0,0,0,-0.000044,-0.000000,-0.034812,-0.004902,-0.000000,0.035494,0.000938,0.000000,1.570796,0.227498,0.000000,0.000000,-9600,-9600,-9600,-9600,0,0,0,0.000000,0.000000,0.000000,0.000000,0.000000,0.000000,0.000000,0.000000,0,0.000000,0.000000,0.000000,0.000000,0.000000,0.000000,0.000000,0.000000,0.000000,0.000000,0.000000,0.000000,0.000000,0.000000,0.000000,0.000000,0.000000,0.000000,0.000000,0.000000,0.000000,0.000000,0.000000,0.000000,0.000000,0.000000,0.000000,0.000000,0.000000,0.000000,0.000000,0.000000,0,0,0,0,0,0,0,0,0,0,0,0,0,66,0,0
9.742644,9770,13,0,0,2,60,0,0,0,0,0,0,-0.000044,-0.000000,-0.034812,-0.004902,-0.000000,0.035494,0.000938,0.000000,1.570796,0.227498,0.000000,0.000000,-9600,-9600,-9600,-9600,0,0,0,0.000000,0.000000,0.000000,0.000000,0.000000,0.000000,0.000000,0.000000,0,0.000000,0.000000,0.000000,0.000000,0.000000,0.000000,0.000000,0.000000,0.000000,0.000000,0.000000,0.000000,0.000000,0.000000,0.000000,0.000000,0.000000,0.000000,0.000000,0.000000,0.000000,0.000000,0.000000,0.000000,0.000000,0.000000,0.000000,0.000000,0.000000,0.000000,0.000000,0.000000,0,0,0,0,0,0,0,0,0,0,0,0,0,66,0,0
9.752414,9770,13,0,0,2,60,0,0,0,0,0,0,-0.000044,-0.000000,-0.034812,-0.004902,-0.000000,0.035494,0.000938,0.000000,1.570796,0.227498,0.000000,0.000000,-9600,-9600,-9600,-9600,0,0,0,0.000000,0.000000,0.000000,0.000000,0.000000,0.000000,0.000000,0.000000,0,0.000000,0.000000,0.000000,0.000000,0.000000,0.000000,0.000000,0.000000,0.000000,0.000000,0.000000,0.000000,0.000000,0.000000,0.000000,0.000000,0.000000,0.000000,0.000000,0.000000,0.000000,0.000000,0.000000,0.000000,0.000000,0.000000,0.000000,0.000000,0.000000,0.000000,0.000000,0.000000,0,0,0,0,0,0,0,0,0,0,0,0,0,66,0,0
9.762184,9770,13,0,0,2,60,0,0,0,0,0,0,-0.000044,-0.000000,-0.034812,-0.004902,-0.000000,0.035494,0.000938,0.000000,1.570796,0.227498,0.000000,0.000000,-9600,-9600,-9600,-9600,0,0,0,0.000000,0.000000,0.000000,0.000000,0.000000,0.000000,0.000000,0.000000,0,0.000000,0.000000,0.000000,0.000000,0.000000,0.000000,0.000000,0.000000,0.000000,0.000000,0.000000,0.000000,0.000000,0.000000,0.000000,0.000000,0.000000,0.000000,0.000000,0.000000,0.000000,0.000000,0.000000,0.000000,0.000000,0.000000,0.000000,0.000000,0.000000,0.000000,0.000000,0.000000,0,0,0,0,0,0,0,0,0,0,0,0,0,66,0,0
9.771954,9770,13,0,0,2,60,0,0,0,0,0,0,-0.000044,-0.000000,-0.034812,-0.004902,-0.000000,0.035494,0.000938,0.000000,1.570796,0.227498,0.000000,0.000000,-9600,-9600,-9600,-9600,0,0,0,0.000000,0.000000,0.000000,0.000000,0.000000,0.000000,0.000000,0.000000,0,0.000000,0.000000,0.000000,0.000000,0.000000,0.000000,0.000000,0.000000,0.000000,0.000000,0.000000,0.000000,0.000000,0.000000,0.000000,0.000000,0.000000,0.000000,0.000000,0.000000,0.000000,0.000000,0.000000,0.000000,0.000000,0.000000,0.000000,0.000000,0.000000,0.000000,0.000000,0.000000,0,0,0,0,0,0,0,0,0,0,0,0,0,66,0,0
9.781724,9770,13,0,0,2,60,0,0,0,0,0,0,-0.000044,-0.000000,-0.034812,-0.004902,-0.000000,0.035494,0.000938,0.000000,1.570796,0.227498,0.000000,0.000000,-9600,-9600,-9600,-9600,0,0,0,0.000000,0.000000,0.000000,0.000000,0.000000,0.000000,0.000000,0.000000,0,0.000000,0.000000,0.000000,0.000000,0.000000,0.000000,0.000000,0.000000,0.000000,0.000000,0.000000,0.000000,0.000000,0.000000,0.000000,0.000000,0.000000,0.000000,0.000000,0.000000,0.000000,0.000000,0.000000,0.000000,0.000000,0.000000,0.000000,0.000000,0.000000,0.000000,0.000000,0.000000,0,0,0,0,0,0,0,0,0,0,0,0,0,66,0,0
9.791494,9770,13,0,0,2,60,0,0,0,0,0,0,-0.000044,-0.000000,-0.034812,-0.004902,-0.000000,0.035494,0.000938,0.000000,1.570796,0.227498,0.000000,0.000000,-9600,-9600,-9600,-9600,0,0,0,0.000000,0.000000,0.000000,0.000000,0.000000,0.000000,0.000000,0.000000,0,0.000000,0.000000,0.000000,0.000000,0.000000,0.000000,0.000000,0.000000,0.000000,0.000000,0.000000,0.000000,0.000000,0.000000,0.000000,0.000000,0.000000,0.000000,0.000000,0.000000,0.000000,0.000000,0.000000,0.000000,0.000000,0.000000,0.000000,0.000000,0.000000,0.000000,0.000000,0.000000,0,0,0,0,0,0,0,0,0,0,0,0,0,66,0,0
9.801264,9770,13,0,0,2,60,0,0,0,0,0,0,-0.000044,-0.000000,-0.034812,-0.004902,-0.000000,0.035494,0.000938,0.000000,1.570796,0.227498,0.000000,0.000000,-9600,-9600,-9600,-9600,0,0,0,0.000000,0.000000,0.000000,0.000000,0.000000,0.000000,0.000000,0.000000,0,0.000000,0.000000,0.000000,0.000000,0.000000,0.000000,0.000000,0.000000,0.000000,0.000000,0.000000,0.000000,0.000000,0.000000,0.000000,0.000000,0.000000,0.000000,0.000000,0.000000,0.000000,0.000000,0.000000,0.000000,0.000000,0.000000,0.000000,0.000000,0.000000,0.000000,0.000000,0.000000,0,0,0,0,0,0,0,0,0,0,0,0,0,66,0,0
9.811034,9770,13,0,0,2,60,0,0,0,0,0,0,-0.000044,-0.000000,-0.034812,-0.004902,-0.000000,0.035494,0.000938,0.000000,1.570796,0.227498,0.000000,0.000000,-9600,-9600,-9600,-9600,0,0,0,0.000000,0.000000,0.000000,0.000000,0.000000,0.000000,0.000000,0.000000,0,0.000000,0.000000,0.000000,0.000000,0.000000,0.000000,0.000000,0.000000,0.000000,0.000000,0.000000,0.000000,0.000000,0.000000,0.000000,0.000000,0.000000,0.000000,0.000000,0.000000,0.000000,0.000000,0.000000,0.000000,0.000000,0.000000,0.000000,0.000000,0.000000,0.000000,0.000000,0.000000,0,0,0,0,0,0,0,0,0,0,0,0,0,66,0,0
9.820804,9770,13,0,0,2,60,0,0,0,0,0,0,-0.000044,-0.000000,-0.034812,-0.004902,-0.000000,0.035494,0.000938,0.000000,1.570796,0.227498,0.000000,0.000000,-9600,-9600,-9600,-9600,0,0,0,0.000000,0.000000,0.000000,0.000000,0.000000,0.000000,0.000000,0.000000,0,0.000000,0.000000,0.000000,0.000000,0.000000,0.000000,0.000000,0.000000,0.000000,0.000000,0.000000,0.000000,0.000000,0.000000,0.000000,0.000000,0.000000,0.000000,0.000000,0.000000,0.000000,0.000000,0.000000,0.000000,0.000000,0.000000,0.000000,0.000000,0.000000,0.000000,0.000000,0.000000,0,0,0,0,0,0,0,0,0,0,0,0,0,66,0,0
9.830574,9770,13,0,0,2,60,0,0,0,0,0,0,-0.000044,-0.000000,-0.034812,-0.004902,-0.000000,0.035494,0.000938,0.000000,1.570796,0.227498,0.000000,0.000000,-9600,-9600,-9600,-9600,0,0,0,0.000000,0.000000,0.000000,0.000000,0.000000,0.000000,0.000000,0.000000,0,0.000000,0.000000,0.000000,0.000000,0.000000,0.000000,0.000000,0.000000,0.000000,0.000000,0.000000,0.000000,0.000000,0.000000,0.000000,0.000000,0.000000,0.000000,0.000000,0.000000,0.000000,0.000000,0.000000,0.000000,0.000000,0.000000,0.000000,0.000000,0.000000,0.000000,0.000000,0.000000,0,0,0,0,0,0,0,0,0,0,0,0,0,66,0,0
9.840344,9770,13,0,0,2,60,0,0,0,0,0,0,-0.000044,-0.000000,-0.034812,-0.004902,-0.000000,0.035494,0.000938,0.000000,1.570796,0.227498,0.000000,0.000000,-9600,-9600,-9600,-9600,0,0,0,0.000000,0.000000,0.000000,0.000000,0.000000,0.000000,0.000000,0.000000,0,0.000000,0.000000,0.000000,0.000000,0.000000,0.000000,0.000000,0.000000,0.000000,0.000000,0.000000,0.000000,0.000000,0.000000,0.000000,0.000000,0.000000,0.000000,0.000000,0.000000,0.000000,0.000000,0.000000,0.000000,0.000000,0.000000,0.000000,0.000000,0.000000,0.000000,0.000000,0.000000,0,0,0,0,0,0,0,0,0,0,0,0,0,66,0,0
9.850114,9770,13,0,0,2,60,0,0,0,0,0,0,-0.000044,-0.000000,-0.034812,-0.004902,-0.000000,0.035494,0.000938,0.000000,1.570796,0.227498,0.000000,0.000000,-9600,-9600,-9600,-9600,0,0,0,0.000000,0.000000,0.000000,0.000000,0.000000,0.000000,0.000000,0.000000,0,0.000000,0.000000,0.000000,0.000000,0.000000,0.000000,0.000000,0.000000,0.000000,0.000000,0.000000,0.000000,0.000000,0.000000,0.000000,0.000000,0.000000,0.000000,0.000000,0.000000,0.000000,0.000000,0.000000,0.000000,0.000000,0.000000,0.000000,0.000000,0.000000,0.000000,0.000000,0.000000,0,0,0,0,0,0,0,0,0,0,0,0,0,66,0,0
9.859884,9770,13,0,0,2,60,0,0,0,0,0,0,-0.000044,-0.000000,-0.034812,-0.004902,-0.000000,0.035494,0.000938,0.000000,1.570796,0.227498,0.000000,0.000000,-9600,-9600,-9600,-9600,0,0,0,0.000000,0.000000,0.000000,0.000000,0.000000,0.000000,0.000000,0.000000,0,0.000000,0.000000,0.000000,0.000000,0.000000,0.000000,0.000000,0.000000,0.000000,0.000000,0.000000,0.000000,0.000000,0.000000,0.000000,0.000000,0.000000,0.000000,0.000000,0.000000,0.000000,0.000000,0.000000,0.000000,0.000000,0.000000,0.000000,0.000000,0.000000,0.000000,0.000000,0.000000,0,0,0,0,0,0,0,0,0,0,0,0,0,66,0,0
9.869654,9770,13,0,0,2,60,0,0,0,0,0,0,-0.000044,-0.000000,-0.034812,-0.004902,-0.000000,0.035494,0.000938,0.000000,1.570796,0.227498,0.000000,0.000000,-9600,-9600,-9600,-9600,0,0,0,0.000000,0.000000,0.000000,0.000000,0.000000,0.000000,0.000000,0.000000,0,0.000000,0.000000,0.000000,0.000000,0.000000,0.000000,0.000000,0.000000,0.000000,0.000000,0.000000,0.000000,0.000000,0.000000,0.000000,0.000000,0.000000,0.000000,0.000000,0.000000,0.000000,0.000000,0.000000,0.000000,0.000000,0.000000,0.000000,0.000000,0.000000,0.000000,0.000000,0.000000,0,0,0,0,0,0,0,0,0,0,0,0,0,66,0,0
9.879424,9770,13,0,0,2,60,0,0,0,0,0,0,-0.000044,-0.000000,-0.034812,-0.004902,-0.000000,0.035494,0.000938,0.000000,1.570796,0.227498,0.000000,0.000000,-9600,-9600,-9600,-9600,0,0,0,0.000000,0.000000,0.000000,0.000000,0.000000,0.000000,0.000000,0.000000,0,0.000000,0.000000,0.000000,0.000000,0.000000,0.000000,0.000000,0.000000,0.000000,0.000000,0.000000,0.000000,0.000000,0.000000,0.000000,0.000000,0.000000,0.000000,0.000000,0.000000,0.000000,0.000000,0.000000,0.000000,0.000000,0.000000,0.000000,0.000000,0.000000,0.000000,0.000000,0.000000,0,0,0,0,0,0,0,0,0,0,0,0,0,66,0,0
9.889194,9770,13,0,0,2,60,0,0,0,0,0,0,-0.000044,-0.000000,-0.034812,-0.004902,-0.000000,0.035494,0.000938,0.000000,1.570796,0.227498,0.000000,0.000000,-9600,-9600,-9600,-9600,0,0,0,0.000000,0.000000,0.000000,0.000000,0.000000,0.000000,0.000000,0.000000,0,0.000000,0.000000,0.000000,0.000000,0.000000,0.000000,0.000000,0.000000,0.000000,0.000000,0.000000,0.000000,0.000000,0.000000,0.000000,0.000000,0.000000,0.000000,0.000000,0.000000,0.000000,0.000000,0.000000,0.000000,0.000000,0.000000,0.000000,0.000000,0.000000,0.000000,0.000000,0.000000,0,0,0,0,0,0,0,0,0,0,0,0,0,66,0,0
9.898964,9770,13,0,0,2,60,0,0,0,0,0,0,-0.000044,-0.000000,-0.034812,-0.004902,-0.000000,0.035494,0.000938,0.000000,1.570796,0.227498,0.000000,0.000000,-9600,-9600,-9600,-9600,0,0,0,0.000000,0.000000,0.000000,0.000000,0.000000,0.000000,0.000000,0.000000,0,0.000000,0.000000,0.000000,0.000000,0.000000,0.000000,0.000000,0.000000,0.000000,0.000000,0.000000,0.000000,0.000000,0.000000,0.000000,0.000000,0.000000,0.000000,0.000000,0.000000,0.000000,0.000000,0.000000,0.000000,0.000000,0.000000,0.000000,0.000000,0.000000,0.000000,0.000000,0.000000,0,0,0,0,0,0,0,0,0,0,0,0,0,66,0,0
9.908734,9770,13,0,0,2,60,0,0,0,0,0,0,-0.000044,-0.000000,-0.034812,-0.004902,-0.000000,0.035494,0.000938,0.000000,1.570796,0.227498,0.000000,0.000000,-9600,-9600,-9600,-9600,0,0,0,0.000000,0.000000,0.000000,0.000000,0.000000,0.000000,0.000000,0.000000,0,0.000000,0.000000,0.000000,0.000000,0.000000,0.000000,0.000000,0.000000,0.000000,0.000000,0.000000,0.000000,0.000000,0.000000,0.000000,0.000000,0.000000,0.000000,0.000000,0.000000,0.000000,0.000000,0.000000,0.000000,0.000000,0.000000,0.000000,0.000000,0.000000,0.000000,0.000000,0.000000,0,0,0,0,0,0,0,0,0,0,0,0,0,66,0,0
9.918504,9770,13,0,0,2,60,0,0,0,0,0,0,-0.000044,-0.000000,-0.034812,-0.004902,-0.000000,0.035494,0.000938,0.000000,1.570796,0.227498,0.000000,0.000000,-9600,-9600,-9600,-9600,0,0,0,0.000000,0.000000,0.000000,0.000000,0.000000,0.000000,0.000000,0.000000,0,0.000000,0.000000,0.000000,0.000000,0.000000,0.000000,0.000000,0.000000,0.000000,0.000000,0.000000,0.000000,0.000000,0.000000,0.000000,0.000000,0.000000,0.000000,0.000000,0.000000,0.000000,0.000000,0.000000,0.000000,0.000000,0.000000,0.000000,0.000000,0.000000,0.000000,0.000000,0.000000,0,0,0,0,0,0,0,0,0,0,0,0,0,66,0,0
9.928274,9770,13,0,0,2,60,0,0,0,0,0,0,-0.000044,-0.000000,-0.034812,-0.004902,-0.000000,0.035494,0.000938,0.000000,1.570796,0.227498,0.000000,0.000000,-9600,-9600,-9600,-9600,0,0,0,0.000000,0.000000,0.000000,0.000000,0.000000,0.000000,0.000000,0.000000,0,0.000000,0.000000,0.000000,0.000000,0.000000,0.000000,0.000000,0.000000,0.000000,0.000000,0.000000,0.000000,0.000000,0.000000,0.000000,0.000000,0.000000,0.000000,0.000000,0.000000,0.000000,0.000000,0.000000,0.000000,0.000000,0.000000,0.000000,0.000000,0.000000,0.000000,0.000000,0.000000,0,0,0,0,0,0,0,0,0,0,0,0,0,66,0,0
9.938044,9770,13,0,0,2,60,0,0,0,0,0,0,-0.000044,-0.000000,-0.034812,-0.004902,-0.000000,0.035494,0.000938,0.000000,1.570796,0.227498,0.000000,0.000000,-9600,-9600,-9600,-9600,0,0,0,0.000000,0.000000,0.000000,0.000000,0.000000,0.000000,0.000000,0.000000,0,0.000000,0.000000,0.000000,0.000000,0.000000,0.000000,0.000000,0.000000,0.000000,0.000000,0.000000,0.000000,0.000000,0.000000,0.000000,0.000000,0.000000,0.000000,0.000000,0.000000,0.000000,0.000000,0.000000,0.000000,0.000000,0.000000,0.000000,0.000000,0.000000,0.000000,0.000000,0.000000,0,0,0,0,0,0,0,0,0,0,0,0,0,66,0,0
9.947814,9770,13,0,0,2,60,0,0,0,0,0,0,-0.000044,-0.000000,-0.034812,-0.004902,-0.000000,0.035494,0.000938,0.000000,1.570796,0.227498,0.000000,0.000000,-9600,-9600,-9600,-9600,0,0,0,0.000000,0.000000,0.000000,0.000000,0.000000,0.000000,0.000000,0.000000,0,0.000000,0.000000,0.000000,0.000000,0.000000,0.000000,0.000000,0.000000,0.000000,0.000000,0.000000,0.000000,0.000000,0.000000,0.000000,0.000000,0.000000,0.000000,0.000000,0.000000,0.000000,0.000000,0.000000,0.000000,0.000000,0.000000,0.000000,0.000000,0.000000,0.000000,0.000000,0.000000,0,0,0,0,0,0,0,0,0,0,0,0,0,66,0,0
9.957584,9770,13,0,0,2,60,0,0,0,0,0,0,-0.000044,-0.000000,-0.034812,-0.004902,-0.000000,0.035494,0.000938,0.000000,1.570796,0.227498,0.000000,0.000000,-9600,-9600,-9600,-9600,0,0,0,0.000000,0.000000,0.000000,0.000000,0.000000,0.000000,0.000000,0.000000,0,0.000000,0.000000,0.000000,0.000000,0.000000,0.000000,0.000000,0.000000,0.000000,0.000000,0.000000,0.000000,0.000000,0.000000,0.000000,0.000000,0.000000,0.000000,0.000000,0.000000,0.000000,0.000000,0.000000,0.000000,0.000000,0.000000,0.000000,0.000000,0.000000,0.000000,0.000000,0.000000,0,0,0,0,0,0,0,0,0,0,0,0,0,66,0,0
9.967354,9770,13,0,0,2,60,0,0,0,0,0,0,-0.000044,-0.000000,-0.034812,-0.004902,-0.000000,0.035494,0.000938,0.000000,1.570796,0.227498,0.000000,0.000000,-9600,-9600,-9600,-9600,0,0,0,0.000000,0.000000,0.000000,0.000000,0.000000,0.000000,0.000000,0.000000,0,0.000000,0.000000,0.000000,0.000000,0.000000,0.000000,0.000000,0.000000,0.000000,0.000000,0.000000,0.000000,0.000000,0.000000,0.000000,0.000000,0.000000,0.000000,0.000000,0.000000,0.000000,0.000000,0.000000,0.000000,0.000000,0.000000,0.000000,0.000000,0.000000,0.000000,0.000000,0.000000,0,0,0,0,0,0,0,0,0,0,0,0,0,66,0,0
9.977124,9770,13,0,0,2,60,0,0,0,0,0,0,-0.000044,-0.000000,-0.034812,-0.004902,-0.000000,0.035494,0.000938,0.000000,1.570796,0.227498,0.000000,0.000000,-9600,-9600,-9600,-9600,0,0,0,0.000000,0.000000,0.000000,0.000000,0.000000,0.000000,0.000000,0.000000,0,0.000000,0.000000,0.000000,0.000000,0.000000,0.000000,0.000000,0.000000,0.000000,0.000000,0.000000,0.000000,0.000000,0.000000,0.000000,0.000000,0.000000,0.000000,0.000000,0.000000,0.000000,0.000000,0.000000,0.000000,0.000000,0.000000,0.000000,0.000000,0.000000,0.000000,0.000000,0.000000,0,0,0,0,0,0,0,0,0,0,0,0,0,66,0,0
9.986894,9770,13,0,0,2,60,0,0,0,0,0,0,-0.000044,-0.000000,-0.034812,-0.004902,-0.000000,0.035494,0.000938,0.000000,1.570796,0.227498,0.000000,0.000000,-9600,-9600,-9600,-9600,0,0,0,0.000000,0.000000,0.000000,0.000000,0.000000,0.000000,0.000000,0.000000,0,0.000000,0.000000,0.000000,0.000000,0.000000,0.000000,0.000000,0.000000,0.000000,0.000000,0.000000,0.000000,0.000000,0.000000,0.000000,0.000000,0.000000,0.000000,0.000000,0.000000,0.000000,0.000000,0.000000,0.000000,0.000000,0.000000,0.000000,0.000000,0.000000,0.000000,0.000000,0.000000,0,0,0,0,0,0,0,0,0,0,0,0,0,66,0,0
9.996664,9770,13,0,0,2,60,0,0,0,0,0,0,-0.000045,-0.000000,-0.034812,-0.004902,-0.000000,0.035494,0.000938,0.000000,1.570796,0.227498,0.000000,0.000000,-9600,-9600,-9600,-9600,0,0,0,0.000000,0.000000,0.000000,0.000000,0.000000,0.000000,0.000000,0.000000,0,0.000000,0.000000,0.000000,0.000000,0.000000,0.000000,0.000000,0.000000,0.000000,0.000000,0.000000,0.000000,0.000000,0.000000,0.000000,0.000000,0.000000,0.000000,0.000000,0.000000,0.000000,0.000000,0.000000,0.000000,0.000000,0.000000,0.000000,0.000000,0.000000,0.000000,0.000000,0.000000,0,0,0,0,0,0,0,0,0,0,0,0,0,66,0,0
10.006434,9770,13,0,0,2,60,0,0,0,0,0,0,-0.000045,-0.000000,-0.034812,-0.004902,-0.000000,0.035494,0.000938,0.000000,1.570796,0.227498,0.000000,0.000000,-9600,-9600,-9600,-9600,0,0,0,0.000000,0.000000,0.000000,0.000000,0.000000,0.000000,0.000000,0.000000,0,0.000000,0.000000,0.000000,0.000000,0.000000,0.000000,0.000000,0.000000,0.000000,0.000000,0.000000,0.000000,0.000000,0.000000,0.000000,0.000000,0.000000,0.000000,0.000000,0.000000,0.000000,0.000000,0.000000,0.000000,0.000000,0.000000,0.000000,0.000000,0.000000,0.000000,0.000000,0.000000,0,0,0,0,0,0,0,0,0,0,0,0,0,66,0,0
10.016204,9770,13,0,0,2,60,0,0,0,0,0,0,-0.000045,-0.000000,-0.034812,-0.004902,-0.000000,0.035494,0.000938,0.000000,1.570796,0.227498,0.000000,0.000000,-9600,-9600,-9600,-9600,0,0,0,0.000000,0.000000,0.000000,0.000000,0.000000,0.000000,0.000000,0.000000,0,0.000000,0.000000,0.000000,0.000000,0.000000,0.000000,0.000000,0.000000,0.000000,0.000000,0.000000,0.000000,0.000000,0.000000,0.000000,0.000000,0.000000,0.000000,0.000000,0.000000,0.000000,0.000000,0.000000,0.000000,0.000000,0.000000,0.000000,0.000000,0.000000,0.000000,0.000000,0.000000,0,0,0,0,0,0,0,0,0,0,0,0,0,66,0,0
10.025974,9770,13,0,0,2,60,0,0,0,0,0,0,-0.000045,-0.000000,-0.034812,-0.004902,-0.000000,0.035494,0.000938,0.000000,1.570796,0.227498,0.000000,0.000000,-9600,-9600,-9600,-9600,0,0,0,0.000000,0.000000,0.000000,0.000000,0.000000,0.000000,0.000000,0.000000,0,0.000000,0.000000,0.000000,0.000000,0.000000,0.000000,0.000000,0.000000,0.000000,0.000000,0.000000,0.000000,0.000000,0.000000,0.000000,0.000000,0.000000,0.000000,0.000000,0.000000,0.000000,0.000000,0.000000,0.000000,0.000000,0.000000,0.000000,0.000000,0.000000,0.000000,0.000000,0.000000,0,0,0,0,0,0,0,0,0,0,0,0,0,66,0,0
10.035744,9770,13,0,0,2,60,0,0,0,0,0,0,-0.000045,-0.000000,-0.034812,-0.004902,-0.000000,0.035494,0.000938,0.000000,1.570796,0.227498,0.000000,0.000000,-9600,-9600,-9600,-9600,0,0,0,0.000000,0.000000,0.000000,0.000000,0.000000,0.000000,0.000000,0.000000,0,0.000000,0.000000,0.000000,0.000000,0.000000,0.000000,0.000000,0.000000,0.000000,0.000000,0.000000,0.000000,0.000000,0.000000,0.000000,0.000000,0.000000,0.000000,0.000000,0.000000,0.000000,0.000000,0.000000,0.000000,0.000000,0.000000,0.000000,0.000000,0.000000,0.000000,0.000000,0.000000,0,0,0,0,0,0,0,0,0,0,0,0,0,66,0,0
10.045514,9770,13,0,0,2,60,0,0,0,0,0,0,-0.000045,-0.000000,-0.034812,-0.004902,-0.000000,0.035494,0.000938,0.000000,1.570796,0.227498,0.000000,0.000000,-9600,-9600,-9600,-9600,0,0,0,0.000000,0.000000,0.000000,0.000000,0.000000,0.000000,0.000000,0.000000,0,0.000000,0.000000,0.000000,0.000000,0.000000,0.000000,0.000000,0.000000,0.000000,0.000000,0.000000,0.000000,0.000000,0.000000,0.000000,0.000000,0.000000,0.000000,0.000000,0.000000,0.000000,0.000000,0.000000,0.000000,0.000000,0.000000,0.000000,0.000000,0.000000,0.000000,0.000000,0.000000,0,0,0,0,0,0,0,0,0,0,0,0,0,66,0,0
10.055284,9770,13,0,0,2,60,0,0,0,0,0,0,-0.000045,-0.000000,-0.034812,-0.004902,-0.000000,0.035494,0.000938,0.000000,1.570796,0.227498,0.000000,0.000000,-9600,-9600,-9600,-9600,0,0,0,0.000000,0.000000,0.000000,0.000000,0.000000,0.000000,0.000000,0.000000,0,0.000000,0.000000,0.000000,0.000000,0.000000,0.000000,0.000000,0.000000,0.000000,0.000000,0.000000,0.000000,0.000000,0.000000,0.000000,0.000000,0.000000,0.000000,0.000000,0.000000,0.000000,0.000000,0.000000,0.000000,0.000000,0.000000,0.000000,0.000000,0.000000,0.000000,0.000000,0.000000,0,0,0,0,0,0,0,0,0,0,0,0,0,66,0,0
10.065054,9770,13,0,0,2,60,0,0,0,0,0,0,-0.000045,-0.000000,-0.034812,-0.004902,-0.000000,0.035494,0.000938,0.000000,1.570796,0.227498,0.000000,0.000000,-9600,-9600,-9600,-9600,0,0,0,0.000000,0.000000,0.000000,0.000000,0.000000,0.000000,0.000000,0.000000,0,0.000000,0.000000,0.000000,0.000000,0.000000,0.000000,0.000000,0.000000,0.000000,0.000000,0.000000,0.000000,0.000000,0.000000,0.000000,0.000000,0.000000,0.000000,0.000000,0.000000,0.000000,0.000000,0.000000,0.000000,0.000000,0.000000,0.000000,0.000000,0.000000,0.000000,0.000000,0.000000,0,0,0,0,0,0,0,0,0,0,0,0,0,66,0,0
10.074824,9770,13,0,0,2,60,0,0,0,0,0,0,-0.000045,-0.000000,-0.034812,-0.004902,-0.000000,0.035494,0.000938,0.000000,1.570796,0.227498,0.000000,0.000000,-9600,-9600,-9600,-9600,0,0,0,0.000000,0.000000,0.000000,0.000000,0.000000,0.000000,0.000000,0.000000,0,0.000000,0.000000,0.000000,0.000000,0.000000,0.000000,0.000000,0.000000,0.000000,0.000000,0.000000,0.000000,0.000000,0.000000,0.000000,0.000000,0.000000,0.000000,0.000000,0.000000,0.000000,0.000000,0.000000,0.000000,0.000000,0.000000,0.000000,0.000000,0.000000,0.000000,0.000000,0.000000,0,0,0,0,0,0,0,0,0,0,0,0,0,66,0,0
10.084594,9770,13,0,0,2,60,0,0,0,0,0,0,-0.000045,-0.000000,-0.034812,-0.004902,-0.000000,0.035494,0.000938,0.000000,1.570796,0.227498,0.000000,0.000000,-9600,-9600,-9600,-9600,0,0,0,0.000000,0.000000,0.000000,0.000000,0.000000,0.000000,0.000000,0.000000,0,0.000000,0.000000,0.000000,0.000000,0.000000,0.000000,0.000000,0.000000,0.000000,0.000000,0.000000,0.000000,0.000000,0.000000,0.000000,0.000000,0.000000,0.000000,0.000000,0.000000,0.000000,0.000000,0.000000,0.000000,0.000000,0.000000,0.000000,0.000000,0.000000,0.000000,0.000000,0.000000,0,0,0,0,0,0,0,0,0,0,0,0,0,66,0,0
10.094364,9770,13,0,0,2,60,0,0,0,0,0,0,-0.000045,-0.000000,-0.034812,-0.004902,-0.000000,0.035494,0.000938,0.000000,1.570796,0.227498,0.000000,0.000000,-9600,-9600,-9600,-9600,0,0,0,0.000000,0.000000,0.000000,0.000000,0.000000,0.000000,0.000000,0.000000,0,0.000000,0.000000,0.000000,0.000000,0.000000,0.000000,0.000000,0.000000,0.000000,0.000000,0.000000,0.000000,0.000000,0.000000,0.000000,0.000000,0.000000,0.000000,0.000000,0.000000,0.000000,0.000000,0.000000,0.000000,0.000000,0.000000,0.000000,0.000000,0.000000,0.000000,0.000000,0.000000,0,0,0,0,0,0,0,0,0,0,0,0,0,66,0,0
10.104134,9770,13,0,0,2,60,0,0,0,0,0,0,-0.000045,-0.000000,-0.034812,-0.004902,-0.000000,0.035494,0.000938,0.000000,1.570796,0.227498,0.000000,0.000000,-9600,-9600,-9600,-9600,0,0,0,0.000000,0.000000,0.000000,0.000000,0.000000,0.000000,0.000000,0.000000,0,0.000000,0.000000,0.000000,0.000000,0.000000,0.000000,0.000000,0.000000,0.000000,0.000000,0.000000,0.000000,0.000000,0.000000,0.000000,0.000000,0.000000,0.000000,0.000000,0.000000,0.000000,0.000000,0.000000,0.000000,0.000000,0.000000,0.000000,0.000000,0.000000,0.000000,0.000000,0.000000,0,0,0,0,0,0,0,0,0,0,0,0,0,66,0,0
10.113904,9770,13,0,0,2,60,0,0,0,0,0,0,-0.000045,-0.000000,-0.034812,-0.004902,-0.000000,0.035494,0.000938,0.000000,1.570796,0.227498,0.000000,0.000000,-9600,-9600,-9600,-9600,0,0,0,0.000000,0.000000,0.000000,0.000000,0.000000,0.000000,0.000000,0.000000,0,0.000000,0.000000,0.000000,0.000000,0.000000,0.000000,0.000000,0.000000,0.000000,0.000000,0.000000,0.000000,0.000000,0.000000,0.000000,0.000000,0.000000,0.000000,0.000000,0.000000,0.000000,0.000000,0.000000,0.000000,0.000000,0.000000,0.000000,0.000000,0.000000,0.000000,0.000000,0.000000,0,0,0,0,0,0,0,0,0,0,0,0,0,66,0,0
10.123674,9770,13,0,0,2,60,0,0,0,0,0,0,-0.000045,-0.000000,-0.034812,-0.004902,-0.000000,0.035494,0.000938,0.000000,1.570796,0.227498,0.000000,0.000000,-9600,-9600,-9600,-9600,0,0,0,0.000000,0.000000,0.000000,0.000000,0.000000,0.000000,0.000000,0.000000,0,0.000000,0.000000,0.000000,0.000000,0.000000,0.000000,0.000000,0.000000,0.000000,0.000000,0.000000,0.000000,0.000000,0.000000,0.000000,0.000000,0.000000,0.000000,0.000000,0.000000,0.000000,0.000000,0.000000,0.000000,0.000000,0.000000,0.000000,0.000000,0.000000,0.000000,0.000000,0.000000,0,0,0,0,0,0,0,0,0,0,0,0,0,66,0,0
10.133444,9770,13,0,0,2,60,0,0,0,0,0,0,-0.000045,-0.000000,-0.034812,-0.004902,-0.000000,0.035494,0.000938,0.000000,1.570796,0.227498,0.000000,0.000000,-9600,-9600,-9600,-9600,0,0,0,0.000000,0.000000,0.000000,0.000000,0.000000,0.000000,0.000000,0.000000,0,0.000000,0.000000,0.000000,0.000000,0.000000,0.000000,0.000000,0.000000,0.000000,0.000000,0.000000,0.000000,0.000000,0.000000,0.000000,0.000000,0.000000,0.000000,0.000000,0.000000,0.000000,0.000000,0.000000,0.000000,0.000000,0.000000,0.000000,0.000000,0.000000,0.000000,0.000000,0.000000,0,0,0,0,0,0,0,0,0,0,0,0,0,66,0,0
10.143214,9770,13,0,0,2,60,0,0,0,0,0,0,-0.000045,-0.000000,-0.034812,-0.004902,-0.000000,0.035494,0.000938,0.000000,1.570796,0.227498,0.000000,0.000000,-9600,-9600,-9600,-9600,0,0,0,0.000000,0.000000,0.000000,0.000000,0.000000,0.000000,0.000000,0.000000,0,0.000000,0.000000,0.000000,0.000000,0.000000,0.000000,0.000000,0.000000,0.000000,0.000000,0.000000,0.000000,0.000000,0.000000,0.000000,0.000000,0.000000,0.000000,0.000000,0.000000,0.000000,0.000000,0.000000,0.000000,0.000000,0.000000,0.000000,0.000000,0.000000,0.000000,0.000000,0.000000,0,0,0,0,0,0,0,0,0,0,0,0,0,66,0,0
10.152984,9770,13,0,0,2,60,0,0,0,0,0,0,-0.000045,-0.000000,-0.034812,-0.004902,-0.000000,0.035494,0.000938,0.000000,1.570796,0.227498,0.000000,0.000000,-9600,-9600,-9600,-9600,0,0,0,0.000000,0.000000,0.000000,0.000000,0.000000,0.000000,0.000000,0.000000,0,0.000000,0.000000,0.000000,0.000000,0.000000,0.000000,0.000000,0.000000,0.000000,0.000000,0.000000,0.000000,0.000000,0.000000,0.000000,0.000000,0.000000,0.000000,0.000000,0.000000,0.000000,0.000000,0.000000,0.000000,0.000000,0.000000,0.000000,0.000000,0.000000,0.000000,0.000000,0.000000,0,0,0,0,0,0,0,0,0,0,0,0,0,66,0,0
10.162754,9770,13,0,0,2,60,0,0,0,0,0,0,-0.000045,-0.000000,-0.034812,-0.004902,-0.000000,0.035494,0.000938,0.000000,1.570796,0.227498,0.000000,0.000000,-9600,-9600,-9600,-9600,0,0,0,0.000000,0.000000,0.000000,0.000000,0.000000,0.000000,0.000000,0.000000,0,0.000000,0.000000,0.000000,0.000000,0.000000,0.000000,0.000000,0.000000,0.000000,0.000000,0.000000,0.000000,0.000000,0.000000,0.000000,0.000000,0.000000,0.000000,0.000000,0.000000,0.000000,0.000000,0.000000,0.000000,0.000000,0.000000,0.000000,0.000000,0.000000,0.000000,0.000000,0.000000,0,0,0,0,0,0,0,0,0,0,0,0,0,66,0,0
10.172524,9770,13,0,0,2,60,0,0,0,0,0,0,-0.000045,-0.000000,-0.034812,-0.004902,-0.000000,0.035494,0.000938,0.000000,1.570796,0.227498,0.000000,0.000000,-9600,-9600,-9600,-9600,0,0,0,0.000000,0.000000,0.000000,0.000000,0.000000,0.000000,0.000000,0.000000,0,0.000000,0.000000,0.000000,0.000000,0.000000,0.000000,0.000000,0.000000,0.000000,0.000000,0.000000,0.000000,0.000000,0.000000,0.000000,0.000000,0.000000,0.000000,0.000000,0.000000,0.000000,0.000000,0.000000,0.000000,0.000000,0.000000,0.000000,0.000000,0.000000,0.000000,0.000000,0.000000,0,0,0,0,0,0,0,0,0,0,0,0,0,66,0,0
10.182294,9770,13,0,0,2,60,0,0,0,0,0,0,-0.000045,-0.000000,-0.034812,-0.004902,-0.000000,0.035494,0.000938,0.000000,1.570796,0.227498,0.000000,0.000000,-9600,-9600,-9600,-9600,0,0,0,0.000000,0.000000,0.000000,0.000000,0.000000,0.000000,0.000000,0.000000,0,0.000000,0.000000,0.000000,0.000000,0.000000,0.000000,0.000000,0.000000,0.000000,0.000000,0.000000,0.000000,0.000000,0.000000,0.000000,0.000000,0.000000,0.000000,0.000000,0.000000,0.000000,0.000000,0.000000,0.000000,0.000000,0.000000,0.000000,0.000000,0.000000,0.000000,0.000000,0.000000,0,0,0,0,0,0,0,0,0,0,0,0,0,66,0,0
10.192064,9770,13,0,0,2,60,0,0,0,0,0,0,-0.000045,-0.000000,-0.034812,-0.004902,-0.000000,0.035494,0.000938,0.000000,1.570796,0.227498,0.000000,0.000000,-9600,-9600,-9600,-9600,0,0,0,0.000000,0.000000,0.000000,0.000000,0.000000,0.000000,0.000000,0.000000,0,0.000000,0.000000,0.000000,0.000000,0.000000,0.000000,0.000000,0.000000,0.000000,0.000000,0.000000,0.000000,0.000000,0.000000,0.000000,0.000000,0.000000,0.000000,0.000000,0.000000,0.000000,0.000000,0.000000,0.000000,0.000000,0.000000,0.000000,0.000000,0.000000,0.000000,0.000000,0.000000,0,0,0,0,0,0,0,0,0,0,0,0,0,66,0,0
10.201834,9770,13,0,0,2,60,0,0,0,0,0,0,-0.000045,-0.000000,-0.034812,-0.004902,-0.000000,0.035494,0.000938,0.000000,1.570796,0.227498,0.000000,0.000000,-9600,-9600,-9600,-9600,0,0,0,0.000000,0.000000,0.000000,0.000000,0.000000,0.000000,0.000000,0.000000,0,0.000000,0.000000,0.000000,0.000000,0.000000,0.000000,0.000000,0.000000,0.000000,0.000000,0.000000,0.000000,0.000000,0.000000,0.000000,0.000000,0.000000,0.000000,0.000000,0.000000,0.000000,0.000000,0.000000,0.000000,0.000000,0.000000,0.000000,0.000000,0.000000,0.000000,0.000000,0.000000,0,0,0,0,0,0,0,0,0,0,0,0,0,66,0,0
10.211604,9770,13,0,0,2,60,0,0,0,0,0,0,-0.000045,-0.000000,-0.034812,-0.004902,-0.000000,0.035494,0.000938,0.000000,1.570796,0.227498,0.000000,0.000000,-9600,-9600,-9600,-9600,0,0,0,0.000000,0.000000,0.000000,0.000000,0.000000,0.000000,0.000000,0.000000,0,0.000000,0.000000,0.000000,0.000000,0.000000,0.000000,0.000000,0.000000,0.000000,0.000000,0.000000,0.000000,0.000000,0.000000,0.000000,0.000000,0.000000,0.000000,0.000000,0.000000,0.000000,0.000000,0.000000,0.000000,0.000000,0.000000,0.000000,0.000000,0.000000,0.000000,0.000000,0.000000,0,0,0,0,0,0,0,0,0,0,0,0,0,66,0,0
10.221374,9770,13,0,0,2,60,0,0,0,0,0,0,-0.000045,-0.000000,-0.034812,-0.004902,-0.000000,0.035494,0.000938,0.000000,1.570796,0.227498,0.000000,0.000000,-9600,-9600,-9600,-9600,0,0,0,0.000000,0.000000,0.000000,0.000000,0.000000,0.000000,0.000000,0.000000,0,0.000000,0.000000,0.000000,0.000000,0.000000,0.000000,0.000000,0.000000,0.000000,0.000000,0.000000,0.000000,0.000000,0.000000,0.000000,0.000000,0.000000,0.000000,0.000000,0.000000,0.000000,0.000000,0.000000,0.000000,0.000000,0.000000,0.000000,0.000000,0.000000,0.000000,0.000000,0.000000,0,0,0,0,0,0,0,0,0,0,0,0,0,66,0,0
10.231144,9770,13,0,0,2,60,0,0,0,0,0,0,-0.000045,-0.000000,-0.034812,-0.004902,-0.000000,0.035494,0.000938,0.000000,1.570796,0.227498,0.000000,0.000000,-9600,-9600,-9600,-9600,0,0,0,0.000000,0.000000,0.000000,0.000000,0.000000,0.000000,0.000000,0.000000,0,0.000000,0.000000,0.000000,0.000000,0.000000,0.000000,0.000000,0.000000,0.000000,0.000000,0.000000,0.000000,0.000000,0.000000,0.000000,0.000000,0.000000,0.000000,0.000000,0.000000,0.000000,0.000000,0.000000,0.000000,0.000000,0.000000,0.000000,0.000000,0.000000,0.000000,0.000000,0.000000,0,0,0,0,0,0,0,0,0,0,0,0,0,66,0,0
10.240914,9770,13,0,0,2,60,0,0,0,0,0,0,-0.000045,-0.000000,-0.034812,-0.004902,-0.000000,0.035494,0.000938,0.000000,1.570796,0.227498,0.000000,0.000000,-9600,-9600,-9600,-9600,0,0,0,0.000000,0.000000,0.000000,0.000000,0.000000,0.000000,0.000000,0.000000,0,0.000000,0.000000,0.000000,0.000000,0.000000,0.000000,0.000000,0.000000,0.000000,0.000000,0.000000,0.000000,0.000000,0.000000,0.000000,0.000000,0.000000,0.000000,0.000000,0.000000,0.000000,0.000000,0.000000,0.000000,0.000000,0.000000,0.000000,0.000000,0.000000,0.000000,0.000000,0.000000,0,0,0,0,0,0,0,0,0,0,0,0,0,66,0,0
10.250684,9770,13,0,0,2,60,0,0,0,0,0,0,-0.000045,-0.000000,-0.034812,-0.004902,-0.000000,0.035494,0.000938,0.000000,1.570796,0.227498,0.000000,0.000000,-9600,-9600,-9600,-9600,0,0,0,0.000000,0.000000,0.000000,0.000000,0.000000,0.000000,0.000000,0.000000,0,0.000000,0.000000,0.000000,0.000000,0.000000,0.000000,0.000000,0.000000,0.000000,0.000000,0.000000,0.000000,0.000000,0.000000,0.000000,0.000000,0.000000,0.000000,0.000000,0.000000,0.000000,0.000000,0.000000,0.000000,0.000000,0.000000,0.000000,0.000000,0.000000,0.000000,0.000000,0.000000,0,0,0,0,0,0,0,0,0,0,0,0,0,66,0,0
10.260454,9770,13,0,0,2,60,0,0,0,0,0,0,-0.000045,-0.000000,-0.034812,-0.004902,-0.000000,0.035494,0.000938,0.000000,1.570796,0.227498,0.000000,0.000000,-9600,-9600,-9600,-9600,0,0,0,0.000000,0.000000,0.000000,0.000000,0.000000,0.000000,0.000000,0.000000,0,0.000000,0.000000,0.000000,0.000000,0.000000,0.000000,0.000000,0.000000,0.000000,0.000000,0.000000,0.000000,0.000000,0.000000,0.000000,0.000000,0.000000,0.000000,0.000000,0.000000,0.000000,0.000000,0.000000,0.000000,0.000000,0.000000,0.000000,0.000000,0.000000,0.000000,0.000000,0.000000,0,0,0,0,0,0,0,0,0,0,0,0,0,66,0,0
10.270224,9770,13,0,0,2,60,0,0,0,0,0,0,-0.000045,-0.000000,-0.034812,-0.004902,-0.000000,0.035494,0.000938,0.000000,1.570796,0.227498,0.000000,0.000000,-9600,-9600,-9600,-9600,0,0,0,0.000000,0.000000,0.000000,0.000000,0.000000,0.000000,0.000000,0.000000,0,0.000000,0.000000,0.000000,0.000000,0.000000,0.000000,0.000000,0.000000,0.000000,0.000000,0.000000,0.000000,0.000000,0.000000,0.000000,0.000000,0.000000,0.000000,0.000000,0.000000,0.000000,0.000000,0.000000,0.000000,0.000000,0.000000,0.000000,0.000000,0.000000,0.000000,0.000000,0.000000,0,0,0,0,0,0,0,0,0,0,0,0,0,66,0,0
10.279994,9770,13,0,0,2,60,0,0,0,0,0,0,-0.000045,-0.000000,-0.034812,-0.004902,-0.000000,0.035494,0.000938,0.000000,1.570796,0.227498,0.000000,0.000000,-9600,-9600,-9600,-9600,0,0,0,0.000000,0.000000,0.000000,0.000000,0.000000,0.000000,0.000000,0.000000,0,0.000000,0.000000,0.000000,0.000000,0.000000,0.000000,0.000000,0.000000,0.000000,0.000000,0.000000,0.000000,0.000000,0.000000,0.000000,0.000000,0.000000,0.000000,0.000000,0.000000,0.000000,0.000000,0.000000,0.000000,0.000000,0.000000,0.000000,0.000000,0.000000,0.000000,0.000000,0.000000,0,0,0,0,0,0,0,0,0,0,0,0,0,66,0,0
10.289764,9770,13,0,0,2,60,0,0,0,0,0,0,-0.000045,-0.000000,-0.034812,-0.004902,-0.000000,0.035494,0.000938,0.000000,1.570796,0.227498,0.000000,0.000000,-9600,-9600,-9600,-9600,0,0,0,0.000000,0.000000,0.000000,0.000000,0.000000,0.000000,0.000000,0.000000,0,0.000000,0.000000,0.000000,0.000000,0.000000,0.000000,0.000000,0.000000,0.000000,0.000000,0.000000,0.000000,0.000000,0.000000,0.000000,0.000000,0.000000,0.000000,0.000000,0.000000,0.000000,0.000000,0.000000,0.000000,0.000000,0.000000,0.000000,0.000000,0.000000,0.000000,0.000000,0.000000,0,0,0,0,0,0,0,0,0,0,0,0,0,66,0,0
10.299534,9770,13,0,0,2,60,0,0,0,0,0,0,-0.000045,-0.000000,-0.034812,-0.004902,-0.000000,0.035494,0.000938,0.000000,1.570796,0.227498,0.000000,0.000000,-9600,-9600,-9600,-9600,0,0,0,0.000000,0.000000,0.000000,0.000000,0.000000,0.000000,0.000000,0.000000,0,0.000000,0.000000,0.000000,0.000000,0.000000,0.000000,0.000000,0.000000,0.000000,0.000000,0.000000,0.000000,0.000000,0.000000,0.000000,0.000000,0.000000,0.000000,0.000000,0.000000,0.000000,0.000000,0.000000,0.000000,0.000000,0.000000,0.000000,0.000000,0.000000,0.000000,0.000000,0.000000,0,0,0,0,0,0,0,0,0,0,0,0,0,66,0,0
10.309304,9770,13,0,0,2,60,0,0,0,0,0,0,-0.000045,-0.000000,-0.034812,-0.004902,-0.000000,0.035494,0.000938,0.000000,1.570796,0.227498,0.000000,0.000000,-9600,-9600,-9600,-9600,0,0,0,0.000000,0.000000,0.000000,0.000000,0.000000,0.000000,0.000000,0.000000,0,0.000000,0.000000,0.000000,0.000000,0.000000,0.000000,0.000000,0.000000,0.000000,0.000000,0.000000,0.000000,0.000000,0.000000,0.000000,0.000000,0.000000,0.000000,0.000000,0.000000,0.000000,0.000000,0.000000,0.000000,0.000000,0.000000,0.000000,0.000000,0.000000,0.000000,0.000000,0.000000,0,0,0,0,0,0,0,0,0,0,0,0,0,66,0,0
10.319074,9770,13,0,0,2,60,0,0,0,0,0,0,-0.000045,-0.000000,-0.034812,-0.004902,-0.000000,0.035494,0.000938,0.000000,1.570796,0.227498,0.000000,0.000000,-9600,-9600,-9600,-9600,0,0,0,0.000000,0.000000,0.000000,0.000000,0.000000,0.000000,0.000000,0.000000,0,0.000000,0.000000,0.000000,0.000000,0.000000,0.000000,0.000000,0.000000,0.000000,0.000000,0.000000,0.000000,0.000000,0.000000,0.000000,0.000000,0.000000,0.000000,0.000000,0.000000,0.000000,0.000000,0.000000,0.000000,0.000000,0.000000,0.000000,0.000000,0.000000,0.000000,0.000000,0.000000,0,0,0,0,0,0,0,0,0,0,0,0,0,66,0,0
10.328844,9770,13,0,0,2,60,0,0,0,0,0,0,-0.000045,-0.000000,-0.034812,-0.004902,-0.000000,0.035494,0.000938,0.000000,1.570796,0.227498,0.000000,0.000000,-9600,-9600,-9600,-9600,0,0,0,0.000000,0.000000,0.000000,0.000000,0.000000,0.000000,0.000000,0.000000,0,0.000000,0.000000,0.000000,0.000000,0.000000,0.000000,0.000000,0.000000,0.000000,0.000000,0.000000,0.000000,0.000000,0.000000,0.000000,0.000000,0.000000,0.000000,0.000000,0.000000,0.000000,0.000000,0.000000,0.000000,0.000000,0.000000,0.000000,0.000000,0.000000,0.000000,0.000000,0.000000,0,0,0,0,0,0,0,0,0,0,0,0,0,66,0,0
10.338614,9770,13,0,0,2,60,0,0,0,0,0,0,-0.000045,-0.000000,-0.034812,-0.004902,-0.000000,0.035494,0.000938,0.000000,1.570796,0.227498,0.000000,0.000000,-9600,-9600,-9600,-9600,0,0,0,0.000000,0.000000,0.000000,0.000000,0.000000,0.000000,0.000000,0.000000,0,0.000000,0.000000,0.000000,0.000000,0.000000,0.000000,0.000000,0.000000,0.000000,0.000000,0.000000,0.000000,0.000000,0.000000,0.000000,0.000000,0.000000,0.000000,0.000000,0.000000,0.000000,0.000000,0.000000,0.000000,0.000000,0.000000,0.000000,0.000000,0.000000,0.000000,0.000000,0.000000,0,0,0,0,0,0,0,0,0,0,0,0,0,66,0,0
10.348384,9770,13,0,0,2,60,0,0,0,0,0,0,-0.000045,-0.000000,-0.034812,-0.004902,-0.000000,0.035494,0.000938,0.000000,1.570796,0.227498,0.000000,0.000000,-9600,-9600,-9600,-9600,0,0,0,0.000000,0.000000,0.000000,0.000000,0.000000,0.000000,0.000000,0.000000,0,0.000000,0.000000,0.000000,0.000000,0.000000,0.000000,0.000000,0.000000,0.000000,0.000000,0.000000,0.000000,0.000000,0.000000,0.000000,0.000000,0.000000,0.000000,0.000000,0.000000,0.000000,0.000000,0.000000,0.000000,0.000000,0.000000,0.000000,0.000000,0.000000,0.000000,0.000000,0.000000,0,0,0,0,0,0,0,0,0,0,0,0,0,66,0,0
10.358154,9770,13,0,0,2,60,0,0,0,0,0,0,-0.000045,-0.000000,-0.034812,-0.004902,-0.000000,0.035494,0.000938,0.000000,1.570796,0.227498,0.000000,0.000000,-9600,-9600,-9600,-9600,0,0,0,0.000000,0.000000,0.000000,0.000000,0.000000,0.000000,0.000000,0.000000,0,0.000000,0.000000,0.000000,0.000000,0.000000,0.000000,0.000000,0.000000,0.000000,0.000000,0.000000,0.000000,0.000000,0.000000,0.000000,0.000000,0.000000,0.000000,0.000000,0.000000,0.000000,0.000000,0.000000,0.000000,0.000000,0.000000,0.000000,0.000000,0.000000,0.000000,0.000000,0.000000,0,0,0,0,0,0,0,0,0,0,0,0,0,66,0,0
10.367924,9770,13,0,0,2,60,0,0,0,0,0,0,-0.000045,-0.000000,-0.034812,-0.004902,-0.000000,0.035494,0.000938,0.000000,1.570796,0.227498,0.000000,0.000000,-9600,-9600,-9600,-9600,0,0,0,0.000000,0.000000,0.000000,0.000000,0.000000,0.000000,0.000000,0.000000,0,0.000000,0.000000,0.000000,0.000000,0.000000,0.000000,0.000000,0.000000,0.000000,0.000000,0.000000,0.000000,0.000000,0.000000,0.000000,0.000000,0.000000,0.000000,0.000000,0.000000,0.000000,0.000000,0.000000,0.000000,0.000000,0.000000,0.000000,0.000000,0.000000,0.000000,0.000000,0.000000,0,0,0,0,0,0,0,0,0,0,0,0,0,66,0,0
10.377694,9770,13,0,0,2,60,0,0,0,0,0,0,-0.000045,-0.000000,-0.034812,-0.004902,-0.000000,0.035494,0.000938,0.000000,1.570796,0.227498,0.000000,0.000000,-9600,-9600,-9600,-9600,0,0,0,0.000000,0.000000,0.000000,0.000000,0.000000,0.000000,0.000000,0.000000,0,0.000000,0.000000,0.000000,0.000000,0.000000,0.000000,0.000000,0.000000,0.000000,0.000000,0.000000,0.000000,0.000000,0.000000,0.000000,0.000000,0.000000,0.000000,0.000000,0.000000,0.000000,0.000000,0.000000,0.000000,0.000000,0.000000,0.000000,0.000000,0.000000,0.000000,0.000000,0.000000,0,0,0,0,0,0,0,0,0,0,0,0,0,66,0,0
10.387464,9770,13,0,0,2,60,0,0,0,0,0,0,-0.000045,-0.000000,-0.034812,-0.004902,-0.000000,0.035494,0.000938,0.000000,1.570796,0.227498,0.000000,0.000000,-9600,-9600,-9600,-9600,0,0,0,0.000000,0.000000,0.000000,0.000000,0.000000,0.000000,0.000000,0.000000,0,0.000000,0.000000,0.000000,0.000000,0.000000,0.000000,0.000000,0.000000,0.000000,0.000000,0.000000,0.000000,0.000000,0.000000,0.000000,0.000000,0.000000,0.000000,0.000000,0.000000,0.000000,0.000000,0.000000,0.000000,0.000000,0.000000,0.000000,0.000000,0.000000,0.000000,0.000000,0.000000,0,0,0,0,0,0,0,0,0,0,0,0,0,66,0,0
10.397234,9770,13,0,0,2,60,0,0,0,0,0,0,-0.000045,-0.000000,-0.034812,-0.004902,-0.000000,0.035494,0.000938,0.000000,1.570796,0.227498,0.000000,0.000000,-9600,-9600,-9600,-9600,0,0,0,0.000000,0.000000,0.000000,0.000000,0.000000,0.000000,0.000000,0.000000,0,0.000000,0.000000,0.000000,0.000000,0.000000,0.000000,0.000000,0.000000,0.000000,0.000000,0.000000,0.000000,0.000000,0.000000,0.000000,0.000000,0.000000,0.000000,0.000000,0.000000,0.000000,0.000000,0.000000,0.000000,0.000000,0.000000,0.000000,0.000000,0.000000,0.000000,0.000000,0.000000,0,0,0,0,0,0,0,0,0,0,0,0,0,66,0,0
10.407004,9770,13,0,0,2,60,0,0,0,0,0,0,-0.000046,-0.000000,-0.034812,-0.004902,-0.000000,0.035494,0.000938,0.000000,1.570796,0.227498,0.000000,0.000000,-9600,-9600,-9600,-9600,0,0,0,0.000000,0.000000,0.000000,0.000000,0.000000,0.000000,0.000000,0.000000,0,0.000000,0.000000,0.000000,0.000000,0.000000,0.000000,0.000000,0.000000,0.000000,0.000000,0.000000,0.000000,0.000000,0.000000,0.000000,0.000000,0.000000,0.000000,0.000000,0.000000,0.000000,0.000000,0.000000,0.000000,0.000000,0.000000,0.000000,0.000000,0.000000,0.000000,0.000000,0.000000,0,0,0,0,0,0,0,0,0,0,0,0,0,66,0,0
10.416774,9770,13,0,0,2,60,0,0,0,0,0,0,-0.000046,-0.000000,-0.034812,-0.004902,-0.000000,0.035494,0.000938,0.000000,1.570796,0.227498,0.000000,0.000000,-9600,-9600,-9600,-9600,0,0,0,0.000000,0.000000,0.000000,0.000000,0.000000,0.000000,0.000000,0.000000,0,0.000000,0.000000,0.000000,0.000000,0.000000,0.000000,0.000000,0.000000,0.000000,0.000000,0.000000,0.000000,0.000000,0.000000,0.000000,0.000000,0.000000,0.000000,0.000000,0.000000,0.000000,0.000000,0.000000,0.000000,0.000000,0.000000,0.000000,0.000000,0.000000,0.000000,0.000000,0.000000,0,0,0,0,0,0,0,0,0,0,0,0,0,66,0,0
10.426544,9770,13,0,0,2,60,0,0,0,0,0,0,-0.000046,-0.000000,-0.034812,-0.004902,-0.000000,0.035494,0.000938,0.000000,1.570796,0.227498,0.000000,0.000000,-9600,-9600,-9600,-9600,0,0,0,0.000000,0.000000,0.000000,0.000000,0.000000,0.000000,0.000000,0.000000,0,0.000000,0.000000,0.000000,0.000000,0.000000,0.000000,0.000000,0.000000,0.000000,0.000000,0.000000,0.000000,0.000000,0.000000,0.000000,0.000000,0.000000,0.000000,0.000000,0.000000,0.000000,0.000000,0.000000,0.000000,0.000000,0.000000,0.000000,0.000000,0.000000,0.000000,0.000000,0.000000,0,0,0,0,0,0,0,0,0,0,0,0,0,66,0,0
10.436314,9770,13,0,0,2,60,0,0,0,0,0,0,-0.000046,-0.000000,-0.034812,-0.004902,-0.000000,0.035494,0.000938,0.000000,1.570796,0.227498,0.000000,0.000000,-9600,-9600,-9600,-9600,0,0,0,0.000000,0.000000,0.000000,0.000000,0.000000,0.000000,0.000000,0.000000,0,0.000000,0.000000,0.000000,0.000000,0.000000,0.000000,0.000000,0.000000,0.000000,0.000000,0.000000,0.000000,0.000000,0.000000,0.000000,0.000000,0.000000,0.000000,0.000000,0.000000,0.000000,0.000000,0.000000,0.000000,0.000000,0.000000,0.000000,0.000000,0.000000,0.000000,0.000000,0.000000,0,0,0,0,0,0,0,0,0,0,0,0,0,66,0,0
10.446084,9770,13,0,0,2,60,0,0,0,0,0,0,-0.000046,-0.000000,-0.034812,-0.004902,-0.000000,0.035494,0.000938,0.000000,1.570796,0.227498,0.000000,0.000000,-9600,-9600,-9600,-9600,0,0,0,0.000000,0.000000,0.000000,0.000000,0.000000,0.000000,0.000000,0.000000,0,0.000000,0.000000,0.000000,0.000000,0.000000,0.000000,0.000000,0.000000,0.000000,0.000000,0.000000,0.000000,0.000000,0.000000,0.000000,0.000000,0.000000,0.000000,0.000000,0.000000,0.000000,0.000000,0.000000,0.000000,0.000000,0.000000,0.000000,0.000000,0.000000,0.000000,0.000000,0.000000,0,0,0,0,0,0,0,0,0,0,0,0,0,66,0,0
10.455854,9770,13,0,0,2,60,0,0,0,0,0,0,-0.000046,-0.000000,-0.034812,-0.004902,-0.000000,0.035494,0.000938,0.000000,1.570796,0.227498,0.000000,0.000000,-9600,-9600,-9600,-9600,0,0,0,0.000000,0.000000,0.000000,0.000000,0.000000,0.000000,0.000000,0.000000,0,0.000000,0.000000,0.000000,0.000000,0.000000,0.000000,0.000000,0.000000,0.000000,0.000000,0.000000,0.000000,0.000000,0.000000,0.000000,0.000000,0.000000,0.000000,0.000000,0.000000,0.000000,0.000000,0.000000,0.000000,0.000000,0.000000,0.000000,0.000000,0.000000,0.000000,0.000000,0.000000,0,0,0,0,0,0,0,0,0,0,0,0,0,66,0,0
10.465624,9770,13,0,0,2,60,0,0,0,0,0,0,-0.000046,-0.000000,-0.034812,-0.004902,-0.000000,0.035494,0.000938,0.000000,1.570796,0.227498,0.000000,0.000000,-9600,-9600,-9600,-9600,0,0,0,0.000000,0.000000,0.000000,0.000000,0.000000,0.000000,0.000000,0.000000,0,0.000000,0.000000,0.000000,0.000000,0.000000,0.000000,0.000000,0.000000,0.000000,0.000000,0.000000,0.000000,0.000000,0.000000,0.000000,0.000000,0.000000,0.000000,0.000000,0.000000,0.000000,0.000000,0.000000,0.000000,0.000000,0.000000,0.000000,0.000000,0.000000,0.000000,0.000000,0.000000,0,0,0,0,0,0,0,0,0,0,0,0,0,66,0,0
10.475394,9770,13,0,0,2,60,0,0,0,0,0,0,-0.000046,-0.000000,-0.034812,-0.004902,-0.000000,0.035494,0.000938,0.000000,1.570796,0.227498,0.000000,0.000000,-9600,-9600,-9600,-9600,0,0,0,0.000000,0.000000,0.000000,0.000000,0.000000,0.000000,0.000000,0.000000,0,0.000000,0.000000,0.000000,0.000000,0.000000,0.000000,0.000000,0.000000,0.000000,0.000000,0.000000,0.000000,0.000000,0.000000,0.000000,0.000000,0.000000,0.000000,0.000000,0.000000,0.000000,0.000000,0.000000,0.000000,0.000000,0.000000,0.000000,0.000000,0.000000,0.000000,0.000000,0.000000,0,0,0,0,0,0,0,0,0,0,0,0,0,66,0,0
10.485164,9770,13,0,0,2,60,0,0,0,0,0,0,-0.000046,-0.000000,-0.034812,-0.004902,-0.000000,0.035494,0.000938,0.000000,1.570796,0.227498,0.000000,0.000000,-9600,-9600,-9600,-9600,0,0,0,0.000000,0.000000,0.000000,0.000000,0.000000,0.000000,0.000000,0.000000,0,0.000000,0.000000,0.000000,0.000000,0.000000,0.000000,0.000000,0.000000,0.000000,0.000000,0.000000,0.000000,0.000000,0.000000,0.000000,0.000000,0.000000,0.000000,0.000000,0.000000,0.000000,0.000000,0.000000,0.000000,0.000000,0.000000,0.000000,0.000000,0.000000,0.000000,0.000000,0.000000,0,0,0,0,0,0,0,0,0,0,0,0,0,66,0,0
10.494934,9770,13,0,0,2,60,0,0,0,0,0,0,-0.000046,-0.000000,-0.034812,-0.004902,-0.000000,0.035494,0.000938,0.000000,1.570796,0.227498,0.000000,0.000000,-9600,-9600,-9600,-9600,0,0,0,0.000000,0.000000,0.000000,0.000000,0.000000,0.000000,0.000000,0.000000,0,0.000000,0.000000,0.000000,0.000000,0.000000,0.000000,0.000000,0.000000,0.000000,0.000000,0.000000,0.000000,0.000000,0.000000,0.000000,0.000000,0.000000,0.000000,0.000000,0.000000,0.000000,0.000000,0.000000,0.000000,0.000000,0.000000,0.000000,0.000000,0.000000,0.000000,0.000000,0.000000,0,0,0,0,0,0,0,0,0,0,0,0,0,66,0,0
10.504704,9770,13,0,0,2,60,0,0,0,0,0,0,-0.000046,-0.000000,-0.034812,-0.004902,-0.000000,0.035494,0.000938,0.000000,1.570796,0.227498,0.000000,0.000000,-9600,-9600,-9600,-9600,0,0,0,0.000000,0.000000,0.000000,0.000000,0.000000,0.000000,0.000000,0.000000,0,0.000000,0.000000,0.000000,0.000000,0.000000,0.000000,0.000000,0.000000,0.000000,0.000000,0.000000,0.000000,0.000000,0.000000,0.000000,0.000000,0.000000,0.000000,0.000000,0.000000,0.000000,0.000000,0.000000,0.000000,0.000000,0.000000,0.000000,0.000000,0.000000,0.000000,0.000000,0.000000,0,0,0,0,0,0,0,0,0,0,0,0,0,66,0,0
10.514474,9770,13,0,0,2,60,0,0,0,0,0,0,-0.000046,-0.000000,-0.034812,-0.004902,-0.000000,0.035494,0.000938,0.000000,1.570796,0.227498,0.000000,0.000000,-9600,-9600,-9600,-9600,0,0,0,0.000000,0.000000,0.000000,0.000000,0.000000,0.000000,0.000000,0.000000,0,0.000000,0.000000,0.000000,0.000000,0.000000,0.000000,0.000000,0.000000,0.000000,0.000000,0.000000,0.000000,0.000000,0.000000,0.000000,0.000000,0.000000,0.000000,0.000000,0.000000,0.000000,0.000000,0.000000,0.000000,0.000000,0.000000,0.000000,0.000000,0.000000,0.000000,0.000000,0.000000,0,0,0,0,0,0,0,0,0,0,0,0,0,66,0,0
10.524244,9770,13,0,0,2,60,0,0,0,0,0,0,-0.000046,-0.000000,-0.034812,-0.004902,-0.000000,0.035494,0.000938,0.000000,1.570796,0.227498,0.000000,0.000000,-9600,-9600,-9600,-9600,0,0,0,0.000000,0.000000,0.000000,0.000000,0.000000,0.000000,0.000000,0.000000,0,0.000000,0.000000,0.000000,0.000000,0.000000,0.000000,0.000000,0.000000,0.000000,0.000000,0.000000,0.000000,0.000000,0.000000,0.000000,0.000000,0.000000,0.000000,0.000000,0.000000,0.000000,0.000000,0.000000,0.000000,0.000000,0.000000,0.000000,0.000000,0.000000,0.000000,0.000000,0.000000,0,0,0,0,0,0,0,0,0,0,0,0,0,66,0,0
10.534014,9770,13,0,0,2,60,0,0,0,0,0,0,-0.000046,-0.000000,-0.034812,-0.004902,-0.000000,0.035494,0.000938,0.000000,1.570796,0.227498,0.000000,0.000000,-9600,-9600,-9600,-9600,0,0,0,0.000000,0.000000,0.000000,0.000000,0.000000,0.000000,0.000000,0.000000,0,0.000000,0.000000,0.000000,0.000000,0.000000,0.000000,0.000000,0.000000,0.000000,0.000000,0.000000,0.000000,0.000000,0.000000,0.000000,0.000000,0.000000,0.000000,0.000000,0.000000,0.000000,0.000000,0.000000,0.000000,0.000000,0.000000,0.000000,0.000000,0.000000,0.000000,0.000000,0.000000,0,0,0,0,0,0,0,0,0,0,0,0,0,66,0,0
10.543784,9770,13,0,0,2,60,0,0,0,0,0,0,-0.000046,-0.000000,-0.034812,-0.004902,-0.000000,0.035494,0.000938,0.000000,1.570796,0.227498,0.000000,0.000000,-9600,-9600,-9600,-9600,0,0,0,0.000000,0.000000,0.000000,0.000000,0.000000,0.000000,0.000000,0.000000,0,0.000000,0.000000,0.000000,0.000000,0.000000,0.000000,0.000000,0.000000,0.000000,0.000000,0.000000,0.000000,0.000000,0.000000,0.000000,0.000000,0.000000,0.000000,0.000000,0.000000,0.000000,0.000000,0.000000,0.000000,0.000000,0.000000,0.000000,0.000000,0.000000,0.000000,0.000000,0.000000,0,0,0,0,0,0,0,0,0,0,0,0,0,66,0,0
10.553554,9770,13,0,0,2,60,0,0,0,0,0,0,-0.000046,-0.000000,-0.034812,-0.004902,-0.000000,0.035494,0.000938,0.000000,1.570796,0.227498,0.000000,0.000000,-9600,-9600,-9600,-9600,0,0,0,0.000000,0.000000,0.000000,0.000000,0.000000,0.000000,0.000000,0.000000,0,0.000000,0.000000,0.000000,0.000000,0.000000,0.000000,0.000000,0.000000,0.000000,0.000000,0.000000,0.000000,0.000000,0.000000,0.000000,0.000000,0.000000,0.000000,0.000000,0.000000,0.000000,0.000000,0.000000,0.000000,0.000000,0.000000,0.000000,0.000000,0.000000,0.000000,0.000000,0.000000,0,0,0,0,0,0,0,0,0,0,0,0,0,66,0,0
10.563324,9770,13,0,0,2,60,0,0,0,0,0,0,-0.000046,-0.000000,-0.034812,-0.004902,-0.000000,0.035494,0.000938,0.000000,1.570796,0.227498,0.000000,0.000000,-9600,-9600,-9600,-9600,0,0,0,0.000000,0.000000,0.000000,0.000000,0.000000,0.000000,0.000000,0.000000,0,0.000000,0.000000,0.000000,0.000000,0.000000,0.000000,0.000000,0.000000,0.000000,0.000000,0.000000,0.000000,0.000000,0.000000,0.000000,0.000000,0.000000,0.000000,0.000000,0.000000,0.000000,0.000000,0.000000,0.000000,0.000000,0.000000,0.000000,0.000000,0.000000,0.000000,0.000000,0.000000,0,0,0,0,0,0,0,0,0,0,0,0,0,66,0,0
10.573094,9770,13,0,0,2,60,0,0,0,0,0,0,-0.000046,-0.000000,-0.034812,-0.004902,-0.000000,0.035494,0.000938,0.000000,1.570796,0.227498,0.000000,0.000000,-9600,-9600,-9600,-9600,0,0,0,0.000000,0.000000,0.000000,0.000000,0.000000,0.000000,0.000000,0.000000,0,0.000000,0.000000,0.000000,0.000000,0.000000,0.000000,0.000000,0.000000,0.000000,0.000000,0.000000,0.000000,0.000000,0.000000,0.000000,0.000000,0.000000,0.000000,0.000000,0.000000,0.000000,0.000000,0.000000,0.000000,0.000000,0.000000,0.000000,0.000000,0.000000,0.000000,0.000000,0.000000,0,0,0,0,0,0,0,0,0,0,0,0,0,66,0,0
10.582864,9770,13,0,0,2,60,0,0,0,0,0,0,-0.000046,-0.000000,-0.034812,-0.004902,-0.000000,0.035494,0.000938,0.000000,1.570796,0.227498,0.000000,0.000000,-9600,-9600,-9600,-9600,0,0,0,0.000000,0.000000,0.000000,0.000000,0.000000,0.000000,0.000000,0.000000,0,0.000000,0.000000,0.000000,0.000000,0.000000,0.000000,0.000000,0.000000,0.000000,0.000000,0.000000,0.000000,0.000000,0.000000,0.000000,0.000000,0.000000,0.000000,0.000000,0.000000,0.000000,0.000000,0.000000,0.000000,0.000000,0.000000,0.000000,0.000000,0.000000,0.000000,0.000000,0.000000,0,0,0,0,0,0,0,0,0,0,0,0,0,66,0,0
10.592634,9770,13,0,0,2,60,0,0,0,0,0,0,-0.000046,-0.000000,-0.034812,-0.004902,-0.000000,0.035494,0.000938,0.000000,1.570796,0.227498,0.000000,0.000000,-9600,-9600,-9600,-9600,0,0,0,0.000000,0.000000,0.000000,0.000000,0.000000,0.000000,0.000000,0.000000,0,0.000000,0.000000,0.000000,0.000000,0.000000,0.000000,0.000000,0.000000,0.000000,0.000000,0.000000,0.000000,0.000000,0.000000,0.000000,0.000000,0.000000,0.000000,0.000000,0.000000,0.000000,0.000000,0.000000,0.000000,0.000000,0.000000,0.000000,0.000000,0.000000,0.000000,0.000000,0.000000,0,0,0,0,0,0,0,0,0,0,0,0,0,66,0,0
10.602404,9770,13,0,0,2,60,0,0,0,0,0,0,-0.000046,-0.000000,-0.034812,-0.004902,-0.000000,0.035494,0.000938,0.000000,1.570796,0.227498,0.000000,0.000000,-9600,-9600,-9600,-9600,0,0,0,0.000000,0.000000,0.000000,0.000000,0.000000,0.000000,0.000000,0.000000,0,0.000000,0.000000,0.000000,0.000000,0.000000,0.000000,0.000000,0.000000,0.000000,0.000000,0.000000,0.000000,0.000000,0.000000,0.000000,0.000000,0.000000,0.000000,0.000000,0.000000,0.000000,0.000000,0.000000,0.000000,0.000000,0.000000,0.000000,0.000000,0.000000,0.000000,0.000000,0.000000,0,0,0,0,0,0,0,0,0,0,0,0,0,66,0,0
10.612174,9770,13,0,0,2,60,0,0,0,0,0,0,-0.000046,-0.000000,-0.034812,-0.004902,-0.000000,0.035494,0.000938,0.000000,1.570796,0.227498,0.000000,0.000000,-9600,-9600,-9600,-9600,0,0,0,0.000000,0.000000,0.000000,0.000000,0.000000,0.000000,0.000000,0.000000,0,0.000000,0.000000,0.000000,0.000000,0.000000,0.000000,0.000000,0.000000,0.000000,0.000000,0.000000,0.000000,0.000000,0.000000,0.000000,0.000000,0.000000,0.000000,0.000000,0.000000,0.000000,0.000000,0.000000,0.000000,0.000000,0.000000,0.000000,0.000000,0.000000,0.000000,0.000000,0.000000,0,0,0,0,0,0,0,0,0,0,0,0,0,66,0,0
10.621944,9770,13,0,0,2,60,0,0,0,0,0,0,-0.000046,-0.000000,-0.034812,-0.004902,-0.000000,0.035494,0.000938,0.000000,1.570796,0.227498,0.000000,0.000000,-9600,-9600,-9600,-9600,0,0,0,0.000000,0.000000,0.000000,0.000000,0.000000,0.000000,0.000000,0.000000,0,0.000000,0.000000,0.000000,0.000000,0.000000,0.000000,0.000000,0.000000,0.000000,0.000000,0.000000,0.000000,0.000000,0.000000,0.000000,0.000000,0.000000,0.000000,0.000000,0.000000,0.000000,0.000000,0.000000,0.000000,0.000000,0.000000,0.000000,0.000000,0.000000,0.000000,0.000000,0.000000,0,0,0,0,0,0,0,0,0,0,0,0,0,66,0,0
10.631714,9770,13,0,0,2,60,0,0,0,0,0,0,-0.000046,-0.000000,-0.034812,-0.004902,-0.000000,0.035494,0.000938,0.000000,1.570796,0.227498,0.000000,0.000000,-9600,-9600,-9600,-9600,0,0,0,0.000000,0.000000,0.000000,0.000000,0.000000,0.000000,0.000000,0.000000,0,0.000000,0.000000,0.000000,0.000000,0.000000,0.000000,0.000000,0.000000,0.000000,0.000000,0.000000,0.000000,0.000000,0.000000,0.000000,0.000000,0.000000,0.000000,0.000000,0.000000,0.000000,0.000000,0.000000,0.000000,0.000000,0.000000,0.000000,0.000000,0.000000,0.000000,0.000000,0.000000,0,0,0,0,0,0,0,0,0,0,0,0,0,66,0,0
10.641484,9770,13,0,0,2,60,0,0,0,0,0,0,-0.000046,-0.000000,-0.034812,-0.004902,-0.000000,0.035494,0.000938,0.000000,1.570796,0.227498,0.000000,0.000000,-9600,-9600,-9600,-9600,0,0,0,0.000000,0.000000,0.000000,0.000000,0.000000,0.000000,0.000000,0.000000,0,0.000000,0.000000,0.000000,0.000000,0.000000,0.000000,0.000000,0.000000,0.000000,0.000000,0.000000,0.000000,0.000000,0.000000,0.000000,0.000000,0.000000,0.000000,0.000000,0.000000,0.000000,0.000000,0.000000,0.000000,0.000000,0.000000,0.000000,0.000000,0.000000,0.000000,0.000000,0.000000,0,0,0,0,0,0,0,0,0,0,0,0,0,66,0,0
10.651254,9770,13,0,0,2,60,0,0,0,0,0,0,-0.000046,-0.000000,-0.034812,-0.004902,-0.000000,0.035494,0.000938,0.000000,1.570796,0.227498,0.000000,0.000000,-9600,-9600,-9600,-9600,0,0,0,0.000000,0.000000,0.000000,0.000000,0.000000,0.000000,0.000000,0.000000,0,0.000000,0.000000,0.000000,0.000000,0.000000,0.000000,0.000000,0.000000,0.000000,0.000000,0.000000,0.000000,0.000000,0.000000,0.000000,0.000000,0.000000,0.000000,0.000000,0.000000,0.000000,0.000000,0.000000,0.000000,0.000000,0.000000,0.000000,0.000000,0.000000,0.000000,0.000000,0.000000,0,0,0,0,0,0,0,0,0,0,0,0,0,66,0,0
10.661024,9770,13,0,0,2,60,0,0,0,0,0,0,-0.000046,-0.000000,-0.034812,-0.004902,-0.000000,0.035494,0.000938,0.000000,1.570796,0.227498,0.000000,0.000000,-9600,-9600,-9600,-9600,0,0,0,0.000000,0.000000,0.000000,0.000000,0.000000,0.000000,0.000000,0.000000,0,0.000000,0.000000,0.000000,0.000000,0.000000,0.000000,0.000000,0.000000,0.000000,0.000000,0.000000,0.000000,0.000000,0.000000,0.000000,0.000000,0.000000,0.000000,0.000000,0.000000,0.000000,0.000000,0.000000,0.000000,0.000000,0.000000,0.000000,0.000000,0.000000,0.000000,0.000000,0.000000,0,0,0,0,0,0,0,0,0,0,0,0,0,66,0,0
10.670794,9770,13,0,0,2,60,0,0,0,0,0,0,-0.000046,-0.000000,-0.034812,-0.004902,-0.000000,0.035494,0.000938,0.000000,1.570796,0.227498,0.000000,0.000000,-9600,-9600,-9600,-9600,0,0,0,0.000000,0.000000,0.000000,0.000000,0.000000,0.000000,0.000000,0.000000,0,0.000000,0.000000,0.000000,0.000000,0.000000,0.000000,0.000000,0.000000,0.000000,0.000000,0.000000,0.000000,0.000000,0.000000,0.000000,0.000000,0.000000,0.000000,0.000000,0.000000,0.000000,0.000000,0.000000,0.000000,0.000000,0.000000,0.000000,0.000000,0.000000,0.000000,0.000000,0.000000,0,0,0,0,0,0,0,0,0,0,0,0,0,66,0,0
10.680564,9770,13,0,0,2,60,0,0,0,0,0,0,-0.000046,-0.000000,-0.034812,-0.004902,-0.000000,0.035494,0.000938,0.000000,1.570796,0.227498,0.000000,0.000000,-9600,-9600,-9600,-9600,0,0,0,0.000000,0.000000,0.000000,0.000000,0.000000,0.000000,0.000000,0.000000,0,0.000000,0.000000,0.000000,0.000000,0.000000,0.000000,0.000000,0.000000,0.000000,0.000000,0.000000,0.000000,0.000000,0.000000,0.000000,0.000000,0.000000,0.000000,0.000000,0.000000,0.000000,0.000000,0.000000,0.000000,0.000000,0.000000,0.000000,0.000000,0.000000,0.000000,0.000000,0.000000,0,0,0,0,0,0,0,0,0,0,0,0,0,66,0,0
10.690334,9770,13,0,0,2,60,0,0,0,0,0,0,-0.000046,-0.000000,-0.034812,-0.004902,-0.000000,0.035494,0.000938,0.000000,1.570796,0.227498,0.000000,0.000000,-9600,-9600,-9600,-9600,0,0,0,0.000000,0.000000,0.000000,0.000000,0.000000,0.000000,0.000000,0.000000,0,0.000000,0.000000,0.000000,0.000000,0.000000,0.000000,0.000000,0.000000,0.000000,0.000000,0.000000,0.000000,0.000000,0.000000,0.000000,0.000000,0.000000,0.000000,0.000000,0.000000,0.000000,0.000000,0.000000,0.000000,0.000000,0.000000,0.000000,0.000000,0.000000,0.000000,0.000000,0.000000,0,0,0,0,0,0,0,0,0,0,0,0,0,66,0,0
10.700104,9770,13,0,0,2,60,0,0,0,0,0,0,-0.000046,-0.000000,-0.034812,-0.004902,-0.000000,0.035494,0.000938,0.000000,1.570796,0.227498,0.000000,0.000000,-9600,-9600,-9600,-9600,0,0,0,0.000000,0.000000,0.000000,0.000000,0.000000,0.000000,0.000000,0.000000,0,0.000000,0.000000,0.000000,0.000000,0.000000,0.000000,0.000000,0.000000,0.000000,0.000000,0.000000,0.000000,0.000000,0.000000,0.000000,0.000000,0.000000,0.000000,0.000000,0.000000,0.000000,0.000000,0.000000,0.000000,0.000000,0.000000,0.000000,0.000000,0.000000,0.000000,0.000000,0.000000,0,0,0,0,0,0,0,0,0,0,0,0,0,66,0,0
10.709874,9770,13,0,0,2,60,0,0,0,0,0,0,-0.000046,-0.000000,-0.034812,-0.004902,-0.000000,0.035494,0.000938,0.000000,1.570796,0.227498,0.000000,0.000000,-9600,-9600,-9600,-9600,0,0,0,0.000000,0.000000,0.000000,0.000000,0.000000,0.000000,0.000000,0.000000,0,0.000000,0.000000,0.000000,0.000000,0.000000,0.000000,0.000000,0.000000,0.000000,0.000000,0.000000,0.000000,0.000000,0.000000,0.000000,0.000000,0.000000,0.000000,0.000000,0.000000,0.000000,0.000000,0.000000,0.000000,0.000000,0.000000,0.000000,0.000000,0.000000,0.000000,0.000000,0.000000,0,0,0,0,0,0,0,0,0,0,0,0,0,66,0,0
10.719644,9770,13,0,0,2,60,0,0,0,0,0,0,-0.000046,-0.000000,-0.034812,-0.004902,-0.000000,0.035494,0.000938,0.000000,1.570796,0.227498,0.000000,0.000000,-9600,-9600,-9600,-9600,0,0,0,0.000000,0.000000,0.000000,0.000000,0.000000,0.000000,0.000000,0.000000,0,0.000000,0.000000,0.000000,0.000000,0.000000,0.000000,0.000000,0.000000,0.000000,0.000000,0.000000,0.000000,0.000000,0.000000,0.000000,0.000000,0.000000,0.000000,0.000000,0.000000,0.000000,0.000000,0.000000,0.000000,0.000000,0.000000,0.000000,0.000000,0.000000,0.000000,0.000000,0.000000,0,0,0,0,0,0,0,0,0,0,0,0,0,66,0,0
10.729414,9770,13,0,0,2,60,0,0,0,0,0,0,-0.000046,-0.000000,-0.034812,-0.004902,-0.000000,0.035494,0.000938,0.000000,1.570796,0.227498,0.000000,0.000000,-9600,-9600,-9600,-9600,0,0,0,0.000000,0.000000,0.000000,0.000000,0.000000,0.000000,0.000000,0.000000,0,0.000000,0.000000,0.000000,0.000000,0.000000,0.000000,0.000000,0.000000,0.000000,0.000000,0.000000,0.000000,0.000000,0.000000,0.000000,0.000000,0.000000,0.000000,0.000000,0.000000,0.000000,0.000000,0.000000,0.000000,0.000000,0.000000,0.000000,0.000000,0.000000,0.000000,0.000000,0.000000,0,0,0,0,0,0,0,0,0,0,0,0,0,66,0,0
10.739184,9770,13,0,0,2,60,0,0,0,0,0,0,-0.000046,-0.000000,-0.034812,-0.004902,-0.000000,0.035494,0.000938,0.000000,1.570796,0.227498,0.000000,0.000000,-9600,-9600,-9600,-9600,0,0,0,0.000000,0.000000,0.000000,0.000000,0.000000,0.000000,0.000000,0.000000,0,0.000000,0.000000,0.000000,0.000000,0.000000,0.000000,0.000000,0.000000,0.000000,0.000000,0.000000,0.000000,0.000000,0.000000,0.000000,0.000000,0.000000,0.000000,0.000000,0.000000,0.000000,0.000000,0.000000,0.000000,0.000000,0.000000,0.000000,0.000000,0.000000,0.000000,0.000000,0.000000,0,0,0,0,0,0,0,0,0,0,0,0,0,66,0,0
10.748954,9770,13,0,0,2,60,0,0,0,0,0,0,-0.000046,-0.000000,-0.034812,-0.004902,-0.000000,0.035494,0.000938,0.000000,1.570796,0.227498,0.000000,0.000000,-9600,-9600,-9600,-9600,0,0,0,0.000000,0.000000,0.000000,0.000000,0.000000,0.000000,0.000000,0.000000,0,0.000000,0.000000,0.000000,0.000000,0.000000,0.000000,0.000000,0.000000,0.000000,0.000000,0.000000,0.000000,0.000000,0.000000,0.000000,0.000000,0.000000,0.000000,0.000000,0.000000,0.000000,0.000000,0.000000,0.000000,0.000000,0.000000,0.000000,0.000000,0.000000,0.000000,0.000000,0.000000,0,0,0,0,0,0,0,0,0,0,0,0,0,66,0,0
10.758724,9770,13,0,0,2,60,0,0,0,0,0,0,-0.000046,-0.000000,-0.034812,-0.004902,-0.000000,0.035494,0.000938,0.000000,1.570796,0.227498,0.000000,0.000000,-9600,-9600,-9600,-9600,0,0,0,0.000000,0.000000,0.000000,0.000000,0.000000,0.000000,0.000000,0.000000,0,0.000000,0.000000,0.000000,0.000000,0.000000,0.000000,0.000000,0.000000,0.000000,0.000000,0.000000,0.000000,0.000000,0.000000,0.000000,0.000000,0.000000,0.000000,0.000000,0.000000,0.000000,0.000000,0.000000,0.000000,0.000000,0.000000,0.000000,0.000000,0.000000,0.000000,0.000000,0.000000,0,0,0,0,0,0,0,0,0,0,0,0,0,66,0,0
10.768494,9770,13,0,0,2,60,0,0,0,0,0,0,-0.000046,-0.000000,-0.034812,-0.004902,-0.000000,0.035494,0.000938,0.000000,1.570796,0.227498,0.000000,0.000000,-9600,-9600,-9600,-9600,0,0,0,0.000000,0.000000,0.000000,0.000000,0.000000,0.000000,0.000000,0.000000,0,0.000000,0.000000,0.000000,0.000000,0.000000,0.000000,0.000000,0.000000,0.000000,0.000000,0.000000,0.000000,0.000000,0.000000,0.000000,0.000000,0.000000,0.000000,0.000000,0.000000,0.000000,0.000000,0.000000,0.000000,0.000000,0.000000,0.000000,0.000000,0.000000,0.000000,0.000000,0.000000,0,0,0,0,0,0,0,0,0,0,0,0,0,66,0,0
10.778264,9770,13,0,0,2,60,0,0,0,0,0,0,-0.000046,-0.000000,-0.034812,-0.004902,-0.000000,0.035494,0.000938,0.000000,1.570796,0.227498,0.000000,0.000000,-9600,-9600,-9600,-9600,0,0,0,0.000000,0.000000,0.000000,0.000000,0.000000,0.000000,0.000000,0.000000,0,0.000000,0.000000,0.000000,0.000000,0.000000,0.000000,0.000000,0.000000,0.000000,0.000000,0.000000,0.000000,0.000000,0.000000,0.000000,0.000000,0.000000,0.000000,0.000000,0.000000,0.000000,0.000000,0.000000,0.000000,0.000000,0.000000,0.000000,0.000000,0.000000,0.000000,0.000000,0.000000,0,0,0,0,0,0,0,0,0,0,0,0,0,66,0,0
10.788034,9770,13,0,0,2,60,0,0,0,0,0,0,-0.000046,-0.000000,-0.034812,-0.004902,-0.000000,0.035494,0.000938,0.000000,1.570796,0.227498,0.000000,0.000000,-9600,-9600,-9600,-9600,0,0,0,0.000000,0.000000,0.000000,0.000000,0.000000,0.000000,0.000000,0.000000,0,0.000000,0.000000,0.000000,0.000000,0.000000,0.000000,0.000000,0.000000,0.000000,0.000000,0.000000,0.000000,0.000000,0.000000,0.000000,0.000000,0.000000,0.000000,0.000000,0.000000,0.000000,0.000000,0.000000,0.000000,0.000000,0.000000,0.000000,0.000000,0.000000,0.000000,0.000000,0.000000,0,0,0,0,0,0,0,0,0,0,0,0,0,66,0,0
10.797804,9770,13,0,0,2,60,0,0,0,0,0,0,-0.000046,-0.000000,-0.034812,-0.004902,-0.000000,0.035494,0.000938,0.000000,1.570796,0.227498,0.000000,0.000000,-9600,-9600,-9600,-9600,0,0,0,0.000000,0.000000,0.000000,0.000000,0.000000,0.000000,0.000000,0.000000,0,0.000000,0.000000,0.000000,0.000000,0.000000,0.000000,0.000000,0.000000,0.000000,0.000000,0.000000,0.000000,0.000000,0.000000,0.000000,0.000000,0.000000,0.000000,0.000000,0.000000,0.000000,0.000000,0.000000,0.000000,0.000000,0.000000,0.000000,0.000000,0.000000,0.000000,0.000000,0.000000,0,0,0,0,0,0,0,0,0,0,0,0,0,66,0,0
10.807574,9770,13,0,0,2,60,0,0,0,0,0,0,-0.000046,-0.000000,-0.034812,-0.004902,-0.000000,0.035494,0.000938,0.000000,1.570796,0.227498,0.000000,0.000000,-9600,-9600,-9600,-9600,0,0,0,0.000000,0.000000,0.000000,0.000000,0.000000,0.000000,0.000000,0.000000,0,0.000000,0.000000,0.000000,0.000000,0.000000,0.000000,0.000000,0.000000,0.000000,0.000000,0.000000,0.000000,0.000000,0.000000,0.000000,0.000000,0.000000,0.000000,0.000000,0.000000,0.000000,0.000000,0.000000,0.000000,0.000000,0.000000,0.000000,0.000000,0.000000,0.000000,0.000000,0.000000,0,0,0,0,0,0,0,0,0,0,0,0,0,66,0,0
10.817344,9770,13,0,0,2,60,0,0,0,0,0,0,-0.000047,-0.000000,-0.034812,-0.004902,-0.000000,0.035494,0.000938,0.000000,1.570796,0.227498,0.000000,0.000000,-9600,-9600,-9600,-9600,0,0,0,0.000000,0.000000,0.000000,0.000000,0.000000,0.000000,0.000000,0.000000,0,0.000000,0.000000,0.000000,0.000000,0.000000,0.000000,0.000000,0.000000,0.000000,0.000000,0.000000,0.000000,0.000000,0.000000,0.000000,0.000000,0.000000,0.000000,0.000000,0.000000,0.000000,0.000000,0.000000,0.000000,0.000000,0.000000,0.000000,0.000000,0.000000,0.000000,0.000000,0.000000,0,0,0,0,0,0,0,0,0,0,0,0,0,66,0,0
10.827114,9770,13,0,0,2,60,0,0,0,0,0,0,-0.000047,-0.000000,-0.034812,-0.004902,-0.000000,0.035494,0.000938,0.000000,1.570796,0.227498,0.000000,0.000000,-9600,-9600,-9600,-9600,0,0,0,0.000000,0.000000,0.000000,0.000000,0.000000,0.000000,0.000000,0.000000,0,0.000000,0.000000,0.000000,0.000000,0.000000,0.000000,0.000000,0.000000,0.000000,0.000000,0.000000,0.000000,0.000000,0.000000,0.000000,0.000000,0.000000,0.000000,0.000000,0.000000,0.000000,0.000000,0.000000,0.000000,0.000000,0.000000,0.000000,0.000000,0.000000,0.000000,0.000000,0.000000,0,0,0,0,0,0,0,0,0,0,0,0,0,66,0,0
10.836884,9770,13,0,0,2,60,0,0,0,0,0,0,-0.000047,-0.000000,-0.034812,-0.004902,-0.000000,0.035494,0.000938,0.000000,1.570796,0.227498,0.000000,0.000000,-9600,-9600,-9600,-9600,0,0,0,0.000000,0.000000,0.000000,0.000000,0.000000,0.000000,0.000000,0.000000,0,0.000000,0.000000,0.000000,0.000000,0.000000,0.000000,0.000000,0.000000,0.000000,0.000000,0.000000,0.000000,0.000000,0.000000,0.000000,0.000000,0.000000,0.000000,0.000000,0.000000,0.000000,0.000000,0.000000,0.000000,0.000000,0.000000,0.000000,0.000000,0.000000,0.000000,0.000000,0.000000,0,0,0,0,0,0,0,0,0,0,0,0,0,66,0,0
10.846654,9770,13,0,0,2,60,0,0,0,0,0,0,-0.000047,-0.000000,-0.034812,-0.004902,-0.000000,0.035494,0.000938,0.000000,1.570796,0.227498,0.000000,0.000000,-9600,-9600,-9600,-9600,0,0,0,0.000000,0.000000,0.000000,0.000000,0.000000,0.000000,0.000000,0.000000,0,0.000000,0.000000,0.000000,0.000000,0.000000,0.000000,0.000000,0.000000,0.000000,0.000000,0.000000,0.000000,0.000000,0.000000,0.000000,0.000000,0.000000,0.000000,0.000000,0.000000,0.000000,0.000000,0.000000,0.000000,0.000000,0.000000,0.000000,0.000000,0.000000,0.000000,0.000000,0.000000,0,0,0,0,0,0,0,0,0,0,0,0,0,66,0,0
10.856424,9770,13,0,0,2,60,0,0,0,0,0,0,-0.000047,-0.000000,-0.034812,-0.004902,-0.000000,0.035494,0.000938,0.000000,1.570796,0.227498,0.000000,0.000000,-9600,-9600,-9600,-9600,0,0,0,0.000000,0.000000,0.000000,0.000000,0.000000,0.000000,0.000000,0.000000,0,0.000000,0.000000,0.000000,0.000000,0.000000,0.000000,0.000000,0.000000,0.000000,0.000000,0.000000,0.000000,0.000000,0.000000,0.000000,0.000000,0.000000,0.000000,0.000000,0.000000,0.000000,0.000000,0.000000,0.000000,0.000000,0.000000,0.000000,0.000000,0.000000,0.000000,0.000000,0.000000,0,0,0,0,0,0,0,0,0,0,0,0,0,66,0,0
10.866194,9770,13,0,0,2,60,0,0,0,0,0,0,-0.000047,-0.000000,-0.034812,-0.004902,-0.000000,0.035494,0.000938,0.000000,1.570796,0.227498,0.000000,0.000000,-9600,-9600,-9600,-9600,0,0,0,0.000000,0.000000,0.000000,0.000000,0.000000,0.000000,0.000000,0.000000,0,0.000000,0.000000,0.000000,0.000000,0.000000,0.000000,0.000000,0.000000,0.000000,0.000000,0.000000,0.000000,0.000000,0.000000,0.000000,0.000000,0.000000,0.000000,0.000000,0.000000,0.000000,0.000000,0.000000,0.000000,0.000000,0.000000,0.000000,0.000000,0.000000,0.000000,0.000000,0.000000,0,0,0,0,0,0,0,0,0,0,0,0,0,66,0,0
10.875964,9770,13,0,0,2,60,0,0,0,0,0,0,-0.000047,-0.000000,-0.034812,-0.004902,-0.000000,0.035494,0.000938,0.000000,1.570796,0.227498,0.000000,0.000000,-9600,-9600,-9600,-9600,0,0,0,0.000000,0.000000,0.000000,0.000000,0.000000,0.000000,0.000000,0.000000,0,0.000000,0.000000,0.000000,0.000000,0.000000,0.000000,0.000000,0.000000,0.000000,0.000000,0.000000,0.000000,0.000000,0.000000,0.000000,0.000000,0.000000,0.000000,0.000000,0.000000,0.000000,0.000000,0.000000,0.000000,0.000000,0.000000,0.000000,0.000000,0.000000,0.000000,0.000000,0.000000,0,0,0,0,0,0,0,0,0,0,0,0,0,66,0,0
10.885734,9770,13,0,0,2,60,0,0,0,0,0,0,-0.000047,-0.000000,-0.034812,-0.004902,-0.000000,0.035494,0.000938,0.000000,1.570796,0.227498,0.000000,0.000000,-9600,-9600,-9600,-9600,0,0,0,0.000000,0.000000,0.000000,0.000000,0.000000,0.000000,0.000000,0.000000,0,0.000000,0.000000,0.000000,0.000000,0.000000,0.000000,0.000000,0.000000,0.000000,0.000000,0.000000,0.000000,0.000000,0.000000,0.000000,0.000000,0.000000,0.000000,0.000000,0.000000,0.000000,0.000000,0.000000,0.000000,0.000000,0.000000,0.000000,0.000000,0.000000,0.000000,0.000000,0.000000,0,0,0,0,0,0,0,0,0,0,0,0,0,66,0,0
10.895504,9770,13,0,0,2,60,0,0,0,0,0,0,-0.000047,-0.000000,-0.034812,-0.004902,-0.000000,0.035494,0.000938,0.000000,1.570796,0.227498,0.000000,0.000000,-9600,-9600,-9600,-9600,0,0,0,0.000000,0.000000,0.000000,0.000000,0.000000,0.000000,0.000000,0.000000,0,0.000000,0.000000,0.000000,0.000000,0.000000,0.000000,0.000000,0.000000,0.000000,0.000000,0.000000,0.000000,0.000000,0.000000,0.000000,0.000000,0.000000,0.000000,0.000000,0.000000,0.000000,0.000000,0.000000,0.000000,0.000000,0.000000,0.000000,0.000000,0.000000,0.000000,0.000000,0.000000,0,0,0,0,0,0,0,0,0,0,0,0,0,66,0,0
10.905274,9770,13,0,0,2,60,0,0,0,0,0,0,-0.000047,-0.000000,-0.034812,-0.004902,-0.000000,0.035494,0.000938,0.000000,1.570796,0.227498,0.000000,0.000000,-9600,-9600,-9600,-9600,0,0,0,0.000000,0.000000,0.000000,0.000000,0.000000,0.000000,0.000000,0.000000,0,0.000000,0.000000,0.000000,0.000000,0.000000,0.000000,0.000000,0.000000,0.000000,0.000000,0.000000,0.000000,0.000000,0.000000,0.000000,0.000000,0.000000,0.000000,0.000000,0.000000,0.000000,0.000000,0.000000,0.000000,0.000000,0.000000,0.000000,0.000000,0.000000,0.000000,0.000000,0.000000,0,0,0,0,0,0,0,0,0,0,0,0,0,66,0,0
10.915044,9770,13,0,0,2,60,0,0,0,0,0,0,-0.000047,-0.000000,-0.034812,-0.004902,-0.000000,0.035494,0.000938,0.000000,1.570796,0.227498,0.000000,0.000000,-9600,-9600,-9600,-9600,0,0,0,0.000000,0.000000,0.000000,0.000000,0.000000,0.000000,0.000000,0.000000,0,0.000000,0.000000,0.000000,0.000000,0.000000,0.000000,0.000000,0.000000,0.000000,0.000000,0.000000,0.000000,0.000000,0.000000,0.000000,0.000000,0.000000,0.000000,0.000000,0.000000,0.000000,0.000000,0.000000,0.000000,0.000000,0.000000,0.000000,0.000000,0.000000,0.000000,0.000000,0.000000,0,0,0,0,0,0,0,0,0,0,0,0,0,66,0,0
10.924814,9770,13,0,0,2,60,0,0,0,0,0,0,-0.000047,-0.000000,-0.034812,-0.004902,-0.000000,0.035494,0.000938,0.000000,1.570796,0.227498,0.000000,0.000000,-9600,-9600,-9600,-9600,0,0,0,0.000000,0.000000,0.000000,0.000000,0.000000,0.000000,0.000000,0.000000,0,0.000000,0.000000,0.000000,0.000000,0.000000,0.000000,0.000000,0.000000,0.000000,0.000000,0.000000,0.000000,0.000000,0.000000,0.000000,0.000000,0.000000,0.000000,0.000000,0.000000,0.000000,0.000000,0.000000,0.000000,0.000000,0.000000,0.000000,0.000000,0.000000,0.000000,0.000000,0.000000,0,0,0,0,0,0,0,0,0,0,0,0,0,66,0,0
10.934584,9770,13,0,0,2,60,0,0,0,0,0,0,-0.000047,-0.000000,-0.034812,-0.004902,-0.000000,0.035494,0.000938,0.000000,1.570796,0.227498,0.000000,0.000000,-9600,-9600,-9600,-9600,0,0,0,0.000000,0.000000,0.000000,0.000000,0.000000,0.000000,0.000000,0.000000,0,0.000000,0.000000,0.000000,0.000000,0.000000,0.000000,0.000000,0.000000,0.000000,0.000000,0.000000,0.000000,0.000000,0.000000,0.000000,0.000000,0.000000,0.000000,0.000000,0.000000,0.000000,0.000000,0.000000,0.000000,0.000000,0.000000,0.000000,0.000000,0.000000,0.000000,0.000000,0.000000,0,0,0,0,0,0,0,0,0,0,0,0,0,66,0,0
10.944354,9770,13,0,0,2,60,0,0,0,0,0,0,-0.000047,-0.000000,-0.034812,-0.004902,-0.000000,0.035494,0.000938,0.000000,1.570796,0.227498,0.000000,0.000000,-9600,-9600,-9600,-9600,0,0,0,0.000000,0.000000,0.000000,0.000000,0.000000,0.000000,0.000000,0.000000,0,0.000000,0.000000,0.000000,0.000000,0.000000,0.000000,0.000000,0.000000,0.000000,0.000000,0.000000,0.000000,0.000000,0.000000,0.000000,0.000000,0.000000,0.000000,0.000000,0.000000,0.000000,0.000000,0.000000,0.000000,0.000000,0.000000,0.000000,0.000000,0.000000,0.000000,0.000000,0.000000,0,0,0,0,0,0,0,0,0,0,0,0,0,66,0,0
10.954124,9770,13,0,0,2,60,0,0,0,0,0,0,-0.000047,-0.000000,-0.034812,-0.004902,-0.000000,0.035494,0.000938,0.000000,1.570796,0.227498,0.000000,0.000000,-9600,-9600,-9600,-9600,0,0,0,0.000000,0.000000,0.000000,0.000000,0.000000,0.000000,0.000000,0.000000,0,0.000000,0.000000,0.000000,0.000000,0.000000,0.000000,0.000000,0.000000,0.000000,0.000000,0.000000,0.000000,0.000000,0.000000,0.000000,0.000000,0.000000,0.000000,0.000000,0.000000,0.000000,0.000000,0.000000,0.000000,0.000000,0.000000,0.000000,0.000000,0.000000,0.000000,0.000000,0.000000,0,0,0,0,0,0,0,0,0,0,0,0,0,66,0,0
10.963894,9770,13,0,0,2,60,0,0,0,0,0,0,-0.000047,-0.000000,-0.034812,-0.004902,-0.000000,0.035494,0.000938,0.000000,1.570796,0.227498,0.000000,0.000000,-9600,-9600,-9600,-9600,0,0,0,0.000000,0.000000,0.000000,0.000000,0.000000,0.000000,0.000000,0.000000,0,0.000000,0.000000,0.000000,0.000000,0.000000,0.000000,0.000000,0.000000,0.000000,0.000000,0.000000,0.000000,0.000000,0.000000,0.000000,0.000000,0.000000,0.000000,0.000000,0.000000,0.000000,0.000000,0.000000,0.000000,0.000000,0.000000,0.000000,0.000000,0.000000,0.000000,0.000000,0.000000,0,0,0,0,0,0,0,0,0,0,0,0,0,66,0,0
10.973664,9770,13,0,0,2,60,0,0,0,0,0,0,-0.000047,-0.000000,-0.034812,-0.004902,-0.000000,0.035494,0.000938,0.000000,1.570796,0.227498,0.000000,0.000000,-9600,-9600,-9600,-9600,0,0,0,0.000000,0.000000,0.000000,0.000000,0.000000,0.000000,0.000000,0.000000,0,0.000000,0.000000,0.000000,0.000000,0.000000,0.000000,0.000000,0.000000,0.000000,0.000000,0.000000,0.000000,0.000000,0.000000,0.000000,0.000000,0.000000,0.000000,0.000000,0.000000,0.000000,0.000000,0.000000,0.000000,0.000000,0.000000,0.000000,0.000000,0.000000,0.000000,0.000000,0.000000,0,0,0,0,0,0,0,0,0,0,0,0,0,66,0,0
10.983434,9770,13,0,0,2,60,0,0,0,0,0,0,-0.000047,-0.000000,-0.034812,-0.004902,-0.000000,0.035494,0.000938,0.000000,1.570796,0.227498,0.000000,0.000000,-9600,-9600,-9600,-9600,0,0,0,0.000000,0.000000,0.000000,0.000000,0.000000,0.000000,0.000000,0.000000,0,0.000000,0.000000,0.000000,0.000000,0.000000,0.000000,0.000000,0.000000,0.000000,0.000000,0.000000,0.000000,0.000000,0.000000,0.000000,0.000000,0.000000,0.000000,0.000000,0.000000,0.000000,0.000000,0.000000,0.000000,0.000000,0.000000,0.000000,0.000000,0.000000,0.000000,0.000000,0.000000,0,0,0,0,0,0,0,0,0,0,0,0,0,66,0,0
10.993204,9770,13,0,0,2,60,0,0,0,0,0,0,-0.000047,-0.000000,-0.034812,-0.004902,-0.000000,0.035494,0.000938,0.000000,1.570796,0.227498,0.000000,0.000000,-9600,-9600,-9600,-9600,0,0,0,0.000000,0.000000,0.000000,0.000000,0.000000,0.000000,0.000000,0.000000,0,0.000000,0.000000,0.000000,0.000000,0.000000,0.000000,0.000000,0.000000,0.000000,0.000000,0.000000,0.000000,0.000000,0.000000,0.000000,0.000000,0.000000,0.000000,0.000000,0.000000,0.000000,0.000000,0.000000,0.000000,0.000000,0.000000,0.000000,0.000000,0.000000,0.000000,0.000000,0.000000,0,0,0,0,0,0,0,0,0,0,0,0,0,66,0,0
11.002974,9770,13,0,0,2,60,0,0,0,0,0,0,-0.000047,-0.000000,-0.034812,-0.004902,-0.000000,0.035494,0.000938,0.000000,1.570796,0.227498,0.000000,0.000000,-9600,-9600,-9600,-9600,0,0,0,0.000000,0.000000,0.000000,0.000000,0.000000,0.000000,0.000000,0.000000,0,0.000000,0.000000,0.000000,0.000000,0.000000,0.000000,0.000000,0.000000,0.000000,0.000000,0.000000,0.000000,0.000000,0.000000,0.000000,0.000000,0.000000,0.000000,0.000000,0.000000,0.000000,0.000000,0.000000,0.000000,0.000000,0.000000,0.000000,0.000000,0.000000,0.000000,0.000000,0.000000,0,0,0,0,0,0,0,0,0,0,0,0,0,66,0,0
11.012744,9770,13,0,0,2,60,0,0,0,0,0,0,-0.000047,-0.000000,-0.034812,-0.004902,-0.000000,0.035494,0.000938,0.000000,1.570796,0.227498,0.000000,0.000000,-9600,-9600,-9600,-9600,0,0,0,0.000000,0.000000,0.000000,0.000000,0.000000,0.000000,0.000000,0.000000,0,0.000000,0.000000,0.000000,0.000000,0.000000,0.000000,0.000000,0.000000,0.000000,0.000000,0.000000,0.000000,0.000000,0.000000,0.000000,0.000000,0.000000,0.000000,0.000000,0.000000,0.000000,0.000000,0.000000,0.000000,0.000000,0.000000,0.000000,0.000000,0.000000,0.000000,0.000000,0.000000,0,0,0,0,0,0,0,0,0,0,0,0,0,66,0,0
11.022514,9770,13,0,0,2,60,0,0,0,0,0,0,-0.000047,-0.000000,-0.034812,-0.004902,-0.000000,0.035494,0.000938,0.000000,1.570796,0.227498,0.000000,0.000000,-9600,-9600,-9600,-9600,0,0,0,0.000000,0.000000,0.000000,0.000000,0.000000,0.000000,0.000000,0.000000,0,0.000000,0.000000,0.000000,0.000000,0.000000,0.000000,0.000000,0.000000,0.000000,0.000000,0.000000,0.000000,0.000000,0.000000,0.000000,0.000000,0.000000,0.000000,0.000000,0.000000,0.000000,0.000000,0.000000,0.000000,0.000000,0.000000,0.000000,0.000000,0.000000,0.000000,0.000000,0.000000,0,0,0,0,0,0,0,0,0,0,0,0,0,66,0,0
11.032284,9770,13,0,0,2,60,0,0,0,0,0,0,-0.000047,-0.000000,-0.034812,-0.004902,-0.000000,0.035494,0.000938,0.000000,1.570796,0.227498,0.000000,0.000000,-9600,-9600,-9600,-9600,0,0,0,0.000000,0.000000,0.000000,0.000000,0.000000,0.000000,0.000000,0.000000,0,0.000000,0.000000,0.000000,0.000000,0.000000,0.000000,0.000000,0.000000,0.000000,0.000000,0.000000,0.000000,0.000000,0.000000,0.000000,0.000000,0.000000,0.000000,0.000000,0.000000,0.000000,0.000000,0.000000,0.000000,0.000000,0.000000,0.000000,0.000000,0.000000,0.000000,0.000000,0.000000,0,0,0,0,0,0,0,0,0,0,0,0,0,66,0,0
11.042054,9770,13,0,0,2,60,0,0,0,0,0,0,-0.000047,-0.000000,-0.034812,-0.004902,-0.000000,0.035494,0.000938,0.000000,1.570796,0.227498,0.000000,0.000000,-9600,-9600,-9600,-9600,0,0,0,0.000000,0.000000,0.000000,0.000000,0.000000,0.000000,0.000000,0.000000,0,0.000000,0.000000,0.000000,0.000000,0.000000,0.000000,0.000000,0.000000,0.000000,0.000000,0.000000,0.000000,0.000000,0.000000,0.000000,0.000000,0.000000,0.000000,0.000000,0.000000,0.000000,0.000000,0.000000,0.000000,0.000000,0.000000,0.000000,0.000000,0.000000,0.000000,0.000000,0.000000,0,0,0,0,0,0,0,0,0,0,0,0,0,66,0,0
11.051824,9770,13,0,0,2,60,0,0,0,0,0,0,-0.000047,-0.000000,-0.034812,-0.004902,-0.000000,0.035494,0.000938,0.000000,1.570796,0.227498,0.000000,0.000000,-9600,-9600,-9600,-9600,0,0,0,0.000000,0.000000,0.000000,0.000000,0.000000,0.000000,0.000000,0.000000,0,0.000000,0.000000,0.000000,0.000000,0.000000,0.000000,0.000000,0.000000,0.000000,0.000000,0.000000,0.000000,0.000000,0.000000,0.000000,0.000000,0.000000,0.000000,0.000000,0.000000,0.000000,0.000000,0.000000,0.000000,0.000000,0.000000,0.000000,0.000000,0.000000,0.000000,0.000000,0.000000,0,0,0,0,0,0,0,0,0,0,0,0,0,66,0,0
11.061594,9770,13,0,0,2,60,0,0,0,0,0,0,-0.000047,-0.000000,-0.034812,-0.004902,-0.000000,0.035494,0.000938,0.000000,1.570796,0.227498,0.000000,0.000000,-9600,-9600,-9600,-9600,0,0,0,0.000000,0.000000,0.000000,0.000000,0.000000,0.000000,0.000000,0.000000,0,0.000000,0.000000,0.000000,0.000000,0.000000,0.000000,0.000000,0.000000,0.000000,0.000000,0.000000,0.000000,0.000000,0.000000,0.000000,0.000000,0.000000,0.000000,0.000000,0.000000,0.000000,0.000000,0.000000,0.000000,0.000000,0.000000,0.000000,0.000000,0.000000,0.000000,0.000000,0.000000,0,0,0,0,0,0,0,0,0,0,0,0,0,66,0,0
11.071364,9770,13,0,0,2,60,0,0,0,0,0,0,-0.000047,-0.000000,-0.034812,-0.004902,-0.000000,0.035494,0.000938,0.000000,1.570796,0.227498,0.000000,0.000000,-9600,-9600,-9600,-9600,0,0,0,0.000000,0.000000,0.000000,0.000000,0.000000,0.000000,0.000000,0.000000,0,0.000000,0.000000,0.000000,0.000000,0.000000,0.000000,0.000000,0.000000,0.000000,0.000000,0.000000,0.000000,0.000000,0.000000,0.000000,0.000000,0.000000,0.000000,0.000000,0.000000,0.000000,0.000000,0.000000,0.000000,0.000000,0.000000,0.000000,0.000000,0.000000,0.000000,0.000000,0.000000,0,0,0,0,0,0,0,0,0,0,0,0,0,66,0,0
11.081134,9770,13,0,0,2,60,0,0,0,0,0,0,-0.000047,-0.000000,-0.034812,-0.004902,-0.000000,0.035494,0.000938,0.000000,1.570796,0.227498,0.000000,0.000000,-9600,-9600,-9600,-9600,0,0,0,0.000000,0.000000,0.000000,0.000000,0.000000,0.000000,0.000000,0.000000,0,0.000000,0.000000,0.000000,0.000000,0.000000,0.000000,0.000000,0.000000,0.000000,0.000000,0.000000,0.000000,0.000000,0.000000,0.000000,0.000000,0.000000,0.000000,0.000000,0.000000,0.000000,0.000000,0.000000,0.000000,0.000000,0.000000,0.000000,0.000000,0.000000,0.000000,0.000000,0.000000,0,0,0,0,0,0,0,0,0,0,0,0,0,66,0,0
11.090904,9770,13,0,0,2,60,0,0,0,0,0,0,-0.000047,-0.000000,-0.034812,-0.004902,-0.000000,0.035494,0.000938,0.000000,1.570796,0.227498,0.000000,0.000000,-9600,-9600,-9600,-9600,0,0,0,0.000000,0.000000,0.000000,0.000000,0.000000,0.000000,0.000000,0.000000,0,0.000000,0.000000,0.000000,0.000000,0.000000,0.000000,0.000000,0.000000,0.000000,0.000000,0.000000,0.000000,0.000000,0.000000,0.000000,0.000000,0.000000,0.000000,0.000000,0.000000,0.000000,0.000000,0.000000,0.000000,0.000000,0.000000,0.000000,0.000000,0.000000,0.000000,0.000000,0.000000,0,0,0,0,0,0,0,0,0,0,0,0,0,66,0,0
11.100674,9770,13,0,0,2,60,0,0,0,0,0,0,-0.000047,-0.000000,-0.034812,-0.004902,-0.000000,0.035494,0.000938,0.000000,1.570796,0.227498,0.000000,0.000000,-9600,-9600,-9600,-9600,0,0,0,0.000000,0.000000,0.000000,0.000000,0.000000,0.000000,0.000000,0.000000,0,0.000000,0.000000,0.000000,0.000000,0.000000,0.000000,0.000000,0.000000,0.000000,0.000000,0.000000,0.000000,0.000000,0.000000,0.000000,0.000000,0.000000,0.000000,0.000000,0.000000,0.000000,0.000000,0.000000,0.000000,0.000000,0.000000,0.000000,0.000000,0.000000,0.000000,0.000000,0.000000,0,0,0,0,0,0,0,0,0,0,0,0,0,66,0,0
11.110444,9770,13,0,0,2,60,0,0,0,0,0,0,-0.000047,-0.000000,-0.034812,-0.004902,-0.000000,0.035494,0.000938,0.000000,1.570796,0.227498,0.000000,0.000000,-9600,-9600,-9600,-9600,0,0,0,0.000000,0.000000,0.000000,0.000000,0.000000,0.000000,0.000000,0.000000,0,0.000000,0.000000,0.000000,0.000000,0.000000,0.000000,0.000000,0.000000,0.000000,0.000000,0.000000,0.000000,0.000000,0.000000,0.000000,0.000000,0.000000,0.000000,0.000000,0.000000,0.000000,0.000000,0.000000,0.000000,0.000000,0.000000,0.000000,0.000000,0.000000,0.000000,0.000000,0.000000,0,0,0,0,0,0,0,0,0,0,0,0,0,66,0,0
11.120214,9770,13,0,0,2,60,0,0,0,0,0,0,-0.000047,-0.000000,-0.034812,-0.004902,-0.000000,0.035494,0.000938,0.000000,1.570796,0.227498,0.000000,0.000000,-9600,-9600,-9600,-9600,0,0,0,0.000000,0.000000,0.000000,0.000000,0.000000,0.000000,0.000000,0.000000,0,0.000000,0.000000,0.000000,0.000000,0.000000,0.000000,0.000000,0.000000,0.000000,0.000000,0.000000,0.000000,0.000000,0.000000,0.000000,0.000000,0.000000,0.000000,0.000000,0.000000,0.000000,0.000000,0.000000,0.000000,0.000000,0.000000,0.000000,0.000000,0.000000,0.000000,0.000000,0.000000,0,0,0,0,0,0,0,0,0,0,0,0,0,66,0,0
11.129984,9770,13,0,0,2,60,0,0,0,0,0,0,-0.000047,-0.000000,-0.034812,-0.004902,-0.000000,0.035494,0.000938,0.000000,1.570796,0.227498,0.000000,0.000000,-9600,-9600,-9600,-9600,0,0,0,0.000000,0.000000,0.000000,0.000000,0.000000,0.000000,0.000000,0.000000,0,0.000000,0.000000,0.000000,0.000000,0.000000,0.000000,0.000000,0.000000,0.000000,0.000000,0.000000,0.000000,0.000000,0.000000,0.000000,0.000000,0.000000,0.000000,0.000000,0.000000,0.000000,0.000000,0.000000,0.000000,0.000000,0.000000,0.000000,0.000000,0.000000,0.000000,0.000000,0.000000,0,0,0,0,0,0,0,0,0,0,0,0,0,66,0,0
11.139754,9770,13,0,0,2,60,0,0,0,0,0,0,-0.000047,-0.000000,-0.034812,-0.004902,-0.000000,0.035494,0.000938,0.000000,1.570796,0.227498,0.000000,0.000000,-9600,-9600,-9600,-9600,0,0,0,0.000000,0.000000,0.000000,0.000000,0.000000,0.000000,0.000000,0.000000,0,0.000000,0.000000,0.000000,0.000000,0.000000,0.000000,0.000000,0.000000,0.000000,0.000000,0.000000,0.000000,0.000000,0.000000,0.000000,0.000000,0.000000,0.000000,0.000000,0.000000,0.000000,0.000000,0.000000,0.000000,0.000000,0.000000,0.000000,0.000000,0.000000,0.000000,0.000000,0.000000,0,0,0,0,0,0,0,0,0,0,0,0,0,66,0,0
11.149524,9770,13,0,0,2,60,0,0,0,0,0,0,-0.000047,-0.000000,-0.034812,-0.004902,-0.000000,0.035494,0.000938,0.000000,1.570796,0.227498,0.000000,0.000000,-9600,-9600,-9600,-9600,0,0,0,0.000000,0.000000,0.000000,0.000000,0.000000,0.000000,0.000000,0.000000,0,0.000000,0.000000,0.000000,0.000000,0.000000,0.000000,0.000000,0.000000,0.000000,0.000000,0.000000,0.000000,0.000000,0.000000,0.000000,0.000000,0.000000,0.000000,0.000000,0.000000,0.000000,0.000000,0.000000,0.000000,0.000000,0.000000,0.000000,0.000000,0.000000,0.000000,0.000000,0.000000,0,0,0,0,0,0,0,0,0,0,0,0,0,66,0,0
11.159294,9770,13,0,0,2,60,0,0,0,0,0,0,-0.000047,-0.000000,-0.034812,-0.004902,-0.000000,0.035494,0.000938,0.000000,1.570796,0.227498,0.000000,0.000000,-9600,-9600,-9600,-9600,0,0,0,0.000000,0.000000,0.000000,0.000000,0.000000,0.000000,0.000000,0.000000,0,0.000000,0.000000,0.000000,0.000000,0.000000,0.000000,0.000000,0.000000,0.000000,0.000000,0.000000,0.000000,0.000000,0.000000,0.000000,0.000000,0.000000,0.000000,0.000000,0.000000,0.000000,0.000000,0.000000,0.000000,0.000000,0.000000,0.000000,0.000000,0.000000,0.000000,0.000000,0.000000,0,0,0,0,0,0,0,0,0,0,0,0,0,66,0,0
11.169064,9770,13,0,0,2,60,0,0,0,0,0,0,-0.000047,-0.000000,-0.034812,-0.004902,-0.000000,0.035494,0.000938,0.000000,1.570796,0.227498,0.000000,0.000000,-9600,-9600,-9600,-9600,0,0,0,0.000000,0.000000,0.000000,0.000000,0.000000,0.000000,0.000000,0.000000,0,0.000000,0.000000,0.000000,0.000000,0.000000,0.000000,0.000000,0.000000,0.000000,0.000000,0.000000,0.000000,0.000000,0.000000,0.000000,0.000000,0.000000,0.000000,0.000000,0.000000,0.000000,0.000000,0.000000,0.000000,0.000000,0.000000,0.000000,0.000000,0.000000,0.000000,0.000000,0.000000,0,0,0,0,0,0,0,0,0,0,0,0,0,66,0,0
11.178834,9770,13,0,0,2,60,0,0,0,0,0,0,-0.000047,-0.000000,-0.034812,-0.004902,-0.000000,0.035494,0.000938,0.000000,1.570796,0.227498,0.000000,0.000000,-9600,-9600,-9600,-9600,0,0,0,0.000000,0.000000,0.000000,0.000000,0.000000,0.000000,0.000000,0.000000,0,0.000000,0.000000,0.000000,0.000000,0.000000,0.000000,0.000000,0.000000,0.000000,0.000000,0.000000,0.000000,0.000000,0.000000,0.000000,0.000000,0.000000,0.000000,0.000000,0.000000,0.000000,0.000000,0.000000,0.000000,0.000000,0.000000,0.000000,0.000000,0.000000,0.000000,0.000000,0.000000,0,0,0,0,0,0,0,0,0,0,0,0,0,66,0,0
11.188604,9770,13,0,0,2,60,0,0,0,0,0,0,-0.000047,-0.000000,-0.034812,-0.004902,-0.000000,0.035494,0.000938,0.000000,1.570796,0.227498,0.000000,0.000000,-9600,-9600,-9600,-9600,0,0,0,0.000000,0.000000,0.000000,0.000000,0.000000,0.000000,0.000000,0.000000,0,0.000000,0.000000,0.000000,0.000000,0.000000,0.000000,0.000000,0.000000,0.000000,0.000000,0.000000,0.000000,0.000000,0.000000,0.000000,0.000000,0.000000,0.000000,0.000000,0.000000,0.000000,0.000000,0.000000,0.000000,0.000000,0.000000,0.000000,0.000000,0.000000,0.000000,0.000000,0.000000,0,0,0,0,0,0,0,0,0,0,0,0,0,66,0,0
11.198374,9770,13,0,0,2,60,0,0,0,0,0,0,-0.000047,-0.000000,-0.034812,-0.004902,-0.000000,0.035494,0.000938,0.000000,1.570796,0.227498,0.000000,0.000000,-9600,-9600,-9600,-9600,0,0,0,0.000000,0.000000,0.000000,0.000000,0.000000,0.000000,0.000000,0.000000,0,0.000000,0.000000,0.000000,0.000000,0.000000,0.000000,0.000000,0.000000,0.000000,0.000000,0.000000,0.000000,0.000000,0.000000,0.000000,0.000000,0.000000,0.000000,0.000000,0.000000,0.000000,0.000000,0.000000,0.000000,0.000000,0.000000,0.000000,0.000000,0.000000,0.000000,0.000000,0.000000,0,0,0,0,0,0,0,0,0,0,0,0,0,66,0,0
11.208144,9770,13,0,0,2,60,0,0,0,0,0,0,-0.000047,-0.000000,-0.034812,-0.004902,-0.000000,0.035494,0.000938,0.000000,1.570796,0.227498,0.000000,0.000000,-9600,-9600,-9600,-9600,0,0,0,0.000000,0.000000,0.000000,0.000000,0.000000,0.000000,0.000000,0.000000,0,0.000000,0.000000,0.000000,0.000000,0.000000,0.000000,0.000000,0.000000,0.000000,0.000000,0.000000,0.000000,0.000000,0.000000,0.000000,0.000000,0.000000,0.000000,0.000000,0.000000,0.000000,0.000000,0.000000,0.000000,0.000000,0.000000,0.000000,0.000000,0.000000,0.000000,0.000000,0.000000,0,0,0,0,0,0,0,0,0,0,0,0,0,66,0,0
11.217914,9770,13,0,0,2,60,0,0,0,0,0,0,-0.000047,-0.000000,-0.034812,-0.004902,-0.000000,0.035494,0.000938,0.000000,1.570796,0.227498,0.000000,0.000000,-9600,-9600,-9600,-9600,0,0,0,0.000000,0.000000,0.000000,0.000000,0.000000,0.000000,0.000000,0.000000,0,0.000000,0.000000,0.000000,0.000000,0.000000,0.000000,0.000000,0.000000,0.000000,0.000000,0.000000,0.000000,0.000000,0.000000,0.000000,0.000000,0.000000,0.000000,0.000000,0.000000,0.000000,0.000000,0.000000,0.000000,0.000000,0.000000,0.000000,0.000000,0.000000,0.000000,0.000000,0.000000,0,0,0,0,0,0,0,0,0,0,0,0,0,66,0,0
11.227684,9770,13,0,0,2,60,0,0,0,0,0,0,-0.000048,-0.000000,-0.034812,-0.004902,-0.000000,0.035494,0.000938,0.000000,1.570796,0.227498,0.000000,0.000000,-9600,-9600,-9600,-9600,0,0,0,0.000000,0.000000,0.000000,0.000000,0.000000,0.000000,0.000000,0.000000,0,0.000000,0.000000,0.000000,0.000000,0.000000,0.000000,0.000000,0.000000,0.000000,0.000000,0.000000,0.000000,0.000000,0.000000,0.000000,0.000000,0.000000,0.000000,0.000000,0.000000,0.000000,0.000000,0.000000,0.000000,0.000000,0.000000,0.000000,0.000000,0.000000,0.000000,0.000000,0.000000,0,0,0,0,0,0,0,0,0,0,0,0,0,66,0,0
11.237454,9770,13,0,0,2,60,0,0,0,0,0,0,-0.000048,-0.000000,-0.034812,-0.004902,-0.000000,0.035494,0.000938,0.000000,1.570796,0.227498,0.000000,0.000000,-9600,-9600,-9600,-9600,0,0,0,0.000000,0.000000,0.000000,0.000000,0.000000,0.000000,0.000000,0.000000,0,0.000000,0.000000,0.000000,0.000000,0.000000,0.000000,0.000000,0.000000,0.000000,0.000000,0.000000,0.000000,0.000000,0.000000,0.000000,0.000000,0.000000,0.000000,0.000000,0.000000,0.000000,0.000000,0.000000,0.000000,0.000000,0.000000,0.000000,0.000000,0.000000,0.000000,0.000000,0.000000,0,0,0,0,0,0,0,0,0,0,0,0,0,66,0,0
11.247224,9770,13,0,0,2,60,0,0,0,0,0,0,-0.000048,-0.000000,-0.034812,-0.004902,-0.000000,0.035494,0.000938,0.000000,1.570796,0.227498,0.000000,0.000000,-9600,-9600,-9600,-9600,0,0,0,0.000000,0.000000,0.000000,0.000000,0.000000,0.000000,0.000000,0.000000,0,0.000000,0.000000,0.000000,0.000000,0.000000,0.000000,0.000000,0.000000,0.000000,0.000000,0.000000,0.000000,0.000000,0.000000,0.000000,0.000000,0.000000,0.000000,0.000000,0.000000,0.000000,0.000000,0.000000,0.000000,0.000000,0.000000,0.000000,0.000000,0.000000,0.000000,0.000000,0.000000,0,0,0,0,0,0,0,0,0,0,0,0,0,66,0,0
11.256994,9770,13,0,0,2,60,0,0,0,0,0,0,-0.000048,-0.000000,-0.034812,-0.004902,-0.000000,0.035494,0.000938,0.000000,1.570796,0.227498,0.000000,0.000000,-9600,-9600,-9600,-9600,0,0,0,0.000000,0.000000,0.000000,0.000000,0.000000,0.000000,0.000000,0.000000,0,0.000000,0.000000,0.000000,0.000000,0.000000,0.000000,0.000000,0.000000,0.000000,0.000000,0.000000,0.000000,0.000000,0.000000,0.000000,0.000000,0.000000,0.000000,0.000000,0.000000,0.000000,0.000000,0.000000,0.000000,0.000000,0.000000,0.000000,0.000000,0.000000,0.000000,0.000000,0.000000,0,0,0,0,0,0,0,0,0,0,0,0,0,66,0,0
11.266764,9770,13,0,0,2,60,0,0,0,0,0,0,-0.000048,-0.000000,-0.034812,-0.004902,-0.000000,0.035494,0.000938,0.000000,1.570796,0.227498,0.000000,0.000000,-9600,-9600,-9600,-9600,0,0,0,0.000000,0.000000,0.000000,0.000000,0.000000,0.000000,0.000000,0.000000,0,0.000000,0.000000,0.000000,0.000000,0.000000,0.000000,0.000000,0.000000,0.000000,0.000000,0.000000,0.000000,0.000000,0.000000,0.000000,0.000000,0.000000,0.000000,0.000000,0.000000,0.000000,0.000000,0.000000,0.000000,0.000000,0.000000,0.000000,0.000000,0.000000,0.000000,0.000000,0.000000,0,0,0,0,0,0,0,0,0,0,0,0,0,66,0,0
11.276534,9770,13,0,0,2,60,0,0,0,0,0,0,-0.000048,-0.000000,-0.034812,-0.004902,-0.000000,0.035494,0.000938,0.000000,1.570796,0.227498,0.000000,0.000000,-9600,-9600,-9600,-9600,0,0,0,0.000000,0.000000,0.000000,0.000000,0.000000,0.000000,0.000000,0.000000,0,0.000000,0.000000,0.000000,0.000000,0.000000,0.000000,0.000000,0.000000,0.000000,0.000000,0.000000,0.000000,0.000000,0.000000,0.000000,0.000000,0.000000,0.000000,0.000000,0.000000,0.000000,0.000000,0.000000,0.000000,0.000000,0.000000,0.000000,0.000000,0.000000,0.000000,0.000000,0.000000,0,0,0,0,0,0,0,0,0,0,0,0,0,66,0,0
11.286304,9770,13,0,0,2,60,0,0,0,0,0,0,-0.000048,-0.000000,-0.034812,-0.004902,-0.000000,0.035494,0.000938,0.000000,1.570796,0.227498,0.000000,0.000000,-9600,-9600,-9600,-9600,0,0,0,0.000000,0.000000,0.000000,0.000000,0.000000,0.000000,0.000000,0.000000,0,0.000000,0.000000,0.000000,0.000000,0.000000,0.000000,0.000000,0.000000,0.000000,0.000000,0.000000,0.000000,0.000000,0.000000,0.000000,0.000000,0.000000,0.000000,0.000000,0.000000,0.000000,0.000000,0.000000,0.000000,0.000000,0.000000,0.000000,0.000000,0.000000,0.000000,0.000000,0.000000,0,0,0,0,0,0,0,0,0,0,0,0,0,66,0,0
11.296074,9770,13,0,0,2,60,0,0,0,0,0,0,-0.000048,-0.000000,-0.034812,-0.004902,-0.000000,0.035494,0.000938,0.000000,1.570796,0.227498,0.000000,0.000000,-9600,-9600,-9600,-9600,0,0,0,0.000000,0.000000,0.000000,0.000000,0.000000,0.000000,0.000000,0.000000,0,0.000000,0.000000,0.000000,0.000000,0.000000,0.000000,0.000000,0.000000,0.000000,0.000000,0.000000,0.000000,0.000000,0.000000,0.000000,0.000000,0.000000,0.000000,0.000000,0.000000,0.000000,0.000000,0.000000,0.000000,0.000000,0.000000,0.000000,0.000000,0.000000,0.000000,0.000000,0.000000,0,0,0,0,0,0,0,0,0,0,0,0,0,66,0,0
11.305844,9770,13,0,0,2,60,0,0,0,0,0,0,-0.000048,-0.000000,-0.034812,-0.004902,-0.000000,0.035494,0.000938,0.000000,1.570796,0.227498,0.000000,0.000000,-9600,-9600,-9600,-9600,0,0,0,0.000000,0.000000,0.000000,0.000000,0.000000,0.000000,0.000000,0.000000,0,0.000000,0.000000,0.000000,0.000000,0.000000,0.000000,0.000000,0.000000,0.000000,0.000000,0.000000,0.000000,0.000000,0.000000,0.000000,0.000000,0.000000,0.000000,0.000000,0.000000,0.000000,0.000000,0.000000,0.000000,0.000000,0.000000,0.000000,0.000000,0.000000,0.000000,0.000000,0.000000,0,0,0,0,0,0,0,0,0,0,0,0,0,66,0,0
11.315614,9770,13,0,0,2,60,0,0,0,0,0,0,-0.000048,-0.000000,-0.034812,-0.004902,-0.000000,0.035494,0.000938,0.000000,1.570796,0.227498,0.000000,0.000000,-9600,-9600,-9600,-9600,0,0,0,0.000000,0.000000,0.000000,0.000000,0.000000,0.000000,0.000000,0.000000,0,0.000000,0.000000,0.000000,0.000000,0.000000,0.000000,0.000000,0.000000,0.000000,0.000000,0.000000,0.000000,0.000000,0.000000,0.000000,0.000000,0.000000,0.000000,0.000000,0.000000,0.000000,0.000000,0.000000,0.000000,0.000000,0.000000,0.000000,0.000000,0.000000,0.000000,0.000000,0.000000,0,0,0,0,0,0,0,0,0,0,0,0,0,66,0,0
11.325384,9770,13,0,0,2,60,0,0,0,0,0,0,-0.000048,-0.000000,-0.034812,-0.004902,-0.000000,0.035494,0.000938,0.000000,1.570796,0.227498,0.000000,0.000000,-9600,-9600,-9600,-9600,0,0,0,0.000000,0.000000,0.000000,0.000000,0.000000,0.000000,0.000000,0.000000,0,0.000000,0.000000,0.000000,0.000000,0.000000,0.000000,0.000000,0.000000,0.000000,0.000000,0.000000,0.000000,0.000000,0.000000,0.000000,0.000000,0.000000,0.000000,0.000000,0.000000,0.000000,0.000000,0.000000,0.000000,0.000000,0.000000,0.000000,0.000000,0.000000,0.000000,0.000000,0.000000,0,0,0,0,0,0,0,0,0,0,0,0,0,66,0,0
11.335154,9770,13,0,0,2,60,0,0,0,0,0,0,-0.000048,-0.000000,-0.034812,-0.004902,-0.000000,0.035494,0.000938,0.000000,1.570796,0.227498,0.000000,0.000000,-9600,-9600,-9600,-9600,0,0,0,0.000000,0.000000,0.000000,0.000000,0.000000,0.000000,0.000000,0.000000,0,0.000000,0.000000,0.000000,0.000000,0.000000,0.000000,0.000000,0.000000,0.000000,0.000000,0.000000,0.000000,0.000000,0.000000,0.000000,0.000000,0.000000,0.000000,0.000000,0.000000,0.000000,0.000000,0.000000,0.000000,0.000000,0.000000,0.000000,0.000000,0.000000,0.000000,0.000000,0.000000,0,0,0,0,0,0,0,0,0,0,0,0,0,66,0,0
11.344924,9770,13,0,0,2,60,0,0,0,0,0,0,-0.000048,-0.000000,-0.034812,-0.004902,-0.000000,0.035494,0.000938,0.000000,1.570796,0.227498,0.000000,0.000000,-9600,-9600,-9600,-9600,0,0,0,0.000000,0.000000,0.000000,0.000000,0.000000,0.000000,0.000000,0.000000,0,0.000000,0.000000,0.000000,0.000000,0.000000,0.000000,0.000000,0.000000,0.000000,0.000000,0.000000,0.000000,0.000000,0.000000,0.000000,0.000000,0.000000,0.000000,0.000000,0.000000,0.000000,0.000000,0.000000,0.000000,0.000000,0.000000,0.000000,0.000000,0.000000,0.000000,0.000000,0.000000,0,0,0,0,0,0,0,0,0,0,0,0,0,66,0,0
11.354694,9770,13,0,0,2,60,0,0,0,0,0,0,-0.000048,-0.000000,-0.034812,-0.004902,-0.000000,0.035494,0.000938,0.000000,1.570796,0.227498,0.000000,0.000000,-9600,-9600,-9600,-9600,0,0,0,0.000000,0.000000,0.000000,0.000000,0.000000,0.000000,0.000000,0.000000,0,0.000000,0.000000,0.000000,0.000000,0.000000,0.000000,0.000000,0.000000,0.000000,0.000000,0.000000,0.000000,0.000000,0.000000,0.000000,0.000000,0.000000,0.000000,0.000000,0.000000,0.000000,0.000000,0.000000,0.000000,0.000000,0.000000,0.000000,0.000000,0.000000,0.000000,0.000000,0.000000,0,0,0,0,0,0,0,0,0,0,0,0,0,66,0,0
11.364464,9770,13,0,0,2,60,0,0,0,0,0,0,-0.000048,-0.000000,-0.034812,-0.004902,-0.000000,0.035494,0.000938,0.000000,1.570796,0.227498,0.000000,0.000000,-9600,-9600,-9600,-9600,0,0,0,0.000000,0.000000,0.000000,0.000000,0.000000,0.000000,0.000000,0.000000,0,0.000000,0.000000,0.000000,0.000000,0.000000,0.000000,0.000000,0.000000,0.000000,0.000000,0.000000,0.000000,0.000000,0.000000,0.000000,0.000000,0.000000,0.000000,0.000000,0.000000,0.000000,0.000000,0.000000,0.000000,0.000000,0.000000,0.000000,0.000000,0.000000,0.000000,0.000000,0.000000,0,0,0,0,0,0,0,0,0,0,0,0,0,66,0,0
11.374234,9770,13,0,0,2,60,0,0,0,0,0,0,-0.000048,-0.000000,-0.034812,-0.004902,-0.000000,0.035494,0.000938,0.000000,1.570796,0.227498,0.000000,0.000000,-9600,-9600,-9600,-9600,0,0,0,0.000000,0.000000,0.000000,0.000000,0.000000,0.000000,0.000000,0.000000,0,0.000000,0.000000,0.000000,0.000000,0.000000,0.000000,0.000000,0.000000,0.000000,0.000000,0.000000,0.000000,0.000000,0.000000,0.000000,0.000000,0.000000,0.000000,0.000000,0.000000,0.000000,0.000000,0.000000,0.000000,0.000000,0.000000,0.000000,0.000000,0.000000,0.000000,0.000000,0.000000,0,0,0,0,0,0,0,0,0,0,0,0,0,66,0,0
11.384004,9770,13,0,0,2,60,0,0,0,0,0,0,-0.000048,-0.000000,-0.034812,-0.004902,-0.000000,0.035494,0.000938,0.000000,1.570796,0.227498,0.000000,0.000000,-9600,-9600,-9600,-9600,0,0,0,0.000000,0.000000,0.000000,0.000000,0.000000,0.000000,0.000000,0.000000,0,0.000000,0.000000,0.000000,0.000000,0.000000,0.000000,0.000000,0.000000,0.000000,0.000000,0.000000,0.000000,0.000000,0.000000,0.000000,0.000000,0.000000,0.000000,0.000000,0.000000,0.000000,0.000000,0.000000,0.000000,0.000000,0.000000,0.000000,0.000000,0.000000,0.000000,0.000000,0.000000,0,0,0,0,0,0,0,0,0,0,0,0,0,66,0,0
11.393774,9770,13,0,0,2,60,0,0,0,0,0,0,-0.000048,-0.000000,-0.034812,-0.004902,-0.000000,0.035494,0.000938,0.000000,1.570796,0.227498,0.000000,0.000000,-9600,-9600,-9600,-9600,0,0,0,0.000000,0.000000,0.000000,0.000000,0.000000,0.000000,0.000000,0.000000,0,0.000000,0.000000,0.000000,0.000000,0.000000,0.000000,0.000000,0.000000,0.000000,0.000000,0.000000,0.000000,0.000000,0.000000,0.000000,0.000000,0.000000,0.000000,0.000000,0.000000,0.000000,0.000000,0.000000,0.000000,0.000000,0.000000,0.000000,0.000000,0.000000,0.000000,0.000000,0.000000,0,0,0,0,0,0,0,0,0,0,0,0,0,66,0,0
11.403544,9770,13,0,0,2,60,0,0,0,0,0,0,-0.000048,-0.000000,-0.034812,-0.004902,-0.000000,0.035494,0.000938,0.000000,1.570796,0.227498,0.000000,0.000000,-9600,-9600,-9600,-9600,0,0,0,0.000000,0.000000,0.000000,0.000000,0.000000,0.000000,0.000000,0.000000,0,0.000000,0.000000,0.000000,0.000000,0.000000,0.000000,0.000000,0.000000,0.000000,0.000000,0.000000,0.000000,0.000000,0.000000,0.000000,0.000000,0.000000,0.000000,0.000000,0.000000,0.000000,0.000000,0.000000,0.000000,0.000000,0.000000,0.000000,0.000000,0.000000,0.000000,0.000000,0.000000,0,0,0,0,0,0,0,0,0,0,0,0,0,66,0,0
11.413314,9770,13,0,0,2,60,0,0,0,0,0,0,-0.000048,-0.000000,-0.034812,-0.004902,-0.000000,0.035494,0.000938,0.000000,1.570796,0.227498,0.000000,0.000000,-9600,-9600,-9600,-9600,0,0,0,0.000000,0.000000,0.000000,0.000000,0.000000,0.000000,0.000000,0.000000,0,0.000000,0.000000,0.000000,0.000000,0.000000,0.000000,0.000000,0.000000,0.000000,0.000000,0.000000,0.000000,0.000000,0.000000,0.000000,0.000000,0.000000,0.000000,0.000000,0.000000,0.000000,0.000000,0.000000,0.000000,0.000000,0.000000,0.000000,0.000000,0.000000,0.000000,0.000000,0.000000,0,0,0,0,0,0,0,0,0,0,0,0,0,66,0,0
11.423084,9770,13,0,0,2,60,0,0,0,0,0,0,-0.000048,-0.000000,-0.034812,-0.004902,-0.000000,0.035494,0.000938,0.000000,1.570796,0.227498,0.000000,0.000000,-9600,-9600,-9600,-9600,0,0,0,0.000000,0.000000,0.000000,0.000000,0.000000,0.000000,0.000000,0.000000,0,0.000000,0.000000,0.000000,0.000000,0.000000,0.000000,0.000000,0.000000,0.000000,0.000000,0.000000,0.000000,0.000000,0.000000,0.000000,0.000000,0.000000,0.000000,0.000000,0.000000,0.000000,0.000000,0.000000,0.000000,0.000000,0.000000,0.000000,0.000000,0.000000,0.000000,0.000000,0.000000,0,0,0,0,0,0,0,0,0,0,0,0,0,66,0,0
11.432854,9770,13,0,0,2,60,0,0,0,0,0,0,-0.000048,-0.000000,-0.034812,-0.004902,-0.000000,0.035494,0.000938,0.000000,1.570796,0.227498,0.000000,0.000000,-9600,-9600,-9600,-9600,0,0,0,0.000000,0.000000,0.000000,0.000000,0.000000,0.000000,0.000000,0.000000,0,0.000000,0.000000,0.000000,0.000000,0.000000,0.000000,0.000000,0.000000,0.000000,0.000000,0.000000,0.000000,0.000000,0.000000,0.000000,0.000000,0.000000,0.000000,0.000000,0.000000,0.000000,0.000000,0.000000,0.000000,0.000000,0.000000,0.000000,0.000000,0.000000,0.000000,0.000000,0.000000,0,0,0,0,0,0,0,0,0,0,0,0,0,66,0,0
11.442624,9770,13,0,0,2,60,0,0,0,0,0,0,-0.000048,-0.000000,-0.034812,-0.004902,-0.000000,0.035494,0.000938,0.000000,1.570796,0.227498,0.000000,0.000000,-9600,-9600,-9600,-9600,0,0,0,0.000000,0.000000,0.000000,0.000000,0.000000,0.000000,0.000000,0.000000,0,0.000000,0.000000,0.000000,0.000000,0.000000,0.000000,0.000000,0.000000,0.000000,0.000000,0.000000,0.000000,0.000000,0.000000,0.000000,0.000000,0.000000,0.000000,0.000000,0.000000,0.000000,0.000000,0.000000,0.000000,0.000000,0.000000,0.000000,0.000000,0.000000,0.000000,0.000000,0.000000,0,0,0,0,0,0,0,0,0,0,0,0,0,66,0,0
11.452394,9770,13,0,0,2,60,0,0,0,0,0,0,-0.000048,-0.000000,-0.034812,-0.004902,-0.000000,0.035494,0.000938,0.000000,1.570796,0.227498,0.000000,0.000000,-9600,-9600,-9600,-9600,0,0,0,0.000000,0.000000,0.000000,0.000000,0.000000,0.000000,0.000000,0.000000,0,0.000000,0.000000,0.000000,0.000000,0.000000,0.000000,0.000000,0.000000,0.000000,0.000000,0.000000,0.000000,0.000000,0.000000,0.000000,0.000000,0.000000,0.000000,0.000000,0.000000,0.000000,0.000000,0.000000,0.000000,0.000000,0.000000,0.000000,0.000000,0.000000,0.000000,0.000000,0.000000,0,0,0,0,0,0,0,0,0,0,0,0,0,66,0,0
11.462164,9770,13,0,0,2,60,0,0,0,0,0,0,-0.000048,-0.000000,-0.034812,-0.004902,-0.000000,0.035494,0.000938,0.000000,1.570796,0.227498,0.000000,0.000000,-9600,-9600,-9600,-9600,0,0,0,0.000000,0.000000,0.000000,0.000000,0.000000,0.000000,0.000000,0.000000,0,0.000000,0.000000,0.000000,0.000000,0.000000,0.000000,0.000000,0.000000,0.000000,0.000000,0.000000,0.000000,0.000000,0.000000,0.000000,0.000000,0.000000,0.000000,0.000000,0.000000,0.000000,0.000000,0.000000,0.000000,0.000000,0.000000,0.000000,0.000000,0.000000,0.000000,0.000000,0.000000,0,0,0,0,0,0,0,0,0,0,0,0,0,66,0,0
11.471934,9770,13,0,0,2,60,0,0,0,0,0,0,-0.000048,-0.000000,-0.034812,-0.004902,-0.000000,0.035494,0.000938,0.000000,1.570796,0.227498,0.000000,0.000000,-9600,-9600,-9600,-9600,0,0,0,0.000000,0.000000,0.000000,0.000000,0.000000,0.000000,0.000000,0.000000,0,0.000000,0.000000,0.000000,0.000000,0.000000,0.000000,0.000000,0.000000,0.000000,0.000000,0.000000,0.000000,0.000000,0.000000,0.000000,0.000000,0.000000,0.000000,0.000000,0.000000,0.000000,0.000000,0.000000,0.000000,0.000000,0.000000,0.000000,0.000000,0.000000,0.000000,0.000000,0.000000,0,0,0,0,0,0,0,0,0,0,0,0,0,66,0,0
11.481704,9770,13,0,0,2,60,0,0,0,0,0,0,-0.000048,-0.000000,-0.034812,-0.004902,-0.000000,0.035494,0.000938,0.000000,1.570796,0.227498,0.000000,0.000000,-9600,-9600,-9600,-9600,0,0,0,0.000000,0.000000,0.000000,0.000000,0.000000,0.000000,0.000000,0.000000,0,0.000000,0.000000,0.000000,0.000000,0.000000,0.000000,0.000000,0.000000,0.000000,0.000000,0.000000,0.000000,0.000000,0.000000,0.000000,0.000000,0.000000,0.000000,0.000000,0.000000,0.000000,0.000000,0.000000,0.000000,0.000000,0.000000,0.000000,0.000000,0.000000,0.000000,0.000000,0.000000,0,0,0,0,0,0,0,0,0,0,0,0,0,66,0,0
11.491474,9770,13,0,0,2,60,0,0,0,0,0,0,-0.000048,-0.000000,-0.034812,-0.004902,-0.000000,0.035494,0.000938,0.000000,1.570796,0.227498,0.000000,0.000000,-9600,-9600,-9600,-9600,0,0,0,0.000000,0.000000,0.000000,0.000000,0.000000,0.000000,0.000000,0.000000,0,0.000000,0.000000,0.000000,0.000000,0.000000,0.000000,0.000000,0.000000,0.000000,0.000000,0.000000,0.000000,0.000000,0.000000,0.000000,0.000000,0.000000,0.000000,0.000000,0.000000,0.000000,0.000000,0.000000,0.000000,0.000000,0.000000,0.000000,0.000000,0.000000,0.000000,0.000000,0.000000,0,0,0,0,0,0,0,0,0,0,0,0,0,66,0,0
11.501244,9770,13,0,0,2,60,0,0,0,0,0,0,-0.000048,-0.000000,-0.034812,-0.004902,-0.000000,0.035494,0.000938,0.000000,1.570796,0.227498,0.000000,0.000000,-9600,-9600,-9600,-9600,0,0,0,0.000000,0.000000,0.000000,0.000000,0.000000,0.000000,0.000000,0.000000,0,0.000000,0.000000,0.000000,0.000000,0.000000,0.000000,0.000000,0.000000,0.000000,0.000000,0.000000,0.000000,0.000000,0.000000,0.000000,0.000000,0.000000,0.000000,0.000000,0.000000,0.000000,0.000000,0.000000,0.000000,0.000000,0.000000,0.000000,0.000000,0.000000,0.000000,0.000000,0.000000,0,0,0,0,0,0,0,0,0,0,0,0,0,66,0,0
11.511014,9770,13,0,0,2,60,0,0,0,0,0,0,-0.000048,-0.000000,-0.034812,-0.004902,-0.000000,0.035494,0.000938,0.000000,1.570796,0.227498,0.000000,0.000000,-9600,-9600,-9600,-9600,0,0,0,0.000000,0.000000,0.000000,0.000000,0.000000,0.000000,0.000000,0.000000,0,0.000000,0.000000,0.000000,0.000000,0.000000,0.000000,0.000000,0.000000,0.000000,0.000000,0.000000,0.000000,0.000000,0.000000,0.000000,0.000000,0.000000,0.000000,0.000000,0.000000,0.000000,0.000000,0.000000,0.000000,0.000000,0.000000,0.000000,0.000000,0.000000,0.000000,0.000000,0.000000,0,0,0,0,0,0,0,0,0,0,0,0,0,66,0,0
11.520784,9770,13,0,0,2,60,0,0,0,0,0,0,-0.000048,-0.000000,-0.034812,-0.004902,-0.000000,0.035494,0.000938,0.000000,1.570796,0.227498,0.000000,0.000000,-9600,-9600,-9600,-9600,0,0,0,0.000000,0.000000,0.000000,0.000000,0.000000,0.000000,0.000000,0.000000,0,0.000000,0.000000,0.000000,0.000000,0.000000,0.000000,0.000000,0.000000,0.000000,0.000000,0.000000,0.000000,0.000000,0.000000,0.000000,0.000000,0.000000,0.000000,0.000000,0.000000,0.000000,0.000000,0.000000,0.000000,0.000000,0.000000,0.000000,0.000000,0.000000,0.000000,0.000000,0.000000,0,0,0,0,0,0,0,0,0,0,0,0,0,66,0,0
11.530554,9770,13,0,0,2,60,0,0,0,0,0,0,-0.000048,-0.000000,-0.034812,-0.004902,-0.000000,0.035494,0.000938,0.000000,1.570796,0.227498,0.000000,0.000000,-9600,-9600,-9600,-9600,0,0,0,0.000000,0.000000,0.000000,0.000000,0.000000,0.000000,0.000000,0.000000,0,0.000000,0.000000,0.000000,0.000000,0.000000,0.000000,0.000000,0.000000,0.000000,0.000000,0.000000,0.000000,0.000000,0.000000,0.000000,0.000000,0.000000,0.000000,0.000000,0.000000,0.000000,0.000000,0.000000,0.000000,0.000000,0.000000,0.000000,0.000000,0.000000,0.000000,0.000000,0.000000,0,0,0,0,0,0,0,0,0,0,0,0,0,66,0,0
11.540324,9770,13,0,0,2,60,0,0,0,0,0,0,-0.000048,-0.000000,-0.034812,-0.004902,-0.000000,0.035494,0.000938,0.000000,1.570796,0.227498,0.000000,0.000000,-9600,-9600,-9600,-9600,0,0,0,0.000000,0.000000,0.000000,0.000000,0.000000,0.000000,0.000000,0.000000,0,0.000000,0.000000,0.000000,0.000000,0.000000,0.000000,0.000000,0.000000,0.000000,0.000000,0.000000,0.000000,0.000000,0.000000,0.000000,0.000000,0.000000,0.000000,0.000000,0.000000,0.000000,0.000000,0.000000,0.000000,0.000000,0.000000,0.000000,0.000000,0.000000,0.000000,0.000000,0.000000,0,0,0,0,0,0,0,0,0,0,0,0,0,66,0,0
11.550094,9770,13,0,0,2,60,0,0,0,0,0,0,-0.000048,-0.000000,-0.034812,-0.004902,-0.000000,0.035494,0.000938,0.000000,1.570796,0.227498,0.000000,0.000000,-9600,-9600,-9600,-9600,0,0,0,0.000000,0.000000,0.000000,0.000000,0.000000,0.000000,0.000000,0.000000,0,0.000000,0.000000,0.000000,0.000000,0.000000,0.000000,0.000000,0.000000,0.000000,0.000000,0.000000,0.000000,0.000000,0.000000,0.000000,0.000000,0.000000,0.000000,0.000000,0.000000,0.000000,0.000000,0.000000,0.000000,0.000000,0.000000,0.000000,0.000000,0.000000,0.000000,0.000000,0.000000,0,0,0,0,0,0,0,0,0,0,0,0,0,66,0,0
11.559864,9770,13,0,0,2,60,0,0,0,0,0,0,-0.000048,-0.000000,-0.034812,-0.004902,-0.000000,0.035494,0.000938,0.000000,1.570796,0.227498,0.000000,0.000000,-9600,-9600,-9600,-9600,0,0,0,0.000000,0.000000,0.000000,0.000000,0.000000,0.000000,0.000000,0.000000,0,0.000000,0.000000,0.000000,0.000000,0.000000,0.000000,0.000000,0.000000,0.000000,0.000000,0.000000,0.000000,0.000000,0.000000,0.000000,0.000000,0.000000,0.000000,0.000000,0.000000,0.000000,0.000000,0.000000,0.000000,0.000000,0.000000,0.000000,0.000000,0.000000,0.000000,0.000000,0.000000,0,0,0,0,0,0,0,0,0,0,0,0,0,66,0,0
11.569634,9770,13,0,0,2,60,0,0,0,0,0,0,-0.000048,-0.000000,-0.034812,-0.004902,-0.000000,0.035494,0.000938,0.000000,1.570796,0.227498,0.000000,0.000000,-9600,-9600,-9600,-9600,0,0,0,0.000000,0.000000,0.000000,0.000000,0.000000,0.000000,0.000000,0.000000,0,0.000000,0.000000,0.000000,0.000000,0.000000,0.000000,0.000000,0.000000,0.000000,0.000000,0.000000,0.000000,0.000000,0.000000,0.000000,0.000000,0.000000,0.000000,0.000000,0.000000,0.000000,0.000000,0.000000,0.000000,0.000000,0.000000,0.000000,0.000000,0.000000,0.000000,0.000000,0.000000,0,0,0,0,0,0,0,0,0,0,0,0,0,66,0,0
11.579404,9770,13,0,0,2,60,0,0,0,0,0,0,-0.000048,-0.000000,-0.034812,-0.004902,-0.000000,0.035494,0.000938,0.000000,1.570796,0.227498,0.000000,0.000000,-9600,-9600,-9600,-9600,0,0,0,0.000000,0.000000,0.000000,0.000000,0.000000,0.000000,0.000000,0.000000,0,0.000000,0.000000,0.000000,0.000000,0.000000,0.000000,0.000000,0.000000,0.000000,0.000000,0.000000,0.000000,0.000000,0.000000,0.000000,0.000000,0.000000,0.000000,0.000000,0.000000,0.000000,0.000000,0.000000,0.000000,0.000000,0.000000,0.000000,0.000000,0.000000,0.000000,0.000000,0.000000,0,0,0,0,0,0,0,0,0,0,0,0,0,66,0,0
11.589174,9770,13,0,0,2,60,0,0,0,0,0,0,-0.000048,-0.000000,-0.034812,-0.004902,-0.000000,0.035494,0.000938,0.000000,1.570796,0.227498,0.000000,0.000000,-9600,-9600,-9600,-9600,0,0,0,0.000000,0.000000,0.000000,0.000000,0.000000,0.000000,0.000000,0.000000,0,0.000000,0.000000,0.000000,0.000000,0.000000,0.000000,0.000000,0.000000,0.000000,0.000000,0.000000,0.000000,0.000000,0.000000,0.000000,0.000000,0.000000,0.000000,0.000000,0.000000,0.000000,0.000000,0.000000,0.000000,0.000000,0.000000,0.000000,0.000000,0.000000,0.000000,0.000000,0.000000,0,0,0,0,0,0,0,0,0,0,0,0,0,66,0,0
11.598944,9770,13,0,0,2,60,0,0,0,0,0,0,-0.000048,-0.000000,-0.034812,-0.004902,-0.000000,0.035494,0.000938,0.000000,1.570796,0.227498,0.000000,0.000000,-9600,-9600,-9600,-9600,0,0,0,0.000000,0.000000,0.000000,0.000000,0.000000,0.000000,0.000000,0.000000,0,0.000000,0.000000,0.000000,0.000000,0.000000,0.000000,0.000000,0.000000,0.000000,0.000000,0.000000,0.000000,0.000000,0.000000,0.000000,0.000000,0.000000,0.000000,0.000000,0.000000,0.000000,0.000000,0.000000,0.000000,0.000000,0.000000,0.000000,0.000000,0.000000,0.000000,0.000000,0.000000,0,0,0,0,0,0,0,0,0,0,0,0,0,66,0,0
11.608714,9770,13,0,0,2,60,0,0,0,0,0,0,-0.000048,-0.000000,-0.034812,-0.004902,-0.000000,0.035494,0.000938,0.000000,1.570796,0.227498,0.000000,0.000000,-9600,-9600,-9600,-9600,0,0,0,0.000000,0.000000,0.000000,0.000000,0.000000,0.000000,0.000000,0.000000,0,0.000000,0.000000,0.000000,0.000000,0.000000,0.000000,0.000000,0.000000,0.000000,0.000000,0.000000,0.000000,0.000000,0.000000,0.000000,0.000000,0.000000,0.000000,0.000000,0.000000,0.000000,0.000000,0.000000,0.000000,0.000000,0.000000,0.000000,0.000000,0.000000,0.000000,0.000000,0.000000,0,0,0,0,0,0,0,0,0,0,0,0,0,66,0,0
11.618484,9770,13,0,0,2,60,0,0,0,0,0,0,-0.000048,-0.000000,-0.034812,-0.004902,-0.000000,0.035494,0.000938,0.000000,1.570796,0.227498,0.000000,0.000000,-9600,-9600,-9600,-9600,0,0,0,0.000000,0.000000,0.000000,0.000000,0.000000,0.000000,0.000000,0.000000,0,0.000000,0.000000,0.000000,0.000000,0.000000,0.000000,0.000000,0.000000,0.000000,0.000000,0.000000,0.000000,0.000000,0.000000,0.000000,0.000000,0.000000,0.000000,0.000000,0.000000,0.000000,0.000000,0.000000,0.000000,0.000000,0.000000,0.000000,0.000000,0.000000,0.000000,0.000000,0.000000,0,0,0,0,0,0,0,0,0,0,0,0,0,66,0,0
11.628254,9770,13,0,0,2,60,0,0,0,0,0,0,-0.000048,-0.000000,-0.034812,-0.004902,-0.000000,0.035494,0.000938,0.000000,1.570796,0.227498,0.000000,0.000000,-9600,-9600,-9600,-9600,0,0,0,0.000000,0.000000,0.000000,0.000000,0.000000,0.000000,0.000000,0.000000,0,0.000000,0.000000,0.000000,0.000000,0.000000,0.000000,0.000000,0.000000,0.000000,0.000000,0.000000,0.000000,0.000000,0.000000,0.000000,0.000000,0.000000,0.000000,0.000000,0.000000,0.000000,0.000000,0.000000,0.000000,0.000000,0.000000,0.000000,0.000000,0.000000,0.000000,0.000000,0.000000,0,0,0,0,0,0,0,0,0,0,0,0,0,66,0,0
11.638024,9770,13,0,0,2,60,0,0,0,0,0,0,-0.000049,-0.000000,-0.034812,-0.004902,-0.000000,0.035494,0.000938,0.000000,1.570796,0.227498,0.000000,0.000000,-9600,-9600,-9600,-9600,0,0,0,0.000000,0.000000,0.000000,0.000000,0.000000,0.000000,0.000000,0.000000,0,0.000000,0.000000,0.000000,0.000000,0.000000,0.000000,0.000000,0.000000,0.000000,0.000000,0.000000,0.000000,0.000000,0.000000,0.000000,0.000000,0.000000,0.000000,0.000000,0.000000,0.000000,0.000000,0.000000,0.000000,0.000000,0.000000,0.000000,0.000000,0.000000,0.000000,0.000000,0.000000,0,0,0,0,0,0,0,0,0,0,0,0,0,66,0,0
11.647794,9770,13,0,0,2,60,0,0,0,0,0,0,-0.000049,-0.000000,-0.034812,-0.004902,-0.000000,0.035494,0.000938,0.000000,1.570796,0.227498,0.000000,0.000000,-9600,-9600,-9600,-9600,0,0,0,0.000000,0.000000,0.000000,0.000000,0.000000,0.000000,0.000000,0.000000,0,0.000000,0.000000,0.000000,0.000000,0.000000,0.000000,0.000000,0.000000,0.000000,0.000000,0.000000,0.000000,0.000000,0.000000,0.000000,0.000000,0.000000,0.000000,0.000000,0.000000,0.000000,0.000000,0.000000,0.000000,0.000000,0.000000,0.000000,0.000000,0.000000,0.000000,0.000000,0.000000,0,0,0,0,0,0,0,0,0,0,0,0,0,66,0,0
11.657564,9770,13,0,0,2,60,0,0,0,0,0,0,-0.000049,-0.000000,-0.034812,-0.004902,-0.000000,0.035494,0.000938,0.000000,1.570796,0.227498,0.000000,0.000000,-9600,-9600,-9600,-9600,0,0,0,0.000000,0.000000,0.000000,0.000000,0.000000,0.000000,0.000000,0.000000,0,0.000000,0.000000,0.000000,0.000000,0.000000,0.000000,0.000000,0.000000,0.000000,0.000000,0.000000,0.000000,0.000000,0.000000,0.000000,0.000000,0.000000,0.000000,0.000000,0.000000,0.000000,0.000000,0.000000,0.000000,0.000000,0.000000,0.000000,0.000000,0.000000,0.000000,0.000000,0.000000,0,0,0,0,0,0,0,0,0,0,0,0,0,66,0,0
11.667334,9770,13,0,0,2,60,0,0,0,0,0,0,-0.000049,-0.000000,-0.034812,-0.004902,-0.000000,0.035494,0.000938,0.000000,1.570796,0.227498,0.000000,0.000000,-9600,-9600,-9600,-9600,0,0,0,0.000000,0.000000,0.000000,0.000000,0.000000,0.000000,0.000000,0.000000,0,0.000000,0.000000,0.000000,0.000000,0.000000,0.000000,0.000000,0.000000,0.000000,0.000000,0.000000,0.000000,0.000000,0.000000,0.000000,0.000000,0.000000,0.000000,0.000000,0.000000,0.000000,0.000000,0.000000,0.000000,0.000000,0.000000,0.000000,0.000000,0.000000,0.000000,0.000000,0.000000,0,0,0,0,0,0,0,0,0,0,0,0,0,66,0,0
11.677104,9770,13,0,0,2,60,0,0,0,0,0,0,-0.000049,-0.000000,-0.034812,-0.004902,-0.000000,0.035494,0.000938,0.000000,1.570796,0.227498,0.000000,0.000000,-9600,-9600,-9600,-9600,0,0,0,0.000000,0.000000,0.000000,0.000000,0.000000,0.000000,0.000000,0.000000,0,0.000000,0.000000,0.000000,0.000000,0.000000,0.000000,0.000000,0.000000,0.000000,0.000000,0.000000,0.000000,0.000000,0.000000,0.000000,0.000000,0.000000,0.000000,0.000000,0.000000,0.000000,0.000000,0.000000,0.000000,0.000000,0.000000,0.000000,0.000000,0.000000,0.000000,0.000000,0.000000,0,0,0,0,0,0,0,0,0,0,0,0,0,66,0,0
11.686874,9770,13,0,0,2,60,0,0,0,0,0,0,-0.000049,-0.000000,-0.034812,-0.004902,-0.000000,0.035494,0.000938,0.000000,1.570796,0.227498,0.000000,0.000000,-9600,-9600,-9600,-9600,0,0,0,0.000000,0.000000,0.000000,0.000000,0.000000,0.000000,0.000000,0.000000,0,0.000000,0.000000,0.000000,0.000000,0.000000,0.000000,0.000000,0.000000,0.000000,0.000000,0.000000,0.000000,0.000000,0.000000,0.000000,0.000000,0.000000,0.000000,0.000000,0.000000,0.000000,0.000000,0.000000,0.000000,0.000000,0.000000,0.000000,0.000000,0.000000,0.000000,0.000000,0.000000,0,0,0,0,0,0,0,0,0,0,0,0,0,66,0,0
11.696644,9770,13,0,0,2,60,0,0,0,0,0,0,-0.000049,-0.000000,-0.034812,-0.004902,-0.000000,0.035494,0.000938,0.000000,1.570796,0.227498,0.000000,0.000000,-9600,-9600,-9600,-9600,0,0,0,0.000000,0.000000,0.000000,0.000000,0.000000,0.000000,0.000000,0.000000,0,0.000000,0.000000,0.000000,0.000000,0.000000,0.000000,0.000000,0.000000,0.000000,0.000000,0.000000,0.000000,0.000000,0.000000,0.000000,0.000000,0.000000,0.000000,0.000000,0.000000,0.000000,0.000000,0.000000,0.000000,0.000000,0.000000,0.000000,0.000000,0.000000,0.000000,0.000000,0.000000,0,0,0,0,0,0,0,0,0,0,0,0,0,66,0,0
11.706414,9770,13,0,0,2,60,0,0,0,0,0,0,-0.000049,-0.000000,-0.034812,-0.004902,-0.000000,0.035494,0.000938,0.000000,1.570796,0.227498,0.000000,0.000000,-9600,-9600,-9600,-9600,0,0,0,0.000000,0.000000,0.000000,0.000000,0.000000,0.000000,0.000000,0.000000,0,0.000000,0.000000,0.000000,0.000000,0.000000,0.000000,0.000000,0.000000,0.000000,0.000000,0.000000,0.000000,0.000000,0.000000,0.000000,0.000000,0.000000,0.000000,0.000000,0.000000,0.000000,0.000000,0.000000,0.000000,0.000000,0.000000,0.000000,0.000000,0.000000,0.000000,0.000000,0.000000,0,0,0,0,0,0,0,0,0,0,0,0,0,66,0,0
11.716184,9770,13,0,0,2,60,0,0,0,0,0,0,-0.000049,-0.000000,-0.034812,-0.004902,-0.000000,0.035494,0.000938,0.000000,1.570796,0.227498,0.000000,0.000000,-9600,-9600,-9600,-9600,0,0,0,0.000000,0.000000,0.000000,0.000000,0.000000,0.000000,0.000000,0.000000,0,0.000000,0.000000,0.000000,0.000000,0.000000,0.000000,0.000000,0.000000,0.000000,0.000000,0.000000,0.000000,0.000000,0.000000,0.000000,0.000000,0.000000,0.000000,0.000000,0.000000,0.000000,0.000000,0.000000,0.000000,0.000000,0.000000,0.000000,0.000000,0.000000,0.000000,0.000000,0.000000,0,0,0,0,0,0,0,0,0,0,0,0,0,66,0,0
11.725954,9770,13,0,0,2,60,0,0,0,0,0,0,-0.000049,-0.000000,-0.034812,-0.004902,-0.000000,0.035494,0.000938,0.000000,1.570796,0.227498,0.000000,0.000000,-9600,-9600,-9600,-9600,0,0,0,0.000000,0.000000,0.000000,0.000000,0.000000,0.000000,0.000000,0.000000,0,0.000000,0.000000,0.000000,0.000000,0.000000,0.000000,0.000000,0.000000,0.000000,0.000000,0.000000,0.000000,0.000000,0.000000,0.000000,0.000000,0.000000,0.000000,0.000000,0.000000,0.000000,0.000000,0.000000,0.000000,0.000000,0.000000,0.000000,0.000000,0.000000,0.000000,0.000000,0.000000,0,0,0,0,0,0,0,0,0,0,0,0,0,66,0,0
11.735723,9770,13,0,0,2,60,0,0,0,0,0,0,-0.000049,-0.000000,-0.034812,-0.004902,-0.000000,0.035494,0.000938,0.000000,1.570796,0.227498,0.000000,0.000000,-9600,-9600,-9600,-9600,0,0,0,0.000000,0.000000,0.000000,0.000000,0.000000,0.000000,0.000000,0.000000,0,0.000000,0.000000,0.000000,0.000000,0.000000,0.000000,0.000000,0.000000,0.000000,0.000000,0.000000,0.000000,0.000000,0.000000,0.000000,0.000000,0.000000,0.000000,0.000000,0.000000,0.000000,0.000000,0.000000,0.000000,0.000000,0.000000,0.000000,0.000000,0.000000,0.000000,0.000000,0.000000,0,0,0,0,0,0,0,0,0,0,0,0,0,66,0,0
11.745494,9770,13,0,0,2,60,0,0,0,0,0,0,-0.000049,-0.000000,-0.034812,-0.004902,-0.000000,0.035494,0.000938,0.000000,1.570796,0.227498,0.000000,0.000000,-9600,-9600,-9600,-9600,0,0,0,0.000000,0.000000,0.000000,0.000000,0.000000,0.000000,0.000000,0.000000,0,0.000000,0.000000,0.000000,0.000000,0.000000,0.000000,0.000000,0.000000,0.000000,0.000000,0.000000,0.000000,0.000000,0.000000,0.000000,0.000000,0.000000,0.000000,0.000000,0.000000,0.000000,0.000000,0.000000,0.000000,0.000000,0.000000,0.000000,0.000000,0.000000,0.000000,0.000000,0.000000,0,0,0,0,0,0,0,0,0,0,0,0,0,66,0,0
11.755264,9770,13,0,0,2,60,0,0,0,0,0,0,-0.000049,-0.000000,-0.034812,-0.004902,-0.000000,0.035494,0.000938,0.000000,1.570796,0.227498,0.000000,0.000000,-9600,-9600,-9600,-9600,0,0,0,0.000000,0.000000,0.000000,0.000000,0.000000,0.000000,0.000000,0.000000,0,0.000000,0.000000,0.000000,0.000000,0.000000,0.000000,0.000000,0.000000,0.000000,0.000000,0.000000,0.000000,0.000000,0.000000,0.000000,0.000000,0.000000,0.000000,0.000000,0.000000,0.000000,0.000000,0.000000,0.000000,0.000000,0.000000,0.000000,0.000000,0.000000,0.000000,0.000000,0.000000,0,0,0,0,0,0,0,0,0,0,0,0,0,66,0,0
11.765034,9770,13,0,0,2,60,0,0,0,0,0,0,-0.000049,-0.000000,-0.034812,-0.004902,-0.000000,0.035494,0.000938,0.000000,1.570796,0.227498,0.000000,0.000000,-9600,-9600,-9600,-9600,0,0,0,0.000000,0.000000,0.000000,0.000000,0.000000,0.000000,0.000000,0.000000,0,0.000000,0.000000,0.000000,0.000000,0.000000,0.000000,0.000000,0.000000,0.000000,0.000000,0.000000,0.000000,0.000000,0.000000,0.000000,0.000000,0.000000,0.000000,0.000000,0.000000,0.000000,0.000000,0.000000,0.000000,0.000000,0.000000,0.000000,0.000000,0.000000,0.000000,0.000000,0.000000,0,0,0,0,0,0,0,0,0,0,0,0,0,66,0,0
11.774804,9770,13,0,0,2,60,0,0,0,0,0,0,-0.000049,-0.000000,-0.034812,-0.004902,-0.000000,0.035494,0.000938,0.000000,1.570796,0.227498,0.000000,0.000000,-9600,-9600,-9600,-9600,0,0,0,0.000000,0.000000,0.000000,0.000000,0.000000,0.000000,0.000000,0.000000,0,0.000000,0.000000,0.000000,0.000000,0.000000,0.000000,0.000000,0.000000,0.000000,0.000000,0.000000,0.000000,0.000000,0.000000,0.000000,0.000000,0.000000,0.000000,0.000000,0.000000,0.000000,0.000000,0.000000,0.000000,0.000000,0.000000,0.000000,0.000000,0.000000,0.000000,0.000000,0.000000,0,0,0,0,0,0,0,0,0,0,0,0,0,66,0,0
11.784574,9770,13,0,0,2,60,0,0,0,0,0,0,-0.000049,-0.000000,-0.034812,-0.004902,-0.000000,0.035494,0.000938,0.000000,1.570796,0.227498,0.000000,0.000000,-9600,-9600,-9600,-9600,0,0,0,0.000000,0.000000,0.000000,0.000000,0.000000,0.000000,0.000000,0.000000,0,0.000000,0.000000,0.000000,0.000000,0.000000,0.000000,0.000000,0.000000,0.000000,0.000000,0.000000,0.000000,0.000000,0.000000,0.000000,0.000000,0.000000,0.000000,0.000000,0.000000,0.000000,0.000000,0.000000,0.000000,0.000000,0.000000,0.000000,0.000000,0.000000,0.000000,0.000000,0.000000,0,0,0,0,0,0,0,0,0,0,0,0,0,66,0,0
11.794344,9770,13,0,0,2,60,0,0,0,0,0,0,-0.000049,-0.000000,-0.034812,-0.004902,-0.000000,0.035494,0.000938,0.000000,1.570796,0.227498,0.000000,0.000000,-9600,-9600,-9600,-9600,0,0,0,0.000000,0.000000,0.000000,0.000000,0.000000,0.000000,0.000000,0.000000,0,0.000000,0.000000,0.000000,0.000000,0.000000,0.000000,0.000000,0.000000,0.000000,0.000000,0.000000,0.000000,0.000000,0.000000,0.000000,0.000000,0.000000,0.000000,0.000000,0.000000,0.000000,0.000000,0.000000,0.000000,0.000000,0.000000,0.000000,0.000000,0.000000,0.000000,0.000000,0.000000,0,0,0,0,0,0,0,0,0,0,0,0,0,66,0,0
11.804114,9770,13,0,0,2,60,0,0,0,0,0,0,-0.000049,-0.000000,-0.034812,-0.004902,-0.000000,0.035494,0.000938,0.000000,1.570796,0.227498,0.000000,0.000000,-9600,-9600,-9600,-9600,0,0,0,0.000000,0.000000,0.000000,0.000000,0.000000,0.000000,0.000000,0.000000,0,0.000000,0.000000,0.000000,0.000000,0.000000,0.000000,0.000000,0.000000,0.000000,0.000000,0.000000,0.000000,0.000000,0.000000,0.000000,0.000000,0.000000,0.000000,0.000000,0.000000,0.000000,0.000000,0.000000,0.000000,0.000000,0.000000,0.000000,0.000000,0.000000,0.000000,0.000000,0.000000,0,0,0,0,0,0,0,0,0,0,0,0,0,66,0,0
11.813884,9770,13,0,0,2,60,0,0,0,0,0,0,-0.000049,-0.000000,-0.034812,-0.004902,-0.000000,0.035494,0.000938,0.000000,1.570796,0.227498,0.000000,0.000000,-9600,-9600,-9600,-9600,0,0,0,0.000000,0.000000,0.000000,0.000000,0.000000,0.000000,0.000000,0.000000,0,0.000000,0.000000,0.000000,0.000000,0.000000,0.000000,0.000000,0.000000,0.000000,0.000000,0.000000,0.000000,0.000000,0.000000,0.000000,0.000000,0.000000,0.000000,0.000000,0.000000,0.000000,0.000000,0.000000,0.000000,0.000000,0.000000,0.000000,0.000000,0.000000,0.000000,0.000000,0.000000,0,0,0,0,0,0,0,0,0,0,0,0,0,66,0,0
11.823654,9770,13,0,0,2,60,0,0,0,0,0,0,-0.000049,-0.000000,-0.034812,-0.004902,-0.000000,0.035494,0.000938,0.000000,1.570796,0.227498,0.000000,0.000000,-9600,-9600,-9600,-9600,0,0,0,0.000000,0.000000,0.000000,0.000000,0.000000,0.000000,0.000000,0.000000,0,0.000000,0.000000,0.000000,0.000000,0.000000,0.000000,0.000000,0.000000,0.000000,0.000000,0.000000,0.000000,0.000000,0.000000,0.000000,0.000000,0.000000,0.000000,0.000000,0.000000,0.000000,0.000000,0.000000,0.000000,0.000000,0.000000,0.000000,0.000000,0.000000,0.000000,0.000000,0.000000,0,0,0,0,0,0,0,0,0,0,0,0,0,66,0,0
11.833424,9770,13,0,0,2,60,0,0,0,0,0,0,-0.000049,-0.000000,-0.034812,-0.004902,-0.000000,0.035494,0.000938,0.000000,1.570796,0.227498,0.000000,0.000000,-9600,-9600,-9600,-9600,0,0,0,0.000000,0.000000,0.000000,0.000000,0.000000,0.000000,0.000000,0.000000,0,0.000000,0.000000,0.000000,0.000000,0.000000,0.000000,0.000000,0.000000,0.000000,0.000000,0.000000,0.000000,0.000000,0.000000,0.000000,0.000000,0.000000,0.000000,0.000000,0.000000,0.000000,0.000000,0.000000,0.000000,0.000000,0.000000,0.000000,0.000000,0.000000,0.000000,0.000000,0.000000,0,0,0,0,0,0,0,0,0,0,0,0,0,66,0,0
11.843194,9770,13,0,0,2,60,0,0,0,0,0,0,-0.000049,-0.000000,-0.034812,-0.004902,-0.000000,0.035494,0.000938,0.000000,1.570796,0.227498,0.000000,0.000000,-9600,-9600,-9600,-9600,0,0,0,0.000000,0.000000,0.000000,0.000000,0.000000,0.000000,0.000000,0.000000,0,0.000000,0.000000,0.000000,0.000000,0.000000,0.000000,0.000000,0.000000,0.000000,0.000000,0.000000,0.000000,0.000000,0.000000,0.000000,0.000000,0.000000,0.000000,0.000000,0.000000,0.000000,0.000000,0.000000,0.000000,0.000000,0.000000,0.000000,0.000000,0.000000,0.000000,0.000000,0.000000,0,0,0,0,0,0,0,0,0,0,0,0,0,66,0,0
11.852964,9770,13,0,0,2,60,0,0,0,0,0,0,-0.000049,-0.000000,-0.034812,-0.004902,-0.000000,0.035494,0.000938,0.000000,1.570796,0.227498,0.000000,0.000000,-9600,-9600,-9600,-9600,0,0,0,0.000000,0.000000,0.000000,0.000000,0.000000,0.000000,0.000000,0.000000,0,0.000000,0.000000,0.000000,0.000000,0.000000,0.000000,0.000000,0.000000,0.000000,0.000000,0.000000,0.000000,0.000000,0.000000,0.000000,0.000000,0.000000,0.000000,0.000000,0.000000,0.000000,0.000000,0.000000,0.000000,0.000000,0.000000,0.000000,0.000000,0.000000,0.000000,0.000000,0.000000,0,0,0,0,0,0,0,0,0,0,0,0,0,66,0,0
11.862734,9770,13,0,0,2,60,0,0,0,0,0,0,-0.000049,-0.000000,-0.034812,-0.004902,-0.000000,0.035494,0.000938,0.000000,1.570796,0.227498,0.000000,0.000000,-9600,-9600,-9600,-9600,0,0,0,0.000000,0.000000,0.000000,0.000000,0.000000,0.000000,0.000000,0.000000,0,0.000000,0.000000,0.000000,0.000000,0.000000,0.000000,0.000000,0.000000,0.000000,0.000000,0.000000,0.000000,0.000000,0.000000,0.000000,0.000000,0.000000,0.000000,0.000000,0.000000,0.000000,0.000000,0.000000,0.000000,0.000000,0.000000,0.000000,0.000000,0.000000,0.000000,0.000000,0.000000,0,0,0,0,0,0,0,0,0,0,0,0,0,66,0,0
11.872504,9770,13,0,0,2,60,0,0,0,0,0,0,-0.000049,-0.000000,-0.034812,-0.004902,-0.000000,0.035494,0.000938,0.000000,1.570796,0.227498,0.000000,0.000000,-9600,-9600,-9600,-9600,0,0,0,0.000000,0.000000,0.000000,0.000000,0.000000,0.000000,0.000000,0.000000,0,0.000000,0.000000,0.000000,0.000000,0.000000,0.000000,0.000000,0.000000,0.000000,0.000000,0.000000,0.000000,0.000000,0.000000,0.000000,0.000000,0.000000,0.000000,0.000000,0.000000,0.000000,0.000000,0.000000,0.000000,0.000000,0.000000,0.000000,0.000000,0.000000,0.000000,0.000000,0.000000,0,0,0,0,0,0,0,0,0,0,0,0,0,66,0,0
11.882274,9770,13,0,0,2,60,0,0,0,0,0,0,-0.000049,-0.000000,-0.034812,-0.004902,-0.000000,0.035494,0.000938,0.000000,1.570796,0.227498,0.000000,0.000000,-9600,-9600,-9600,-9600,0,0,0,0.000000,0.000000,0.000000,0.000000,0.000000,0.000000,0.000000,0.000000,0,0.000000,0.000000,0.000000,0.000000,0.000000,0.000000,0.000000,0.000000,0.000000,0.000000,0.000000,0.000000,0.000000,0.000000,0.000000,0.000000,0.000000,0.000000,0.000000,0.000000,0.000000,0.000000,0.000000,0.000000,0.000000,0.000000,0.000000,0.000000,0.000000,0.000000,0.000000,0.000000,0,0,0,0,0,0,0,0,0,0,0,0,0,66,0,0
11.892044,9770,13,0,0,2,60,0,0,0,0,0,0,-0.000049,-0.000000,-0.034812,-0.004902,-0.000000,0.035494,0.000938,0.000000,1.570796,0.227498,0.000000,0.000000,-9600,-9600,-9600,-9600,0,0,0,0.000000,0.000000,0.000000,0.000000,0.000000,0.000000,0.000000,0.000000,0,0.000000,0.000000,0.000000,0.000000,0.000000,0.000000,0.000000,0.000000,0.000000,0.000000,0.000000,0.000000,0.000000,0.000000,0.000000,0.000000,0.000000,0.000000,0.000000,0.000000,0.000000,0.000000,0.000000,0.000000,0.000000,0.000000,0.000000,0.000000,0.000000,0.000000,0.000000,0.000000,0,0,0,0,0,0,0,0,0,0,0,0,0,66,0,0
11.901814,9770,13,0,0,2,60,0,0,0,0,0,0,-0.000049,-0.000000,-0.034812,-0.004902,-0.000000,0.035494,0.000938,0.000000,1.570796,0.227498,0.000000,0.000000,-9600,-9600,-9600,-9600,0,0,0,0.000000,0.000000,0.000000,0.000000,0.000000,0.000000,0.000000,0.000000,0,0.000000,0.000000,0.000000,0.000000,0.000000,0.000000,0.000000,0.000000,0.000000,0.000000,0.000000,0.000000,0.000000,0.000000,0.000000,0.000000,0.000000,0.000000,0.000000,0.000000,0.000000,0.000000,0.000000,0.000000,0.000000,0.000000,0.000000,0.000000,0.000000,0.000000,0.000000,0.000000,0,0,0,0,0,0,0,0,0,0,0,0,0,66,0,0
11.911584,9770,13,0,0,2,60,0,0,0,0,0,0,-0.000049,-0.000000,-0.034812,-0.004902,-0.000000,0.035494,0.000938,0.000000,1.570796,0.227498,0.000000,0.000000,-9600,-9600,-9600,-9600,0,0,0,0.000000,0.000000,0.000000,0.000000,0.000000,0.000000,0.000000,0.000000,0,0.000000,0.000000,0.000000,0.000000,0.000000,0.000000,0.000000,0.000000,0.000000,0.000000,0.000000,0.000000,0.000000,0.000000,0.000000,0.000000,0.000000,0.000000,0.000000,0.000000,0.000000,0.000000,0.000000,0.000000,0.000000,0.000000,0.000000,0.000000,0.000000,0.000000,0.000000,0.000000,0,0,0,0,0,0,0,0,0,0,0,0,0,66,0,0
11.921354,9770,13,0,0,2,60,0,0,0,0,0,0,-0.000049,-0.000000,-0.034812,-0.004902,-0.000000,0.035494,0.000938,0.000000,1.570796,0.227498,0.000000,0.000000,-9600,-9600,-9600,-9600,0,0,0,0.000000,0.000000,0.000000,0.000000,0.000000,0.000000,0.000000,0.000000,0,0.000000,0.000000,0.000000,0.000000,0.000000,0.000000,0.000000,0.000000,0.000000,0.000000,0.000000,0.000000,0.000000,0.000000,0.000000,0.000000,0.000000,0.000000,0.000000,0.000000,0.000000,0.000000,0.000000,0.000000,0.000000,0.000000,0.000000,0.000000,0.000000,0.000000,0.000000,0.000000,0,0,0,0,0,0,0,0,0,0,0,0,0,66,0,0
11.931124,9770,13,0,0,2,60,0,0,0,0,0,0,-0.000049,-0.000000,-0.034812,-0.004902,-0.000000,0.035494,0.000938,0.000000,1.570796,0.227498,0.000000,0.000000,-9600,-9600,-9600,-9600,0,0,0,0.000000,0.000000,0.000000,0.000000,0.000000,0.000000,0.000000,0.000000,0,0.000000,0.000000,0.000000,0.000000,0.000000,0.000000,0.000000,0.000000,0.000000,0.000000,0.000000,0.000000,0.000000,0.000000,0.000000,0.000000,0.000000,0.000000,0.000000,0.000000,0.000000,0.000000,0.000000,0.000000,0.000000,0.000000,0.000000,0.000000,0.000000,0.000000,0.000000,0.000000,0,0,0,0,0,0,0,0,0,0,0,0,0,66,0,0
11.940894,9770,13,0,0,2,60,0,0,0,0,0,0,-0.000049,-0.000000,-0.034812,-0.004902,-0.000000,0.035494,0.000938,0.000000,1.570796,0.227498,0.000000,0.000000,-9600,-9600,-9600,-9600,0,0,0,0.000000,0.000000,0.000000,0.000000,0.000000,0.000000,0.000000,0.000000,0,0.000000,0.000000,0.000000,0.000000,0.000000,0.000000,0.000000,0.000000,0.000000,0.000000,0.000000,0.000000,0.000000,0.000000,0.000000,0.000000,0.000000,0.000000,0.000000,0.000000,0.000000,0.000000,0.000000,0.000000,0.000000,0.000000,0.000000,0.000000,0.000000,0.000000,0.000000,0.000000,0,0,0,0,0,0,0,0,0,0,0,0,0,66,0,0
11.950664,9770,13,0,0,2,60,0,0,0,0,0,0,-0.000049,-0.000000,-0.034812,-0.004902,-0.000000,0.035494,0.000938,0.000000,1.570796,0.227498,0.000000,0.000000,-9600,-9600,-9600,-9600,0,0,0,0.000000,0.000000,0.000000,0.000000,0.000000,0.000000,0.000000,0.000000,0,0.000000,0.000000,0.000000,0.000000,0.000000,0.000000,0.000000,0.000000,0.000000,0.000000,0.000000,0.000000,0.000000,0.000000,0.000000,0.000000,0.000000,0.000000,0.000000,0.000000,0.000000,0.000000,0.000000,0.000000,0.000000,0.000000,0.000000,0.000000,0.000000,0.000000,0.000000,0.000000,0,0,0,0,0,0,0,0,0,0,0,0,0,66,0,0
11.960434,9770,13,0,0,2,60,0,0,0,0,0,0,-0.000049,-0.000000,-0.034812,-0.004902,-0.000000,0.035494,0.000938,0.000000,1.570796,0.227498,0.000000,0.000000,-9600,-9600,-9600,-9600,0,0,0,0.000000,0.000000,0.000000,0.000000,0.000000,0.000000,0.000000,0.000000,0,0.000000,0.000000,0.000000,0.000000,0.000000,0.000000,0.000000,0.000000,0.000000,0.000000,0.000000,0.000000,0.000000,0.000000,0.000000,0.000000,0.000000,0.000000,0.000000,0.000000,0.000000,0.000000,0.000000,0.000000,0.000000,0.000000,0.000000,0.000000,0.000000,0.000000,0.000000,0.000000,0,0,0,0,0,0,0,0,0,0,0,0,0,66,0,0
11.970204,9770,13,0,0,2,60,0,0,0,0,0,0,-0.000049,-0.000000,-0.034812,-0.004902,-0.000000,0.035494,0.000938,0.000000,1.570796,0.227498,0.000000,0.000000,-9600,-9600,-9600,-9600,0,0,0,0.000000,0.000000,0.000000,0.000000,0.000000,0.000000,0.000000,0.000000,0,0.000000,0.000000,0.000000,0.000000,0.000000,0.000000,0.000000,0.000000,0.000000,0.000000,0.000000,0.000000,0.000000,0.000000,0.000000,0.000000,0.000000,0.000000,0.000000,0.000000,0.000000,0.000000,0.000000,0.000000,0.000000,0.000000,0.000000,0.000000,0.000000,0.000000,0.000000,0.000000,0,0,0,0,0,0,0,0,0,0,0,0,0,66,0,0
11.979974,9770,13,0,0,2,60,0,0,0,0,0,0,-0.000049,-0.000000,-0.034812,-0.004902,-0.000000,0.035494,0.000938,0.000000,1.570796,0.227498,0.000000,0.000000,-9600,-9600,-9600,-9600,0,0,0,0.000000,0.000000,0.000000,0.000000,0.000000,0.000000,0.000000,0.000000,0,0.000000,0.000000,0.000000,0.000000,0.000000,0.000000,0.000000,0.000000,0.000000,0.000000,0.000000,0.000000,0.000000,0.000000,0.000000,0.000000,0.000000,0.000000,0.000000,0.000000,0.000000,0.000000,0.000000,0.000000,0.000000,0.000000,0.000000,0.000000,0.000000,0.000000,0.000000,0.000000,0,0,0,0,0,0,0,0,0,0,0,0,0,66,0,0
11.989744,9770,13,0,0,2,60,0,0,0,0,0,0,-0.000049,-0.000000,-0.034812,-0.004902,-0.000000,0.035494,0.000938,0.000000,1.570796,0.227498,0.000000,0.000000,-9600,-9600,-9600,-9600,0,0,0,0.000000,0.000000,0.000000,0.000000,0.000000,0.000000,0.000000,0.000000,0,0.000000,0.000000,0.000000,0.000000,0.000000,0.000000,0.000000,0.000000,0.000000,0.000000,0.000000,0.000000,0.000000,0.000000,0.000000,0.000000,0.000000,0.000000,0.000000,0.000000,0.000000,0.000000,0.000000,0.000000,0.000000,0.000000,0.000000,0.000000,0.000000,0.000000,0.000000,0.000000,0,0,0,0,0,0,0,0,0,0,0,0,0,66,0,0
11.999514,9770,13,0,0,2,60,0,0,0,0,0,0,-0.000049,-0.000000,-0.034812,-0.004902,-0.000000,0.035494,0.000938,0.000000,1.570796,0.227498,0.000000,0.000000,-9600,-9600,-9600,-9600,0,0,0,0.000000,0.000000,0.000000,0.000000,0.000000,0.000000,0.000000,0.000000,0,0.000000,0.000000,0.000000,0.000000,0.000000,0.000000,0.000000,0.000000,0.000000,0.000000,0.000000,0.000000,0.000000,0.000000,0.000000,0.000000,0.000000,0.000000,0.000000,0.000000,0.000000,0.000000,0.000000,0.000000,0.000000,0.000000,0.000000,0.000000,0.000000,0.000000,0.000000,0.000000,0,0,0,0,0,0,0,0,0,0,0,0,0,66,0,0
12.009284,9770,13,0,0,2,60,0,0,0,0,0,0,-0.000049,-0.000000,-0.034812,-0.004902,-0.000000,0.035494,0.000938,0.000000,1.570796,0.227498,0.000000,0.000000,-9600,-9600,-9600,-9600,0,0,0,0.000000,0.000000,0.000000,0.000000,0.000000,0.000000,0.000000,0.000000,0,0.000000,0.000000,0.000000,0.000000,0.000000,0.000000,0.000000,0.000000,0.000000,0.000000,0.000000,0.000000,0.000000,0.000000,0.000000,0.000000,0.000000,0.000000,0.000000,0.000000,0.000000,0.000000,0.000000,0.000000,0.000000,0.000000,0.000000,0.000000,0.000000,0.000000,0.000000,0.000000,0,0,0,0,0,0,0,0,0,0,0,0,0,66,0,0
12.019054,9770,13,0,0,2,60,0,0,0,0,0,0,-0.000049,-0.000000,-0.034812,-0.004902,-0.000000,0.035494,0.000938,0.000000,1.570796,0.227498,0.000000,0.000000,-9600,-9600,-9600,-9600,0,0,0,0.000000,0.000000,0.000000,0.000000,0.000000,0.000000,0.000000,0.000000,0,0.000000,0.000000,0.000000,0.000000,0.000000,0.000000,0.000000,0.000000,0.000000,0.000000,0.000000,0.000000,0.000000,0.000000,0.000000,0.000000,0.000000,0.000000,0.000000,0.000000,0.000000,0.000000,0.000000,0.000000,0.000000,0.000000,0.000000,0.000000,0.000000,0.000000,0.000000,0.000000,0,0,0,0,0,0,0,0,0,0,0,0,0,66,0,0
12.028824,9770,13,0,0,2,60,0,0,0,0,0,0,-0.000049,-0.000000,-0.034812,-0.004902,-0.000000,0.035494,0.000938,0.000000,1.570796,0.227498,0.000000,0.000000,-9600,-9600,-9600,-9600,0,0,0,0.000000,0.000000,0.000000,0.000000,0.000000,0.000000,0.000000,0.000000,0,0.000000,0.000000,0.000000,0.000000,0.000000,0.000000,0.000000,0.000000,0.000000,0.000000,0.000000,0.000000,0.000000,0.000000,0.000000,0.000000,0.000000,0.000000,0.000000,0.000000,0.000000,0.000000,0.000000,0.000000,0.000000,0.000000,0.000000,0.000000,0.000000,0.000000,0.000000,0.000000,0,0,0,0,0,0,0,0,0,0,0,0,0,66,0,0
12.038594,9770,13,0,0,2,60,0,0,0,0,0,0,-0.000049,-0.000000,-0.034812,-0.004902,-0.000000,0.035494,0.000938,0.000000,1.570796,0.227498,0.000000,0.000000,-9600,-9600,-9600,-9600,0,0,0,0.000000,0.000000,0.000000,0.000000,0.000000,0.000000,0.000000,0.000000,0,0.000000,0.000000,0.000000,0.000000,0.000000,0.000000,0.000000,0.000000,0.000000,0.000000,0.000000,0.000000,0.000000,0.000000,0.000000,0.000000,0.000000,0.000000,0.000000,0.000000,0.000000,0.000000,0.000000,0.000000,0.000000,0.000000,0.000000,0.000000,0.000000,0.000000,0.000000,0.000000,0,0,0,0,0,0,0,0,0,0,0,0,0,66,0,0
12.048364,9770,13,0,0,2,60,0,0,0,0,0,0,-0.000050,-0.000000,-0.034812,-0.004902,-0.000000,0.035494,0.000938,0.000000,1.570796,0.227498,0.000000,0.000000,-9600,-9600,-9600,-9600,0,0,0,0.000000,0.000000,0.000000,0.000000,0.000000,0.000000,0.000000,0.000000,0,0.000000,0.000000,0.000000,0.000000,0.000000,0.000000,0.000000,0.000000,0.000000,0.000000,0.000000,0.000000,0.000000,0.000000,0.000000,0.000000,0.000000,0.000000,0.000000,0.000000,0.000000,0.000000,0.000000,0.000000,0.000000,0.000000,0.000000,0.000000,0.000000,0.000000,0.000000,0.000000,0,0,0,0,0,0,0,0,0,0,0,0,0,66,0,0
12.058134,9770,13,0,0,2,60,0,0,0,0,0,0,-0.000050,-0.000000,-0.034812,-0.004902,-0.000000,0.035494,0.000938,0.000000,1.570796,0.227498,0.000000,0.000000,-9600,-9600,-9600,-9600,0,0,0,0.000000,0.000000,0.000000,0.000000,0.000000,0.000000,0.000000,0.000000,0,0.000000,0.000000,0.000000,0.000000,0.000000,0.000000,0.000000,0.000000,0.000000,0.000000,0.000000,0.000000,0.000000,0.000000,0.000000,0.000000,0.000000,0.000000,0.000000,0.000000,0.000000,0.000000,0.000000,0.000000,0.000000,0.000000,0.000000,0.000000,0.000000,0.000000,0.000000,0.000000,0,0,0,0,0,0,0,0,0,0,0,0,0,66,0,0
12.067904,9770,13,0,0,2,60,0,0,0,0,0,0,-0.000050,-0.000000,-0.034812,-0.004902,-0.000000,0.035494,0.000938,0.000000,1.570796,0.227498,0.000000,0.000000,-9600,-9600,-9600,-9600,0,0,0,0.000000,0.000000,0.000000,0.000000,0.000000,0.000000,0.000000,0.000000,0,0.000000,0.000000,0.000000,0.000000,0.000000,0.000000,0.000000,0.000000,0.000000,0.000000,0.000000,0.000000,0.000000,0.000000,0.000000,0.000000,0.000000,0.000000,0.000000,0.000000,0.000000,0.000000,0.000000,0.000000,0.000000,0.000000,0.000000,0.000000,0.000000,0.000000,0.000000,0.000000,0,0,0,0,0,0,0,0,0,0,0,0,0,66,0,0
12.077674,9770,13,0,0,2,60,0,0,0,0,0,0,-0.000050,-0.000000,-0.034812,-0.004902,-0.000000,0.035494,0.000938,0.000000,1.570796,0.227498,0.000000,0.000000,-9600,-9600,-9600,-9600,0,0,0,0.000000,0.000000,0.000000,0.000000,0.000000,0.000000,0.000000,0.000000,0,0.000000,0.000000,0.000000,0.000000,0.000000,0.000000,0.000000,0.000000,0.000000,0.000000,0.000000,0.000000,0.000000,0.000000,0.000000,0.000000,0.000000,0.000000,0.000000,0.000000,0.000000,0.000000,0.000000,0.000000,0.000000,0.000000,0.000000,0.000000,0.000000,0.000000,0.000000,0.000000,0,0,0,0,0,0,0,0,0,0,0,0,0,66,0,0
12.087444,9770,13,0,0,2,60,0,0,0,0,0,0,-0.000050,-0.000000,-0.034812,-0.004902,-0.000000,0.035494,0.000938,0.000000,1.570796,0.227498,0.000000,0.000000,-9600,-9600,-9600,-9600,0,0,0,0.000000,0.000000,0.000000,0.000000,0.000000,0.000000,0.000000,0.000000,0,0.000000,0.000000,0.000000,0.000000,0.000000,0.000000,0.000000,0.000000,0.000000,0.000000,0.000000,0.000000,0.000000,0.000000,0.000000,0.000000,0.000000,0.000000,0.000000,0.000000,0.000000,0.000000,0.000000,0.000000,0.000000,0.000000,0.000000,0.000000,0.000000,0.000000,0.000000,0.000000,0,0,0,0,0,0,0,0,0,0,0,0,0,66,0,0
12.097214,9770,13,0,0,2,60,0,0,0,0,0,0,-0.000050,-0.000000,-0.034812,-0.004902,-0.000000,0.035494,0.000938,0.000000,1.570796,0.227498,0.000000,0.000000,-9600,-9600,-9600,-9600,0,0,0,0.000000,0.000000,0.000000,0.000000,0.000000,0.000000,0.000000,0.000000,0,0.000000,0.000000,0.000000,0.000000,0.000000,0.000000,0.000000,0.000000,0.000000,0.000000,0.000000,0.000000,0.000000,0.000000,0.000000,0.000000,0.000000,0.000000,0.000000,0.000000,0.000000,0.000000,0.000000,0.000000,0.000000,0.000000,0.000000,0.000000,0.000000,0.000000,0.000000,0.000000,0,0,0,0,0,0,0,0,0,0,0,0,0,66,0,0
12.106984,9770,13,0,0,2,60,0,0,0,0,0,0,-0.000050,-0.000000,-0.034812,-0.004902,-0.000000,0.035494,0.000938,0.000000,1.570796,0.227498,0.000000,0.000000,-9600,-9600,-9600,-9600,0,0,0,0.000000,0.000000,0.000000,0.000000,0.000000,0.000000,0.000000,0.000000,0,0.000000,0.000000,0.000000,0.000000,0.000000,0.000000,0.000000,0.000000,0.000000,0.000000,0.000000,0.000000,0.000000,0.000000,0.000000,0.000000,0.000000,0.000000,0.000000,0.000000,0.000000,0.000000,0.000000,0.000000,0.000000,0.000000,0.000000,0.000000,0.000000,0.000000,0.000000,0.000000,0,0,0,0,0,0,0,0,0,0,0,0,0,66,0,0
12.116754,9770,13,0,0,2,60,0,0,0,0,0,0,-0.000050,-0.000000,-0.034812,-0.004902,-0.000000,0.035494,0.000938,0.000000,1.570796,0.227498,0.000000,0.000000,-9600,-9600,-9600,-9600,0,0,0,0.000000,0.000000,0.000000,0.000000,0.000000,0.000000,0.000000,0.000000,0,0.000000,0.000000,0.000000,0.000000,0.000000,0.000000,0.000000,0.000000,0.000000,0.000000,0.000000,0.000000,0.000000,0.000000,0.000000,0.000000,0.000000,0.000000,0.000000,0.000000,0.000000,0.000000,0.000000,0.000000,0.000000,0.000000,0.000000,0.000000,0.000000,0.000000,0.000000,0.000000,0,0,0,0,0,0,0,0,0,0,0,0,0,66,0,0
12.126524,9770,13,0,0,2,60,0,0,0,0,0,0,-0.000050,-0.000000,-0.034812,-0.004902,-0.000000,0.035494,0.000938,0.000000,1.570796,0.227498,0.000000,0.000000,-9600,-9600,-9600,-9600,0,0,0,0.000000,0.000000,0.000000,0.000000,0.000000,0.000000,0.000000,0.000000,0,0.000000,0.000000,0.000000,0.000000,0.000000,0.000000,0.000000,0.000000,0.000000,0.000000,0.000000,0.000000,0.000000,0.000000,0.000000,0.000000,0.000000,0.000000,0.000000,0.000000,0.000000,0.000000,0.000000,0.000000,0.000000,0.000000,0.000000,0.000000,0.000000,0.000000,0.000000,0.000000,0,0,0,0,0,0,0,0,0,0,0,0,0,66,0,0
12.136294,9770,13,0,0,2,60,0,0,0,0,0,0,-0.000050,-0.000000,-0.034812,-0.004902,-0.000000,0.035494,0.000938,0.000000,1.570796,0.227498,0.000000,0.000000,-9600,-9600,-9600,-9600,0,0,0,0.000000,0.000000,0.000000,0.000000,0.000000,0.000000,0.000000,0.000000,0,0.000000,0.000000,0.000000,0.000000,0.000000,0.000000,0.000000,0.000000,0.000000,0.000000,0.000000,0.000000,0.000000,0.000000,0.000000,0.000000,0.000000,0.000000,0.000000,0.000000,0.000000,0.000000,0.000000,0.000000,0.000000,0.000000,0.000000,0.000000,0.000000,0.000000,0.000000,0.000000,0,0,0,0,0,0,0,0,0,0,0,0,0,66,0,0
12.146064,9770,13,0,0,2,60,0,0,0,0,0,0,-0.000050,-0.000000,-0.034812,-0.004902,-0.000000,0.035494,0.000938,0.000000,1.570796,0.227498,0.000000,0.000000,-9600,-9600,-9600,-9600,0,0,0,0.000000,0.000000,0.000000,0.000000,0.000000,0.000000,0.000000,0.000000,0,0.000000,0.000000,0.000000,0.000000,0.000000,0.000000,0.000000,0.000000,0.000000,0.000000,0.000000,0.000000,0.000000,0.000000,0.000000,0.000000,0.000000,0.000000,0.000000,0.000000,0.000000,0.000000,0.000000,0.000000,0.000000,0.000000,0.000000,0.000000,0.000000,0.000000,0.000000,0.000000,0,0,0,0,0,0,0,0,0,0,0,0,0,66,0,0
12.155834,9770,13,0,0,2,60,0,0,0,0,0,0,-0.000050,-0.000000,-0.034812,-0.004902,-0.000000,0.035494,0.000938,0.000000,1.570796,0.227498,0.000000,0.000000,-9600,-9600,-9600,-9600,0,0,0,0.000000,0.000000,0.000000,0.000000,0.000000,0.000000,0.000000,0.000000,0,0.000000,0.000000,0.000000,0.000000,0.000000,0.000000,0.000000,0.000000,0.000000,0.000000,0.000000,0.000000,0.000000,0.000000,0.000000,0.000000,0.000000,0.000000,0.000000,0.000000,0.000000,0.000000,0.000000,0.000000,0.000000,0.000000,0.000000,0.000000,0.000000,0.000000,0.000000,0.000000,0,0,0,0,0,0,0,0,0,0,0,0,0,66,0,0
12.165604,9770,13,0,0,2,60,0,0,0,0,0,0,-0.000050,-0.000000,-0.034812,-0.004902,-0.000000,0.035494,0.000938,0.000000,1.570796,0.227498,0.000000,0.000000,-9600,-9600,-9600,-9600,0,0,0,0.000000,0.000000,0.000000,0.000000,0.000000,0.000000,0.000000,0.000000,0,0.000000,0.000000,0.000000,0.000000,0.000000,0.000000,0.000000,0.000000,0.000000,0.000000,0.000000,0.000000,0.000000,0.000000,0.000000,0.000000,0.000000,0.000000,0.000000,0.000000,0.000000,0.000000,0.000000,0.000000,0.000000,0.000000,0.000000,0.000000,0.000000,0.000000,0.000000,0.000000,0,0,0,0,0,0,0,0,0,0,0,0,0,66,0,0
12.175374,9770,13,0,0,2,60,0,0,0,0,0,0,-0.000050,-0.000000,-0.034812,-0.004902,-0.000000,0.035494,0.000938,0.000000,1.570796,0.227498,0.000000,0.000000,-9600,-9600,-9600,-9600,0,0,0,0.000000,0.000000,0.000000,0.000000,0.000000,0.000000,0.000000,0.000000,0,0.000000,0.000000,0.000000,0.000000,0.000000,0.000000,0.000000,0.000000,0.000000,0.000000,0.000000,0.000000,0.000000,0.000000,0.000000,0.000000,0.000000,0.000000,0.000000,0.000000,0.000000,0.000000,0.000000,0.000000,0.000000,0.000000,0.000000,0.000000,0.000000,0.000000,0.000000,0.000000,0,0,0,0,0,0,0,0,0,0,0,0,0,66,0,0
12.185144,9770,13,0,0,2,60,0,0,0,0,0,0,-0.000050,-0.000000,-0.034812,-0.004902,-0.000000,0.035494,0.000938,0.000000,1.570796,0.227498,0.000000,0.000000,-9600,-9600,-9600,-9600,0,0,0,0.000000,0.000000,0.000000,0.000000,0.000000,0.000000,0.000000,0.000000,0,0.000000,0.000000,0.000000,0.000000,0.000000,0.000000,0.000000,0.000000,0.000000,0.000000,0.000000,0.000000,0.000000,0.000000,0.000000,0.000000,0.000000,0.000000,0.000000,0.000000,0.000000,0.000000,0.000000,0.000000,0.000000,0.000000,0.000000,0.000000,0.000000,0.000000,0.000000,0.000000,0,0,0,0,0,0,0,0,0,0,0,0,0,66,0,0
12.194914,9770,13,0,0,2,60,0,0,0,0,0,0,-0.000050,-0.000000,-0.034812,-0.004902,-0.000000,0.035494,0.000938,0.000000,1.570796,0.227498,0.000000,0.000000,-9600,-9600,-9600,-9600,0,0,0,0.000000,0.000000,0.000000,0.000000,0.000000,0.000000,0.000000,0.000000,0,0.000000,0.000000,0.000000,0.000000,0.000000,0.000000,0.000000,0.000000,0.000000,0.000000,0.000000,0.000000,0.000000,0.000000,0.000000,0.000000,0.000000,0.000000,0.000000,0.000000,0.000000,0.000000,0.000000,0.000000,0.000000,0.000000,0.000000,0.000000,0.000000,0.000000,0.000000,0.000000,0,0,0,0,0,0,0,0,0,0,0,0,0,66,0,0
12.204684,9770,13,0,0,2,60,0,0,0,0,0,0,-0.000050,-0.000000,-0.034812,-0.004902,-0.000000,0.035494,0.000938,0.000000,1.570796,0.227498,0.000000,0.000000,-9600,-9600,-9600,-9600,0,0,0,0.000000,0.000000,0.000000,0.000000,0.000000,0.000000,0.000000,0.000000,0,0.000000,0.000000,0.000000,0.000000,0.000000,0.000000,0.000000,0.000000,0.000000,0.000000,0.000000,0.000000,0.000000,0.000000,0.000000,0.000000,0.000000,0.000000,0.000000,0.000000,0.000000,0.000000,0.000000,0.000000,0.000000,0.000000,0.000000,0.000000,0.000000,0.000000,0.000000,0.000000,0,0,0,0,0,0,0,0,0,0,0,0,0,66,0,0
12.214454,9770,13,0,0,2,60,0,0,0,0,0,0,-0.000050,-0.000000,-0.034812,-0.004902,-0.000000,0.035494,0.000938,0.000000,1.570796,0.227498,0.000000,0.000000,-9600,-9600,-9600,-9600,0,0,0,0.000000,0.000000,0.000000,0.000000,0.000000,0.000000,0.000000,0.000000,0,0.000000,0.000000,0.000000,0.000000,0.000000,0.000000,0.000000,0.000000,0.000000,0.000000,0.000000,0.000000,0.000000,0.000000,0.000000,0.000000,0.000000,0.000000,0.000000,0.000000,0.000000,0.000000,0.000000,0.000000,0.000000,0.000000,0.000000,0.000000,0.000000,0.000000,0.000000,0.000000,0,0,0,0,0,0,0,0,0,0,0,0,0,66,0,0
12.224224,9770,13,0,0,2,60,0,0,0,0,0,0,-0.000050,-0.000000,-0.034812,-0.004902,-0.000000,0.035494,0.000938,0.000000,1.570796,0.227498,0.000000,0.000000,-9600,-9600,-9600,-9600,0,0,0,0.000000,0.000000,0.000000,0.000000,0.000000,0.000000,0.000000,0.000000,0,0.000000,0.000000,0.000000,0.000000,0.000000,0.000000,0.000000,0.000000,0.000000,0.000000,0.000000,0.000000,0.000000,0.000000,0.000000,0.000000,0.000000,0.000000,0.000000,0.000000,0.000000,0.000000,0.000000,0.000000,0.000000,0.000000,0.000000,0.000000,0.000000,0.000000,0.000000,0.000000,0,0,0,0,0,0,0,0,0,0,0,0,0,66,0,0
12.233994,9770,13,0,0,2,60,0,0,0,0,0,0,-0.000050,-0.000000,-0.034812,-0.004902,-0.000000,0.035494,0.000938,0.000000,1.570796,0.227498,0.000000,0.000000,-9600,-9600,-9600,-9600,0,0,0,0.000000,0.000000,0.000000,0.000000,0.000000,0.000000,0.000000,0.000000,0,0.000000,0.000000,0.000000,0.000000,0.000000,0.000000,0.000000,0.000000,0.000000,0.000000,0.000000,0.000000,0.000000,0.000000,0.000000,0.000000,0.000000,0.000000,0.000000,0.000000,0.000000,0.000000,0.000000,0.000000,0.000000,0.000000,0.000000,0.000000,0.000000,0.000000,0.000000,0.000000,0,0,0,0,0,0,0,0,0,0,0,0,0,66,0,0
12.243764,9770,13,0,0,2,60,0,0,0,0,0,0,-0.000050,-0.000000,-0.034812,-0.004902,-0.000000,0.035494,0.000938,0.000000,1.570796,0.227498,0.000000,0.000000,-9600,-9600,-9600,-9600,0,0,0,0.000000,0.000000,0.000000,0.000000,0.000000,0.000000,0.000000,0.000000,0,0.000000,0.000000,0.000000,0.000000,0.000000,0.000000,0.000000,0.000000,0.000000,0.000000,0.000000,0.000000,0.000000,0.000000,0.000000,0.000000,0.000000,0.000000,0.000000,0.000000,0.000000,0.000000,0.000000,0.000000,0.000000,0.000000,0.000000,0.000000,0.000000,0.000000,0.000000,0.000000,0,0,0,0,0,0,0,0,0,0,0,0,0,66,0,0
12.253534,9770,13,0,0,2,60,0,0,0,0,0,0,-0.000050,-0.000000,-0.034812,-0.004902,-0.000000,0.035494,0.000938,0.000000,1.570796,0.227498,0.000000,0.000000,-9600,-9600,-9600,-9600,0,0,0,0.000000,0.000000,0.000000,0.000000,0.000000,0.000000,0.000000,0.000000,0,0.000000,0.000000,0.000000,0.000000,0.000000,0.000000,0.000000,0.000000,0.000000,0.000000,0.000000,0.000000,0.000000,0.000000,0.000000,0.000000,0.000000,0.000000,0.000000,0.000000,0.000000,0.000000,0.000000,0.000000,0.000000,0.000000,0.000000,0.000000,0.000000,0.000000,0.000000,0.000000,0,0,0,0,0,0,0,0,0,0,0,0,0,66,0,0
12.263304,9770,13,0,0,2,60,0,0,0,0,0,0,-0.000050,-0.000000,-0.034812,-0.004902,-0.000000,0.035494,0.000938,0.000000,1.570796,0.227498,0.000000,0.000000,-9600,-9600,-9600,-9600,0,0,0,0.000000,0.000000,0.000000,0.000000,0.000000,0.000000,0.000000,0.000000,0,0.000000,0.000000,0.000000,0.000000,0.000000,0.000000,0.000000,0.000000,0.000000,0.000000,0.000000,0.000000,0.000000,0.000000,0.000000,0.000000,0.000000,0.000000,0.000000,0.000000,0.000000,0.000000,0.000000,0.000000,0.000000,0.000000,0.000000,0.000000,0.000000,0.000000,0.000000,0.000000,0,0,0,0,0,0,0,0,0,0,0,0,0,66,0,0
12.273074,9770,13,0,0,2,60,0,0,0,0,0,0,-0.000050,-0.000000,-0.034812,-0.004902,-0.000000,0.035494,0.000938,0.000000,1.570796,0.227498,0.000000,0.000000,-9600,-9600,-9600,-9600,0,0,0,0.000000,0.000000,0.000000,0.000000,0.000000,0.000000,0.000000,0.000000,0,0.000000,0.000000,0.000000,0.000000,0.000000,0.000000,0.000000,0.000000,0.000000,0.000000,0.000000,0.000000,0.000000,0.000000,0.000000,0.000000,0.000000,0.000000,0.000000,0.000000,0.000000,0.000000,0.000000,0.000000,0.000000,0.000000,0.000000,0.000000,0.000000,0.000000,0.000000,0.000000,0,0,0,0,0,0,0,0,0,0,0,0,0,66,0,0
12.282844,9770,13,0,0,2,60,0,0,0,0,0,0,-0.000050,-0.000000,-0.034812,-0.004902,-0.000000,0.035494,0.000938,0.000000,1.570796,0.227498,0.000000,0.000000,-9600,-9600,-9600,-9600,0,0,0,0.000000,0.000000,0.000000,0.000000,0.000000,0.000000,0.000000,0.000000,0,0.000000,0.000000,0.000000,0.000000,0.000000,0.000000,0.000000,0.000000,0.000000,0.000000,0.000000,0.000000,0.000000,0.000000,0.000000,0.000000,0.000000,0.000000,0.000000,0.000000,0.000000,0.000000,0.000000,0.000000,0.000000,0.000000,0.000000,0.000000,0.000000,0.000000,0.000000,0.000000,0,0,0,0,0,0,0,0,0,0,0,0,0,66,0,0
12.292614,9770,13,0,0,2,60,0,0,0,0,0,0,-0.000050,-0.000000,-0.034812,-0.004902,-0.000000,0.035494,0.000938,0.000000,1.570796,0.227498,0.000000,0.000000,-9600,-9600,-9600,-9600,0,0,0,0.000000,0.000000,0.000000,0.000000,0.000000,0.000000,0.000000,0.000000,0,0.000000,0.000000,0.000000,0.000000,0.000000,0.000000,0.000000,0.000000,0.000000,0.000000,0.000000,0.000000,0.000000,0.000000,0.000000,0.000000,0.000000,0.000000,0.000000,0.000000,0.000000,0.000000,0.000000,0.000000,0.000000,0.000000,0.000000,0.000000,0.000000,0.000000,0.000000,0.000000,0,0,0,0,0,0,0,0,0,0,0,0,0,66,0,0
12.302384,9770,13,0,0,2,60,0,0,0,0,0,0,-0.000050,-0.000000,-0.034812,-0.004902,-0.000000,0.035494,0.000938,0.000000,1.570796,0.227498,0.000000,0.000000,-9600,-9600,-9600,-9600,0,0,0,0.000000,0.000000,0.000000,0.000000,0.000000,0.000000,0.000000,0.000000,0,0.000000,0.000000,0.000000,0.000000,0.000000,0.000000,0.000000,0.000000,0.000000,0.000000,0.000000,0.000000,0.000000,0.000000,0.000000,0.000000,0.000000,0.000000,0.000000,0.000000,0.000000,0.000000,0.000000,0.000000,0.000000,0.000000,0.000000,0.000000,0.000000,0.000000,0.000000,0.000000,0,0,0,0,0,0,0,0,0,0,0,0,0,66,0,0
12.312154,9770,13,0,0,2,60,0,0,0,0,0,0,-0.000050,-0.000000,-0.034812,-0.004902,-0.000000,0.035494,0.000938,0.000000,1.570796,0.227498,0.000000,0.000000,-9600,-9600,-9600,-9600,0,0,0,0.000000,0.000000,0.000000,0.000000,0.000000,0.000000,0.000000,0.000000,0,0.000000,0.000000,0.000000,0.000000,0.000000,0.000000,0.000000,0.000000,0.000000,0.000000,0.000000,0.000000,0.000000,0.000000,0.000000,0.000000,0.000000,0.000000,0.000000,0.000000,0.000000,0.000000,0.000000,0.000000,0.000000,0.000000,0.000000,0.000000,0.000000,0.000000,0.000000,0.000000,0,0,0,0,0,0,0,0,0,0,0,0,0,66,0,0
12.321924,9770,13,0,0,2,60,0,0,0,0,0,0,-0.000050,-0.000000,-0.034812,-0.004902,-0.000000,0.035494,0.000938,0.000000,1.570796,0.227498,0.000000,0.000000,-9600,-9600,-9600,-9600,0,0,0,0.000000,0.000000,0.000000,0.000000,0.000000,0.000000,0.000000,0.000000,0,0.000000,0.000000,0.000000,0.000000,0.000000,0.000000,0.000000,0.000000,0.000000,0.000000,0.000000,0.000000,0.000000,0.000000,0.000000,0.000000,0.000000,0.000000,0.000000,0.000000,0.000000,0.000000,0.000000,0.000000,0.000000,0.000000,0.000000,0.000000,0.000000,0.000000,0.000000,0.000000,0,0,0,0,0,0,0,0,0,0,0,0,0,66,0,0
12.331694,9770,13,0,0,2,60,0,0,0,0,0,0,-0.000050,-0.000000,-0.034812,-0.004902,-0.000000,0.035494,0.000938,0.000000,1.570796,0.227498,0.000000,0.000000,-9600,-9600,-9600,-9600,0,0,0,0.000000,0.000000,0.000000,0.000000,0.000000,0.000000,0.000000,0.000000,0,0.000000,0.000000,0.000000,0.000000,0.000000,0.000000,0.000000,0.000000,0.000000,0.000000,0.000000,0.000000,0.000000,0.000000,0.000000,0.000000,0.000000,0.000000,0.000000,0.000000,0.000000,0.000000,0.000000,0.000000,0.000000,0.000000,0.000000,0.000000,0.000000,0.000000,0.000000,0.000000,0,0,0,0,0,0,0,0,0,0,0,0,0,66,0,0
12.341464,9770,13,0,0,2,60,0,0,0,0,0,0,-0.000050,-0.000000,-0.034812,-0.004902,-0.000000,0.035494,0.000938,0.000000,1.570796,0.227498,0.000000,0.000000,-9600,-9600,-9600,-9600,0,0,0,0.000000,0.000000,0.000000,0.000000,0.000000,0.000000,0.000000,0.000000,0,0.000000,0.000000,0.000000,0.000000,0.000000,0.000000,0.000000,0.000000,0.000000,0.000000,0.000000,0.000000,0.000000,0.000000,0.000000,0.000000,0.000000,0.000000,0.000000,0.000000,0.000000,0.000000,0.000000,0.000000,0.000000,0.000000,0.000000,0.000000,0.000000,0.000000,0.000000,0.000000,0,0,0,0,0,0,0,0,0,0,0,0,0,66,0,0
12.351234,9770,13,0,0,2,60,0,0,0,0,0,0,-0.000050,-0.000000,-0.034812,-0.004902,-0.000000,0.035494,0.000938,0.000000,1.570796,0.227498,0.000000,0.000000,-9600,-9600,-9600,-9600,0,0,0,0.000000,0.000000,0.000000,0.000000,0.000000,0.000000,0.000000,0.000000,0,0.000000,0.000000,0.000000,0.000000,0.000000,0.000000,0.000000,0.000000,0.000000,0.000000,0.000000,0.000000,0.000000,0.000000,0.000000,0.000000,0.000000,0.000000,0.000000,0.000000,0.000000,0.000000,0.000000,0.000000,0.000000,0.000000,0.000000,0.000000,0.000000,0.000000,0.000000,0.000000,0,0,0,0,0,0,0,0,0,0,0,0,0,66,0,0
12.361004,9770,13,0,0,2,60,0,0,0,0,0,0,-0.000050,-0.000000,-0.034812,-0.004902,-0.000000,0.035494,0.000938,0.000000,1.570796,0.227498,0.000000,0.000000,-9600,-9600,-9600,-9600,0,0,0,0.000000,0.000000,0.000000,0.000000,0.000000,0.000000,0.000000,0.000000,0,0.000000,0.000000,0.000000,0.000000,0.000000,0.000000,0.000000,0.000000,0.000000,0.000000,0.000000,0.000000,0.000000,0.000000,0.000000,0.000000,0.000000,0.000000,0.000000,0.000000,0.000000,0.000000,0.000000,0.000000,0.000000,0.000000,0.000000,0.000000,0.000000,0.000000,0.000000,0.000000,0,0,0,0,0,0,0,0,0,0,0,0,0,66,0,0
12.370774,9770,13,0,0,2,60,0,0,0,0,0,0,-0.000050,-0.000000,-0.034812,-0.004902,-0.000000,0.035494,0.000938,0.000000,1.570796,0.227498,0.000000,0.000000,-9600,-9600,-9600,-9600,0,0,0,0.000000,0.000000,0.000000,0.000000,0.000000,0.000000,0.000000,0.000000,0,0.000000,0.000000,0.000000,0.000000,0.000000,0.000000,0.000000,0.000000,0.000000,0.000000,0.000000,0.000000,0.000000,0.000000,0.000000,0.000000,0.000000,0.000000,0.000000,0.000000,0.000000,0.000000,0.000000,0.000000,0.000000,0.000000,0.000000,0.000000,0.000000,0.000000,0.000000,0.000000,0,0,0,0,0,0,0,0,0,0,0,0,0,66,0,0
12.380544,9770,13,0,0,2,60,0,0,0,0,0,0,-0.000050,-0.000000,-0.034812,-0.004902,-0.000000,0.035494,0.000938,0.000000,1.570796,0.227498,0.000000,0.000000,-9600,-9600,-9600,-9600,0,0,0,0.000000,0.000000,0.000000,0.000000,0.000000,0.000000,0.000000,0.000000,0,0.000000,0.000000,0.000000,0.000000,0.000000,0.000000,0.000000,0.000000,0.000000,0.000000,0.000000,0.000000,0.000000,0.000000,0.000000,0.000000,0.000000,0.000000,0.000000,0.000000,0.000000,0.000000,0.000000,0.000000,0.000000,0.000000,0.000000,0.000000,0.000000,0.000000,0.000000,0.000000,0,0,0,0,0,0,0,0,0,0,0,0,0,66,0,0
12.390314,9770,13,0,0,2,60,0,0,0,0,0,0,-0.000050,-0.000000,-0.034812,-0.004902,-0.000000,0.035494,0.000938,0.000000,1.570796,0.227498,0.000000,0.000000,-9600,-9600,-9600,-9600,0,0,0,0.000000,0.000000,0.000000,0.000000,0.000000,0.000000,0.000000,0.000000,0,0.000000,0.000000,0.000000,0.000000,0.000000,0.000000,0.000000,0.000000,0.000000,0.000000,0.000000,0.000000,0.000000,0.000000,0.000000,0.000000,0.000000,0.000000,0.000000,0.000000,0.000000,0.000000,0.000000,0.000000,0.000000,0.000000,0.000000,0.000000,0.000000,0.000000,0.000000,0.000000,0,0,0,0,0,0,0,0,0,0,0,0,0,66,0,0
12.400084,9770,13,0,0,2,60,0,0,0,0,0,0,-0.000050,-0.000000,-0.034812,-0.004902,-0.000000,0.035494,0.000938,0.000000,1.570796,0.227498,0.000000,0.000000,-9600,-9600,-9600,-9600,0,0,0,0.000000,0.000000,0.000000,0.000000,0.000000,0.000000,0.000000,0.000000,0,0.000000,0.000000,0.000000,0.000000,0.000000,0.000000,0.000000,0.000000,0.000000,0.000000,0.000000,0.000000,0.000000,0.000000,0.000000,0.000000,0.000000,0.000000,0.000000,0.000000,0.000000,0.000000,0.000000,0.000000,0.000000,0.000000,0.000000,0.000000,0.000000,0.000000,0.000000,0.000000,0,0,0,0,0,0,0,0,0,0,0,0,0,66,0,0
12.409854,9770,13,0,0,2,60,0,0,0,0,0,0,-0.000050,-0.000000,-0.034812,-0.004902,-0.000000,0.035494,0.000938,0.000000,1.570796,0.227498,0.000000,0.000000,-9600,-9600,-9600,-9600,0,0,0,0.000000,0.000000,0.000000,0.000000,0.000000,0.000000,0.000000,0.000000,0,0.000000,0.000000,0.000000,0.000000,0.000000,0.000000,0.000000,0.000000,0.000000,0.000000,0.000000,0.000000,0.000000,0.000000,0.000000,0.000000,0.000000,0.000000,0.000000,0.000000,0.000000,0.000000,0.000000,0.000000,0.000000,0.000000,0.000000,0.000000,0.000000,0.000000,0.000000,0.000000,0,0,0,0,0,0,0,0,0,0,0,0,0,66,0,0
12.419624,9770,13,0,0,2,60,0,0,0,0,0,0,-0.000050,-0.000000,-0.034812,-0.004902,-0.000000,0.035494,0.000938,0.000000,1.570796,0.227498,0.000000,0.000000,-9600,-9600,-9600,-9600,0,0,0,0.000000,0.000000,0.000000,0.000000,0.000000,0.000000,0.000000,0.000000,0,0.000000,0.000000,0.000000,0.000000,0.000000,0.000000,0.000000,0.000000,0.000000,0.000000,0.000000,0.000000,0.000000,0.000000,0.000000,0.000000,0.000000,0.000000,0.000000,0.000000,0.000000,0.000000,0.000000,0.000000,0.000000,0.000000,0.000000,0.000000,0.000000,0.000000,0.000000,0.000000,0,0,0,0,0,0,0,0,0,0,0,0,0,66,0,0
12.429394,9770,13,0,0,2,60,0,0,0,0,0,0,-0.000050,-0.000000,-0.034812,-0.004902,-0.000000,0.035494,0.000938,0.000000,1.570796,0.227498,0.000000,0.000000,-9600,-9600,-9600,-9600,0,0,0,0.000000,0.000000,0.000000,0.000000,0.000000,0.000000,0.000000,0.000000,0,0.000000,0.000000,0.000000,0.000000,0.000000,0.000000,0.000000,0.000000,0.000000,0.000000,0.000000,0.000000,0.000000,0.000000,0.000000,0.000000,0.000000,0.000000,0.000000,0.000000,0.000000,0.000000,0.000000,0.000000,0.000000,0.000000,0.000000,0.000000,0.000000,0.000000,0.000000,0.000000,0,0,0,0,0,0,0,0,0,0,0,0,0,66,0,0
12.439164,9770,13,0,0,2,60,0,0,0,0,0,0,-0.000050,-0.000000,-0.034812,-0.004902,-0.000000,0.035494,0.000938,0.000000,1.570796,0.227498,0.000000,0.000000,-9600,-9600,-9600,-9600,0,0,0,0.000000,0.000000,0.000000,0.000000,0.000000,0.000000,0.000000,0.000000,0,0.000000,0.000000,0.000000,0.000000,0.000000,0.000000,0.000000,0.000000,0.000000,0.000000,0.000000,0.000000,0.000000,0.000000,0.000000,0.000000,0.000000,0.000000,0.000000,0.000000,0.000000,0.000000,0.000000,0.000000,0.000000,0.000000,0.000000,0.000000,0.000000,0.000000,0.000000,0.000000,0,0,0,0,0,0,0,0,0,0,0,0,0,66,0,0
12.448934,9770,13,0,0,2,60,0,0,0,0,0,0,-0.000050,-0.000000,-0.034812,-0.004902,-0.000000,0.035494,0.000938,0.000000,1.570796,0.227498,0.000000,0.000000,-9600,-9600,-9600,-9600,0,0,0,0.000000,0.000000,0.000000,0.000000,0.000000,0.000000,0.000000,0.000000,0,0.000000,0.000000,0.000000,0.000000,0.000000,0.000000,0.000000,0.000000,0.000000,0.000000,0.000000,0.000000,0.000000,0.000000,0.000000,0.000000,0.000000,0.000000,0.000000,0.000000,0.000000,0.000000,0.000000,0.000000,0.000000,0.000000,0.000000,0.000000,0.000000,0.000000,0.000000,0.000000,0,0,0,0,0,0,0,0,0,0,0,0,0,66,0,0
12.458704,9770,13,0,0,2,60,0,0,0,0,0,0,-0.000051,-0.000000,-0.034812,-0.004902,-0.000000,0.035494,0.000938,0.000000,1.570796,0.227498,0.000000,0.000000,-9600,-9600,-9600,-9600,0,0,0,0.000000,0.000000,0.000000,0.000000,0.000000,0.000000,0.000000,0.000000,0,0.000000,0.000000,0.000000,0.000000,0.000000,0.000000,0.000000,0.000000,0.000000,0.000000,0.000000,0.000000,0.000000,0.000000,0.000000,0.000000,0.000000,0.000000,0.000000,0.000000,0.000000,0.000000,0.000000,0.000000,0.000000,0.000000,0.000000,0.000000,0.000000,0.000000,0.000000,0.000000,0,0,0,0,0,0,0,0,0,0,0,0,0,66,0,0
12.468474,9770,13,0,0,2,60,0,0,0,0,0,0,-0.000051,-0.000000,-0.034812,-0.004902,-0.000000,0.035494,0.000938,0.000000,1.570796,0.227498,0.000000,0.000000,-9600,-9600,-9600,-9600,0,0,0,0.000000,0.000000,0.000000,0.000000,0.000000,0.000000,0.000000,0.000000,0,0.000000,0.000000,0.000000,0.000000,0.000000,0.000000,0.000000,0.000000,0.000000,0.000000,0.000000,0.000000,0.000000,0.000000,0.000000,0.000000,0.000000,0.000000,0.000000,0.000000,0.000000,0.000000,0.000000,0.000000,0.000000,0.000000,0.000000,0.000000,0.000000,0.000000,0.000000,0.000000,0,0,0,0,0,0,0,0,0,0,0,0,0,66,0,0
12.478244,9770,13,0,0,2,60,0,0,0,0,0,0,-0.000051,-0.000000,-0.034812,-0.004902,-0.000000,0.035494,0.000938,0.000000,1.570796,0.227498,0.000000,0.000000,-9600,-9600,-9600,-9600,0,0,0,0.000000,0.000000,0.000000,0.000000,0.000000,0.000000,0.000000,0.000000,0,0.000000,0.000000,0.000000,0.000000,0.000000,0.000000,0.000000,0.000000,0.000000,0.000000,0.000000,0.000000,0.000000,0.000000,0.000000,0.000000,0.000000,0.000000,0.000000,0.000000,0.000000,0.000000,0.000000,0.000000,0.000000,0.000000,0.000000,0.000000,0.000000,0.000000,0.000000,0.000000,0,0,0,0,0,0,0,0,0,0,0,0,0,66,0,0
12.488014,9770,13,0,0,2,60,0,0,0,0,0,0,-0.000051,-0.000000,-0.034812,-0.004902,-0.000000,0.035494,0.000938,0.000000,1.570796,0.227498,0.000000,0.000000,-9600,-9600,-9600,-9600,0,0,0,0.000000,0.000000,0.000000,0.000000,0.000000,0.000000,0.000000,0.000000,0,0.000000,0.000000,0.000000,0.000000,0.000000,0.000000,0.000000,0.000000,0.000000,0.000000,0.000000,0.000000,0.000000,0.000000,0.000000,0.000000,0.000000,0.000000,0.000000,0.000000,0.000000,0.000000,0.000000,0.000000,0.000000,0.000000,0.000000,0.000000,0.000000,0.000000,0.000000,0.000000,0,0,0,0,0,0,0,0,0,0,0,0,0,66,0,0
12.497784,9770,13,0,0,2,60,0,0,0,0,0,0,-0.000051,-0.000000,-0.034812,-0.004902,-0.000000,0.035494,0.000938,0.000000,1.570796,0.227498,0.000000,0.000000,-9600,-9600,-9600,-9600,0,0,0,0.000000,0.000000,0.000000,0.000000,0.000000,0.000000,0.000000,0.000000,0,0.000000,0.000000,0.000000,0.000000,0.000000,0.000000,0.000000,0.000000,0.000000,0.000000,0.000000,0.000000,0.000000,0.000000,0.000000,0.000000,0.000000,0.000000,0.000000,0.000000,0.000000,0.000000,0.000000,0.000000,0.000000,0.000000,0.000000,0.000000,0.000000,0.000000,0.000000,0.000000,0,0,0,0,0,0,0,0,0,0,0,0,0,66,0,0
12.507554,9770,13,0,0,2,60,0,0,0,0,0,0,-0.000051,-0.000000,-0.034812,-0.004902,-0.000000,0.035494,0.000938,0.000000,1.570796,0.227498,0.000000,0.000000,-9600,-9600,-9600,-9600,0,0,0,0.000000,0.000000,0.000000,0.000000,0.000000,0.000000,0.000000,0.000000,0,0.000000,0.000000,0.000000,0.000000,0.000000,0.000000,0.000000,0.000000,0.000000,0.000000,0.000000,0.000000,0.000000,0.000000,0.000000,0.000000,0.000000,0.000000,0.000000,0.000000,0.000000,0.000000,0.000000,0.000000,0.000000,0.000000,0.000000,0.000000,0.000000,0.000000,0.000000,0.000000,0,0,0,0,0,0,0,0,0,0,0,0,0,66,0,0
12.517324,9770,13,0,0,2,60,0,0,0,0,0,0,-0.000051,-0.000000,-0.034812,-0.004902,-0.000000,0.035494,0.000938,0.000000,1.570796,0.227498,0.000000,0.000000,-9600,-9600,-9600,-9600,0,0,0,0.000000,0.000000,0.000000,0.000000,0.000000,0.000000,0.000000,0.000000,0,0.000000,0.000000,0.000000,0.000000,0.000000,0.000000,0.000000,0.000000,0.000000,0.000000,0.000000,0.000000,0.000000,0.000000,0.000000,0.000000,0.000000,0.000000,0.000000,0.000000,0.000000,0.000000,0.000000,0.000000,0.000000,0.000000,0.000000,0.000000,0.000000,0.000000,0.000000,0.000000,0,0,0,0,0,0,0,0,0,0,0,0,0,66,0,0
12.527094,9770,13,0,0,2,60,0,0,0,0,0,0,-0.000051,-0.000000,-0.034812,-0.004902,-0.000000,0.035494,0.000938,0.000000,1.570796,0.227498,0.000000,0.000000,-9600,-9600,-9600,-9600,0,0,0,0.000000,0.000000,0.000000,0.000000,0.000000,0.000000,0.000000,0.000000,0,0.000000,0.000000,0.000000,0.000000,0.000000,0.000000,0.000000,0.000000,0.000000,0.000000,0.000000,0.000000,0.000000,0.000000,0.000000,0.000000,0.000000,0.000000,0.000000,0.000000,0.000000,0.000000,0.000000,0.000000,0.000000,0.000000,0.000000,0.000000,0.000000,0.000000,0.000000,0.000000,0,0,0,0,0,0,0,0,0,0,0,0,0,66,0,0
12.536864,9770,13,0,0,2,60,0,0,0,0,0,0,-0.000051,-0.000000,-0.034812,-0.004902,-0.000000,0.035494,0.000938,0.000000,1.570796,0.227498,0.000000,0.000000,-9600,-9600,-9600,-9600,0,0,0,0.000000,0.000000,0.000000,0.000000,0.000000,0.000000,0.000000,0.000000,0,0.000000,0.000000,0.000000,0.000000,0.000000,0.000000,0.000000,0.000000,0.000000,0.000000,0.000000,0.000000,0.000000,0.000000,0.000000,0.000000,0.000000,0.000000,0.000000,0.000000,0.000000,0.000000,0.000000,0.000000,0.000000,0.000000,0.000000,0.000000,0.000000,0.000000,0.000000,0.000000,0,0,0,0,0,0,0,0,0,0,0,0,0,66,0,0
12.546634,9770,13,0,0,2,60,0,0,0,0,0,0,-0.000051,-0.000000,-0.034812,-0.004902,-0.000000,0.035494,0.000938,0.000000,1.570796,0.227498,0.000000,0.000000,-9600,-9600,-9600,-9600,0,0,0,0.000000,0.000000,0.000000,0.000000,0.000000,0.000000,0.000000,0.000000,0,0.000000,0.000000,0.000000,0.000000,0.000000,0.000000,0.000000,0.000000,0.000000,0.000000,0.000000,0.000000,0.000000,0.000000,0.000000,0.000000,0.000000,0.000000,0.000000,0.000000,0.000000,0.000000,0.000000,0.000000,0.000000,0.000000,0.000000,0.000000,0.000000,0.000000,0.000000,0.000000,0,0,0,0,0,0,0,0,0,0,0,0,0,66,0,0
12.556404,9770,13,0,0,2,60,0,0,0,0,0,0,-0.000051,-0.000000,-0.034812,-0.004902,-0.000000,0.035494,0.000938,0.000000,1.570796,0.227498,0.000000,0.000000,-9600,-9600,-9600,-9600,0,0,0,0.000000,0.000000,0.000000,0.000000,0.000000,0.000000,0.000000,0.000000,0,0.000000,0.000000,0.000000,0.000000,0.000000,0.000000,0.000000,0.000000,0.000000,0.000000,0.000000,0.000000,0.000000,0.000000,0.000000,0.000000,0.000000,0.000000,0.000000,0.000000,0.000000,0.000000,0.000000,0.000000,0.000000,0.000000,0.000000,0.000000,0.000000,0.000000,0.000000,0.000000,0,0,0,0,0,0,0,0,0,0,0,0,0,66,0,0
12.566174,9770,13,0,0,2,60,0,0,0,0,0,0,-0.000051,-0.000000,-0.034812,-0.004902,-0.000000,0.035494,0.000938,0.000000,1.570796,0.227498,0.000000,0.000000,-9600,-9600,-9600,-9600,0,0,0,0.000000,0.000000,0.000000,0.000000,0.000000,0.000000,0.000000,0.000000,0,0.000000,0.000000,0.000000,0.000000,0.000000,0.000000,0.000000,0.000000,0.000000,0.000000,0.000000,0.000000,0.000000,0.000000,0.000000,0.000000,0.000000,0.000000,0.000000,0.000000,0.000000,0.000000,0.000000,0.000000,0.000000,0.000000,0.000000,0.000000,0.000000,0.000000,0.000000,0.000000,0,0,0,0,0,0,0,0,0,0,0,0,0,66,0,0
12.575944,9770,13,0,0,2,60,0,0,0,0,0,0,-0.000051,-0.000000,-0.034812,-0.004902,-0.000000,0.035494,0.000938,0.000000,1.570796,0.227498,0.000000,0.000000,-9600,-9600,-9600,-9600,0,0,0,0.000000,0.000000,0.000000,0.000000,0.000000,0.000000,0.000000,0.000000,0,0.000000,0.000000,0.000000,0.000000,0.000000,0.000000,0.000000,0.000000,0.000000,0.000000,0.000000,0.000000,0.000000,0.000000,0.000000,0.000000,0.000000,0.000000,0.000000,0.000000,0.000000,0.000000,0.000000,0.000000,0.000000,0.000000,0.000000,0.000000,0.000000,0.000000,0.000000,0.000000,0,0,0,0,0,0,0,0,0,0,0,0,0,66,0,0
12.585714,9770,13,0,0,2,60,0,0,0,0,0,0,-0.000051,-0.000000,-0.034812,-0.004902,-0.000000,0.035494,0.000938,0.000000,1.570796,0.227498,0.000000,0.000000,-9600,-9600,-9600,-9600,0,0,0,0.000000,0.000000,0.000000,0.000000,0.000000,0.000000,0.000000,0.000000,0,0.000000,0.000000,0.000000,0.000000,0.000000,0.000000,0.000000,0.000000,0.000000,0.000000,0.000000,0.000000,0.000000,0.000000,0.000000,0.000000,0.000000,0.000000,0.000000,0.000000,0.000000,0.000000,0.000000,0.000000,0.000000,0.000000,0.000000,0.000000,0.000000,0.000000,0.000000,0.000000,0,0,0,0,0,0,0,0,0,0,0,0,0,66,0,0
12.595484,9770,13,0,0,2,60,0,0,0,0,0,0,-0.000051,-0.000000,-0.034812,-0.004902,-0.000000,0.035494,0.000938,0.000000,1.570796,0.227498,0.000000,0.000000,-9600,-9600,-9600,-9600,0,0,0,0.000000,0.000000,0.000000,0.000000,0.000000,0.000000,0.000000,0.000000,0,0.000000,0.000000,0.000000,0.000000,0.000000,0.000000,0.000000,0.000000,0.000000,0.000000,0.000000,0.000000,0.000000,0.000000,0.000000,0.000000,0.000000,0.000000,0.000000,0.000000,0.000000,0.000000,0.000000,0.000000,0.000000,0.000000,0.000000,0.000000,0.000000,0.000000,0.000000,0.000000,0,0,0,0,0,0,0,0,0,0,0,0,0,66,0,0
12.605254,9770,13,0,0,2,60,0,0,0,0,0,0,-0.000051,-0.000000,-0.034812,-0.004902,-0.000000,0.035494,0.000938,0.000000,1.570796,0.227498,0.000000,0.000000,-9600,-9600,-9600,-9600,0,0,0,0.000000,0.000000,0.000000,0.000000,0.000000,0.000000,0.000000,0.000000,0,0.000000,0.000000,0.000000,0.000000,0.000000,0.000000,0.000000,0.000000,0.000000,0.000000,0.000000,0.000000,0.000000,0.000000,0.000000,0.000000,0.000000,0.000000,0.000000,0.000000,0.000000,0.000000,0.000000,0.000000,0.000000,0.000000,0.000000,0.000000,0.000000,0.000000,0.000000,0.000000,0,0,0,0,0,0,0,0,0,0,0,0,0,66,0,0
12.615024,9770,13,0,0,2,60,0,0,0,0,0,0,-0.000051,-0.000000,-0.034812,-0.004902,-0.000000,0.035494,0.000938,0.000000,1.570796,0.227498,0.000000,0.000000,-9600,-9600,-9600,-9600,0,0,0,0.000000,0.000000,0.000000,0.000000,0.000000,0.000000,0.000000,0.000000,0,0.000000,0.000000,0.000000,0.000000,0.000000,0.000000,0.000000,0.000000,0.000000,0.000000,0.0