time,log_dt_us,autopilot_mode,motors_on,autopilot_in_flight,rc_status,rc_time_since_last_frame,rc_frame_rate,rc_roll,rc_pitch,rc_yaw,rc_throttle,rc_mode,pos_x,pos_y,pos_z,vel_x,vel_y,vel_z,att_phi,att_theta,att_psi,rate_p,rate_q,rate_r,mixer_cmd_1,mixer_cmd_2,mixer_cmd_3,mixer_cmd_4,rl_enabled,rl_periodic_count,rl_waypoint_index,rl_target_x,rl_target_y,rl_target_z,rl_err_x,rl_err_y,rl_err_z,rl_dist,rl_mean_policy_rpm,rl_raw_mean_rpm,rl_mext_mode,rl_mext_est_x,rl_mext_est_y,rl_mext_est_z,rl_mext_measured_x,rl_mext_measured_y,rl_mext_measured_z,rl_mext_modeled_x,rl_mext_modeled_y,rl_mext_modeled_z,rl_mext_filtered_p,rl_mext_filtered_q,rl_mext_filtered_r,rl_mext_time_us,rl_obs_0,rl_obs_1,rl_obs_2,rl_obs_3,rl_obs_4,rl_obs_5,rl_obs_6,rl_obs_7,rl_obs_8,rl_obs_9,rl_obs_10,rl_obs_11,rl_obs_12,rl_obs_13,rl_obs_14,rl_obs_15,rl_obs_16,rl_obs_17,rl_obs_18,rl_obs_19,rl_policy_raw1,rl_policy_raw2,rl_policy_raw3,rl_policy_raw4,rl_action1,rl_action2,rl_action3,rl_action4,rl_motor_state1,rl_motor_state2,rl_motor_state3,rl_motor_state4,rl_rpm_cmd1,rl_rpm_cmd2,rl_rpm_cmd3,rl_rpm_cmd4,rl_rpm_applied1,rl_rpm_applied2,rl_rpm_applied3,rl_rpm_applied4,rl_periodic_dt_us,rl_sensor_read_time_us,rl_inference_time_us,rl_total_time_us,cmd_thrust,cmd_roll,cmd_pitch,cmd_yaw
0.001954,0,13,0,0,2,60,0,0,0,0,0,0,-0.000000,-0.000000,-0.099941,-0.000000,-0.000000,0.029400,0.000000,-0.000000,1.570796,-0.000000,-0.000000,0.000000,0,0,0,0,0,0,0,0.000000,0.000000,0.000000,0.000000,0.000000,0.000000,0.000000,0.000000,0,0,0.000000,0.000000,0.000000,0.000000,0.000000,0.000000,0.000000,0.000000,0.000000,0.000000,0.000000,0.000000,0,0.000000,0.000000,0.000000,0.000000,0.000000,0.000000,0.000000,0.000000,0.000000,0.000000,0.000000,0.000000,0.000000,0.000000,0.000000,0.000000,0.000000,0.000000,0.000000,0.000000,0.000000,0.000000,0.000000,0.000000,0.000000,0.000000,0.000000,0.000000,0.000000,0.000000,0.000000,0.000000,0,0,0,0,0,0,0,0,0,0,0,0,0,0,0,0
0.011724,9770,13,0,0,2,60,0,0,0,0,0,0,0.000000,0.000000,-0.099108,0.000000,0.000000,0.127400,0.000000,-0.000000,1.570796,-0.000000,-0.000000,0.000000,-9600,-9600,-9600,-9600,0,0,0,0.000000,0.000000,0.000000,0.000000,0.000000,0.000000,0.000000,0.000000,0,0,0.000000,0.000000,0.000000,0.000000,0.000000,0.000000,0.000000,0.000000,0.000000,0.000000,0.000000,0.000000,0,0.000000,0.000000,0.000000,0.000000,0.000000,0.000000,0.000000,0.000000,0.000000,0.000000,0.000000,0.000000,0.000000,0.000000,0.000000,0.000000,0.000000,0.000000,0.000000,0.000000,0.000000,0.000000,0.000000,0.000000,0.000000,0.000000,0.000000,0.000000,0.000000,0.000000,0.000000,0.000000,0,0,0,0,0,0,0,0,0,0,0,0,0,0,0,0
0.021494,9770,13,0,0,2,60,0,0,0,0,0,0,0.000000,-0.000000,-0.097295,-0.000000,-0.000000,0.225400,0.000000,-0.000000,1.570796,-0.000000,-0.000000,0.000000,-9600,-9600,-9600,-9600,0,0,0,0.000000,0.000000,0.000000,0.000000,0.000000,0.000000,0.000000,0.000000,0,0,0.000000,0.000000,0.000000,0.000000,0.000000,0.000000,0.000000,0.000000,0.000000,0.000000,0.000000,0.000000,0,0.000000,0.000000,0.000000,0.000000,0.000000,0.000000,0.000000,0.000000,0.000000,0.000000,0.000000,0.000000,0.000000,0.000000,0.000000,0.000000,0.000000,0.000000,0.000000,0.000000,0.000000,0.000000,0.000000,0.000000,0.000000,0.000000,0.000000,0.000000,0.000000,0.000000,0.000000,0.000000,0,0,0,0,0,0,0,0,0,0,0,0,0,0,0,0
0.031264,9770,13,0,0,2,60,0,0,0,0,0,0,0.000000,-0.000000,-0.094502,0.000000,-0.000000,0.323400,0.000000,-0.000000,1.570796,0.000000,0.000000,0.000000,-9600,-9600,-9600,-9600,0,0,0,0.000000,0.000000,0.000000,0.000000,0.000000,0.000000,0.000000,0.000000,0,0,0.000000,0.000000,0.000000,0.000000,0.000000,0.000000,0.000000,0.000000,0.000000,0.000000,0.000000,0.000000,0,0.000000,0.000000,0.000000,0.000000,0.000000,0.000000,0.000000,0.000000,0.000000,0.000000,0.000000,0.000000,0.000000,0.000000,0.000000,0.000000,0.000000,0.000000,0.000000,0.000000,0.000000,0.000000,0.000000,0.000000,0.000000,0.000000,0.000000,0.000000,0.000000,0.000000,0.000000,0.000000,0,0,0,0,0,0,0,0,0,0,0,0,0,0,0,0
0.041034,9770,13,0,0,2,60,0,0,0,0,0,0,0.000000,0.000000,-0.090729,0.000000,0.000000,0.421400,0.000000,0.000000,1.570796,0.000000,0.000000,0.000000,-9600,-9600,-9600,-9600,0,0,0,0.000000,0.000000,0.000000,0.000000,0.000000,0.000000,0.000000,0.000000,0,0,0.000000,0.000000,0.000000,0.000000,0.000000,0.000000,0.000000,0.000000,0.000000,0.000000,0.000000,0.000000,0,0.000000,0.000000,0.000000,0.000000,0.000000,0.000000,0.000000,0.000000,0.000000,0.000000,0.000000,0.000000,0.000000,0.000000,0.000000,0.000000,0.000000,0.000000,0.000000,0.000000,0.000000,0.000000,0.000000,0.000000,0.000000,0.000000,0.000000,0.000000,0.000000,0.000000,0.000000,0.000000,0,0,0,0,0,0,0,0,0,0,0,0,0,0,0,0
0.050804,9770,13,0,0,2,60,0,0,0,0,0,0,0.000000,0.000000,-0.085976,0.000000,0.000000,0.519400,0.000000,0.000000,1.570796,0.000000,-0.000000,0.000000,-9600,-9600,-9600,-9600,0,0,0,0.000000,0.000000,0.000000,0.000000,0.000000,0.000000,0.000000,0.000000,0,0,0.000000,0.000000,0.000000,0.000000,0.000000,0.000000,0.000000,0.000000,0.000000,0.000000,0.000000,0.000000,0,0.000000,0.000000,0.000000,0.000000,0.000000,0.000000,0.000000,0.000000,0.000000,0.000000,0.000000,0.000000,0.000000,0.000000,0.000000,0.000000,0.000000,0.000000,0.000000,0.000000,0.000000,0.000000,0.000000,0.000000,0.000000,0.000000,0.000000,0.000000,0.000000,0.000000,0.000000,0.000000,0,0,0,0,0,0,0,0,0,0,0,0,0,0,0,0
0.060574,9770,13,0,0,2,60,0,0,0,0,0,0,-0.000000,-0.000000,-0.080243,0.000000,0.000000,0.617400,0.000000,0.000000,1.570796,0.000000,0.000000,0.000000,-9600,-9600,-9600,-9600,0,0,0,0.000000,0.000000,0.000000,0.000000,0.000000,0.000000,0.000000,0.000000,0,0,0.000000,0.000000,0.000000,0.000000,0.000000,0.000000,0.000000,0.000000,0.000000,0.000000,0.000000,0.000000,0,0.000000,0.000000,0.000000,0.000000,0.000000,0.000000,0.000000,0.000000,0.000000,0.000000,0.000000,0.000000,0.000000,0.000000,0.000000,0.000000,0.000000,0.000000,0.000000,0.000000,0.000000,0.000000,0.000000,0.000000,0.000000,0.000000,0.000000,0.000000,0.000000,0.000000,0.000000,0.000000,0,0,0,0,0,0,0,0,0,0,0,0,0,0,0,0
0.070344,9770,13,0,0,2,60,0,0,0,0,0,0,0.000000,0.000000,-0.073530,0.000000,0.000000,0.715400,0.000000,0.000000,1.570796,0.000000,-0.000000,0.000000,-9600,-9600,-9600,-9600,0,0,0,0.000000,0.000000,0.000000,0.000000,0.000000,0.000000,0.000000,0.000000,0,0,0.000000,0.000000,0.000000,0.000000,0.000000,0.000000,0.000000,0.000000,0.000000,0.000000,0.000000,0.000000,0,0.000000,0.000000,0.000000,0.000000,0.000000,0.000000,0.000000,0.000000,0.000000,0.000000,0.000000,0.000000,0.000000,0.000000,0.000000,0.000000,0.000000,0.000000,0.000000,0.000000,0.000000,0.000000,0.000000,0.000000,0.000000,0.000000,0.000000,0.000000,0.000000,0.000000,0.000000,0.000000,0,0,0,0,0,0,0,0,0,0,0,0,0,0,0,0
0.080114,9770,13,0,0,2,60,0,0,0,0,0,0,-0.000000,0.000000,-0.065837,0.000000,0.000000,0.813400,0.000000,0.000000,1.570796,0.000000,0.000000,0.000000,-9600,-9600,-9600,-9600,0,0,0,0.000000,0.000000,0.000000,0.000000,0.000000,0.000000,0.000000,0.000000,0,0,0.000000,0.000000,0.000000,0.000000,0.000000,0.000000,0.000000,0.000000,0.000000,0.000000,0.000000,0.000000,0,0.000000,0.000000,0.000000,0.000000,0.000000,0.000000,0.000000,0.000000,0.000000,0.000000,0.000000,0.000000,0.000000,0.000000,0.000000,0.000000,0.000000,0.000000,0.000000,0.000000,0.000000,0.000000,0.000000,0.000000,0.000000,0.000000,0.000000,0.000000,0.000000,0.000000,0.000000,0.000000,0,0,0,0,0,0,0,0,0,0,0,0,0,0,0,0
0.089884,9770,13,0,0,2,60,0,0,0,0,0,0,-0.000000,-0.000000,-0.057164,-0.000000,-0.000000,0.911400,0.000000,0.000000,1.570796,-0.000000,-0.000000,0.000000,-9600,-9600,-9600,-9600,0,0,0,0.000000,0.000000,0.000000,0.000000,0.000000,0.000000,0.000000,0.000000,0,0,0.000000,0.000000,0.000000,0.000000,0.000000,0.000000,0.000000,0.000000,0.000000,0.000000,0.000000,0.000000,0,0.000000,0.000000,0.000000,0.000000,0.000000,0.000000,0.000000,0.000000,0.000000,0.000000,0.000000,0.000000,0.000000,0.000000,0.000000,0.000000,0.000000,0.000000,0.000000,0.000000,0.000000,0.000000,0.000000,0.000000,0.000000,0.000000,0.000000,0.000000,0.000000,0.000000,0.000000,0.000000,0,0,0,0,0,0,0,0,0,0,0,0,0,0,0,0
0.099654,9770,13,0,0,2,60,0,0,0,0,0,0,-0.000000,0.000000,-0.047511,0.000000,0.000000,1.009400,0.000000,-0.000000,1.570796,-0.000000,-0.000000,0.000000,-9600,-9600,-9600,-9600,0,0,0,0.000000,0.000000,0.000000,0.000000,0.000000,0.000000,0.000000,0.000000,0,0,0.000000,0.000000,0.000000,0.000000,0.000000,0.000000,0.000000,0.000000,0.000000,0.000000,0.000000,0.000000,0,0.000000,0.000000,0.000000,0.000000,0.000000,0.000000,0.000000,0.000000,0.000000,0.000000,0.000000,0.000000,0.000000,0.000000,0.000000,0.000000,0.000000,0.000000,0.000000,0.000000,0.000000,0.000000,0.000000,0.000000,0.000000,0.000000,0.000000,0.000000,0.000000,0.000000,0.000000,0.000000,0,0,0,0,0,0,0,0,0,0,0,0,0,0,0,0
0.109424,9770,13,0,0,2,60,0,0,0,0,0,0,-0.000000,0.000000,-0.036878,0.000000,0.000000,1.107400,0.000000,-0.000000,1.570796,-0.000000,-0.000000,0.000000,-9600,-9600,-9600,-9600,0,0,0,0.000000,0.000000,0.000000,0.000000,0.000000,0.000000,0.000000,0.000000,0,0,0.000000,0.000000,0.000000,0.000000,0.000000,0.000000,0.000000,0.000000,0.000000,0.000000,0.000000,0.000000,0,0.000000,0.000000,0.000000,0.000000,0.000000,0.000000,0.000000,0.000000,0.000000,0.000000,0.000000,0.000000,0.000000,0.000000,0.000000,0.000000,0.000000,0.000000,0.000000,0.000000,0.000000,0.000000,0.000000,0.000000,0.000000,0.000000,0.000000,0.000000,0.000000,0.000000,0.000000,0.000000,0,0,0,0,0,0,0,0,0,0,0,0,0,0,0,0
0.119194,9770,13,0,0,2,60,0,0,0,0,0,0,-0.000003,-0.000000,-0.034978,-0.002634,-0.000010,0.014459,0.000110,-0.000000,1.570796,0.122294,0.000000,0.000050,-9600,-9600,-9600,-9600,0,0,0,0.000000,0.000000,0.000000,0.000000,0.000000,0.000000,0.000000,0.000000,0,0,0.000000,0.000000,0.000000,0.000000,0.000000,0.000000,0.000000,0.000000,0.000000,0.000000,0.000000,0.000000,0,0.000000,0.000000,0.000000,0.000000,0.000000,0.000000,0.000000,0.000000,0.000000,0.000000,0.000000,0.000000,0.000000,0.000000,0.000000,0.000000,0.000000,0.000000,0.000000,0.000000,0.000000,0.000000,0.000000,0.000000,0.000000,0.000000,0.000000,0.000000,0.000000,0.000000,0.000000,0.000000,0,0,0,0,0,0,0,0,0,0,0,0,0,12,5,0
0.128964,9770,13,0,0,2,60,0,0,0,0,0,0,-0.000016,-0.000000,-0.034856,-0.004642,-0.000000,0.033094,0.000722,0.000000,1.570796,0.215488,0.000000,0.000001,-9600,-9600,-9600,-9600,0,0,0,0.000000,0.000000,0.000000,0.000000,0.000000,0.000000,0.000000,0.000000,0,0,0.000000,0.000000,0.000000,0.000000,0.000000,0.000000,0.000000,0.000000,0.000000,0.000000,0.000000,0.000000,0,0.000000,0.000000,0.000000,0.000000,0.000000,0.000000,0.000000,0.000000,0.000000,0.000000,0.000000,0.000000,0.000000,0.000000,0.000000,0.000000,0.000000,0.000000,0.000000,0.000000,0.000000,0.000000,0.000000,0.000000,0.000000,0.000000,0.000000,0.000000,0.000000,0.000000,0.000000,0.000000,0,0,0,0,0,0,0,0,0,0,0,0,0,72,0,0
0.138734,9770,13,0,0,2,60,0,0,0,0,0,0,-0.000020,-0.000000,-0.034820,-0.004873,-0.000000,0.035223,0.000899,-0.000000,1.570796,0.226140,0.000000,0.000000,-9600,-9600,-9600,-9600,0,0,0,0.000000,0.000000,0.000000,0.000000,0.000000,0.000000,0.000000,0.000000,0,0,0.000000,0.000000,0.000000,0.000000,0.000000,0.000000,0.000000,0.000000,0.000000,0.000000,0.000000,0.000000,0,0.000000,0.000000,0.000000,0.000000,0.000000,0.000000,0.000000,0.000000,0.000000,0.000000,0.000000,0.000000,0.000000,0.000000,0.000000,0.000000,0.000000,0.000000,0.000000,0.000000,0.000000,0.000000,0.000000,0.000000,0.000000,0.000000,0.000000,0.000000,0.000000,0.000000,0.000000,0.000000,0,0,0,0,0,0,0,0,0,0,0,0,0,89,0,0
0.148504,9770,13,0,0,2,60,0,0,0,0,0,0,-0.000020,-0.000000,-0.034814,-0.004899,-0.000000,0.035464,0.000932,-0.000000,1.570796,0.227346,0.000000,0.000000,-9600,-9600,-9600,-9600,0,0,0,0.000000,0.000000,0.000000,0.000000,0.000000,0.000000,0.000000,0.000000,0,0,0.000000,0.000000,0.000000,0.000000,0.000000,0.000000,0.000000,0.000000,0.000000,0.000000,0.000000,0.000000,0,0.000000,0.000000,0.000000,0.000000,0.000000,0.000000,0.000000,0.000000,0.000000,0.000000,0.000000,0.000000,0.000000,0.000000,0.000000,0.000000,0.000000,0.000000,0.000000,0.000000,0.000000,0.000000,0.000000,0.000000,0.000000,0.000000,0.000000,0.000000,0.000000,0.000000,0.000000,0.000000,0,0,0,0,0,0,0,0,0,0,0,0,0,100,0,0
0.158274,9770,13,0,0,2,60,0,0,0,0,0,0,-0.000020,-0.000000,-0.034813,-0.004902,-0.000000,0.035491,0.000937,-0.000000,1.570796,0.227481,0.000000,0.000000,-9600,-9600,-9600,-9600,0,0,0,0.000000,0.000000,0.000000,0.000000,0.000000,0.000000,0.000000,0.000000,0,0,0.000000,0.000000,0.000000,0.000000,0.000000,0.000000,0.000000,0.000000,0.000000,0.000000,0.000000,0.000000,0,0.000000,0.000000,0.000000,0.000000,0.000000,0.000000,0.000000,0.000000,0.000000,0.000000,0.000000,0.000000,0.000000,0.000000,0.000000,0.000000,0.000000,0.000000,0.000000,0.000000,0.000000,0.000000,0.000000,0.000000,0.000000,0.000000,0.000000,0.000000,0.000000,0.000000,0.000000,0.000000,0,0,0,0,0,0,0,0,0,0,0,0,0,108,0,0
0.168044,9770,13,0,0,2,60,0,0,0,0,0,0,-0.000020,-0.000000,-0.034813,-0.004902,-0.000000,0.035494,0.000938,0.000000,1.570796,0.227496,0.000000,0.000000,-9600,-9600,-9600,-9600,0,0,0,0.000000,0.000000,0.000000,0.000000,0.000000,0.000000,0.000000,0.000000,0,0,0.000000,0.000000,0.000000,0.000000,0.000000,0.000000,0.000000,0.000000,0.000000,0.000000,0.000000,0.000000,0,0.000000,0.000000,0.000000,0.000000,0.000000,0.000000,0.000000,0.000000,0.000000,0.000000,0.000000,0.000000,0.000000,0.000000,0.000000,0.000000,0.000000,0.000000,0.000000,0.000000,0.000000,0.000000,0.000000,0.000000,0.000000,0.000000,0.000000,0.000000,0.000000,0.000000,0.000000,0.000000,0,0,0,0,0,0,0,0,0,0,0,0,0,115,0,0
0.177814,9770,13,0,0,2,60,0,0,0,0,0,0,-0.000020,-0.000000,-0.034812,-0.004902,-0.000000,0.035494,0.000938,0.000000,1.570796,0.227498,0.000000,0.000000,-9600,-9600,-9600,-9600,0,0,0,0.000000,0.000000,0.000000,0.000000,0.000000,0.000000,0.000000,0.000000,0,0,0.000000,0.000000,0.000000,0.000000,0.000000,0.000000,0.000000,0.000000,0.000000,0.000000,0.000000,0.000000,0,0.000000,0.000000,0.000000,0.000000,0.000000,0.000000,0.000000,0.000000,0.000000,0.000000,0.000000,0.000000,0.000000,0.000000,0.000000,0.000000,0.000000,0.000000,0.000000,0.000000,0.000000,0.000000,0.000000,0.000000,0.000000,0.000000,0.000000,0.000000,0.000000,0.000000,0.000000,0.000000,0,0,0,0,0,0,0,0,0,0,0,0,0,122,0,0
0.187584,9770,13,0,0,2,60,0,0,0,0,0,0,-0.000021,-0.000000,-0.034812,-0.004902,-0.000000,0.035494,0.000938,-0.000000,1.570796,0.227498,0.000000,0.000000,-9600,-9600,-9600,-9600,0,0,0,0.000000,0.000000,0.000000,0.000000,0.000000,0.000000,0.000000,0.000000,0,0,0.000000,0.000000,0.000000,0.000000,0.000000,0.000000,0.000000,0.000000,0.000000,0.000000,0.000000,0.000000,0,0.000000,0.000000,0.000000,0.000000,0.000000,0.000000,0.000000,0.000000,0.000000,0.000000,0.000000,0.000000,0.000000,0.000000,0.000000,0.000000,0.000000,0.000000,0.000000,0.000000,0.000000,0.000000,0.000000,0.000000,0.000000,0.000000,0.000000,0.000000,0.000000,0.000000,0.000000,0.000000,0,0,0,0,0,0,0,0,0,0,0,0,0,127,0,0
0.197354,9770,13,0,0,2,60,0,0,0,0,0,0,-0.000021,-0.000000,-0.034812,-0.004902,-0.000000,0.035494,0.000938,0.000000,1.570796,0.227498,0.000000,0.000000,-9600,-9600,-9600,-9600,0,0,0,0.000000,0.000000,0.000000,0.000000,0.000000,0.000000,0.000000,0.000000,0,0,0.000000,0.000000,0.000000,0.000000,0.000000,0.000000,0.000000,0.000000,0.000000,0.000000,0.000000,0.000000,0,0.000000,0.000000,0.000000,0.000000,0.000000,0.000000,0.000000,0.000000,0.000000,0.000000,0.000000,0.000000,0.000000,0.000000,0.000000,0.000000,0.000000,0.000000,0.000000,0.000000,0.000000,0.000000,0.000000,0.000000,0.000000,0.000000,0.000000,0.000000,0.000000,0.000000,0.000000,0.000000,0,0,0,0,0,0,0,0,0,0,0,0,0,133,0,0
0.207124,9770,13,0,0,2,60,0,0,0,0,0,0,-0.000021,-0.000000,-0.034812,-0.004902,-0.000000,0.035494,0.000938,-0.000000,1.570796,0.227498,0.000000,0.000000,-9600,-9600,-9600,-9600,0,0,0,0.000000,0.000000,0.000000,0.000000,0.000000,0.000000,0.000000,0.000000,0,0,0.000000,0.000000,0.000000,0.000000,0.000000,0.000000,0.000000,0.000000,0.000000,0.000000,0.000000,0.000000,0,0.000000,0.000000,0.000000,0.000000,0.000000,0.000000,0.000000,0.000000,0.000000,0.000000,0.000000,0.000000,0.000000,0.000000,0.000000,0.000000,0.000000,0.000000,0.000000,0.000000,0.000000,0.000000,0.000000,0.000000,0.000000,0.000000,0.000000,0.000000,0.000000,0.000000,0.000000,0.000000,0,0,0,0,0,0,0,0,0,0,0,0,0,139,0,0
0.216894,9770,13,0,0,2,60,0,0,0,0,0,0,-0.000021,-0.000000,-0.034812,-0.004902,-0.000000,0.035494,0.000938,0.000000,1.570796,0.227498,0.000000,0.000000,-9600,-9600,-9600,-9600,0,0,0,0.000000,0.000000,0.000000,0.000000,0.000000,0.000000,0.000000,0.000000,0,0,0.000000,0.000000,0.000000,0.000000,0.000000,0.000000,0.000000,0.000000,0.000000,0.000000,0.000000,0.000000,0,0.000000,0.000000,0.000000,0.000000,0.000000,0.000000,0.000000,0.000000,0.000000,0.000000,0.000000,0.000000,0.000000,0.000000,0.000000,0.000000,0.000000,0.000000,0.000000,0.000000,0.000000,0.000000,0.000000,0.000000,0.000000,0.000000,0.000000,0.000000,0.000000,0.000000,0.000000,0.000000,0,0,0,0,0,0,0,0,0,0,0,0,0,144,0,0
0.226664,9770,13,0,0,2,60,0,0,0,0,0,0,-0.000021,-0.000000,-0.034812,-0.004902,-0.000000,0.035494,0.000938,0.000000,1.570796,0.227498,0.000000,0.000000,-9600,-9600,-9600,-9600,0,0,0,0.000000,0.000000,0.000000,0.000000,0.000000,0.000000,0.000000,0.000000,0,0,0.000000,0.000000,0.000000,0.000000,0.000000,0.000000,0.000000,0.000000,0.000000,0.000000,0.000000,0.000000,0,0.000000,0.000000,0.000000,0.000000,0.000000,0.000000,0.000000,0.000000,0.000000,0.000000,0.000000,0.000000,0.000000,0.000000,0.000000,0.000000,0.000000,0.000000,0.000000,0.000000,0.000000,0.000000,0.000000,0.000000,0.000000,0.000000,0.000000,0.000000,0.000000,0.000000,0.000000,0.000000,0,0,0,0,0,0,0,0,0,0,0,0,0,150,0,0
0.236434,9770,13,0,0,2,60,0,0,0,0,0,0,-0.000021,-0.000000,-0.034812,-0.004902,-0.000000,0.035494,0.000938,0.000000,1.570796,0.227498,0.000000,0.000000,-9600,-9600,-9600,-9600,0,0,0,0.000000,0.000000,0.000000,0.000000,0.000000,0.000000,0.000000,0.000000,0,0,0.000000,0.000000,0.000000,0.000000,0.000000,0.000000,0.000000,0.000000,0.000000,0.000000,0.000000,0.000000,0,0.000000,0.000000,0.000000,0.000000,0.000000,0.000000,0.000000,0.000000,0.000000,0.000000,0.000000,0.000000,0.000000,0.000000,0.000000,0.000000,0.000000,0.000000,0.000000,0.000000,0.000000,0.000000,0.000000,0.000000,0.000000,0.000000,0.000000,0.000000,0.000000,0.000000,0.000000,0.000000,0,0,0,0,0,0,0,0,0,0,0,0,0,156,0,0
0.246204,9770,13,0,0,2,60,0,0,0,0,0,0,-0.000021,-0.000000,-0.034812,-0.004902,-0.000000,0.035494,0.000938,0.000000,1.570796,0.227498,0.000000,0.000000,-9600,-9600,-9600,-9600,0,0,0,0.000000,0.000000,0.000000,0.000000,0.000000,0.000000,0.000000,0.000000,0,0,0.000000,0.000000,0.000000,0.000000,0.000000,0.000000,0.000000,0.000000,0.000000,0.000000,0.000000,0.000000,0,0.000000,0.000000,0.000000,0.000000,0.000000,0.000000,0.000000,0.000000,0.000000,0.000000,0.000000,0.000000,0.000000,0.000000,0.000000,0.000000,0.000000,0.000000,0.000000,0.000000,0.000000,0.000000,0.000000,0.000000,0.000000,0.000000,0.000000,0.000000,0.000000,0.000000,0.000000,0.000000,0,0,0,0,0,0,0,0,0,0,0,0,0,162,0,0
0.255974,9770,13,0,0,2,60,0,0,0,0,0,0,-0.000021,-0.000000,-0.034812,-0.004902,-0.000000,0.035494,0.000938,0.000000,1.570796,0.227498,0.000000,0.000000,-9600,-9600,-9600,-9600,0,0,0,0.000000,0.000000,0.000000,0.000000,0.000000,0.000000,0.000000,0.000000,0,0,0.000000,0.000000,0.000000,0.000000,0.000000,0.000000,0.000000,0.000000,0.000000,0.000000,0.000000,0.000000,0,0.000000,0.000000,0.000000,0.000000,0.000000,0.000000,0.000000,0.000000,0.000000,0.000000,0.000000,0.000000,0.000000,0.000000,0.000000,0.000000,0.000000,0.000000,0.000000,0.000000,0.000000,0.000000,0.000000,0.000000,0.000000,0.000000,0.000000,0.000000,0.000000,0.000000,0.000000,0.000000,0,0,0,0,0,0,0,0,0,0,0,0,0,168,0,0
0.265744,9770,13,0,0,2,60,0,0,0,0,0,0,-0.000021,-0.000000,-0.034812,-0.004902,-0.000000,0.035494,0.000938,0.000000,1.570796,0.227498,0.000000,0.000000,-9600,-9600,-9600,-9600,0,0,0,0.000000,0.000000,0.000000,0.000000,0.000000,0.000000,0.000000,0.000000,0,0,0.000000,0.000000,0.000000,0.000000,0.000000,0.000000,0.000000,0.000000,0.000000,0.000000,0.000000,0.000000,0,0.000000,0.000000,0.000000,0.000000,0.000000,0.000000,0.000000,0.000000,0.000000,0.000000,0.000000,0.000000,0.000000,0.000000,0.000000,0.000000,0.000000,0.000000,0.000000,0.000000,0.000000,0.000000,0.000000,0.000000,0.000000,0.000000,0.000000,0.000000,0.000000,0.000000,0.000000,0.000000,0,0,0,0,0,0,0,0,0,0,0,0,0,174,0,0
0.275514,9770,13,0,0,2,60,0,0,0,0,0,0,-0.000021,-0.000000,-0.034812,-0.004902,-0.000000,0.035494,0.000938,0.000000,1.570796,0.227498,0.000000,0.000000,-9600,-9600,-9600,-9600,0,0,0,0.000000,0.000000,0.000000,0.000000,0.000000,0.000000,0.000000,0.000000,0,0,0.000000,0.000000,0.000000,0.000000,0.000000,0.000000,0.000000,0.000000,0.000000,0.000000,0.000000,0.000000,0,0.000000,0.000000,0.000000,0.000000,0.000000,0.000000,0.000000,0.000000,0.000000,0.000000,0.000000,0.000000,0.000000,0.000000,0.000000,0.000000,0.000000,0.000000,0.000000,0.000000,0.000000,0.000000,0.000000,0.000000,0.000000,0.000000,0.000000,0.000000,0.000000,0.000000,0.000000,0.000000,0,0,0,0,0,0,0,0,0,0,0,0,0,180,0,0
0.285284,9770,13,0,0,2,60,0,0,0,0,0,0,-0.000021,-0.000000,-0.034812,-0.004902,-0.000000,0.035494,0.000938,0.000000,1.570796,0.227498,0.000000,0.000000,-9600,-9600,-9600,-9600,0,0,0,0.000000,0.000000,0.000000,0.000000,0.000000,0.000000,0.000000,0.000000,0,0,0.000000,0.000000,0.000000,0.000000,0.000000,0.000000,0.000000,0.000000,0.000000,0.000000,0.000000,0.000000,0,0.000000,0.000000,0.000000,0.000000,0.000000,0.000000,0.000000,0.000000,0.000000,0.000000,0.000000,0.000000,0.000000,0.000000,0.000000,0.000000,0.000000,0.000000,0.000000,0.000000,0.000000,0.000000,0.000000,0.000000,0.000000,0.000000,0.000000,0.000000,0.000000,0.000000,0.000000,0.000000,0,0,0,0,0,0,0,0,0,0,0,0,0,186,0,0
0.295054,9770,13,0,0,2,60,0,0,0,0,0,0,-0.000021,-0.000000,-0.034812,-0.004902,-0.000000,0.035494,0.000938,0.000000,1.570796,0.227498,0.000000,0.000000,-9600,-9600,-9600,-9600,0,0,0,0.000000,0.000000,0.000000,0.000000,0.000000,0.000000,0.000000,0.000000,0,0,0.000000,0.000000,0.000000,0.000000,0.000000,0.000000,0.000000,0.000000,0.000000,0.000000,0.000000,0.000000,0,0.000000,0.000000,0.000000,0.000000,0.000000,0.000000,0.000000,0.000000,0.000000,0.000000,0.000000,0.000000,0.000000,0.000000,0.000000,0.000000,0.000000,0.000000,0.000000,0.000000,0.000000,0.000000,0.000000,0.000000,0.000000,0.000000,0.000000,0.000000,0.000000,0.000000,0.000000,0.000000,0,0,0,0,0,0,0,0,0,0,0,0,0,192,0,0
0.304824,9770,13,0,0,2,60,0,0,0,0,0,0,-0.000021,-0.000000,-0.034812,-0.004902,-0.000000,0.035494,0.000938,0.000000,1.570796,0.227498,0.000000,0.000000,-9600,-9600,-9600,-9600,0,0,0,0.000000,0.000000,0.000000,0.000000,0.000000,0.000000,0.000000,0.000000,0,0,0.000000,0.000000,0.000000,0.000000,0.000000,0.000000,0.000000,0.000000,0.000000,0.000000,0.000000,0.000000,0,0.000000,0.000000,0.000000,0.000000,0.000000,0.000000,0.000000,0.000000,0.000000,0.000000,0.000000,0.000000,0.000000,0.000000,0.000000,0.000000,0.000000,0.000000,0.000000,0.000000,0.000000,0.000000,0.000000,0.000000,0.000000,0.000000,0.000000,0.000000,0.000000,0.000000,0.000000,0.000000,0,0,0,0,0,0,0,0,0,0,0,0,0,199,0,0
0.314594,9770,13,0,0,2,60,0,0,0,0,0,0,-0.000021,-0.000000,-0.034812,-0.004902,-0.000000,0.035494,0.000938,0.000000,1.570796,0.227498,0.000000,0.000000,-9600,-9600,-9600,-9600,0,0,0,0.000000,0.000000,0.000000,0.000000,0.000000,0.000000,0.000000,0.000000,0,0,0.000000,0.000000,0.000000,0.000000,0.000000,0.000000,0.000000,0.000000,0.000000,0.000000,0.000000,0.000000,0,0.000000,0.000000,0.000000,0.000000,0.000000,0.000000,0.000000,0.000000,0.000000,0.000000,0.000000,0.000000,0.000000,0.000000,0.000000,0.000000,0.000000,0.000000,0.000000,0.000000,0.000000,0.000000,0.000000,0.000000,0.000000,0.000000,0.000000,0.000000,0.000000,0.000000,0.000000,0.000000,0,0,0,0,0,0,0,0,0,0,0,0,0,205,0,0
0.324364,9770,13,0,0,2,60,0,0,0,0,0,0,-0.000021,-0.000000,-0.034812,-0.004902,-0.000000,0.035494,0.000938,0.000000,1.570796,0.227498,0.000000,0.000000,-9600,-9600,-9600,-9600,0,0,0,0.000000,0.000000,0.000000,0.000000,0.000000,0.000000,0.000000,0.000000,0,0,0.000000,0.000000,0.000000,0.000000,0.000000,0.000000,0.000000,0.000000,0.000000,0.000000,0.000000,0.000000,0,0.000000,0.000000,0.000000,0.000000,0.000000,0.000000,0.000000,0.000000,0.000000,0.000000,0.000000,0.000000,0.000000,0.000000,0.000000,0.000000,0.000000,0.000000,0.000000,0.000000,0.000000,0.000000,0.000000,0.000000,0.000000,0.000000,0.000000,0.000000,0.000000,0.000000,0.000000,0.000000,0,0,0,0,0,0,0,0,0,0,0,0,0,211,0,0
0.334134,9770,13,0,0,2,60,0,0,0,0,0,0,-0.000021,-0.000000,-0.034812,-0.004902,-0.000000,0.035494,0.000938,0.000000,1.570796,0.227498,0.000000,0.000000,-9600,-9600,-9600,-9600,0,0,0,0.000000,0.000000,0.000000,0.000000,0.000000,0.000000,0.000000,0.000000,0,0,0.000000,0.000000,0.000000,0.000000,0.000000,0.000000,0.000000,0.000000,0.000000,0.000000,0.000000,0.000000,0,0.000000,0.000000,0.000000,0.000000,0.000000,0.000000,0.000000,0.000000,0.000000,0.000000,0.000000,0.000000,0.000000,0.000000,0.000000,0.000000,0.000000,0.000000,0.000000,0.000000,0.000000,0.000000,0.000000,0.000000,0.000000,0.000000,0.000000,0.000000,0.000000,0.000000,0.000000,0.000000,0,0,0,0,0,0,0,0,0,0,0,0,0,218,0,0
0.343904,9770,13,0,0,2,60,0,0,0,0,0,0,-0.000021,-0.000000,-0.034812,-0.004902,-0.000000,0.035494,0.000938,0.000000,1.570796,0.227498,0.000000,0.000000,-9600,-9600,-9600,-9600,0,0,0,0.000000,0.000000,0.000000,0.000000,0.000000,0.000000,0.000000,0.000000,0,0,0.000000,0.000000,0.000000,0.000000,0.000000,0.000000,0.000000,0.000000,0.000000,0.000000,0.000000,0.000000,0,0.000000,0.000000,0.000000,0.000000,0.000000,0.000000,0.000000,0.000000,0.000000,0.000000,0.000000,0.000000,0.000000,0.000000,0.000000,0.000000,0.000000,0.000000,0.000000,0.000000,0.000000,0.000000,0.000000,0.000000,0.000000,0.000000,0.000000,0.000000,0.000000,0.000000,0.000000,0.000000,0,0,0,0,0,0,0,0,0,0,0,0,0,224,0,0
0.353674,9770,13,0,0,2,60,0,0,0,0,0,0,-0.000021,-0.000000,-0.034812,-0.004902,-0.000000,0.035494,0.000938,0.000000,1.570796,0.227498,0.000000,0.000000,-9600,-9600,-9600,-9600,0,0,0,0.000000,0.000000,0.000000,0.000000,0.000000,0.000000,0.000000,0.000000,0,0,0.000000,0.000000,0.000000,0.000000,0.000000,0.000000,0.000000,0.000000,0.000000,0.000000,0.000000,0.000000,0,0.000000,0.000000,0.000000,0.000000,0.000000,0.000000,0.000000,0.000000,0.000000,0.000000,0.000000,0.000000,0.000000,0.000000,0.000000,0.000000,0.000000,0.000000,0.000000,0.000000,0.000000,0.000000,0.000000,0.000000,0.000000,0.000000,0.000000,0.000000,0.000000,0.000000,0.000000,0.000000,0,0,0,0,0,0,0,0,0,0,0,0,0,230,0,0
0.363444,9770,13,0,0,2,60,0,0,0,0,0,0,-0.000021,-0.000000,-0.034812,-0.004902,-0.000000,0.035494,0.000938,0.000000,1.570796,0.227498,0.000000,0.000000,-9600,-9600,-9600,-9600,0,0,0,0.000000,0.000000,0.000000,0.000000,0.000000,0.000000,0.000000,0.000000,0,0,0.000000,0.000000,0.000000,0.000000,0.000000,0.000000,0.000000,0.000000,0.000000,0.000000,0.000000,0.000000,0,0.000000,0.000000,0.000000,0.000000,0.000000,0.000000,0.000000,0.000000,0.000000,0.000000,0.000000,0.000000,0.000000,0.000000,0.000000,0.000000,0.000000,0.000000,0.000000,0.000000,0.000000,0.000000,0.000000,0.000000,0.000000,0.000000,0.000000,0.000000,0.000000,0.000000,0.000000,0.000000,0,0,0,0,0,0,0,0,0,0,0,0,0,237,0,0
0.373214,9770,13,0,0,2,60,0,0,0,0,0,0,-0.000021,-0.000000,-0.034812,-0.004902,-0.000000,0.035494,0.000938,0.000000,1.570796,0.227498,0.000000,0.000000,-9600,-9600,-9600,-9600,0,0,0,0.000000,0.000000,0.000000,0.000000,0.000000,0.000000,0.000000,0.000000,0,0,0.000000,0.000000,0.000000,0.000000,0.000000,0.000000,0.000000,0.000000,0.000000,0.000000,0.000000,0.000000,0,0.000000,0.000000,0.000000,0.000000,0.000000,0.000000,0.000000,0.000000,0.000000,0.000000,0.000000,0.000000,0.000000,0.000000,0.000000,0.000000,0.000000,0.000000,0.000000,0.000000,0.000000,0.000000,0.000000,0.000000,0.000000,0.000000,0.000000,0.000000,0.000000,0.000000,0.000000,0.000000,0,0,0,0,0,0,0,0,0,0,0,0,0,243,0,0
0.382984,9770,13,0,0,2,60,0,0,0,0,0,0,-0.000021,-0.000000,-0.034812,-0.004902,-0.000000,0.035494,0.000938,0.000000,1.570796,0.227498,0.000000,0.000000,-9600,-9600,-9600,-9600,0,0,0,0.000000,0.000000,0.000000,0.000000,0.000000,0.000000,0.000000,0.000000,0,0,0.000000,0.000000,0.000000,0.000000,0.000000,0.000000,0.000000,0.000000,0.000000,0.000000,0.000000,0.000000,0,0.000000,0.000000,0.000000,0.000000,0.000000,0.000000,0.000000,0.000000,0.000000,0.000000,0.000000,0.000000,0.000000,0.000000,0.000000,0.000000,0.000000,0.000000,0.000000,0.000000,0.000000,0.000000,0.000000,0.000000,0.000000,0.000000,0.000000,0.000000,0.000000,0.000000,0.000000,0.000000,0,0,0,0,0,0,0,0,0,0,0,0,0,249,0,0
0.392754,9770,13,0,0,2,60,0,0,0,0,0,0,-0.000021,-0.000000,-0.034812,-0.004902,-0.000000,0.035494,0.000938,0.000000,1.570796,0.227498,0.000000,0.000000,-9600,-9600,-9600,-9600,0,0,0,0.000000,0.000000,0.000000,0.000000,0.000000,0.000000,0.000000,0.000000,0,0,0.000000,0.000000,0.000000,0.000000,0.000000,0.000000,0.000000,0.000000,0.000000,0.000000,0.000000,0.000000,0,0.000000,0.000000,0.000000,0.000000,0.000000,0.000000,0.000000,0.000000,0.000000,0.000000,0.000000,0.000000,0.000000,0.000000,0.000000,0.000000,0.000000,0.000000,0.000000,0.000000,0.000000,0.000000,0.000000,0.000000,0.000000,0.000000,0.000000,0.000000,0.000000,0.000000,0.000000,0.000000,0,0,0,0,0,0,0,0,0,0,0,0,0,256,0,0
0.402524,9770,13,0,0,2,60,0,0,0,0,0,0,-0.000021,-0.000000,-0.034812,-0.004902,-0.000000,0.035494,0.000938,0.000000,1.570796,0.227498,0.000000,0.000000,-9600,-9600,-9600,-9600,0,0,0,0.000000,0.000000,0.000000,0.000000,0.000000,0.000000,0.000000,0.000000,0,0,0.000000,0.000000,0.000000,0.000000,0.000000,0.000000,0.000000,0.000000,0.000000,0.000000,0.000000,0.000000,0,0.000000,0.000000,0.000000,0.000000,0.000000,0.000000,0.000000,0.000000,0.000000,0.000000,0.000000,0.000000,0.000000,0.000000,0.000000,0.000000,0.000000,0.000000,0.000000,0.000000,0.000000,0.000000,0.000000,0.000000,0.000000,0.000000,0.000000,0.000000,0.000000,0.000000,0.000000,0.000000,0,0,0,0,0,0,0,0,0,0,0,0,0,262,0,0
0.412294,9770,13,0,0,2,60,0,0,0,0,0,0,-0.000021,-0.000000,-0.034812,-0.004902,-0.000000,0.035494,0.000938,0.000000,1.570796,0.227498,0.000000,0.000000,-9600,-9600,-9600,-9600,0,0,0,0.000000,0.000000,0.000000,0.000000,0.000000,0.000000,0.000000,0.000000,0,0,0.000000,0.000000,0.000000,0.000000,0.000000,0.000000,0.000000,0.000000,0.000000,0.000000,0.000000,0.000000,0,0.000000,0.000000,0.000000,0.000000,0.000000,0.000000,0.000000,0.000000,0.000000,0.000000,0.000000,0.000000,0.000000,0.000000,0.000000,0.000000,0.000000,0.000000,0.000000,0.000000,0.000000,0.000000,0.000000,0.000000,0.000000,0.000000,0.000000,0.000000,0.000000,0.000000,0.000000,0.000000,0,0,0,0,0,0,0,0,0,0,0,0,0,268,0,0
0.422064,9770,13,0,0,2,60,0,0,0,0,0,0,-0.000021,-0.000000,-0.034812,-0.004902,-0.000000,0.035494,0.000938,0.000000,1.570796,0.227498,0.000000,0.000000,-9600,-9600,-9600,-9600,0,0,0,0.000000,0.000000,0.000000,0.000000,0.000000,0.000000,0.000000,0.000000,0,0,0.000000,0.000000,0.000000,0.000000,0.000000,0.000000,0.000000,0.000000,0.000000,0.000000,0.000000,0.000000,0,0.000000,0.000000,0.000000,0.000000,0.000000,0.000000,0.000000,0.000000,0.000000,0.000000,0.000000,0.000000,0.000000,0.000000,0.000000,0.000000,0.000000,0.000000,0.000000,0.000000,0.000000,0.000000,0.000000,0.000000,0.000000,0.000000,0.000000,0.000000,0.000000,0.000000,0.000000,0.000000,0,0,0,0,0,0,0,0,0,0,0,0,0,275,0,0
0.431834,9770,13,0,0,2,60,0,0,0,0,0,0,-0.000021,-0.000000,-0.034812,-0.004902,-0.000000,0.035494,0.000938,0.000000,1.570796,0.227498,0.000000,0.000000,-9600,-9600,-9600,-9600,0,0,0,0.000000,0.000000,0.000000,0.000000,0.000000,0.000000,0.000000,0.000000,0,0,0.000000,0.000000,0.000000,0.000000,0.000000,0.000000,0.000000,0.000000,0.000000,0.000000,0.000000,0.000000,0,0.000000,0.000000,0.000000,0.000000,0.000000,0.000000,0.000000,0.000000,0.000000,0.000000,0.000000,0.000000,0.000000,0.000000,0.000000,0.000000,0.000000,0.000000,0.000000,0.000000,0.000000,0.000000,0.000000,0.000000,0.000000,0.000000,0.000000,0.000000,0.000000,0.000000,0.000000,0.000000,0,0,0,0,0,0,0,0,0,0,0,0,0,281,0,0
0.441604,9770,13,0,0,2,60,0,0,0,0,0,0,-0.000021,-0.000000,-0.034812,-0.004902,-0.000000,0.035494,0.000938,0.000000,1.570796,0.227498,0.000000,0.000000,-9600,-9600,-9600,-9600,0,0,0,0.000000,0.000000,0.000000,0.000000,0.000000,0.000000,0.000000,0.000000,0,0,0.000000,0.000000,0.000000,0.000000,0.000000,0.000000,0.000000,0.000000,0.000000,0.000000,0.000000,0.000000,0,0.000000,0.000000,0.000000,0.000000,0.000000,0.000000,0.000000,0.000000,0.000000,0.000000,0.000000,0.000000,0.000000,0.000000,0.000000,0.000000,0.000000,0.000000,0.000000,0.000000,0.000000,0.000000,0.000000,0.000000,0.000000,0.000000,0.000000,0.000000,0.000000,0.000000,0.000000,0.000000,0,0,0,0,0,0,0,0,0,0,0,0,0,287,0,0
0.451374,9770,13,0,0,2,60,0,0,0,0,0,0,-0.000021,-0.000000,-0.034812,-0.004902,-0.000000,0.035494,0.000938,0.000000,1.570796,0.227498,0.000000,0.000000,-9600,-9600,-9600,-9600,0,0,0,0.000000,0.000000,0.000000,0.000000,0.000000,0.000000,0.000000,0.000000,0,0,0.000000,0.000000,0.000000,0.000000,0.000000,0.000000,0.000000,0.000000,0.000000,0.000000,0.000000,0.000000,0,0.000000,0.000000,0.000000,0.000000,0.000000,0.000000,0.000000,0.000000,0.000000,0.000000,0.000000,0.000000,0.000000,0.000000,0.000000,0.000000,0.000000,0.000000,0.000000,0.000000,0.000000,0.000000,0.000000,0.000000,0.000000,0.000000,0.000000,0.000000,0.000000,0.000000,0.000000,0.000000,0,0,0,0,0,0,0,0,0,0,0,0,0,294,0,0
0.461144,9770,13,0,0,2,60,0,0,0,0,0,0,-0.000021,-0.000000,-0.034812,-0.004902,-0.000000,0.035494,0.000938,0.000000,1.570796,0.227498,0.000000,0.000000,-9600,-9600,-9600,-9600,0,0,0,0.000000,0.000000,0.000000,0.000000,0.000000,0.000000,0.000000,0.000000,0,0,0.000000,0.000000,0.000000,0.000000,0.000000,0.000000,0.000000,0.000000,0.000000,0.000000,0.000000,0.000000,0,0.000000,0.000000,0.000000,0.000000,0.000000,0.000000,0.000000,0.000000,0.000000,0.000000,0.000000,0.000000,0.000000,0.000000,0.000000,0.000000,0.000000,0.000000,0.000000,0.000000,0.000000,0.000000,0.000000,0.000000,0.000000,0.000000,0.000000,0.000000,0.000000,0.000000,0.000000,0.000000,0,0,0,0,0,0,0,0,0,0,0,0,0,300,0,0
0.470914,9770,13,0,0,2,60,0,0,0,0,0,0,-0.000021,-0.000000,-0.034812,-0.004902,-0.000000,0.035494,0.000938,0.000000,1.570796,0.227498,0.000000,0.000000,-9600,-9600,-9600,-9600,0,0,0,0.000000,0.000000,0.000000,0.000000,0.000000,0.000000,0.000000,0.000000,0,0,0.000000,0.000000,0.000000,0.000000,0.000000,0.000000,0.000000,0.000000,0.000000,0.000000,0.000000,0.000000,0,0.000000,0.000000,0.000000,0.000000,0.000000,0.000000,0.000000,0.000000,0.000000,0.000000,0.000000,0.000000,0.000000,0.000000,0.000000,0.000000,0.000000,0.000000,0.000000,0.000000,0.000000,0.000000,0.000000,0.000000,0.000000,0.000000,0.000000,0.000000,0.000000,0.000000,0.000000,0.000000,0,0,0,0,0,0,0,0,0,0,0,0,0,306,0,0
0.480684,9770,13,0,0,2,60,0,0,0,0,0,0,-0.000021,-0.000000,-0.034812,-0.004902,-0.000000,0.035494,0.000938,0.000000,1.570796,0.227498,0.000000,0.000000,-9600,-9600,-9600,-9600,0,0,0,0.000000,0.000000,0.000000,0.000000,0.000000,0.000000,0.000000,0.000000,0,0,0.000000,0.000000,0.000000,0.000000,0.000000,0.000000,0.000000,0.000000,0.000000,0.000000,0.000000,0.000000,0,0.000000,0.000000,0.000000,0.000000,0.000000,0.000000,0.000000,0.000000,0.000000,0.000000,0.000000,0.000000,0.000000,0.000000,0.000000,0.000000,0.000000,0.000000,0.000000,0.000000,0.000000,0.000000,0.000000,0.000000,0.000000,0.000000,0.000000,0.000000,0.000000,0.000000,0.000000,0.000000,0,0,0,0,0,0,0,0,0,0,0,0,0,313,0,0
0.490454,9770,13,0,0,2,60,0,0,0,0,0,0,-0.000021,-0.000000,-0.034812,-0.004902,-0.000000,0.035494,0.000938,0.000000,1.570796,0.227498,0.000000,0.000000,-9600,-9600,-9600,-9600,0,0,0,0.000000,0.000000,0.000000,0.000000,0.000000,0.000000,0.000000,0.000000,0,0,0.000000,0.000000,0.000000,0.000000,0.000000,0.000000,0.000000,0.000000,0.000000,0.000000,0.000000,0.000000,0,0.000000,0.000000,0.000000,0.000000,0.000000,0.000000,0.000000,0.000000,0.000000,0.000000,0.000000,0.000000,0.000000,0.000000,0.000000,0.000000,0.000000,0.000000,0.000000,0.000000,0.000000,0.000000,0.000000,0.000000,0.000000,0.000000,0.000000,0.000000,0.000000,0.000000,0.000000,0.000000,0,0,0,0,0,0,0,0,0,0,0,0,0,319,0,0
0.500224,9770,13,0,0,2,60,0,0,0,0,0,0,-0.000021,-0.000000,-0.034812,-0.004902,-0.000000,0.035494,0.000938,0.000000,1.570796,0.227498,0.000000,0.000000,-9600,-9600,-9600,-9600,0,0,0,0.000000,0.000000,0.000000,0.000000,0.000000,0.000000,0.000000,0.000000,0,0,0.000000,0.000000,0.000000,0.000000,0.000000,0.000000,0.000000,0.000000,0.000000,0.000000,0.000000,0.000000,0,0.000000,0.000000,0.000000,0.000000,0.000000,0.000000,0.000000,0.000000,0.000000,0.000000,0.000000,0.000000,0.000000,0.000000,0.000000,0.000000,0.000000,0.000000,0.000000,0.000000,0.000000,0.000000,0.000000,0.000000,0.000000,0.000000,0.000000,0.000000,0.000000,0.000000,0.000000,0.000000,0,0,0,0,0,0,0,0,0,0,0,0,0,325,0,0
0.509994,9770,13,0,0,2,60,0,0,0,0,0,0,-0.000021,-0.000000,-0.034812,-0.004902,-0.000000,0.035494,0.000938,0.000000,1.570796,0.227498,0.000000,0.000000,-9600,-9600,-9600,-9600,0,0,0,0.000000,0.000000,0.000000,0.000000,0.000000,0.000000,0.000000,0.000000,0,0,0.000000,0.000000,0.000000,0.000000,0.000000,0.000000,0.000000,0.000000,0.000000,0.000000,0.000000,0.000000,0,0.000000,0.000000,0.000000,0.000000,0.000000,0.000000,0.000000,0.000000,0.000000,0.000000,0.000000,0.000000,0.000000,0.000000,0.000000,0.000000,0.000000,0.000000,0.000000,0.000000,0.000000,0.000000,0.000000,0.000000,0.000000,0.000000,0.000000,0.000000,0.000000,0.000000,0.000000,0.000000,0,0,0,0,0,0,0,0,0,0,0,0,0,332,0,0
0.519764,9770,13,0,0,2,60,0,0,0,0,0,0,-0.000021,-0.000000,-0.034812,-0.004902,-0.000000,0.035494,0.000938,0.000000,1.570796,0.227498,0.000000,0.000000,-9600,-9600,-9600,-9600,0,0,0,0.000000,0.000000,0.000000,0.000000,0.000000,0.000000,0.000000,0.000000,0,0,0.000000,0.000000,0.000000,0.000000,0.000000,0.000000,0.000000,0.000000,0.000000,0.000000,0.000000,0.000000,0,0.000000,0.000000,0.000000,0.000000,0.000000,0.000000,0.000000,0.000000,0.000000,0.000000,0.000000,0.000000,0.000000,0.000000,0.000000,0.000000,0.000000,0.000000,0.000000,0.000000,0.000000,0.000000,0.000000,0.000000,0.000000,0.000000,0.000000,0.000000,0.000000,0.000000,0.000000,0.000000,0,0,0,0,0,0,0,0,0,0,0,0,0,338,0,0
0.529534,9770,13,0,0,2,60,0,0,0,0,0,0,-0.000021,-0.000000,-0.034812,-0.004902,-0.000000,0.035494,0.000938,0.000000,1.570796,0.227498,0.000000,0.000000,-9600,-9600,-9600,-9600,0,0,0,0.000000,0.000000,0.000000,0.000000,0.000000,0.000000,0.000000,0.000000,0,0,0.000000,0.000000,0.000000,0.000000,0.000000,0.000000,0.000000,0.000000,0.000000,0.000000,0.000000,0.000000,0,0.000000,0.000000,0.000000,0.000000,0.000000,0.000000,0.000000,0.000000,0.000000,0.000000,0.000000,0.000000,0.000000,0.000000,0.000000,0.000000,0.000000,0.000000,0.000000,0.000000,0.000000,0.000000,0.000000,0.000000,0.000000,0.000000,0.000000,0.000000,0.000000,0.000000,0.000000,0.000000,0,0,0,0,0,0,0,0,0,0,0,0,0,344,0,0
0.539304,9770,13,0,0,2,60,0,0,0,0,0,0,-0.000021,-0.000000,-0.034812,-0.004902,-0.000000,0.035494,0.000938,0.000000,1.570796,0.227498,0.000000,0.000000,-9600,-9600,-9600,-9600,0,0,0,0.000000,0.000000,0.000000,0.000000,0.000000,0.000000,0.000000,0.000000,0,0,0.000000,0.000000,0.000000,0.000000,0.000000,0.000000,0.000000,0.000000,0.000000,0.000000,0.000000,0.000000,0,0.000000,0.000000,0.000000,0.000000,0.000000,0.000000,0.000000,0.000000,0.000000,0.000000,0.000000,0.000000,0.000000,0.000000,0.000000,0.000000,0.000000,0.000000,0.000000,0.000000,0.000000,0.000000,0.000000,0.000000,0.000000,0.000000,0.000000,0.000000,0.000000,0.000000,0.000000,0.000000,0,0,0,0,0,0,0,0,0,0,0,0,0,351,0,0
0.549074,9770,13,0,0,2,60,0,0,0,0,0,0,-0.000021,-0.000000,-0.034812,-0.004902,-0.000000,0.035494,0.000938,0.000000,1.570796,0.227498,0.000000,0.000000,-9600,-9600,-9600,-9600,0,0,0,0.000000,0.000000,0.000000,0.000000,0.000000,0.000000,0.000000,0.000000,0,0,0.000000,0.000000,0.000000,0.000000,0.000000,0.000000,0.000000,0.000000,0.000000,0.000000,0.000000,0.000000,0,0.000000,0.000000,0.000000,0.000000,0.000000,0.000000,0.000000,0.000000,0.000000,0.000000,0.000000,0.000000,0.000000,0.000000,0.000000,0.000000,0.000000,0.000000,0.000000,0.000000,0.000000,0.000000,0.000000,0.000000,0.000000,0.000000,0.000000,0.000000,0.000000,0.000000,0.000000,0.000000,0,0,0,0,0,0,0,0,0,0,0,0,0,357,0,0
0.558844,9770,13,0,0,2,60,0,0,0,0,0,0,-0.000021,-0.000000,-0.034812,-0.004902,-0.000000,0.035494,0.000938,0.000000,1.570796,0.227498,0.000000,0.000000,-9600,-9600,-9600,-9600,0,0,0,0.000000,0.000000,0.000000,0.000000,0.000000,0.000000,0.000000,0.000000,0,0,0.000000,0.000000,0.000000,0.000000,0.000000,0.000000,0.000000,0.000000,0.000000,0.000000,0.000000,0.000000,0,0.000000,0.000000,0.000000,0.000000,0.000000,0.000000,0.000000,0.000000,0.000000,0.000000,0.000000,0.000000,0.000000,0.000000,0.000000,0.000000,0.000000,0.000000,0.000000,0.000000,0.000000,0.000000,0.000000,0.000000,0.000000,0.000000,0.000000,0.000000,0.000000,0.000000,0.000000,0.000000,0,0,0,0,0,0,0,0,0,0,0,0,0,363,0,0
0.568614,9770,13,0,0,2,60,0,0,0,0,0,0,-0.000021,-0.000000,-0.034812,-0.004902,-0.000000,0.035494,0.000938,0.000000,1.570796,0.227498,0.000000,0.000000,-9600,-9600,-9600,-9600,0,0,0,0.000000,0.000000,0.000000,0.000000,0.000000,0.000000,0.000000,0.000000,0,0,0.000000,0.000000,0.000000,0.000000,0.000000,0.000000,0.000000,0.000000,0.000000,0.000000,0.000000,0.000000,0,0.000000,0.000000,0.000000,0.000000,0.000000,0.000000,0.000000,0.000000,0.000000,0.000000,0.000000,0.000000,0.000000,0.000000,0.000000,0.000000,0.000000,0.000000,0.000000,0.000000,0.000000,0.000000,0.000000,0.000000,0.000000,0.000000,0.000000,0.000000,0.000000,0.000000,0.000000,0.000000,0,0,0,0,0,0,0,0,0,0,0,0,0,370,0,0
0.578384,9770,13,0,0,2,60,0,0,0,0,0,0,-0.000021,-0.000000,-0.034812,-0.004902,-0.000000,0.035494,0.000938,0.000000,1.570796,0.227498,0.000000,0.000000,-9600,-9600,-9600,-9600,0,0,0,0.000000,0.000000,0.000000,0.000000,0.000000,0.000000,0.000000,0.000000,0,0,0.000000,0.000000,0.000000,0.000000,0.000000,0.000000,0.000000,0.000000,0.000000,0.000000,0.000000,0.000000,0,0.000000,0.000000,0.000000,0.000000,0.000000,0.000000,0.000000,0.000000,0.000000,0.000000,0.000000,0.000000,0.000000,0.000000,0.000000,0.000000,0.000000,0.000000,0.000000,0.000000,0.000000,0.000000,0.000000,0.000000,0.000000,0.000000,0.000000,0.000000,0.000000,0.000000,0.000000,0.000000,0,0,0,0,0,0,0,0,0,0,0,0,0,376,0,0
0.588154,9770,13,0,0,2,60,0,0,0,0,0,0,-0.000021,-0.000000,-0.034812,-0.004902,-0.000000,0.035494,0.000938,0.000000,1.570796,0.227498,0.000000,0.000000,-9600,-9600,-9600,-9600,0,0,0,0.000000,0.000000,0.000000,0.000000,0.000000,0.000000,0.000000,0.000000,0,0,0.000000,0.000000,0.000000,0.000000,0.000000,0.000000,0.000000,0.000000,0.000000,0.000000,0.000000,0.000000,0,0.000000,0.000000,0.000000,0.000000,0.000000,0.000000,0.000000,0.000000,0.000000,0.000000,0.000000,0.000000,0.000000,0.000000,0.000000,0.000000,0.000000,0.000000,0.000000,0.000000,0.000000,0.000000,0.000000,0.000000,0.000000,0.000000,0.000000,0.000000,0.000000,0.000000,0.000000,0.000000,0,0,0,0,0,0,0,0,0,0,0,0,0,382,0,0
0.597924,9770,13,0,0,2,60,0,0,0,0,0,0,-0.000022,-0.000000,-0.034812,-0.004902,-0.000000,0.035494,0.000938,0.000000,1.570796,0.227498,0.000000,0.000000,-9600,-9600,-9600,-9600,0,0,0,0.000000,0.000000,0.000000,0.000000,0.000000,0.000000,0.000000,0.000000,0,0,0.000000,0.000000,0.000000,0.000000,0.000000,0.000000,0.000000,0.000000,0.000000,0.000000,0.000000,0.000000,0,0.000000,0.000000,0.000000,0.000000,0.000000,0.000000,0.000000,0.000000,0.000000,0.000000,0.000000,0.000000,0.000000,0.000000,0.000000,0.000000,0.000000,0.000000,0.000000,0.000000,0.000000,0.000000,0.000000,0.000000,0.000000,0.000000,0.000000,0.000000,0.000000,0.000000,0.000000,0.000000,0,0,0,0,0,0,0,0,0,0,0,0,0,389,0,0
0.607694,9770,13,0,0,2,60,0,0,0,0,0,0,-0.000022,-0.000000,-0.034812,-0.004902,-0.000000,0.035494,0.000938,0.000000,1.570796,0.227498,0.000000,0.000000,-9600,-9600,-9600,-9600,0,0,0,0.000000,0.000000,0.000000,0.000000,0.000000,0.000000,0.000000,0.000000,0,0,0.000000,0.000000,0.000000,0.000000,0.000000,0.000000,0.000000,0.000000,0.000000,0.000000,0.000000,0.000000,0,0.000000,0.000000,0.000000,0.000000,0.000000,0.000000,0.000000,0.000000,0.000000,0.000000,0.000000,0.000000,0.000000,0.000000,0.000000,0.000000,0.000000,0.000000,0.000000,0.000000,0.000000,0.000000,0.000000,0.000000,0.000000,0.000000,0.000000,0.000000,0.000000,0.000000,0.000000,0.000000,0,0,0,0,0,0,0,0,0,0,0,0,0,395,0,0
0.617464,9770,13,0,0,2,60,0,0,0,0,0,0,-0.000022,-0.000000,-0.034812,-0.004902,-0.000000,0.035494,0.000938,0.000000,1.570796,0.227498,0.000000,0.000000,-9600,-9600,-9600,-9600,0,0,0,0.000000,0.000000,0.000000,0.000000,0.000000,0.000000,0.000000,0.000000,0,0,0.000000,0.000000,0.000000,0.000000,0.000000,0.000000,0.000000,0.000000,0.000000,0.000000,0.000000,0.000000,0,0.000000,0.000000,0.000000,0.000000,0.000000,0.000000,0.000000,0.000000,0.000000,0.000000,0.000000,0.000000,0.000000,0.000000,0.000000,0.000000,0.000000,0.000000,0.000000,0.000000,0.000000,0.000000,0.000000,0.000000,0.000000,0.000000,0.000000,0.000000,0.000000,0.000000,0.000000,0.000000,0,0,0,0,0,0,0,0,0,0,0,0,0,401,0,0
0.627234,9770,13,0,0,2,60,0,0,0,0,0,0,-0.000022,-0.000000,-0.034812,-0.004902,-0.000000,0.035494,0.000938,0.000000,1.570796,0.227498,0.000000,0.000000,-9600,-9600,-9600,-9600,0,0,0,0.000000,0.000000,0.000000,0.000000,0.000000,0.000000,0.000000,0.000000,0,0,0.000000,0.000000,0.000000,0.000000,0.000000,0.000000,0.000000,0.000000,0.000000,0.000000,0.000000,0.000000,0,0.000000,0.000000,0.000000,0.000000,0.000000,0.000000,0.000000,0.000000,0.000000,0.000000,0.000000,0.000000,0.000000,0.000000,0.000000,0.000000,0.000000,0.000000,0.000000,0.000000,0.000000,0.000000,0.000000,0.000000,0.000000,0.000000,0.000000,0.000000,0.000000,0.000000,0.000000,0.000000,0,0,0,0,0,0,0,0,0,0,0,0,0,408,0,0
0.637004,9770,13,0,0,2,60,0,0,0,0,0,0,-0.000022,-0.000000,-0.034812,-0.004902,-0.000000,0.035494,0.000938,0.000000,1.570796,0.227498,0.000000,0.000000,-9600,-9600,-9600,-9600,0,0,0,0.000000,0.000000,0.000000,0.000000,0.000000,0.000000,0.000000,0.000000,0,0,0.000000,0.000000,0.000000,0.000000,0.000000,0.000000,0.000000,0.000000,0.000000,0.000000,0.000000,0.000000,0,0.000000,0.000000,0.000000,0.000000,0.000000,0.000000,0.000000,0.000000,0.000000,0.000000,0.000000,0.000000,0.000000,0.000000,0.000000,0.000000,0.000000,0.000000,0.000000,0.000000,0.000000,0.000000,0.000000,0.000000,0.000000,0.000000,0.000000,0.000000,0.000000,0.000000,0.000000,0.000000,0,0,0,0,0,0,0,0,0,0,0,0,0,414,0,0
0.646774,9770,13,0,0,2,60,0,0,0,0,0,0,-0.000022,-0.000000,-0.034812,-0.004902,-0.000000,0.035494,0.000938,0.000000,1.570796,0.227498,0.000000,0.000000,-9600,-9600,-9600,-9600,0,0,0,0.000000,0.000000,0.000000,0.000000,0.000000,0.000000,0.000000,0.000000,0,0,0.000000,0.000000,0.000000,0.000000,0.000000,0.000000,0.000000,0.000000,0.000000,0.000000,0.000000,0.000000,0,0.000000,0.000000,0.000000,0.000000,0.000000,0.000000,0.000000,0.000000,0.000000,0.000000,0.000000,0.000000,0.000000,0.000000,0.000000,0.000000,0.000000,0.000000,0.000000,0.000000,0.000000,0.000000,0.000000,0.000000,0.000000,0.000000,0.000000,0.000000,0.000000,0.000000,0.000000,0.000000,0,0,0,0,0,0,0,0,0,0,0,0,0,420,0,0
0.656544,9770,13,0,0,2,60,0,0,0,0,0,0,-0.000022,-0.000000,-0.034812,-0.004902,-0.000000,0.035494,0.000938,0.000000,1.570796,0.227498,0.000000,0.000000,-9600,-9600,-9600,-9600,0,0,0,0.000000,0.000000,0.000000,0.000000,0.000000,0.000000,0.000000,0.000000,0,0,0.000000,0.000000,0.000000,0.000000,0.000000,0.000000,0.000000,0.000000,0.000000,0.000000,0.000000,0.000000,0,0.000000,0.000000,0.000000,0.000000,0.000000,0.000000,0.000000,0.000000,0.000000,0.000000,0.000000,0.000000,0.000000,0.000000,0.000000,0.000000,0.000000,0.000000,0.000000,0.000000,0.000000,0.000000,0.000000,0.000000,0.000000,0.000000,0.000000,0.000000,0.000000,0.000000,0.000000,0.000000,0,0,0,0,0,0,0,0,0,0,0,0,0,427,0,0
0.666314,9770,13,0,0,2,60,0,0,0,0,0,0,-0.000022,-0.000000,-0.034812,-0.004902,-0.000000,0.035494,0.000938,0.000000,1.570796,0.227498,0.000000,0.000000,-9600,-9600,-9600,-9600,0,0,0,0.000000,0.000000,0.000000,0.000000,0.000000,0.000000,0.000000,0.000000,0,0,0.000000,0.000000,0.000000,0.000000,0.000000,0.000000,0.000000,0.000000,0.000000,0.000000,0.000000,0.000000,0,0.000000,0.000000,0.000000,0.000000,0.000000,0.000000,0.000000,0.000000,0.000000,0.000000,0.000000,0.000000,0.000000,0.000000,0.000000,0.000000,0.000000,0.000000,0.000000,0.000000,0.000000,0.000000,0.000000,0.000000,0.000000,0.000000,0.000000,0.000000,0.000000,0.000000,0.000000,0.000000,0,0,0,0,0,0,0,0,0,0,0,0,0,433,0,0
0.676084,9770,13,0,0,2,60,0,0,0,0,0,0,-0.000022,-0.000000,-0.034812,-0.004902,-0.000000,0.035494,0.000938,0.000000,1.570796,0.227498,0.000000,0.000000,-9600,-9600,-9600,-9600,0,0,0,0.000000,0.000000,0.000000,0.000000,0.000000,0.000000,0.000000,0.000000,0,0,0.000000,0.000000,0.000000,0.000000,0.000000,0.000000,0.000000,0.000000,0.000000,0.000000,0.000000,0.000000,0,0.000000,0.000000,0.000000,0.000000,0.000000,0.000000,0.000000,0.000000,0.000000,0.000000,0.000000,0.000000,0.000000,0.000000,0.000000,0.000000,0.000000,0.000000,0.000000,0.000000,0.000000,0.000000,0.000000,0.000000,0.000000,0.000000,0.000000,0.000000,0.000000,0.000000,0.000000,0.000000,0,0,0,0,0,0,0,0,0,0,0,0,0,439,0,0
0.685854,9770,13,0,0,2,60,0,0,0,0,0,0,-0.000022,-0.000000,-0.034812,-0.004902,-0.000000,0.035494,0.000938,0.000000,1.570796,0.227498,0.000000,0.000000,-9600,-9600,-9600,-9600,0,0,0,0.000000,0.000000,0.000000,0.000000,0.000000,0.000000,0.000000,0.000000,0,0,0.000000,0.000000,0.000000,0.000000,0.000000,0.000000,0.000000,0.000000,0.000000,0.000000,0.000000,0.000000,0,0.000000,0.000000,0.000000,0.000000,0.000000,0.000000,0.000000,0.000000,0.000000,0.000000,0.000000,0.000000,0.000000,0.000000,0.000000,0.000000,0.000000,0.000000,0.000000,0.000000,0.000000,0.000000,0.000000,0.000000,0.000000,0.000000,0.000000,0.000000,0.000000,0.000000,0.000000,0.000000,0,0,0,0,0,0,0,0,0,0,0,0,0,446,0,0
0.695624,9770,13,0,0,2,60,0,0,0,0,0,0,-0.000022,-0.000000,-0.034812,-0.004902,-0.000000,0.035494,0.000938,0.000000,1.570796,0.227498,0.000000,0.000000,-9600,-9600,-9600,-9600,0,0,0,0.000000,0.000000,0.000000,0.000000,0.000000,0.000000,0.000000,0.000000,0,0,0.000000,0.000000,0.000000,0.000000,0.000000,0.000000,0.000000,0.000000,0.000000,0.000000,0.000000,0.000000,0,0.000000,0.000000,0.000000,0.000000,0.000000,0.000000,0.000000,0.000000,0.000000,0.000000,0.000000,0.000000,0.000000,0.000000,0.000000,0.000000,0.000000,0.000000,0.000000,0.000000,0.000000,0.000000,0.000000,0.000000,0.000000,0.000000,0.000000,0.000000,0.000000,0.000000,0.000000,0.000000,0,0,0,0,0,0,0,0,0,0,0,0,0,452,0,0
0.705394,9770,13,0,0,2,60,0,0,0,0,0,0,-0.000022,-0.000000,-0.034812,-0.004902,-0.000000,0.035494,0.000938,0.000000,1.570796,0.227498,0.000000,0.000000,-9600,-9600,-9600,-9600,0,0,0,0.000000,0.000000,0.000000,0.000000,0.000000,0.000000,0.000000,0.000000,0,0,0.000000,0.000000,0.000000,0.000000,0.000000,0.000000,0.000000,0.000000,0.000000,0.000000,0.000000,0.000000,0,0.000000,0.000000,0.000000,0.000000,0.000000,0.000000,0.000000,0.000000,0.000000,0.000000,0.000000,0.000000,0.000000,0.000000,0.000000,0.000000,0.000000,0.000000,0.000000,0.000000,0.000000,0.000000,0.000000,0.000000,0.000000,0.000000,0.000000,0.000000,0.000000,0.000000,0.000000,0.000000,0,0,0,0,0,0,0,0,0,0,0,0,0,458,0,0
0.715164,9770,13,0,0,2,60,0,0,0,0,0,0,-0.000022,-0.000000,-0.034812,-0.004902,-0.000000,0.035494,0.000938,0.000000,1.570796,0.227498,0.000000,0.000000,-9600,-9600,-9600,-9600,0,0,0,0.000000,0.000000,0.000000,0.000000,0.000000,0.000000,0.000000,0.000000,0,0,0.000000,0.000000,0.000000,0.000000,0.000000,0.000000,0.000000,0.000000,0.000000,0.000000,0.000000,0.000000,0,0.000000,0.000000,0.000000,0.000000,0.000000,0.000000,0.000000,0.000000,0.000000,0.000000,0.000000,0.000000,0.000000,0.000000,0.000000,0.000000,0.000000,0.000000,0.000000,0.000000,0.000000,0.000000,0.000000,0.000000,0.000000,0.000000,0.000000,0.000000,0.000000,0.000000,0.000000,0.000000,0,0,0,0,0,0,0,0,0,0,0,0,0,465,0,0
0.724934,9770,13,0,0,2,60,0,0,0,0,0,0,-0.000022,-0.000000,-0.034812,-0.004902,-0.000000,0.035494,0.000938,0.000000,1.570796,0.227498,0.000000,0.000000,-9600,-9600,-9600,-9600,0,0,0,0.000000,0.000000,0.000000,0.000000,0.000000,0.000000,0.000000,0.000000,0,0,0.000000,0.000000,0.000000,0.000000,0.000000,0.000000,0.000000,0.000000,0.000000,0.000000,0.000000,0.000000,0,0.000000,0.000000,0.000000,0.000000,0.000000,0.000000,0.000000,0.000000,0.000000,0.000000,0.000000,0.000000,0.000000,0.000000,0.000000,0.000000,0.000000,0.000000,0.000000,0.000000,0.000000,0.000000,0.000000,0.000000,0.000000,0.000000,0.000000,0.000000,0.000000,0.000000,0.000000,0.000000,0,0,0,0,0,0,0,0,0,0,0,0,0,471,0,0
0.734704,9770,13,0,0,2,60,0,0,0,0,0,0,-0.000022,-0.000000,-0.034812,-0.004902,-0.000000,0.035494,0.000938,0.000000,1.570796,0.227498,0.000000,0.000000,-9600,-9600,-9600,-9600,0,0,0,0.000000,0.000000,0.000000,0.000000,0.000000,0.000000,0.000000,0.000000,0,0,0.000000,0.000000,0.000000,0.000000,0.000000,0.000000,0.000000,0.000000,0.000000,0.000000,0.000000,0.000000,0,0.000000,0.000000,0.000000,0.000000,0.000000,0.000000,0.000000,0.000000,0.000000,0.000000,0.000000,0.000000,0.000000,0.000000,0.000000,0.000000,0.000000,0.000000,0.000000,0.000000,0.000000,0.000000,0.000000,0.000000,0.000000,0.000000,0.000000,0.000000,0.000000,0.000000,0.000000,0.000000,0,0,0,0,0,0,0,0,0,0,0,0,0,477,0,0
0.744474,9770,13,0,0,2,60,0,0,0,0,0,0,-0.000022,-0.000000,-0.034812,-0.004902,-0.000000,0.035494,0.000938,0.000000,1.570796,0.227498,0.000000,0.000000,-9600,-9600,-9600,-9600,0,0,0,0.000000,0.000000,0.000000,0.000000,0.000000,0.000000,0.000000,0.000000,0,0,0.000000,0.000000,0.000000,0.000000,0.000000,0.000000,0.000000,0.000000,0.000000,0.000000,0.000000,0.000000,0,0.000000,0.000000,0.000000,0.000000,0.000000,0.000000,0.000000,0.000000,0.000000,0.000000,0.000000,0.000000,0.000000,0.000000,0.000000,0.000000,0.000000,0.000000,0.000000,0.000000,0.000000,0.000000,0.000000,0.000000,0.000000,0.000000,0.000000,0.000000,0.000000,0.000000,0.000000,0.000000,0,0,0,0,0,0,0,0,0,0,0,0,0,484,0,0
0.754244,9770,13,0,0,2,60,0,0,0,0,0,0,-0.000022,-0.000000,-0.034812,-0.004902,-0.000000,0.035494,0.000938,0.000000,1.570796,0.227498,0.000000,0.000000,-9600,-9600,-9600,-9600,0,0,0,0.000000,0.000000,0.000000,0.000000,0.000000,0.000000,0.000000,0.000000,0,0,0.000000,0.000000,0.000000,0.000000,0.000000,0.000000,0.000000,0.000000,0.000000,0.000000,0.000000,0.000000,0,0.000000,0.000000,0.000000,0.000000,0.000000,0.000000,0.000000,0.000000,0.000000,0.000000,0.000000,0.000000,0.000000,0.000000,0.000000,0.000000,0.000000,0.000000,0.000000,0.000000,0.000000,0.000000,0.000000,0.000000,0.000000,0.000000,0.000000,0.000000,0.000000,0.000000,0.000000,0.000000,0,0,0,0,0,0,0,0,0,0,0,0,0,490,0,0
0.764014,9770,13,0,0,2,60,0,0,0,0,0,0,-0.000022,-0.000000,-0.034812,-0.004902,-0.000000,0.035494,0.000938,0.000000,1.570796,0.227498,0.000000,0.000000,-9600,-9600,-9600,-9600,0,0,0,0.000000,0.000000,0.000000,0.000000,0.000000,0.000000,0.000000,0.000000,0,0,0.000000,0.000000,0.000000,0.000000,0.000000,0.000000,0.000000,0.000000,0.000000,0.000000,0.000000,0.000000,0,0.000000,0.000000,0.000000,0.000000,0.000000,0.000000,0.000000,0.000000,0.000000,0.000000,0.000000,0.000000,0.000000,0.000000,0.000000,0.000000,0.000000,0.000000,0.000000,0.000000,0.000000,0.000000,0.000000,0.000000,0.000000,0.000000,0.000000,0.000000,0.000000,0.000000,0.000000,0.000000,0,0,0,0,0,0,0,0,0,0,0,0,0,496,0,0
0.773784,9770,13,0,0,2,60,0,0,0,0,0,0,-0.000022,-0.000000,-0.034812,-0.004902,-0.000000,0.035494,0.000938,0.000000,1.570796,0.227498,0.000000,0.000000,-9600,-9600,-9600,-9600,0,0,0,0.000000,0.000000,0.000000,0.000000,0.000000,0.000000,0.000000,0.000000,0,0,0.000000,0.000000,0.000000,0.000000,0.000000,0.000000,0.000000,0.000000,0.000000,0.000000,0.000000,0.000000,0,0.000000,0.000000,0.000000,0.000000,0.000000,0.000000,0.000000,0.000000,0.000000,0.000000,0.000000,0.000000,0.000000,0.000000,0.000000,0.000000,0.000000,0.000000,0.000000,0.000000,0.000000,0.000000,0.000000,0.000000,0.000000,0.000000,0.000000,0.000000,0.000000,0.000000,0.000000,0.000000,0,0,0,0,0,0,0,0,0,0,0,0,0,503,0,0
0.783554,9770,13,0,0,2,60,0,0,0,0,0,0,-0.000022,-0.000000,-0.034812,-0.004902,-0.000000,0.035494,0.000938,0.000000,1.570796,0.227498,0.000000,0.000000,-9600,-9600,-9600,-9600,0,0,0,0.000000,0.000000,0.000000,0.000000,0.000000,0.000000,0.000000,0.000000,0,0,0.000000,0.000000,0.000000,0.000000,0.000000,0.000000,0.000000,0.000000,0.000000,0.000000,0.000000,0.000000,0,0.000000,0.000000,0.000000,0.000000,0.000000,0.000000,0.000000,0.000000,0.000000,0.000000,0.000000,0.000000,0.000000,0.000000,0.000000,0.000000,0.000000,0.000000,0.000000,0.000000,0.000000,0.000000,0.000000,0.000000,0.000000,0.000000,0.000000,0.000000,0.000000,0.000000,0.000000,0.000000,0,0,0,0,0,0,0,0,0,0,0,0,0,509,0,0
0.793324,9770,13,0,0,2,60,0,0,0,0,0,0,-0.000022,-0.000000,-0.034812,-0.004902,-0.000000,0.035494,0.000938,0.000000,1.570796,0.227498,0.000000,0.000000,-9600,-9600,-9600,-9600,0,0,0,0.000000,0.000000,0.000000,0.000000,0.000000,0.000000,0.000000,0.000000,0,0,0.000000,0.000000,0.000000,0.000000,0.000000,0.000000,0.000000,0.000000,0.000000,0.000000,0.000000,0.000000,0,0.000000,0.000000,0.000000,0.000000,0.000000,0.000000,0.000000,0.000000,0.000000,0.000000,0.000000,0.000000,0.000000,0.000000,0.000000,0.000000,0.000000,0.000000,0.000000,0.000000,0.000000,0.000000,0.000000,0.000000,0.000000,0.000000,0.000000,0.000000,0.000000,0.000000,0.000000,0.000000,0,0,0,0,0,0,0,0,0,0,0,0,0,515,0,0
0.803094,9770,13,0,0,2,60,0,0,0,0,0,0,-0.000022,-0.000000,-0.034812,-0.004902,-0.000000,0.035494,0.000938,0.000000,1.570796,0.227498,0.000000,0.000000,-9600,-9600,-9600,-9600,0,0,0,0.000000,0.000000,0.000000,0.000000,0.000000,0.000000,0.000000,0.000000,0,0,0.000000,0.000000,0.000000,0.000000,0.000000,0.000000,0.000000,0.000000,0.000000,0.000000,0.000000,0.000000,0,0.000000,0.000000,0.000000,0.000000,0.000000,0.000000,0.000000,0.000000,0.000000,0.000000,0.000000,0.000000,0.000000,0.000000,0.000000,0.000000,0.000000,0.000000,0.000000,0.000000,0.000000,0.000000,0.000000,0.000000,0.000000,0.000000,0.000000,0.000000,0.000000,0.000000,0.000000,0.000000,0,0,0,0,0,0,0,0,0,0,0,0,0,522,0,0
0.812864,9770,13,0,0,2,60,0,0,0,0,0,0,-0.000022,-0.000000,-0.034812,-0.004902,-0.000000,0.035494,0.000938,0.000000,1.570796,0.227498,0.000000,0.000000,-9600,-9600,-9600,-9600,0,0,0,0.000000,0.000000,0.000000,0.000000,0.000000,0.000000,0.000000,0.000000,0,0,0.000000,0.000000,0.000000,0.000000,0.000000,0.000000,0.000000,0.000000,0.000000,0.000000,0.000000,0.000000,0,0.000000,0.000000,0.000000,0.000000,0.000000,0.000000,0.000000,0.000000,0.000000,0.000000,0.000000,0.000000,0.000000,0.000000,0.000000,0.000000,0.000000,0.000000,0.000000,0.000000,0.000000,0.000000,0.000000,0.000000,0.000000,0.000000,0.000000,0.000000,0.000000,0.000000,0.000000,0.000000,0,0,0,0,0,0,0,0,0,0,0,0,0,528,0,0
0.822634,9770,13,0,0,2,60,0,0,0,0,0,0,-0.000022,-0.000000,-0.034812,-0.004902,-0.000000,0.035494,0.000938,0.000000,1.570796,0.227498,0.000000,0.000000,-9600,-9600,-9600,-9600,0,0,0,0.000000,0.000000,0.000000,0.000000,0.000000,0.000000,0.000000,0.000000,0,0,0.000000,0.000000,0.000000,0.000000,0.000000,0.000000,0.000000,0.000000,0.000000,0.000000,0.000000,0.000000,0,0.000000,0.000000,0.000000,0.000000,0.000000,0.000000,0.000000,0.000000,0.000000,0.000000,0.000000,0.000000,0.000000,0.000000,0.000000,0.000000,0.000000,0.000000,0.000000,0.000000,0.000000,0.000000,0.000000,0.000000,0.000000,0.000000,0.000000,0.000000,0.000000,0.000000,0.000000,0.000000,0,0,0,0,0,0,0,0,0,0,0,0,0,534,0,0
0.832404,9770,13,0,0,2,60,0,0,0,0,0,0,-0.000022,-0.000000,-0.034812,-0.004902,-0.000000,0.035494,0.000938,0.000000,1.570796,0.227498,0.000000,0.000000,-9600,-9600,-9600,-9600,0,0,0,0.000000,0.000000,0.000000,0.000000,0.000000,0.000000,0.000000,0.000000,0,0,0.000000,0.000000,0.000000,0.000000,0.000000,0.000000,0.000000,0.000000,0.000000,0.000000,0.000000,0.000000,0,0.000000,0.000000,0.000000,0.000000,0.000000,0.000000,0.000000,0.000000,0.000000,0.000000,0.000000,0.000000,0.000000,0.000000,0.000000,0.000000,0.000000,0.000000,0.000000,0.000000,0.000000,0.000000,0.000000,0.000000,0.000000,0.000000,0.000000,0.000000,0.000000,0.000000,0.000000,0.000000,0,0,0,0,0,0,0,0,0,0,0,0,0,541,0,0
0.842174,9770,13,0,0,2,60,0,0,0,0,0,0,-0.000022,-0.000000,-0.034812,-0.004902,-0.000000,0.035494,0.000938,0.000000,1.570796,0.227498,0.000000,0.000000,-9600,-9600,-9600,-9600,0,0,0,0.000000,0.000000,0.000000,0.000000,0.000000,0.000000,0.000000,0.000000,0,0,0.000000,0.000000,0.000000,0.000000,0.000000,0.000000,0.000000,0.000000,0.000000,0.000000,0.000000,0.000000,0,0.000000,0.000000,0.000000,0.000000,0.000000,0.000000,0.000000,0.000000,0.000000,0.000000,0.000000,0.000000,0.000000,0.000000,0.000000,0.000000,0.000000,0.000000,0.000000,0.000000,0.000000,0.000000,0.000000,0.000000,0.000000,0.000000,0.000000,0.000000,0.000000,0.000000,0.000000,0.000000,0,0,0,0,0,0,0,0,0,0,0,0,0,547,0,0
0.851944,9770,13,0,0,2,60,0,0,0,0,0,0,-0.000022,-0.000000,-0.034812,-0.004902,-0.000000,0.035494,0.000938,0.000000,1.570796,0.227498,0.000000,0.000000,-9600,-9600,-9600,-9600,0,0,0,0.000000,0.000000,0.000000,0.000000,0.000000,0.000000,0.000000,0.000000,0,0,0.000000,0.000000,0.000000,0.000000,0.000000,0.000000,0.000000,0.000000,0.000000,0.000000,0.000000,0.000000,0,0.000000,0.000000,0.000000,0.000000,0.000000,0.000000,0.000000,0.000000,0.000000,0.000000,0.000000,0.000000,0.000000,0.000000,0.000000,0.000000,0.000000,0.000000,0.000000,0.000000,0.000000,0.000000,0.000000,0.000000,0.000000,0.000000,0.000000,0.000000,0.000000,0.000000,0.000000,0.000000,0,0,0,0,0,0,0,0,0,0,0,0,0,553,0,0
0.861714,9770,13,0,0,2,60,0,0,0,0,0,0,-0.000022,-0.000000,-0.034812,-0.004902,-0.000000,0.035494,0.000938,0.000000,1.570796,0.227498,0.000000,0.000000,-9600,-9600,-9600,-9600,0,0,0,0.000000,0.000000,0.000000,0.000000,0.000000,0.000000,0.000000,0.000000,0,0,0.000000,0.000000,0.000000,0.000000,0.000000,0.000000,0.000000,0.000000,0.000000,0.000000,0.000000,0.000000,0,0.000000,0.000000,0.000000,0.000000,0.000000,0.000000,0.000000,0.000000,0.000000,0.000000,0.000000,0.000000,0.000000,0.000000,0.000000,0.000000,0.000000,0.000000,0.000000,0.000000,0.000000,0.000000,0.000000,0.000000,0.000000,0.000000,0.000000,0.000000,0.000000,0.000000,0.000000,0.000000,0,0,0,0,0,0,0,0,0,0,0,0,0,560,0,0
0.871484,9770,13,0,0,2,60,0,0,0,0,0,0,-0.000022,-0.000000,-0.034812,-0.004902,-0.000000,0.035494,0.000938,0.000000,1.570796,0.227498,0.000000,0.000000,-9600,-9600,-9600,-9600,0,0,0,0.000000,0.000000,0.000000,0.000000,0.000000,0.000000,0.000000,0.000000,0,0,0.000000,0.000000,0.000000,0.000000,0.000000,0.000000,0.000000,0.000000,0.000000,0.000000,0.000000,0.000000,0,0.000000,0.000000,0.000000,0.000000,0.000000,0.000000,0.000000,0.000000,0.000000,0.000000,0.000000,0.000000,0.000000,0.000000,0.000000,0.000000,0.000000,0.000000,0.000000,0.000000,0.000000,0.000000,0.000000,0.000000,0.000000,0.000000,0.000000,0.000000,0.000000,0.000000,0.000000,0.000000,0,0,0,0,0,0,0,0,0,0,0,0,0,566,0,0
0.881254,9770,13,0,0,2,60,0,0,0,0,0,0,-0.000022,-0.000000,-0.034812,-0.004902,-0.000000,0.035494,0.000938,0.000000,1.570796,0.227498,0.000000,0.000000,-9600,-9600,-9600,-9600,0,0,0,0.000000,0.000000,0.000000,0.000000,0.000000,0.000000,0.000000,0.000000,0,0,0.000000,0.000000,0.000000,0.000000,0.000000,0.000000,0.000000,0.000000,0.000000,0.000000,0.000000,0.000000,0,0.000000,0.000000,0.000000,0.000000,0.000000,0.000000,0.000000,0.000000,0.000000,0.000000,0.000000,0.000000,0.000000,0.000000,0.000000,0.000000,0.000000,0.000000,0.000000,0.000000,0.000000,0.000000,0.000000,0.000000,0.000000,0.000000,0.000000,0.000000,0.000000,0.000000,0.000000,0.000000,0,0,0,0,0,0,0,0,0,0,0,0,0,572,0,0
0.891024,9770,13,0,0,2,60,0,0,0,0,0,0,-0.000022,-0.000000,-0.034812,-0.004902,-0.000000,0.035494,0.000938,0.000000,1.570796,0.227498,0.000000,0.000000,-9600,-9600,-9600,-9600,0,0,0,0.000000,0.000000,0.000000,0.000000,0.000000,0.000000,0.000000,0.000000,0,0,0.000000,0.000000,0.000000,0.000000,0.000000,0.000000,0.000000,0.000000,0.000000,0.000000,0.000000,0.000000,0,0.000000,0.000000,0.000000,0.000000,0.000000,0.000000,0.000000,0.000000,0.000000,0.000000,0.000000,0.000000,0.000000,0.000000,0.000000,0.000000,0.000000,0.000000,0.000000,0.000000,0.000000,0.000000,0.000000,0.000000,0.000000,0.000000,0.000000,0.000000,0.000000,0.000000,0.000000,0.000000,0,0,0,0,0,0,0,0,0,0,0,0,0,579,0,0
0.900794,9770,13,0,0,2,60,0,0,0,0,0,0,-0.000022,-0.000000,-0.034812,-0.004902,-0.000000,0.035494,0.000938,0.000000,1.570796,0.227498,0.000000,0.000000,-9600,-9600,-9600,-9600,0,0,0,0.000000,0.000000,0.000000,0.000000,0.000000,0.000000,0.000000,0.000000,0,0,0.000000,0.000000,0.000000,0.000000,0.000000,0.000000,0.000000,0.000000,0.000000,0.000000,0.000000,0.000000,0,0.000000,0.000000,0.000000,0.000000,0.000000,0.000000,0.000000,0.000000,0.000000,0.000000,0.000000,0.000000,0.000000,0.000000,0.000000,0.000000,0.000000,0.000000,0.000000,0.000000,0.000000,0.000000,0.000000,0.000000,0.000000,0.000000,0.000000,0.000000,0.000000,0.000000,0.000000,0.000000,0,0,0,0,0,0,0,0,0,0,0,0,0,585,0,0
0.910564,9770,13,0,0,2,60,0,0,0,0,0,0,-0.000022,-0.000000,-0.034812,-0.004902,-0.000000,0.035494,0.000938,0.000000,1.570796,0.227498,0.000000,0.000000,-9600,-9600,-9600,-9600,0,0,0,0.000000,0.000000,0.000000,0.000000,0.000000,0.000000,0.000000,0.000000,0,0,0.000000,0.000000,0.000000,0.000000,0.000000,0.000000,0.000000,0.000000,0.000000,0.000000,0.000000,0.000000,0,0.000000,0.000000,0.000000,0.000000,0.000000,0.000000,0.000000,0.000000,0.000000,0.000000,0.000000,0.000000,0.000000,0.000000,0.000000,0.000000,0.000000,0.000000,0.000000,0.000000,0.000000,0.000000,0.000000,0.000000,0.000000,0.000000,0.000000,0.000000,0.000000,0.000000,0.000000,0.000000,0,0,0,0,0,0,0,0,0,0,0,0,0,591,0,0
0.920334,9770,13,0,0,2,60,0,0,0,0,0,0,-0.000022,-0.000000,-0.034812,-0.004902,-0.000000,0.035494,0.000938,0.000000,1.570796,0.227498,0.000000,0.000000,-9600,-9600,-9600,-9600,0,0,0,0.000000,0.000000,0.000000,0.000000,0.000000,0.000000,0.000000,0.000000,0,0,0.000000,0.000000,0.000000,0.000000,0.000000,0.000000,0.000000,0.000000,0.000000,0.000000,0.000000,0.000000,0,0.000000,0.000000,0.000000,0.000000,0.000000,0.000000,0.000000,0.000000,0.000000,0.000000,0.000000,0.000000,0.000000,0.000000,0.000000,0.000000,0.000000,0.000000,0.000000,0.000000,0.000000,0.000000,0.000000,0.000000,0.000000,0.000000,0.000000,0.000000,0.000000,0.000000,0.000000,0.000000,0,0,0,0,0,0,0,0,0,0,0,0,0,598,0,0
0.930104,9770,13,0,0,2,60,0,0,0,0,0,0,-0.000022,-0.000000,-0.034812,-0.004902,-0.000000,0.035494,0.000938,0.000000,1.570796,0.227498,0.000000,0.000000,-9600,-9600,-9600,-9600,0,0,0,0.000000,0.000000,0.000000,0.000000,0.000000,0.000000,0.000000,0.000000,0,0,0.000000,0.000000,0.000000,0.000000,0.000000,0.000000,0.000000,0.000000,0.000000,0.000000,0.000000,0.000000,0,0.000000,0.000000,0.000000,0.000000,0.000000,0.000000,0.000000,0.000000,0.000000,0.000000,0.000000,0.000000,0.000000,0.000000,0.000000,0.000000,0.000000,0.000000,0.000000,0.000000,0.000000,0.000000,0.000000,0.000000,0.000000,0.000000,0.000000,0.000000,0.000000,0.000000,0.000000,0.000000,0,0,0,0,0,0,0,0,0,0,0,0,0,604,0,0
0.939874,9770,13,0,0,2,60,0,0,0,0,0,0,-0.000022,-0.000000,-0.034812,-0.004902,-0.000000,0.035494,0.000938,0.000000,1.570796,0.227498,0.000000,0.000000,-9600,-9600,-9600,-9600,0,0,0,0.000000,0.000000,0.000000,0.000000,0.000000,0.000000,0.000000,0.000000,0,0,0.000000,0.000000,0.000000,0.000000,0.000000,0.000000,0.000000,0.000000,0.000000,0.000000,0.000000,0.000000,0,0.000000,0.000000,0.000000,0.000000,0.000000,0.000000,0.000000,0.000000,0.000000,0.000000,0.000000,0.000000,0.000000,0.000000,0.000000,0.000000,0.000000,0.000000,0.000000,0.000000,0.000000,0.000000,0.000000,0.000000,0.000000,0.000000,0.000000,0.000000,0.000000,0.000000,0.000000,0.000000,0,0,0,0,0,0,0,0,0,0,0,0,0,610,0,0
0.949644,9770,13,0,0,2,60,0,0,0,0,0,0,-0.000022,-0.000000,-0.034812,-0.004902,-0.000000,0.035494,0.000938,0.000000,1.570796,0.227498,0.000000,0.000000,-9600,-9600,-9600,-9600,0,0,0,0.000000,0.000000,0.000000,0.000000,0.000000,0.000000,0.000000,0.000000,0,0,0.000000,0.000000,0.000000,0.000000,0.000000,0.000000,0.000000,0.000000,0.000000,0.000000,0.000000,0.000000,0,0.000000,0.000000,0.000000,0.000000,0.000000,0.000000,0.000000,0.000000,0.000000,0.000000,0.000000,0.000000,0.000000,0.000000,0.000000,0.000000,0.000000,0.000000,0.000000,0.000000,0.000000,0.000000,0.000000,0.000000,0.000000,0.000000,0.000000,0.000000,0.000000,0.000000,0.000000,0.000000,0,0,0,0,0,0,0,0,0,0,0,0,0,617,0,0
0.959414,9770,13,0,0,2,60,0,0,0,0,0,0,-0.000022,-0.000000,-0.034812,-0.004902,-0.000000,0.035494,0.000938,0.000000,1.570796,0.227498,0.000000,0.000000,-9600,-9600,-9600,-9600,0,0,0,0.000000,0.000000,0.000000,0.000000,0.000000,0.000000,0.000000,0.000000,0,0,0.000000,0.000000,0.000000,0.000000,0.000000,0.000000,0.000000,0.000000,0.000000,0.000000,0.000000,0.000000,0,0.000000,0.000000,0.000000,0.000000,0.000000,0.000000,0.000000,0.000000,0.000000,0.000000,0.000000,0.000000,0.000000,0.000000,0.000000,0.000000,0.000000,0.000000,0.000000,0.000000,0.000000,0.000000,0.000000,0.000000,0.000000,0.000000,0.000000,0.000000,0.000000,0.000000,0.000000,0.000000,0,0,0,0,0,0,0,0,0,0,0,0,0,623,0,0
0.969184,9770,13,0,0,2,60,0,0,0,0,0,0,-0.000022,-0.000000,-0.034812,-0.004902,-0.000000,0.035494,0.000938,0.000000,1.570796,0.227498,0.000000,0.000000,-9600,-9600,-9600,-9600,0,0,0,0.000000,0.000000,0.000000,0.000000,0.000000,0.000000,0.000000,0.000000,0,0,0.000000,0.000000,0.000000,0.000000,0.000000,0.000000,0.000000,0.000000,0.000000,0.000000,0.000000,0.000000,0,0.000000,0.000000,0.000000,0.000000,0.000000,0.000000,0.000000,0.000000,0.000000,0.000000,0.000000,0.000000,0.000000,0.000000,0.000000,0.000000,0.000000,0.000000,0.000000,0.000000,0.000000,0.000000,0.000000,0.000000,0.000000,0.000000,0.000000,0.000000,0.000000,0.000000,0.000000,0.000000,0,0,0,0,0,0,0,0,0,0,0,0,0,629,0,0
0.978954,9770,13,0,0,2,60,0,0,0,0,0,0,-0.000022,-0.000000,-0.034812,-0.004902,-0.000000,0.035494,0.000938,0.000000,1.570796,0.227498,0.000000,0.000000,-9600,-9600,-9600,-9600,0,0,0,0.000000,0.000000,0.000000,0.000000,0.000000,0.000000,0.000000,0.000000,0,0,0.000000,0.000000,0.000000,0.000000,0.000000,0.000000,0.000000,0.000000,0.000000,0.000000,0.000000,0.000000,0,0.000000,0.000000,0.000000,0.000000,0.000000,0.000000,0.000000,0.000000,0.000000,0.000000,0.000000,0.000000,0.000000,0.000000,0.000000,0.000000,0.000000,0.000000,0.000000,0.000000,0.000000,0.000000,0.000000,0.000000,0.000000,0.000000,0.000000,0.000000,0.000000,0.000000,0.000000,0.000000,0,0,0,0,0,0,0,0,0,0,0,0,0,636,0,0
0.988724,9770,13,0,0,2,60,0,0,0,0,0,0,-0.000022,-0.000000,-0.034812,-0.004902,-0.000000,0.035494,0.000938,0.000000,1.570796,0.227498,0.000000,0.000000,-9600,-9600,-9600,-9600,0,0,0,0.000000,0.000000,0.000000,0.000000,0.000000,0.000000,0.000000,0.000000,0,0,0.000000,0.000000,0.000000,0.000000,0.000000,0.000000,0.000000,0.000000,0.000000,0.000000,0.000000,0.000000,0,0.000000,0.000000,0.000000,0.000000,0.000000,0.000000,0.000000,0.000000,0.000000,0.000000,0.000000,0.000000,0.000000,0.000000,0.000000,0.000000,0.000000,0.000000,0.000000,0.000000,0.000000,0.000000,0.000000,0.000000,0.000000,0.000000,0.000000,0.000000,0.000000,0.000000,0.000000,0.000000,0,0,0,0,0,0,0,0,0,0,0,0,0,642,0,0
0.998494,9770,13,0,0,2,60,0,0,0,0,0,0,-0.000022,-0.000000,-0.034812,-0.004902,-0.000000,0.035494,0.000938,0.000000,1.570796,0.227498,0.000000,0.000000,-9600,-9600,-9600,-9600,0,0,0,0.000000,0.000000,0.000000,0.000000,0.000000,0.000000,0.000000,0.000000,0,0,0.000000,0.000000,0.000000,0.000000,0.000000,0.000000,0.000000,0.000000,0.000000,0.000000,0.000000,0.000000,0,0.000000,0.000000,0.000000,0.000000,0.000000,0.000000,0.000000,0.000000,0.000000,0.000000,0.000000,0.000000,0.000000,0.000000,0.000000,0.000000,0.000000,0.000000,0.000000,0.000000,0.000000,0.000000,0.000000,0.000000,0.000000,0.000000,0.000000,0.000000,0.000000,0.000000,0.000000,0.000000,0,0,0,0,0,0,0,0,0,0,0,0,0,648,0,0
1.008264,9770,13,0,0,2,60,0,0,0,0,0,0,-0.000023,-0.000000,-0.034812,-0.004902,-0.000000,0.035494,0.000938,0.000000,1.570796,0.227498,0.000000,0.000000,-9600,-9600,-9600,-9600,0,0,0,0.000000,0.000000,0.000000,0.000000,0.000000,0.000000,0.000000,0.000000,0,0,0.000000,0.000000,0.000000,0.000000,0.000000,0.000000,0.000000,0.000000,0.000000,0.000000,0.000000,0.000000,0,0.000000,0.000000,0.000000,0.000000,0.000000,0.000000,0.000000,0.000000,0.000000,0.000000,0.000000,0.000000,0.000000,0.000000,0.000000,0.000000,0.000000,0.000000,0.000000,0.000000,0.000000,0.000000,0.000000,0.000000,0.000000,0.000000,0.000000,0.000000,0.000000,0.000000,0.000000,0.000000,0,0,0,0,0,0,0,0,0,0,0,0,0,655,0,0
1.018034,9770,13,0,0,2,60,0,0,0,0,0,0,-0.000023,-0.000000,-0.034812,-0.004902,-0.000000,0.035494,0.000938,0.000000,1.570796,0.227498,0.000000,0.000000,-9600,-9600,-9600,-9600,0,0,0,0.000000,0.000000,0.000000,0.000000,0.000000,0.000000,0.000000,0.000000,0,0,0.000000,0.000000,0.000000,0.000000,0.000000,0.000000,0.000000,0.000000,0.000000,0.000000,0.000000,0.000000,0,0.000000,0.000000,0.000000,0.000000,0.000000,0.000000,0.000000,0.000000,0.000000,0.000000,0.000000,0.000000,0.000000,0.000000,0.000000,0.000000,0.000000,0.000000,0.000000,0.000000,0.000000,0.000000,0.000000,0.000000,0.000000,0.000000,0.000000,0.000000,0.000000,0.000000,0.000000,0.000000,0,0,0,0,0,0,0,0,0,0,0,0,0,661,0,0
1.027804,9770,13,0,0,2,60,0,0,0,0,0,0,-0.000023,-0.000000,-0.034812,-0.004902,-0.000000,0.035494,0.000938,0.000000,1.570796,0.227498,0.000000,0.000000,-9600,-9600,-9600,-9600,0,0,0,0.000000,0.000000,0.000000,0.000000,0.000000,0.000000,0.000000,0.000000,0,0,0.000000,0.000000,0.000000,0.000000,0.000000,0.000000,0.000000,0.000000,0.000000,0.000000,0.000000,0.000000,0,0.000000,0.000000,0.000000,0.000000,0.000000,0.000000,0.000000,0.000000,0.000000,0.000000,0.000000,0.000000,0.000000,0.000000,0.000000,0.000000,0.000000,0.000000,0.000000,0.000000,0.000000,0.000000,0.000000,0.000000,0.000000,0.000000,0.000000,0.000000,0.000000,0.000000,0.000000,0.000000,0,0,0,0,0,0,0,0,0,0,0,0,0,667,0,0
1.037574,9770,13,0,0,2,60,0,0,0,0,0,0,-0.000023,-0.000000,-0.034812,-0.004902,-0.000000,0.035494,0.000938,0.000000,1.570796,0.227498,0.000000,0.000000,-9600,-9600,-9600,-9600,0,0,0,0.000000,0.000000,0.000000,0.000000,0.000000,0.000000,0.000000,0.000000,0,0,0.000000,0.000000,0.000000,0.000000,0.000000,0.000000,0.000000,0.000000,0.000000,0.000000,0.000000,0.000000,0,0.000000,0.000000,0.000000,0.000000,0.000000,0.000000,0.000000,0.000000,0.000000,0.000000,0.000000,0.000000,0.000000,0.000000,0.000000,0.000000,0.000000,0.000000,0.000000,0.000000,0.000000,0.000000,0.000000,0.000000,0.000000,0.000000,0.000000,0.000000,0.000000,0.000000,0.000000,0.000000,0,0,0,0,0,0,0,0,0,0,0,0,0,674,0,0
1.047344,9770,13,0,0,2,60,0,0,0,0,0,0,-0.000023,-0.000000,-0.034812,-0.004902,-0.000000,0.035494,0.000938,0.000000,1.570796,0.227498,0.000000,0.000000,-9600,-9600,-9600,-9600,0,0,0,0.000000,0.000000,0.000000,0.000000,0.000000,0.000000,0.000000,0.000000,0,0,0.000000,0.000000,0.000000,0.000000,0.000000,0.000000,0.000000,0.000000,0.000000,0.000000,0.000000,0.000000,0,0.000000,0.000000,0.000000,0.000000,0.000000,0.000000,0.000000,0.000000,0.000000,0.000000,0.000000,0.000000,0.000000,0.000000,0.000000,0.000000,0.000000,0.000000,0.000000,0.000000,0.000000,0.000000,0.000000,0.000000,0.000000,0.000000,0.000000,0.000000,0.000000,0.000000,0.000000,0.000000,0,0,0,0,0,0,0,0,0,0,0,0,0,680,0,0
1.057114,9770,13,0,0,2,60,0,0,0,0,0,0,-0.000023,-0.000000,-0.034812,-0.004902,-0.000000,0.035494,0.000938,0.000000,1.570796,0.227498,0.000000,0.000000,-9600,-9600,-9600,-9600,0,0,0,0.000000,0.000000,0.000000,0.000000,0.000000,0.000000,0.000000,0.000000,0,0,0.000000,0.000000,0.000000,0.000000,0.000000,0.000000,0.000000,0.000000,0.000000,0.000000,0.000000,0.000000,0,0.000000,0.000000,0.000000,0.000000,0.000000,0.000000,0.000000,0.000000,0.000000,0.000000,0.000000,0.000000,0.000000,0.000000,0.000000,0.000000,0.000000,0.000000,0.000000,0.000000,0.000000,0.000000,0.000000,0.000000,0.000000,0.000000,0.000000,0.000000,0.000000,0.000000,0.000000,0.000000,0,0,0,0,0,0,0,0,0,0,0,0,0,686,0,0
1.066884,9770,13,0,0,2,60,0,0,0,0,0,0,-0.000023,-0.000000,-0.034812,-0.004902,-0.000000,0.035494,0.000938,0.000000,1.570796,0.227498,0.000000,0.000000,-9600,-9600,-9600,-9600,0,0,0,0.000000,0.000000,0.000000,0.000000,0.000000,0.000000,0.000000,0.000000,0,0,0.000000,0.000000,0.000000,0.000000,0.000000,0.000000,0.000000,0.000000,0.000000,0.000000,0.000000,0.000000,0,0.000000,0.000000,0.000000,0.000000,0.000000,0.000000,0.000000,0.000000,0.000000,0.000000,0.000000,0.000000,0.000000,0.000000,0.000000,0.000000,0.000000,0.000000,0.000000,0.000000,0.000000,0.000000,0.000000,0.000000,0.000000,0.000000,0.000000,0.000000,0.000000,0.000000,0.000000,0.000000,0,0,0,0,0,0,0,0,0,0,0,0,0,693,0,0
1.076654,9770,13,0,0,2,60,0,0,0,0,0,0,-0.000023,-0.000000,-0.034812,-0.004902,-0.000000,0.035494,0.000938,0.000000,1.570796,0.227498,0.000000,0.000000,-9600,-9600,-9600,-9600,0,0,0,0.000000,0.000000,0.000000,0.000000,0.000000,0.000000,0.000000,0.000000,0,0,0.000000,0.000000,0.000000,0.000000,0.000000,0.000000,0.000000,0.000000,0.000000,0.000000,0.000000,0.000000,0,0.000000,0.000000,0.000000,0.000000,0.000000,0.000000,0.000000,0.000000,0.000000,0.000000,0.000000,0.000000,0.000000,0.000000,0.000000,0.000000,0.000000,0.000000,0.000000,0.000000,0.000000,0.000000,0.000000,0.000000,0.000000,0.000000,0.000000,0.000000,0.000000,0.000000,0.000000,0.000000,0,0,0,0,0,0,0,0,0,0,0,0,0,699,0,0
1.086424,9770,13,0,0,2,60,0,0,0,0,0,0,-0.000023,-0.000000,-0.034812,-0.004902,-0.000000,0.035494,0.000938,0.000000,1.570796,0.227498,0.000000,0.000000,-9600,-9600,-9600,-9600,0,0,0,0.000000,0.000000,0.000000,0.000000,0.000000,0.000000,0.000000,0.000000,0,0,0.000000,0.000000,0.000000,0.000000,0.000000,0.000000,0.000000,0.000000,0.000000,0.000000,0.000000,0.000000,0,0.000000,0.000000,0.000000,0.000000,0.000000,0.000000,0.000000,0.000000,0.000000,0.000000,0.000000,0.000000,0.000000,0.000000,0.000000,0.000000,0.000000,0.000000,0.000000,0.000000,0.000000,0.000000,0.000000,0.000000,0.000000,0.000000,0.000000,0.000000,0.000000,0.000000,0.000000,0.000000,0,0,0,0,0,0,0,0,0,0,0,0,0,705,0,0
1.096194,9770,13,0,0,2,60,0,0,0,0,0,0,-0.000023,-0.000000,-0.034812,-0.004902,-0.000000,0.035494,0.000938,0.000000,1.570796,0.227498,0.000000,0.000000,-9600,-9600,-9600,-9600,0,0,0,0.000000,0.000000,0.000000,0.000000,0.000000,0.000000,0.000000,0.000000,0,0,0.000000,0.000000,0.000000,0.000000,0.000000,0.000000,0.000000,0.000000,0.000000,0.000000,0.000000,0.000000,0,0.000000,0.000000,0.000000,0.000000,0.000000,0.000000,0.000000,0.000000,0.000000,0.000000,0.000000,0.000000,0.000000,0.000000,0.000000,0.000000,0.000000,0.000000,0.000000,0.000000,0.000000,0.000000,0.000000,0.000000,0.000000,0.000000,0.000000,0.000000,0.000000,0.000000,0.000000,0.000000,0,0,0,0,0,0,0,0,0,0,0,0,0,712,0,0
1.105964,9770,13,0,0,2,60,0,0,0,0,0,0,-0.000023,-0.000000,-0.034812,-0.004902,-0.000000,0.035494,0.000938,0.000000,1.570796,0.227498,0.000000,0.000000,-9600,-9600,-9600,-9600,0,0,0,0.000000,0.000000,0.000000,0.000000,0.000000,0.000000,0.000000,0.000000,0,0,0.000000,0.000000,0.000000,0.000000,0.000000,0.000000,0.000000,0.000000,0.000000,0.000000,0.000000,0.000000,0,0.000000,0.000000,0.000000,0.000000,0.000000,0.000000,0.000000,0.000000,0.000000,0.000000,0.000000,0.000000,0.000000,0.000000,0.000000,0.000000,0.000000,0.000000,0.000000,0.000000,0.000000,0.000000,0.000000,0.000000,0.000000,0.000000,0.000000,0.000000,0.000000,0.000000,0.000000,0.000000,0,0,0,0,0,0,0,0,0,0,0,0,0,718,0,0
1.115734,9770,13,0,0,2,60,0,0,0,0,0,0,-0.000023,-0.000000,-0.034812,-0.004902,-0.000000,0.035494,0.000938,0.000000,1.570796,0.227498,0.000000,0.000000,-9600,-9600,-9600,-9600,0,0,0,0.000000,0.000000,0.000000,0.000000,0.000000,0.000000,0.000000,0.000000,0,0,0.000000,0.000000,0.000000,0.000000,0.000000,0.000000,0.000000,0.000000,0.000000,0.000000,0.000000,0.000000,0,0.000000,0.000000,0.000000,0.000000,0.000000,0.000000,0.000000,0.000000,0.000000,0.000000,0.000000,0.000000,0.000000,0.000000,0.000000,0.000000,0.000000,0.000000,0.000000,0.000000,0.000000,0.000000,0.000000,0.000000,0.000000,0.000000,0.000000,0.000000,0.000000,0.000000,0.000000,0.000000,0,0,0,0,0,0,0,0,0,0,0,0,0,724,0,0
1.125504,9770,13,0,0,2,60,0,0,0,0,0,0,-0.000023,-0.000000,-0.034812,-0.004902,-0.000000,0.035494,0.000938,0.000000,1.570796,0.227498,0.000000,0.000000,-9600,-9600,-9600,-9600,0,0,0,0.000000,0.000000,0.000000,0.000000,0.000000,0.000000,0.000000,0.000000,0,0,0.000000,0.000000,0.000000,0.000000,0.000000,0.000000,0.000000,0.000000,0.000000,0.000000,0.000000,0.000000,0,0.000000,0.000000,0.000000,0.000000,0.000000,0.000000,0.000000,0.000000,0.000000,0.000000,0.000000,0.000000,0.000000,0.000000,0.000000,0.000000,0.000000,0.000000,0.000000,0.000000,0.000000,0.000000,0.000000,0.000000,0.000000,0.000000,0.000000,0.000000,0.000000,0.000000,0.000000,0.000000,0,0,0,0,0,0,0,0,0,0,0,0,0,731,0,0
1.135274,9770,13,0,0,2,60,0,0,0,0,0,0,-0.000023,-0.000000,-0.034812,-0.004902,-0.000000,0.035494,0.000938,0.000000,1.570796,0.227498,0.000000,0.000000,-9600,-9600,-9600,-9600,0,0,0,0.000000,0.000000,0.000000,0.000000,0.000000,0.000000,0.000000,0.000000,0,0,0.000000,0.000000,0.000000,0.000000,0.000000,0.000000,0.000000,0.000000,0.000000,0.000000,0.000000,0.000000,0,0.000000,0.000000,0.000000,0.000000,0.000000,0.000000,0.000000,0.000000,0.000000,0.000000,0.000000,0.000000,0.000000,0.000000,0.000000,0.000000,0.000000,0.000000,0.000000,0.000000,0.000000,0.000000,0.000000,0.000000,0.000000,0.000000,0.000000,0.000000,0.000000,0.000000,0.000000,0.000000,0,0,0,0,0,0,0,0,0,0,0,0,0,737,0,0
1.145044,9770,13,0,0,2,60,0,0,0,0,0,0,-0.000023,-0.000000,-0.034812,-0.004902,-0.000000,0.035494,0.000938,0.000000,1.570796,0.227498,0.000000,0.000000,-9600,-9600,-9600,-9600,0,0,0,0.000000,0.000000,0.000000,0.000000,0.000000,0.000000,0.000000,0.000000,0,0,0.000000,0.000000,0.000000,0.000000,0.000000,0.000000,0.000000,0.000000,0.000000,0.000000,0.000000,0.000000,0,0.000000,0.000000,0.000000,0.000000,0.000000,0.000000,0.000000,0.000000,0.000000,0.000000,0.000000,0.000000,0.000000,0.000000,0.000000,0.000000,0.000000,0.000000,0.000000,0.000000,0.000000,0.000000,0.000000,0.000000,0.000000,0.000000,0.000000,0.000000,0.000000,0.000000,0.000000,0.000000,0,0,0,0,0,0,0,0,0,0,0,0,0,743,0,0
1.154814,9770,13,0,0,2,60,0,0,0,0,0,0,-0.000023,-0.000000,-0.034812,-0.004902,-0.000000,0.035494,0.000938,0.000000,1.570796,0.227498,0.000000,0.000000,-9600,-9600,-9600,-9600,0,0,0,0.000000,0.000000,0.000000,0.000000,0.000000,0.000000,0.000000,0.000000,0,0,0.000000,0.000000,0.000000,0.000000,0.000000,0.000000,0.000000,0.000000,0.000000,0.000000,0.000000,0.000000,0,0.000000,0.000000,0.000000,0.000000,0.000000,0.000000,0.000000,0.000000,0.000000,0.000000,0.000000,0.000000,0.000000,0.000000,0.000000,0.000000,0.000000,0.000000,0.000000,0.000000,0.000000,0.000000,0.000000,0.000000,0.000000,0.000000,0.000000,0.000000,0.000000,0.000000,0.000000,0.000000,0,0,0,0,0,0,0,0,0,0,0,0,0,750,0,0
1.164584,9770,13,0,0,2,60,0,0,0,0,0,0,-0.000023,-0.000000,-0.034812,-0.004902,-0.000000,0.035494,0.000938,0.000000,1.570796,0.227498,0.000000,0.000000,-9600,-9600,-9600,-9600,0,0,0,0.000000,0.000000,0.000000,0.000000,0.000000,0.000000,0.000000,0.000000,0,0,0.000000,0.000000,0.000000,0.000000,0.000000,0.000000,0.000000,0.000000,0.000000,0.000000,0.000000,0.000000,0,0.000000,0.000000,0.000000,0.000000,0.000000,0.000000,0.000000,0.000000,0.000000,0.000000,0.000000,0.000000,0.000000,0.000000,0.000000,0.000000,0.000000,0.000000,0.000000,0.000000,0.000000,0.000000,0.000000,0.000000,0.000000,0.000000,0.000000,0.000000,0.000000,0.000000,0.000000,0.000000,0,0,0,0,0,0,0,0,0,0,0,0,0,756,0,0
1.174354,9770,13,0,0,2,60,0,0,0,0,0,0,-0.000023,-0.000000,-0.034812,-0.004902,-0.000000,0.035494,0.000938,0.000000,1.570796,0.227498,0.000000,0.000000,-9600,-9600,-9600,-9600,0,0,0,0.000000,0.000000,0.000000,0.000000,0.000000,0.000000,0.000000,0.000000,0,0,0.000000,0.000000,0.000000,0.000000,0.000000,0.000000,0.000000,0.000000,0.000000,0.000000,0.000000,0.000000,0,0.000000,0.000000,0.000000,0.000000,0.000000,0.000000,0.000000,0.000000,0.000000,0.000000,0.000000,0.000000,0.000000,0.000000,0.000000,0.000000,0.000000,0.000000,0.000000,0.000000,0.000000,0.000000,0.000000,0.000000,0.000000,0.000000,0.000000,0.000000,0.000000,0.000000,0.000000,0.000000,0,0,0,0,0,0,0,0,0,0,0,0,0,762,0,0
1.184124,9770,13,0,0,2,60,0,0,0,0,0,0,-0.000023,-0.000000,-0.034812,-0.004902,-0.000000,0.035494,0.000938,0.000000,1.570796,0.227498,0.000000,0.000000,-9600,-9600,-9600,-9600,0,0,0,0.000000,0.000000,0.000000,0.000000,0.000000,0.000000,0.000000,0.000000,0,0,0.000000,0.000000,0.000000,0.000000,0.000000,0.000000,0.000000,0.000000,0.000000,0.000000,0.000000,0.000000,0,0.000000,0.000000,0.000000,0.000000,0.000000,0.000000,0.000000,0.000000,0.000000,0.000000,0.000000,0.000000,0.000000,0.000000,0.000000,0.000000,0.000000,0.000000,0.000000,0.000000,0.000000,0.000000,0.000000,0.000000,0.000000,0.000000,0.000000,0.000000,0.000000,0.000000,0.000000,0.000000,0,0,0,0,0,0,0,0,0,0,0,0,0,769,0,0
1.193894,9770,13,0,0,2,60,0,0,0,0,0,0,-0.000023,-0.000000,-0.034812,-0.004902,-0.000000,0.035494,0.000938,0.000000,1.570796,0.227498,0.000000,0.000000,-9600,-9600,-9600,-9600,0,0,0,0.000000,0.000000,0.000000,0.000000,0.000000,0.000000,0.000000,0.000000,0,0,0.000000,0.000000,0.000000,0.000000,0.000000,0.000000,0.000000,0.000000,0.000000,0.000000,0.000000,0.000000,0,0.000000,0.000000,0.000000,0.000000,0.000000,0.000000,0.000000,0.000000,0.000000,0.000000,0.000000,0.000000,0.000000,0.000000,0.000000,0.000000,0.000000,0.000000,0.000000,0.000000,0.000000,0.000000,0.000000,0.000000,0.000000,0.000000,0.000000,0.000000,0.000000,0.000000,0.000000,0.000000,0,0,0,0,0,0,0,0,0,0,0,0,0,775,0,0
1.203664,9770,13,0,0,2,60,0,0,0,0,0,0,-0.000023,-0.000000,-0.034812,-0.004902,-0.000000,0.035494,0.000938,0.000000,1.570796,0.227498,0.000000,0.000000,-9600,-9600,-9600,-9600,0,0,0,0.000000,0.000000,0.000000,0.000000,0.000000,0.000000,0.000000,0.000000,0,0,0.000000,0.000000,0.000000,0.000000,0.000000,0.000000,0.000000,0.000000,0.000000,0.000000,0.000000,0.000000,0,0.000000,0.000000,0.000000,0.000000,0.000000,0.000000,0.000000,0.000000,0.000000,0.000000,0.000000,0.000000,0.000000,0.000000,0.000000,0.000000,0.000000,0.000000,0.000000,0.000000,0.000000,0.000000,0.000000,0.000000,0.000000,0.000000,0.000000,0.000000,0.000000,0.000000,0.000000,0.000000,0,0,0,0,0,0,0,0,0,0,0,0,0,781,0,0
1.213434,9770,13,0,0,2,60,0,0,0,0,0,0,-0.000023,-0.000000,-0.034812,-0.004902,-0.000000,0.035494,0.000938,0.000000,1.570796,0.227498,0.000000,0.000000,-9600,-9600,-9600,-9600,0,0,0,0.000000,0.000000,0.000000,0.000000,0.000000,0.000000,0.000000,0.000000,0,0,0.000000,0.000000,0.000000,0.000000,0.000000,0.000000,0.000000,0.000000,0.000000,0.000000,0.000000,0.000000,0,0.000000,0.000000,0.000000,0.000000,0.000000,0.000000,0.000000,0.000000,0.000000,0.000000,0.000000,0.000000,0.000000,0.000000,0.000000,0.000000,0.000000,0.000000,0.000000,0.000000,0.000000,0.000000,0.000000,0.000000,0.000000,0.000000,0.000000,0.000000,0.000000,0.000000,0.000000,0.000000,0,0,0,0,0,0,0,0,0,0,0,0,0,788,0,0
1.223204,9770,13,0,0,2,60,0,0,0,0,0,0,-0.000023,-0.000000,-0.034812,-0.004902,-0.000000,0.035494,0.000938,0.000000,1.570796,0.227498,0.000000,0.000000,-9600,-9600,-9600,-9600,0,0,0,0.000000,0.000000,0.000000,0.000000,0.000000,0.000000,0.000000,0.000000,0,0,0.000000,0.000000,0.000000,0.000000,0.000000,0.000000,0.000000,0.000000,0.000000,0.000000,0.000000,0.000000,0,0.000000,0.000000,0.000000,0.000000,0.000000,0.000000,0.000000,0.000000,0.000000,0.000000,0.000000,0.000000,0.000000,0.000000,0.000000,0.000000,0.000000,0.000000,0.000000,0.000000,0.000000,0.000000,0.000000,0.000000,0.000000,0.000000,0.000000,0.000000,0.000000,0.000000,0.000000,0.000000,0,0,0,0,0,0,0,0,0,0,0,0,0,794,0,0
1.232974,9770,13,0,0,2,60,0,0,0,0,0,0,-0.000023,-0.000000,-0.034812,-0.004902,-0.000000,0.035494,0.000938,0.000000,1.570796,0.227498,0.000000,0.000000,-9600,-9600,-9600,-9600,0,0,0,0.000000,0.000000,0.000000,0.000000,0.000000,0.000000,0.000000,0.000000,0,0,0.000000,0.000000,0.000000,0.000000,0.000000,0.000000,0.000000,0.000000,0.000000,0.000000,0.000000,0.000000,0,0.000000,0.000000,0.000000,0.000000,0.000000,0.000000,0.000000,0.000000,0.000000,0.000000,0.000000,0.000000,0.000000,0.000000,0.000000,0.000000,0.000000,0.000000,0.000000,0.000000,0.000000,0.000000,0.000000,0.000000,0.000000,0.000000,0.000000,0.000000,0.000000,0.000000,0.000000,0.000000,0,0,0,0,0,0,0,0,0,0,0,0,0,800,1,0
1.242744,9770,13,0,0,2,60,0,0,0,0,0,0,-0.000023,-0.000000,-0.034812,-0.004902,-0.000000,0.035494,0.000938,0.000000,1.570796,0.227498,0.000000,0.000000,-9600,-9600,-9600,-9600,0,0,0,0.000000,0.000000,0.000000,0.000000,0.000000,0.000000,0.000000,0.000000,0,0,0.000000,0.000000,0.000000,0.000000,0.000000,0.000000,0.000000,0.000000,0.000000,0.000000,0.000000,0.000000,0,0.000000,0.000000,0.000000,0.000000,0.000000,0.000000,0.000000,0.000000,0.000000,0.000000,0.000000,0.000000,0.000000,0.000000,0.000000,0.000000,0.000000,0.000000,0.000000,0.000000,0.000000,0.000000,0.000000,0.000000,0.000000,0.000000,0.000000,0.000000,0.000000,0.000000,0.000000,0.000000,0,0,0,0,0,0,0,0,0,0,0,0,0,807,1,0
1.252514,9770,13,0,0,2,60,0,0,0,0,0,0,-0.000023,-0.000000,-0.034812,-0.004902,-0.000000,0.035494,0.000938,0.000000,1.570796,0.227498,0.000000,0.000000,-9600,-9600,-9600,-9600,0,0,0,0.000000,0.000000,0.000000,0.000000,0.000000,0.000000,0.000000,0.000000,0,0,0.000000,0.000000,0.000000,0.000000,0.000000,0.000000,0.000000,0.000000,0.000000,0.000000,0.000000,0.000000,0,0.000000,0.000000,0.000000,0.000000,0.000000,0.000000,0.000000,0.000000,0.000000,0.000000,0.000000,0.000000,0.000000,0.000000,0.000000,0.000000,0.000000,0.000000,0.000000,0.000000,0.000000,0.000000,0.000000,0.000000,0.000000,0.000000,0.000000,0.000000,0.000000,0.000000,0.000000,0.000000,0,0,0,0,0,0,0,0,0,0,0,0,0,813,1,0
1.262284,9770,13,0,0,2,60,0,0,0,0,0,0,-0.000023,-0.000000,-0.034812,-0.004902,-0.000000,0.035494,0.000938,0.000000,1.570796,0.227498,0.000000,0.000000,-9600,-9600,-9600,-9600,0,0,0,0.000000,0.000000,0.000000,0.000000,0.000000,0.000000,0.000000,0.000000,0,0,0.000000,0.000000,0.000000,0.000000,0.000000,0.000000,0.000000,0.000000,0.000000,0.000000,0.000000,0.000000,0,0.000000,0.000000,0.000000,0.000000,0.000000,0.000000,0.000000,0.000000,0.000000,0.000000,0.000000,0.000000,0.000000,0.000000,0.000000,0.000000,0.000000,0.000000,0.000000,0.000000,0.000000,0.000000,0.000000,0.000000,0.000000,0.000000,0.000000,0.000000,0.000000,0.000000,0.000000,0.000000,0,0,0,0,0,0,0,0,0,0,0,0,0,819,1,0
1.272054,9770,13,0,0,2,60,0,0,0,0,0,0,-0.000023,-0.000000,-0.034812,-0.004902,-0.000000,0.035494,0.000938,0.000000,1.570796,0.227498,0.000000,0.000000,-9600,-9600,-9600,-9600,0,0,0,0.000000,0.000000,0.000000,0.000000,0.000000,0.000000,0.000000,0.000000,0,0,0.000000,0.000000,0.000000,0.000000,0.000000,0.000000,0.000000,0.000000,0.000000,0.000000,0.000000,0.000000,0,0.000000,0.000000,0.000000,0.000000,0.000000,0.000000,0.000000,0.000000,0.000000,0.000000,0.000000,0.000000,0.000000,0.000000,0.000000,0.000000,0.000000,0.000000,0.000000,0.000000,0.000000,0.000000,0.000000,0.000000,0.000000,0.000000,0.000000,0.000000,0.000000,0.000000,0.000000,0.000000,0,0,0,0,0,0,0,0,0,0,0,0,0,826,1,0
1.281824,9770,13,0,0,2,60,0,0,0,0,0,0,-0.000023,-0.000000,-0.034812,-0.004902,-0.000000,0.035494,0.000938,0.000000,1.570796,0.227498,0.000000,0.000000,-9600,-9600,-9600,-9600,0,0,0,0.000000,0.000000,0.000000,0.000000,0.000000,0.000000,0.000000,0.000000,0,0,0.000000,0.000000,0.000000,0.000000,0.000000,0.000000,0.000000,0.000000,0.000000,0.000000,0.000000,0.000000,0,0.000000,0.000000,0.000000,0.000000,0.000000,0.000000,0.000000,0.000000,0.000000,0.000000,0.000000,0.000000,0.000000,0.000000,0.000000,0.000000,0.000000,0.000000,0.000000,0.000000,0.000000,0.000000,0.000000,0.000000,0.000000,0.000000,0.000000,0.000000,0.000000,0.000000,0.000000,0.000000,0,0,0,0,0,0,0,0,0,0,0,0,0,832,1,0
1.291594,9770,13,0,0,2,60,0,0,0,0,0,0,-0.000023,-0.000000,-0.034812,-0.004902,-0.000000,0.035494,0.000938,0.000000,1.570796,0.227498,0.000000,0.000000,-9600,-9600,-9600,-9600,0,0,0,0.000000,0.000000,0.000000,0.000000,0.000000,0.000000,0.000000,0.000000,0,0,0.000000,0.000000,0.000000,0.000000,0.000000,0.000000,0.000000,0.000000,0.000000,0.000000,0.000000,0.000000,0,0.000000,0.000000,0.000000,0.000000,0.000000,0.000000,0.000000,0.000000,0.000000,0.000000,0.000000,0.000000,0.000000,0.000000,0.000000,0.000000,0.000000,0.000000,0.000000,0.000000,0.000000,0.000000,0.000000,0.000000,0.000000,0.000000,0.000000,0.000000,0.000000,0.000000,0.000000,0.000000,0,0,0,0,0,0,0,0,0,0,0,0,0,838,1,0
1.301364,9770,13,0,0,2,60,0,0,0,0,0,0,-0.000023,-0.000000,-0.034812,-0.004902,-0.000000,0.035494,0.000938,0.000000,1.570796,0.227498,0.000000,0.000000,-9600,-9600,-9600,-9600,0,0,0,0.000000,0.000000,0.000000,0.000000,0.000000,0.000000,0.000000,0.000000,0,0,0.000000,0.000000,0.000000,0.000000,0.000000,0.000000,0.000000,0.000000,0.000000,0.000000,0.000000,0.000000,0,0.000000,0.000000,0.000000,0.000000,0.000000,0.000000,0.000000,0.000000,0.000000,0.000000,0.000000,0.000000,0.000000,0.000000,0.000000,0.000000,0.000000,0.000000,0.000000,0.000000,0.000000,0.000000,0.000000,0.000000,0.000000,0.000000,0.000000,0.000000,0.000000,0.000000,0.000000,0.000000,0,0,0,0,0,0,0,0,0,0,0,0,0,845,1,0
1.311134,9770,13,0,0,2,60,0,0,0,0,0,0,-0.000023,-0.000000,-0.034812,-0.004902,-0.000000,0.035494,0.000938,0.000000,1.570796,0.227498,0.000000,0.000000,-9600,-9600,-9600,-9600,0,0,0,0.000000,0.000000,0.000000,0.000000,0.000000,0.000000,0.000000,0.000000,0,0,0.000000,0.000000,0.000000,0.000000,0.000000,0.000000,0.000000,0.000000,0.000000,0.000000,0.000000,0.000000,0,0.000000,0.000000,0.000000,0.000000,0.000000,0.000000,0.000000,0.000000,0.000000,0.000000,0.000000,0.000000,0.000000,0.000000,0.000000,0.000000,0.000000,0.000000,0.000000,0.000000,0.000000,0.000000,0.000000,0.000000,0.000000,0.000000,0.000000,0.000000,0.000000,0.000000,0.000000,0.000000,0,0,0,0,0,0,0,0,0,0,0,0,0,851,1,0
1.320904,9770,13,0,0,2,60,0,0,0,0,0,0,-0.000023,-0.000000,-0.034812,-0.004902,-0.000000,0.035494,0.000938,0.000000,1.570796,0.227498,0.000000,0.000000,-9600,-9600,-9600,-9600,0,0,0,0.000000,0.000000,0.000000,0.000000,0.000000,0.000000,0.000000,0.000000,0,0,0.000000,0.000000,0.000000,0.000000,0.000000,0.000000,0.000000,0.000000,0.000000,0.000000,0.000000,0.000000,0,0.000000,0.000000,0.000000,0.000000,0.000000,0.000000,0.000000,0.000000,0.000000,0.000000,0.000000,0.000000,0.000000,0.000000,0.000000,0.000000,0.000000,0.000000,0.000000,0.000000,0.000000,0.000000,0.000000,0.000000,0.000000,0.000000,0.000000,0.000000,0.000000,0.000000,0.000000,0.000000,0,0,0,0,0,0,0,0,0,0,0,0,0,857,1,0
1.330674,9770,13,0,0,2,60,0,0,0,0,0,0,-0.000023,-0.000000,-0.034812,-0.004902,-0.000000,0.035494,0.000938,0.000000,1.570796,0.227498,0.000000,0.000000,-9600,-9600,-9600,-9600,0,0,0,0.000000,0.000000,0.000000,0.000000,0.000000,0.000000,0.000000,0.000000,0,0,0.000000,0.000000,0.000000,0.000000,0.000000,0.000000,0.000000,0.000000,0.000000,0.000000,0.000000,0.000000,0,0.000000,0.000000,0.000000,0.000000,0.000000,0.000000,0.000000,0.000000,0.000000,0.000000,0.000000,0.000000,0.000000,0.000000,0.000000,0.000000,0.000000,0.000000,0.000000,0.000000,0.000000,0.000000,0.000000,0.000000,0.000000,0.000000,0.000000,0.000000,0.000000,0.000000,0.000000,0.000000,0,0,0,0,0,0,0,0,0,0,0,0,0,864,1,0
1.340444,9770,13,0,0,2,60,0,0,0,0,0,0,-0.000023,-0.000000,-0.034812,-0.004902,-0.000000,0.035494,0.000938,0.000000,1.570796,0.227498,0.000000,0.000000,-9600,-9600,-9600,-9600,0,0,0,0.000000,0.000000,0.000000,0.000000,0.000000,0.000000,0.000000,0.000000,0,0,0.000000,0.000000,0.000000,0.000000,0.000000,0.000000,0.000000,0.000000,0.000000,0.000000,0.000000,0.000000,0,0.000000,0.000000,0.000000,0.000000,0.000000,0.000000,0.000000,0.000000,0.000000,0.000000,0.000000,0.000000,0.000000,0.000000,0.000000,0.000000,0.000000,0.000000,0.000000,0.000000,0.000000,0.000000,0.000000,0.000000,0.000000,0.000000,0.000000,0.000000,0.000000,0.000000,0.000000,0.000000,0,0,0,0,0,0,0,0,0,0,0,0,0,870,1,0
1.350214,9770,13,0,0,2,60,0,0,0,0,0,0,-0.000023,-0.000000,-0.034812,-0.004902,-0.000000,0.035494,0.000938,0.000000,1.570796,0.227498,0.000000,0.000000,-9600,-9600,-9600,-9600,0,0,0,0.000000,0.000000,0.000000,0.000000,0.000000,0.000000,0.000000,0.000000,0,0,0.000000,0.000000,0.000000,0.000000,0.000000,0.000000,0.000000,0.000000,0.000000,0.000000,0.000000,0.000000,0,0.000000,0.000000,0.000000,0.000000,0.000000,0.000000,0.000000,0.000000,0.000000,0.000000,0.000000,0.000000,0.000000,0.000000,0.000000,0.000000,0.000000,0.000000,0.000000,0.000000,0.000000,0.000000,0.000000,0.000000,0.000000,0.000000,0.000000,0.000000,0.000000,0.000000,0.000000,0.000000,0,0,0,0,0,0,0,0,0,0,0,0,0,876,1,0
1.359984,9770,13,0,0,2,60,0,0,0,0,0,0,-0.000023,-0.000000,-0.034812,-0.004902,-0.000000,0.035494,0.000938,0.000000,1.570796,0.227498,0.000000,0.000000,-9600,-9600,-9600,-9600,0,0,0,0.000000,0.000000,0.000000,0.000000,0.000000,0.000000,0.000000,0.000000,0,0,0.000000,0.000000,0.000000,0.000000,0.000000,0.000000,0.000000,0.000000,0.000000,0.000000,0.000000,0.000000,0,0.000000,0.000000,0.000000,0.000000,0.000000,0.000000,0.000000,0.000000,0.000000,0.000000,0.000000,0.000000,0.000000,0.000000,0.000000,0.000000,0.000000,0.000000,0.000000,0.000000,0.000000,0.000000,0.000000,0.000000,0.000000,0.000000,0.000000,0.000000,0.000000,0.000000,0.000000,0.000000,0,0,0,0,0,0,0,0,0,0,0,0,0,883,1,0
1.369754,9770,13,0,0,2,60,0,0,0,0,0,0,-0.000023,-0.000000,-0.034812,-0.004902,-0.000000,0.035494,0.000938,0.000000,1.570796,0.227498,0.000000,0.000000,-9600,-9600,-9600,-9600,0,0,0,0.000000,0.000000,0.000000,0.000000,0.000000,0.000000,0.000000,0.000000,0,0,0.000000,0.000000,0.000000,0.000000,0.000000,0.000000,0.000000,0.000000,0.000000,0.000000,0.000000,0.000000,0,0.000000,0.000000,0.000000,0.000000,0.000000,0.000000,0.000000,0.000000,0.000000,0.000000,0.000000,0.000000,0.000000,0.000000,0.000000,0.000000,0.000000,0.000000,0.000000,0.000000,0.000000,0.000000,0.000000,0.000000,0.000000,0.000000,0.000000,0.000000,0.000000,0.000000,0.000000,0.000000,0,0,0,0,0,0,0,0,0,0,0,0,0,889,1,0
1.379524,9770,13,0,0,2,60,0,0,0,0,0,0,-0.000023,-0.000000,-0.034812,-0.004902,-0.000000,0.035494,0.000938,0.000000,1.570796,0.227498,0.000000,0.000000,-9600,-9600,-9600,-9600,0,0,0,0.000000,0.000000,0.000000,0.000000,0.000000,0.000000,0.000000,0.000000,0,0,0.000000,0.000000,0.000000,0.000000,0.000000,0.000000,0.000000,0.000000,0.000000,0.000000,0.000000,0.000000,0,0.000000,0.000000,0.000000,0.000000,0.000000,0.000000,0.000000,0.000000,0.000000,0.000000,0.000000,0.000000,0.000000,0.000000,0.000000,0.000000,0.000000,0.000000,0.000000,0.000000,0.000000,0.000000,0.000000,0.000000,0.000000,0.000000,0.000000,0.000000,0.000000,0.000000,0.000000,0.000000,0,0,0,0,0,0,0,0,0,0,0,0,0,895,1,0
1.389294,9770,13,0,0,2,60,0,0,0,0,0,0,-0.000023,-0.000000,-0.034812,-0.004902,-0.000000,0.035494,0.000938,0.000000,1.570796,0.227498,0.000000,0.000000,-9600,-9600,-9600,-9600,0,0,0,0.000000,0.000000,0.000000,0.000000,0.000000,0.000000,0.000000,0.000000,0,0,0.000000,0.000000,0.000000,0.000000,0.000000,0.000000,0.000000,0.000000,0.000000,0.000000,0.000000,0.000000,0,0.000000,0.000000,0.000000,0.000000,0.000000,0.000000,0.000000,0.000000,0.000000,0.000000,0.000000,0.000000,0.000000,0.000000,0.000000,0.000000,0.000000,0.000000,0.000000,0.000000,0.000000,0.000000,0.000000,0.000000,0.000000,0.000000,0.000000,0.000000,0.000000,0.000000,0.000000,0.000000,0,0,0,0,0,0,0,0,0,0,0,0,0,902,1,0
1.399064,9770,13,0,0,2,60,0,0,0,0,0,0,-0.000023,-0.000000,-0.034812,-0.004902,-0.000000,0.035494,0.000938,0.000000,1.570796,0.227498,0.000000,0.000000,-9600,-9600,-9600,-9600,0,0,0,0.000000,0.000000,0.000000,0.000000,0.000000,0.000000,0.000000,0.000000,0,0,0.000000,0.000000,0.000000,0.000000,0.000000,0.000000,0.000000,0.000000,0.000000,0.000000,0.000000,0.000000,0,0.000000,0.000000,0.000000,0.000000,0.000000,0.000000,0.000000,0.000000,0.000000,0.000000,0.000000,0.000000,0.000000,0.000000,0.000000,0.000000,0.000000,0.000000,0.000000,0.000000,0.000000,0.000000,0.000000,0.000000,0.000000,0.000000,0.000000,0.000000,0.000000,0.000000,0.000000,0.000000,0,0,0,0,0,0,0,0,0,0,0,0,0,908,1,0
1.408834,9770,13,0,0,2,60,0,0,0,0,0,0,-0.000023,-0.000000,-0.034812,-0.004902,-0.000000,0.035494,0.000938,0.000000,1.570796,0.227498,0.000000,0.000000,-9600,-9600,-9600,-9600,0,0,0,0.000000,0.000000,0.000000,0.000000,0.000000,0.000000,0.000000,0.000000,0,0,0.000000,0.000000,0.000000,0.000000,0.000000,0.000000,0.000000,0.000000,0.000000,0.000000,0.000000,0.000000,0,0.000000,0.000000,0.000000,0.000000,0.000000,0.000000,0.000000,0.000000,0.000000,0.000000,0.000000,0.000000,0.000000,0.000000,0.000000,0.000000,0.000000,0.000000,0.000000,0.000000,0.000000,0.000000,0.000000,0.000000,0.000000,0.000000,0.000000,0.000000,0.000000,0.000000,0.000000,0.000000,0,0,0,0,0,0,0,0,0,0,0,0,0,914,1,0
1.418604,9770,13,0,0,2,60,0,0,0,0,0,0,-0.000024,-0.000000,-0.034812,-0.004902,-0.000000,0.035494,0.000938,0.000000,1.570796,0.227498,0.000000,0.000000,-9600,-9600,-9600,-9600,0,0,0,0.000000,0.000000,0.000000,0.000000,0.000000,0.000000,0.000000,0.000000,0,0,0.000000,0.000000,0.000000,0.000000,0.000000,0.000000,0.000000,0.000000,0.000000,0.000000,0.000000,0.000000,0,0.000000,0.000000,0.000000,0.000000,0.000000,0.000000,0.000000,0.000000,0.000000,0.000000,0.000000,0.000000,0.000000,0.000000,0.000000,0.000000,0.000000,0.000000,0.000000,0.000000,0.000000,0.000000,0.000000,0.000000,0.000000,0.000000,0.000000,0.000000,0.000000,0.000000,0.000000,0.000000,0,0,0,0,0,0,0,0,0,0,0,0,0,921,1,0
1.428374,9770,13,0,0,2,60,0,0,0,0,0,0,-0.000024,-0.000000,-0.034812,-0.004902,-0.000000,0.035494,0.000938,0.000000,1.570796,0.227498,0.000000,0.000000,-9600,-9600,-9600,-9600,0,0,0,0.000000,0.000000,0.000000,0.000000,0.000000,0.000000,0.000000,0.000000,0,0,0.000000,0.000000,0.000000,0.000000,0.000000,0.000000,0.000000,0.000000,0.000000,0.000000,0.000000,0.000000,0,0.000000,0.000000,0.000000,0.000000,0.000000,0.000000,0.000000,0.000000,0.000000,0.000000,0.000000,0.000000,0.000000,0.000000,0.000000,0.000000,0.000000,0.000000,0.000000,0.000000,0.000000,0.000000,0.000000,0.000000,0.000000,0.000000,0.000000,0.000000,0.000000,0.000000,0.000000,0.000000,0,0,0,0,0,0,0,0,0,0,0,0,0,927,1,0
1.438144,9770,13,0,0,2,60,0,0,0,0,0,0,-0.000024,-0.000000,-0.034812,-0.004902,-0.000000,0.035494,0.000938,0.000000,1.570796,0.227498,0.000000,0.000000,-9600,-9600,-9600,-9600,0,0,0,0.000000,0.000000,0.000000,0.000000,0.000000,0.000000,0.000000,0.000000,0,0,0.000000,0.000000,0.000000,0.000000,0.000000,0.000000,0.000000,0.000000,0.000000,0.000000,0.000000,0.000000,0,0.000000,0.000000,0.000000,0.000000,0.000000,0.000000,0.000000,0.000000,0.000000,0.000000,0.000000,0.000000,0.000000,0.000000,0.000000,0.000000,0.000000,0.000000,0.000000,0.000000,0.000000,0.000000,0.000000,0.000000,0.000000,0.000000,0.000000,0.000000,0.000000,0.000000,0.000000,0.000000,0,0,0,0,0,0,0,0,0,0,0,0,0,933,1,0
1.447914,9770,13,0,0,2,60,0,0,0,0,0,0,-0.000024,-0.000000,-0.034812,-0.004902,-0.000000,0.035494,0.000938,0.000000,1.570796,0.227498,0.000000,0.000000,-9600,-9600,-9600,-9600,0,0,0,0.000000,0.000000,0.000000,0.000000,0.000000,0.000000,0.000000,0.000000,0,0,0.000000,0.000000,0.000000,0.000000,0.000000,0.000000,0.000000,0.000000,0.000000,0.000000,0.000000,0.000000,0,0.000000,0.000000,0.000000,0.000000,0.000000,0.000000,0.000000,0.000000,0.000000,0.000000,0.000000,0.000000,0.000000,0.000000,0.000000,0.000000,0.000000,0.000000,0.000000,0.000000,0.000000,0.000000,0.000000,0.000000,0.000000,0.000000,0.000000,0.000000,0.000000,0.000000,0.000000,0.000000,0,0,0,0,0,0,0,0,0,0,0,0,0,940,1,0
1.457684,9770,13,0,0,2,60,0,0,0,0,0,0,-0.000024,-0.000000,-0.034812,-0.004902,-0.000000,0.035494,0.000938,0.000000,1.570796,0.227498,0.000000,0.000000,-9600,-9600,-9600,-9600,0,0,0,0.000000,0.000000,0.000000,0.000000,0.000000,0.000000,0.000000,0.000000,0,0,0.000000,0.000000,0.000000,0.000000,0.000000,0.000000,0.000000,0.000000,0.000000,0.000000,0.000000,0.000000,0,0.000000,0.000000,0.000000,0.000000,0.000000,0.000000,0.000000,0.000000,0.000000,0.000000,0.000000,0.000000,0.000000,0.000000,0.000000,0.000000,0.000000,0.000000,0.000000,0.000000,0.000000,0.000000,0.000000,0.000000,0.000000,0.000000,0.000000,0.000000,0.000000,0.000000,0.000000,0.000000,0,0,0,0,0,0,0,0,0,0,0,0,0,946,1,0
1.467454,9770,13,0,0,2,60,0,0,0,0,0,0,-0.000024,-0.000000,-0.034812,-0.004902,-0.000000,0.035494,0.000938,0.000000,1.570796,0.227498,0.000000,0.000000,-9600,-9600,-9600,-9600,0,0,0,0.000000,0.000000,0.000000,0.000000,0.000000,0.000000,0.000000,0.000000,0,0,0.000000,0.000000,0.000000,0.000000,0.000000,0.000000,0.000000,0.000000,0.000000,0.000000,0.000000,0.000000,0,0.000000,0.000000,0.000000,0.000000,0.000000,0.000000,0.000000,0.000000,0.000000,0.000000,0.000000,0.000000,0.000000,0.000000,0.000000,0.000000,0.000000,0.000000,0.000000,0.000000,0.000000,0.000000,0.000000,0.000000,0.000000,0.000000,0.000000,0.000000,0.000000,0.000000,0.000000,0.000000,0,0,0,0,0,0,0,0,0,0,0,0,0,952,1,0
1.477224,9770,13,0,0,2,60,0,0,0,0,0,0,-0.000024,-0.000000,-0.034812,-0.004902,-0.000000,0.035494,0.000938,0.000000,1.570796,0.227498,0.000000,0.000000,-9600,-9600,-9600,-9600,0,0,0,0.000000,0.000000,0.000000,0.000000,0.000000,0.000000,0.000000,0.000000,0,0,0.000000,0.000000,0.000000,0.000000,0.000000,0.000000,0.000000,0.000000,0.000000,0.000000,0.000000,0.000000,0,0.000000,0.000000,0.000000,0.000000,0.000000,0.000000,0.000000,0.000000,0.000000,0.000000,0.000000,0.000000,0.000000,0.000000,0.000000,0.000000,0.000000,0.000000,0.000000,0.000000,0.000000,0.000000,0.000000,0.000000,0.000000,0.000000,0.000000,0.000000,0.000000,0.000000,0.000000,0.000000,0,0,0,0,0,0,0,0,0,0,0,0,0,959,1,0
1.486994,9770,13,0,0,2,60,0,0,0,0,0,0,-0.000024,-0.000000,-0.034812,-0.004902,-0.000000,0.035494,0.000938,0.000000,1.570796,0.227498,0.000000,0.000000,-9600,-9600,-9600,-9600,0,0,0,0.000000,0.000000,0.000000,0.000000,0.000000,0.000000,0.000000,0.000000,0,0,0.000000,0.000000,0.000000,0.000000,0.000000,0.000000,0.000000,0.000000,0.000000,0.000000,0.000000,0.000000,0,0.000000,0.000000,0.000000,0.000000,0.000000,0.000000,0.000000,0.000000,0.000000,0.000000,0.000000,0.000000,0.000000,0.000000,0.000000,0.000000,0.000000,0.000000,0.000000,0.000000,0.000000,0.000000,0.000000,0.000000,0.000000,0.000000,0.000000,0.000000,0.000000,0.000000,0.000000,0.000000,0,0,0,0,0,0,0,0,0,0,0,0,0,965,1,0
1.496764,9770,13,0,0,2,60,0,0,0,0,0,0,-0.000024,-0.000000,-0.034812,-0.004902,-0.000000,0.035494,0.000938,0.000000,1.570796,0.227498,0.000000,0.000000,-9600,-9600,-9600,-9600,0,0,0,0.000000,0.000000,0.000000,0.000000,0.000000,0.000000,0.000000,0.000000,0,0,0.000000,0.000000,0.000000,0.000000,0.000000,0.000000,0.000000,0.000000,0.000000,0.000000,0.000000,0.000000,0,0.000000,0.000000,0.000000,0.000000,0.000000,0.000000,0.000000,0.000000,0.000000,0.000000,0.000000,0.000000,0.000000,0.000000,0.000000,0.000000,0.000000,0.000000,0.000000,0.000000,0.000000,0.000000,0.000000,0.000000,0.000000,0.000000,0.000000,0.000000,0.000000,0.000000,0.000000,0.000000,0,0,0,0,0,0,0,0,0,0,0,0,0,971,1,0
1.506534,9770,13,0,0,2,60,0,0,0,0,0,0,-0.000024,-0.000000,-0.034812,-0.004902,-0.000000,0.035494,0.000938,0.000000,1.570796,0.227498,0.000000,0.000000,-9600,-9600,-9600,-9600,0,0,0,0.000000,0.000000,0.000000,0.000000,0.000000,0.000000,0.000000,0.000000,0,0,0.000000,0.000000,0.000000,0.000000,0.000000,0.000000,0.000000,0.000000,0.000000,0.000000,0.000000,0.000000,0,0.000000,0.000000,0.000000,0.000000,0.000000,0.000000,0.000000,0.000000,0.000000,0.000000,0.000000,0.000000,0.000000,0.000000,0.000000,0.000000,0.000000,0.000000,0.000000,0.000000,0.000000,0.000000,0.000000,0.000000,0.000000,0.000000,0.000000,0.000000,0.000000,0.000000,0.000000,0.000000,0,0,0,0,0,0,0,0,0,0,0,0,0,978,1,0
1.516304,9770,13,0,0,2,60,0,0,0,0,0,0,-0.000024,-0.000000,-0.034812,-0.004902,-0.000000,0.035494,0.000938,0.000000,1.570796,0.227498,0.000000,0.000000,-9600,-9600,-9600,-9600,0,0,0,0.000000,0.000000,0.000000,0.000000,0.000000,0.000000,0.000000,0.000000,0,0,0.000000,0.000000,0.000000,0.000000,0.000000,0.000000,0.000000,0.000000,0.000000,0.000000,0.000000,0.000000,0,0.000000,0.000000,0.000000,0.000000,0.000000,0.000000,0.000000,0.000000,0.000000,0.000000,0.000000,0.000000,0.000000,0.000000,0.000000,0.000000,0.000000,0.000000,0.000000,0.000000,0.000000,0.000000,0.000000,0.000000,0.000000,0.000000,0.000000,0.000000,0.000000,0.000000,0.000000,0.000000,0,0,0,0,0,0,0,0,0,0,0,0,0,984,1,0
1.526074,9770,13,0,0,2,60,0,0,0,0,0,0,-0.000024,-0.000000,-0.034812,-0.004902,-0.000000,0.035494,0.000938,0.000000,1.570796,0.227498,0.000000,0.000000,-9600,-9600,-9600,-9600,0,0,0,0.000000,0.000000,0.000000,0.000000,0.000000,0.000000,0.000000,0.000000,0,0,0.000000,0.000000,0.000000,0.000000,0.000000,0.000000,0.000000,0.000000,0.000000,0.000000,0.000000,0.000000,0,0.000000,0.000000,0.000000,0.000000,0.000000,0.000000,0.000000,0.000000,0.000000,0.000000,0.000000,0.000000,0.000000,0.000000,0.000000,0.000000,0.000000,0.000000,0.000000,0.000000,0.000000,0.000000,0.000000,0.000000,0.000000,0.000000,0.000000,0.000000,0.000000,0.000000,0.000000,0.000000,0,0,0,0,0,0,0,0,0,0,0,0,0,990,1,0
1.535844,9770,13,0,0,2,60,0,0,0,0,0,0,-0.000024,-0.000000,-0.034812,-0.004902,-0.000000,0.035494,0.000938,0.000000,1.570796,0.227498,0.000000,0.000000,-9600,-9600,-9600,-9600,0,0,0,0.000000,0.000000,0.000000,0.000000,0.000000,0.000000,0.000000,0.000000,0,0,0.000000,0.000000,0.000000,0.000000,0.000000,0.000000,0.000000,0.000000,0.000000,0.000000,0.000000,0.000000,0,0.000000,0.000000,0.000000,0.000000,0.000000,0.000000,0.000000,0.000000,0.000000,0.000000,0.000000,0.000000,0.000000,0.000000,0.000000,0.000000,0.000000,0.000000,0.000000,0.000000,0.000000,0.000000,0.000000,0.000000,0.000000,0.000000,0.000000,0.000000,0.000000,0.000000,0.000000,0.000000,0,0,0,0,0,0,0,0,0,0,0,0,0,997,1,0
1.545614,9770,13,0,0,2,60,0,0,0,0,0,0,-0.000024,-0.000000,-0.034812,-0.004902,-0.000000,0.035494,0.000938,0.000000,1.570796,0.227498,0.000000,0.000000,-9600,-9600,-9600,-9600,0,0,0,0.000000,0.000000,0.000000,0.000000,0.000000,0.000000,0.000000,0.000000,0,0,0.000000,0.000000,0.000000,0.000000,0.000000,0.000000,0.000000,0.000000,0.000000,0.000000,0.000000,0.000000,0,0.000000,0.000000,0.000000,0.000000,0.000000,0.000000,0.000000,0.000000,0.000000,0.000000,0.000000,0.000000,0.000000,0.000000,0.000000,0.000000,0.000000,0.000000,0.000000,0.000000,0.000000,0.000000,0.000000,0.000000,0.000000,0.000000,0.000000,0.000000,0.000000,0.000000,0.000000,0.000000,0,0,0,0,0,0,0,0,0,0,0,0,0,1003,1,0
1.555384,9770,13,0,0,2,60,0,0,0,0,0,0,-0.000024,-0.000000,-0.034812,-0.004902,-0.000000,0.035494,0.000938,0.000000,1.570796,0.227498,0.000000,0.000000,-9600,-9600,-9600,-9600,0,0,0,0.000000,0.000000,0.000000,0.000000,0.000000,0.000000,0.000000,0.000000,0,0,0.000000,0.000000,0.000000,0.000000,0.000000,0.000000,0.000000,0.000000,0.000000,0.000000,0.000000,0.000000,0,0.000000,0.000000,0.000000,0.000000,0.000000,0.000000,0.000000,0.000000,0.000000,0.000000,0.000000,0.000000,0.000000,0.000000,0.000000,0.000000,0.000000,0.000000,0.000000,0.000000,0.000000,0.000000,0.000000,0.000000,0.000000,0.000000,0.000000,0.000000,0.000000,0.000000,0.000000,0.000000,0,0,0,0,0,0,0,0,0,0,0,0,0,1009,1,0
1.565154,9770,13,0,0,2,60,0,0,0,0,0,0,-0.000024,-0.000000,-0.034812,-0.004902,-0.000000,0.035494,0.000938,0.000000,1.570796,0.227498,0.000000,0.000000,-9600,-9600,-9600,-9600,0,0,0,0.000000,0.000000,0.000000,0.000000,0.000000,0.000000,0.000000,0.000000,0,0,0.000000,0.000000,0.000000,0.000000,0.000000,0.000000,0.000000,0.000000,0.000000,0.000000,0.000000,0.000000,0,0.000000,0.000000,0.000000,0.000000,0.000000,0.000000,0.000000,0.000000,0.000000,0.000000,0.000000,0.000000,0.000000,0.000000,0.000000,0.000000,0.000000,0.000000,0.000000,0.000000,0.000000,0.000000,0.000000,0.000000,0.000000,0.000000,0.000000,0.000000,0.000000,0.000000,0.000000,0.000000,0,0,0,0,0,0,0,0,0,0,0,0,0,1016,1,0
1.574924,9770,13,0,0,2,60,0,0,0,0,0,0,-0.000024,-0.000000,-0.034812,-0.004902,-0.000000,0.035494,0.000938,0.000000,1.570796,0.227498,0.000000,0.000000,-9600,-9600,-9600,-9600,0,0,0,0.000000,0.000000,0.000000,0.000000,0.000000,0.000000,0.000000,0.000000,0,0,0.000000,0.000000,0.000000,0.000000,0.000000,0.000000,0.000000,0.000000,0.000000,0.000000,0.000000,0.000000,0,0.000000,0.000000,0.000000,0.000000,0.000000,0.000000,0.000000,0.000000,0.000000,0.000000,0.000000,0.000000,0.000000,0.000000,0.000000,0.000000,0.000000,0.000000,0.000000,0.000000,0.000000,0.000000,0.000000,0.000000,0.000000,0.000000,0.000000,0.000000,0.000000,0.000000,0.000000,0.000000,0,0,0,0,0,0,0,0,0,0,0,0,0,1022,1,0
1.584694,9770,13,0,0,2,60,0,0,0,0,0,0,-0.000024,-0.000000,-0.034812,-0.004902,-0.000000,0.035494,0.000938,0.000000,1.570796,0.227498,0.000000,0.000000,-9600,-9600,-9600,-9600,0,0,0,0.000000,0.000000,0.000000,0.000000,0.000000,0.000000,0.000000,0.000000,0,0,0.000000,0.000000,0.000000,0.000000,0.000000,0.000000,0.000000,0.000000,0.000000,0.000000,0.000000,0.000000,0,0.000000,0.000000,0.000000,0.000000,0.000000,0.000000,0.000000,0.000000,0.000000,0.000000,0.000000,0.000000,0.000000,0.000000,0.000000,0.000000,0.000000,0.000000,0.000000,0.000000,0.000000,0.000000,0.000000,0.000000,0.000000,0.000000,0.000000,0.000000,0.000000,0.000000,0.000000,0.000000,0,0,0,0,0,0,0,0,0,0,0,0,0,1028,1,0
1.594464,9770,13,0,0,2,60,0,0,0,0,0,0,-0.000024,-0.000000,-0.034812,-0.004902,-0.000000,0.035494,0.000938,0.000000,1.570796,0.227498,0.000000,0.000000,-9600,-9600,-9600,-9600,0,0,0,0.000000,0.000000,0.000000,0.000000,0.000000,0.000000,0.000000,0.000000,0,0,0.000000,0.000000,0.000000,0.000000,0.000000,0.000000,0.000000,0.000000,0.000000,0.000000,0.000000,0.000000,0,0.000000,0.000000,0.000000,0.000000,0.000000,0.000000,0.000000,0.000000,0.000000,0.000000,0.000000,0.000000,0.000000,0.000000,0.000000,0.000000,0.000000,0.000000,0.000000,0.000000,0.000000,0.000000,0.000000,0.000000,0.000000,0.000000,0.000000,0.000000,0.000000,0.000000,0.000000,0.000000,0,0,0,0,0,0,0,0,0,0,0,0,0,1035,1,0
1.604234,9770,13,0,0,2,60,0,0,0,0,0,0,-0.000024,-0.000000,-0.034812,-0.004902,-0.000000,0.035494,0.000938,0.000000,1.570796,0.227498,0.000000,0.000000,-9600,-9600,-9600,-9600,0,0,0,0.000000,0.000000,0.000000,0.000000,0.000000,0.000000,0.000000,0.000000,0,0,0.000000,0.000000,0.000000,0.000000,0.000000,0.000000,0.000000,0.000000,0.000000,0.000000,0.000000,0.000000,0,0.000000,0.000000,0.000000,0.000000,0.000000,0.000000,0.000000,0.000000,0.000000,0.000000,0.000000,0.000000,0.000000,0.000000,0.000000,0.000000,0.000000,0.000000,0.000000,0.000000,0.000000,0.000000,0.000000,0.000000,0.000000,0.000000,0.000000,0.000000,0.000000,0.000000,0.000000,0.000000,0,0,0,0,0,0,0,0,0,0,0,0,0,1041,1,0
1.614004,9770,13,0,0,2,60,0,0,0,0,0,0,-0.000024,-0.000000,-0.034812,-0.004902,-0.000000,0.035494,0.000938,0.000000,1.570796,0.227498,0.000000,0.000000,-9600,-9600,-9600,-9600,0,0,0,0.000000,0.000000,0.000000,0.000000,0.000000,0.000000,0.000000,0.000000,0,0,0.000000,0.000000,0.000000,0.000000,0.000000,0.000000,0.000000,0.000000,0.000000,0.000000,0.000000,0.000000,0,0.000000,0.000000,0.000000,0.000000,0.000000,0.000000,0.000000,0.000000,0.000000,0.000000,0.000000,0.000000,0.000000,0.000000,0.000000,0.000000,0.000000,0.000000,0.000000,0.000000,0.000000,0.000000,0.000000,0.000000,0.000000,0.000000,0.000000,0.000000,0.000000,0.000000,0.000000,0.000000,0,0,0,0,0,0,0,0,0,0,0,0,0,1047,1,0
1.623774,9770,13,0,0,2,60,0,0,0,0,0,0,-0.000024,-0.000000,-0.034812,-0.004902,-0.000000,0.035494,0.000938,0.000000,1.570796,0.227498,0.000000,0.000000,-9600,-9600,-9600,-9600,0,0,0,0.000000,0.000000,0.000000,0.000000,0.000000,0.000000,0.000000,0.000000,0,0,0.000000,0.000000,0.000000,0.000000,0.000000,0.000000,0.000000,0.000000,0.000000,0.000000,0.000000,0.000000,0,0.000000,0.000000,0.000000,0.000000,0.000000,0.000000,0.000000,0.000000,0.000000,0.000000,0.000000,0.000000,0.000000,0.000000,0.000000,0.000000,0.000000,0.000000,0.000000,0.000000,0.000000,0.000000,0.000000,0.000000,0.000000,0.000000,0.000000,0.000000,0.000000,0.000000,0.000000,0.000000,0,0,0,0,0,0,0,0,0,0,0,0,0,1054,1,0
1.633544,9770,13,0,0,2,60,0,0,0,0,0,0,-0.000024,-0.000000,-0.034812,-0.004902,-0.000000,0.035494,0.000938,0.000000,1.570796,0.227498,0.000000,0.000000,-9600,-9600,-9600,-9600,0,0,0,0.000000,0.000000,0.000000,0.000000,0.000000,0.000000,0.000000,0.000000,0,0,0.000000,0.000000,0.000000,0.000000,0.000000,0.000000,0.000000,0.000000,0.000000,0.000000,0.000000,0.000000,0,0.000000,0.000000,0.000000,0.000000,0.000000,0.000000,0.000000,0.000000,0.000000,0.000000,0.000000,0.000000,0.000000,0.000000,0.000000,0.000000,0.000000,0.000000,0.000000,0.000000,0.000000,0.000000,0.000000,0.000000,0.000000,0.000000,0.000000,0.000000,0.000000,0.000000,0.000000,0.000000,0,0,0,0,0,0,0,0,0,0,0,0,0,1060,1,0
1.643314,9770,13,0,0,2,60,0,0,0,0,0,0,-0.000024,-0.000000,-0.034812,-0.004902,-0.000000,0.035494,0.000938,0.000000,1.570796,0.227498,0.000000,0.000000,-9600,-9600,-9600,-9600,0,0,0,0.000000,0.000000,0.000000,0.000000,0.000000,0.000000,0.000000,0.000000,0,0,0.000000,0.000000,0.000000,0.000000,0.000000,0.000000,0.000000,0.000000,0.000000,0.000000,0.000000,0.000000,0,0.000000,0.000000,0.000000,0.000000,0.000000,0.000000,0.000000,0.000000,0.000000,0.000000,0.000000,0.000000,0.000000,0.000000,0.000000,0.000000,0.000000,0.000000,0.000000,0.000000,0.000000,0.000000,0.000000,0.000000,0.000000,0.000000,0.000000,0.000000,0.000000,0.000000,0.000000,0.000000,0,0,0,0,0,0,0,0,0,0,0,0,0,1066,1,0
1.653084,9770,13,0,0,2,60,0,0,0,0,0,0,-0.000024,-0.000000,-0.034812,-0.004902,-0.000000,0.035494,0.000938,0.000000,1.570796,0.227498,0.000000,0.000000,-9600,-9600,-9600,-9600,0,0,0,0.000000,0.000000,0.000000,0.000000,0.000000,0.000000,0.000000,0.000000,0,0,0.000000,0.000000,0.000000,0.000000,0.000000,0.000000,0.000000,0.000000,0.000000,0.000000,0.000000,0.000000,0,0.000000,0.000000,0.000000,0.000000,0.000000,0.000000,0.000000,0.000000,0.000000,0.000000,0.000000,0.000000,0.000000,0.000000,0.000000,0.000000,0.000000,0.000000,0.000000,0.000000,0.000000,0.000000,0.000000,0.000000,0.000000,0.000000,0.000000,0.000000,0.000000,0.000000,0.000000,0.000000,0,0,0,0,0,0,0,0,0,0,0,0,0,1073,1,0
1.662854,9770,13,0,0,2,60,0,0,0,0,0,0,-0.000024,-0.000000,-0.034812,-0.004902,-0.000000,0.035494,0.000938,0.000000,1.570796,0.227498,0.000000,0.000000,-9600,-9600,-9600,-9600,0,0,0,0.000000,0.000000,0.000000,0.000000,0.000000,0.000000,0.000000,0.000000,0,0,0.000000,0.000000,0.000000,0.000000,0.000000,0.000000,0.000000,0.000000,0.000000,0.000000,0.000000,0.000000,0,0.000000,0.000000,0.000000,0.000000,0.000000,0.000000,0.000000,0.000000,0.000000,0.000000,0.000000,0.000000,0.000000,0.000000,0.000000,0.000000,0.000000,0.000000,0.000000,0.000000,0.000000,0.000000,0.000000,0.000000,0.000000,0.000000,0.000000,0.000000,0.000000,0.000000,0.000000,0.000000,0,0,0,0,0,0,0,0,0,0,0,0,0,1079,1,0
1.672624,9770,13,0,0,2,60,0,0,0,0,0,0,-0.000024,-0.000000,-0.034812,-0.004902,-0.000000,0.035494,0.000938,0.000000,1.570796,0.227498,0.000000,0.000000,-9600,-9600,-9600,-9600,0,0,0,0.000000,0.000000,0.000000,0.000000,0.000000,0.000000,0.000000,0.000000,0,0,0.000000,0.000000,0.000000,0.000000,0.000000,0.000000,0.000000,0.000000,0.000000,0.000000,0.000000,0.000000,0,0.000000,0.000000,0.000000,0.000000,0.000000,0.000000,0.000000,0.000000,0.000000,0.000000,0.000000,0.000000,0.000000,0.000000,0.000000,0.000000,0.000000,0.000000,0.000000,0.000000,0.000000,0.000000,0.000000,0.000000,0.000000,0.000000,0.000000,0.000000,0.000000,0.000000,0.000000,0.000000,0,0,0,0,0,0,0,0,0,0,0,0,0,1085,1,0
1.682394,9770,13,0,0,2,60,0,0,0,0,0,0,-0.000024,-0.000000,-0.034812,-0.004902,-0.000000,0.035494,0.000938,0.000000,1.570796,0.227498,0.000000,0.000000,-9600,-9600,-9600,-9600,0,0,0,0.000000,0.000000,0.000000,0.000000,0.000000,0.000000,0.000000,0.000000,0,0,0.000000,0.000000,0.000000,0.000000,0.000000,0.000000,0.000000,0.000000,0.000000,0.000000,0.000000,0.000000,0,0.000000,0.000000,0.000000,0.000000,0.000000,0.000000,0.000000,0.000000,0.000000,0.000000,0.000000,0.000000,0.000000,0.000000,0.000000,0.000000,0.000000,0.000000,0.000000,0.000000,0.000000,0.000000,0.000000,0.000000,0.000000,0.000000,0.000000,0.000000,0.000000,0.000000,0.000000,0.000000,0,0,0,0,0,0,0,0,0,0,0,0,0,1092,1,0
1.692164,9770,13,0,0,2,60,0,0,0,0,0,0,-0.000024,-0.000000,-0.034812,-0.004902,-0.000000,0.035494,0.000938,0.000000,1.570796,0.227498,0.000000,0.000000,-9600,-9600,-9600,-9600,0,0,0,0.000000,0.000000,0.000000,0.000000,0.000000,0.000000,0.000000,0.000000,0,0,0.000000,0.000000,0.000000,0.000000,0.000000,0.000000,0.000000,0.000000,0.000000,0.000000,0.000000,0.000000,0,0.000000,0.000000,0.000000,0.000000,0.000000,0.000000,0.000000,0.000000,0.000000,0.000000,0.000000,0.000000,0.000000,0.000000,0.000000,0.000000,0.000000,0.000000,0.000000,0.000000,0.000000,0.000000,0.000000,0.000000,0.000000,0.000000,0.000000,0.000000,0.000000,0.000000,0.000000,0.000000,0,0,0,0,0,0,0,0,0,0,0,0,0,1098,1,0
1.701934,9770,13,0,0,2,60,0,0,0,0,0,0,-0.000024,-0.000000,-0.034812,-0.004902,-0.000000,0.035494,0.000938,0.000000,1.570796,0.227498,0.000000,0.000000,-9600,-9600,-9600,-9600,0,0,0,0.000000,0.000000,0.000000,0.000000,0.000000,0.000000,0.000000,0.000000,0,0,0.000000,0.000000,0.000000,0.000000,0.000000,0.000000,0.000000,0.000000,0.000000,0.000000,0.000000,0.000000,0,0.000000,0.000000,0.000000,0.000000,0.000000,0.000000,0.000000,0.000000,0.000000,0.000000,0.000000,0.000000,0.000000,0.000000,0.000000,0.000000,0.000000,0.000000,0.000000,0.000000,0.000000,0.000000,0.000000,0.000000,0.000000,0.000000,0.000000,0.000000,0.000000,0.000000,0.000000,0.000000,0,0,0,0,0,0,0,0,0,0,0,0,0,1104,1,0
1.711704,9770,13,0,0,2,60,0,0,0,0,0,0,-0.000024,-0.000000,-0.034812,-0.004902,-0.000000,0.035494,0.000938,0.000000,1.570796,0.227498,0.000000,0.000000,-9600,-9600,-9600,-9600,0,0,0,0.000000,0.000000,0.000000,0.000000,0.000000,0.000000,0.000000,0.000000,0,0,0.000000,0.000000,0.000000,0.000000,0.000000,0.000000,0.000000,0.000000,0.000000,0.000000,0.000000,0.000000,0,0.000000,0.000000,0.000000,0.000000,0.000000,0.000000,0.000000,0.000000,0.000000,0.000000,0.000000,0.000000,0.000000,0.000000,0.000000,0.000000,0.000000,0.000000,0.000000,0.000000,0.000000,0.000000,0.000000,0.000000,0.000000,0.000000,0.000000,0.000000,0.000000,0.000000,0.000000,0.000000,0,0,0,0,0,0,0,0,0,0,0,0,0,1111,1,0
1.721474,9770,13,0,0,2,60,0,0,0,0,0,0,-0.000024,-0.000000,-0.034812,-0.004902,-0.000000,0.035494,0.000938,0.000000,1.570796,0.227498,0.000000,0.000000,-9600,-9600,-9600,-9600,0,0,0,0.000000,0.000000,0.000000,0.000000,0.000000,0.000000,0.000000,0.000000,0,0,0.000000,0.000000,0.000000,0.000000,0.000000,0.000000,0.000000,0.000000,0.000000,0.000000,0.000000,0.000000,0,0.000000,0.000000,0.000000,0.000000,0.000000,0.000000,0.000000,0.000000,0.000000,0.000000,0.000000,0.000000,0.000000,0.000000,0.000000,0.000000,0.000000,0.000000,0.000000,0.000000,0.000000,0.000000,0.000000,0.000000,0.000000,0.000000,0.000000,0.000000,0.000000,0.000000,0.000000,0.000000,0,0,0,0,0,0,0,0,0,0,0,0,0,1117,1,0
1.731244,9770,13,0,0,2,60,0,0,0,0,0,0,-0.000024,-0.000000,-0.034812,-0.004902,-0.000000,0.035494,0.000938,0.000000,1.570796,0.227498,0.000000,0.000000,-9600,-9600,-9600,-9600,0,0,0,0.000000,0.000000,0.000000,0.000000,0.000000,0.000000,0.000000,0.000000,0,0,0.000000,0.000000,0.000000,0.000000,0.000000,0.000000,0.000000,0.000000,0.000000,0.000000,0.000000,0.000000,0,0.000000,0.000000,0.000000,0.000000,0.000000,0.000000,0.000000,0.000000,0.000000,0.000000,0.000000,0.000000,0.000000,0.000000,0.000000,0.000000,0.000000,0.000000,0.000000,0.000000,0.000000,0.000000,0.000000,0.000000,0.000000,0.000000,0.000000,0.000000,0.000000,0.000000,0.000000,0.000000,0,0,0,0,0,0,0,0,0,0,0,0,0,1123,1,0
1.741014,9770,13,0,0,2,60,0,0,0,0,0,0,-0.000024,-0.000000,-0.034812,-0.004902,-0.000000,0.035494,0.000938,0.000000,1.570796,0.227498,0.000000,0.000000,-9600,-9600,-9600,-9600,0,0,0,0.000000,0.000000,0.000000,0.000000,0.000000,0.000000,0.000000,0.000000,0,0,0.000000,0.000000,0.000000,0.000000,0.000000,0.000000,0.000000,0.000000,0.000000,0.000000,0.000000,0.000000,0,0.000000,0.000000,0.000000,0.000000,0.000000,0.000000,0.000000,0.000000,0.000000,0.000000,0.000000,0.000000,0.000000,0.000000,0.000000,0.000000,0.000000,0.000000,0.000000,0.000000,0.000000,0.000000,0.000000,0.000000,0.000000,0.000000,0.000000,0.000000,0.000000,0.000000,0.000000,0.000000,0,0,0,0,0,0,0,0,0,0,0,0,0,1130,1,0
1.750784,9770,13,0,0,2,60,0,0,0,0,0,0,-0.000024,-0.000000,-0.034812,-0.004902,-0.000000,0.035494,0.000938,0.000000,1.570796,0.227498,0.000000,0.000000,-9600,-9600,-9600,-9600,0,0,0,0.000000,0.000000,0.000000,0.000000,0.000000,0.000000,0.000000,0.000000,0,0,0.000000,0.000000,0.000000,0.000000,0.000000,0.000000,0.000000,0.000000,0.000000,0.000000,0.000000,0.000000,0,0.000000,0.000000,0.000000,0.000000,0.000000,0.000000,0.000000,0.000000,0.000000,0.000000,0.000000,0.000000,0.000000,0.000000,0.000000,0.000000,0.000000,0.000000,0.000000,0.000000,0.000000,0.000000,0.000000,0.000000,0.000000,0.000000,0.000000,0.000000,0.000000,0.000000,0.000000,0.000000,0,0,0,0,0,0,0,0,0,0,0,0,0,1136,1,0
1.760554,9770,13,0,0,2,60,0,0,0,0,0,0,-0.000024,-0.000000,-0.034812,-0.004902,-0.000000,0.035494,0.000938,0.000000,1.570796,0.227498,0.000000,0.000000,-9600,-9600,-9600,-9600,0,0,0,0.000000,0.000000,0.000000,0.000000,0.000000,0.000000,0.000000,0.000000,0,0,0.000000,0.000000,0.000000,0.000000,0.000000,0.000000,0.000000,0.000000,0.000000,0.000000,0.000000,0.000000,0,0.000000,0.000000,0.000000,0.000000,0.000000,0.000000,0.000000,0.000000,0.000000,0.000000,0.000000,0.000000,0.000000,0.000000,0.000000,0.000000,0.000000,0.000000,0.000000,0.000000,0.000000,0.000000,0.000000,0.000000,0.000000,0.000000,0.000000,0.000000,0.000000,0.000000,0.000000,0.000000,0,0,0,0,0,0,0,0,0,0,0,0,0,1142,1,0
1.770324,9770,13,0,0,2,60,0,0,0,0,0,0,-0.000024,-0.000000,-0.034812,-0.004902,-0.000000,0.035494,0.000938,0.000000,1.570796,0.227498,0.000000,0.000000,-9600,-9600,-9600,-9600,0,0,0,0.000000,0.000000,0.000000,0.000000,0.000000,0.000000,0.000000,0.000000,0,0,0.000000,0.000000,0.000000,0.000000,0.000000,0.000000,0.000000,0.000000,0.000000,0.000000,0.000000,0.000000,0,0.000000,0.000000,0.000000,0.000000,0.000000,0.000000,0.000000,0.000000,0.000000,0.000000,0.000000,0.000000,0.000000,0.000000,0.000000,0.000000,0.000000,0.000000,0.000000,0.000000,0.000000,0.000000,0.000000,0.000000,0.000000,0.000000,0.000000,0.000000,0.000000,0.000000,0.000000,0.000000,0,0,0,0,0,0,0,0,0,0,0,0,0,1149,1,0
1.780094,9770,13,0,0,2,60,0,0,0,0,0,0,-0.000024,-0.000000,-0.034812,-0.004902,-0.000000,0.035494,0.000938,0.000000,1.570796,0.227498,0.000000,0.000000,-9600,-9600,-9600,-9600,0,0,0,0.000000,0.000000,0.000000,0.000000,0.000000,0.000000,0.000000,0.000000,0,0,0.000000,0.000000,0.000000,0.000000,0.000000,0.000000,0.000000,0.000000,0.000000,0.000000,0.000000,0.000000,0,0.000000,0.000000,0.000000,0.000000,0.000000,0.000000,0.000000,0.000000,0.000000,0.000000,0.000000,0.000000,0.000000,0.000000,0.000000,0.000000,0.000000,0.000000,0.000000,0.000000,0.000000,0.000000,0.000000,0.000000,0.000000,0.000000,0.000000,0.000000,0.000000,0.000000,0.000000,0.000000,0,0,0,0,0,0,0,0,0,0,0,0,0,1155,1,0
1.789864,9770,13,0,0,2,60,0,0,0,0,0,0,-0.000024,-0.000000,-0.034812,-0.004902,-0.000000,0.035494,0.000938,0.000000,1.570796,0.227498,0.000000,0.000000,-9600,-9600,-9600,-9600,0,0,0,0.000000,0.000000,0.000000,0.000000,0.000000,0.000000,0.000000,0.000000,0,0,0.000000,0.000000,0.000000,0.000000,0.000000,0.000000,0.000000,0.000000,0.000000,0.000000,0.000000,0.000000,0,0.000000,0.000000,0.000000,0.000000,0.000000,0.000000,0.000000,0.000000,0.000000,0.000000,0.000000,0.000000,0.000000,0.000000,0.000000,0.000000,0.000000,0.000000,0.000000,0.000000,0.000000,0.000000,0.000000,0.000000,0.000000,0.000000,0.000000,0.000000,0.000000,0.000000,0.000000,0.000000,0,0,0,0,0,0,0,0,0,0,0,0,0,1161,1,0
1.799634,9770,13,0,0,2,60,0,0,0,0,0,0,-0.000024,-0.000000,-0.034812,-0.004902,-0.000000,0.035494,0.000938,0.000000,1.570796,0.227498,0.000000,0.000000,-9600,-9600,-9600,-9600,0,0,0,0.000000,0.000000,0.000000,0.000000,0.000000,0.000000,0.000000,0.000000,0,0,0.000000,0.000000,0.000000,0.000000,0.000000,0.000000,0.000000,0.000000,0.000000,0.000000,0.000000,0.000000,0,0.000000,0.000000,0.000000,0.000000,0.000000,0.000000,0.000000,0.000000,0.000000,0.000000,0.000000,0.000000,0.000000,0.000000,0.000000,0.000000,0.000000,0.000000,0.000000,0.000000,0.000000,0.000000,0.000000,0.000000,0.000000,0.000000,0.000000,0.000000,0.000000,0.000000,0.000000,0.000000,0,0,0,0,0,0,0,0,0,0,0,0,0,1168,1,0
1.809404,9770,13,0,0,2,60,0,0,0,0,0,0,-0.000024,-0.000000,-0.034812,-0.004902,-0.000000,0.035494,0.000938,0.000000,1.570796,0.227498,0.000000,0.000000,-9600,-9600,-9600,-9600,0,0,0,0.000000,0.000000,0.000000,0.000000,0.000000,0.000000,0.000000,0.000000,0,0,0.000000,0.000000,0.000000,0.000000,0.000000,0.000000,0.000000,0.000000,0.000000,0.000000,0.000000,0.000000,0,0.000000,0.000000,0.000000,0.000000,0.000000,0.000000,0.000000,0.000000,0.000000,0.000000,0.000000,0.000000,0.000000,0.000000,0.000000,0.000000,0.000000,0.000000,0.000000,0.000000,0.000000,0.000000,0.000000,0.000000,0.000000,0.000000,0.000000,0.000000,0.000000,0.000000,0.000000,0.000000,0,0,0,0,0,0,0,0,0,0,0,0,0,1174,1,0
1.819174,9770,13,0,0,2,60,0,0,0,0,0,0,-0.000024,-0.000000,-0.034812,-0.004902,-0.000000,0.035494,0.000938,0.000000,1.570796,0.227498,0.000000,0.000000,-9600,-9600,-9600,-9600,0,0,0,0.000000,0.000000,0.000000,0.000000,0.000000,0.000000,0.000000,0.000000,0,0,0.000000,0.000000,0.000000,0.000000,0.000000,0.000000,0.000000,0.000000,0.000000,0.000000,0.000000,0.000000,0,0.000000,0.000000,0.000000,0.000000,0.000000,0.000000,0.000000,0.000000,0.000000,0.000000,0.000000,0.000000,0.000000,0.000000,0.000000,0.000000,0.000000,0.000000,0.000000,0.000000,0.000000,0.000000,0.000000,0.000000,0.000000,0.000000,0.000000,0.000000,0.000000,0.000000,0.000000,0.000000,0,0,0,0,0,0,0,0,0,0,0,0,0,1180,1,0
1.828944,9770,13,0,0,2,60,0,0,0,0,0,0,-0.000025,-0.000000,-0.034812,-0.004902,-0.000000,0.035494,0.000938,0.000000,1.570796,0.227498,0.000000,0.000000,-9600,-9600,-9600,-9600,0,0,0,0.000000,0.000000,0.000000,0.000000,0.000000,0.000000,0.000000,0.000000,0,0,0.000000,0.000000,0.000000,0.000000,0.000000,0.000000,0.000000,0.000000,0.000000,0.000000,0.000000,0.000000,0,0.000000,0.000000,0.000000,0.000000,0.000000,0.000000,0.000000,0.000000,0.000000,0.000000,0.000000,0.000000,0.000000,0.000000,0.000000,0.000000,0.000000,0.000000,0.000000,0.000000,0.000000,0.000000,0.000000,0.000000,0.000000,0.000000,0.000000,0.000000,0.000000,0.000000,0.000000,0.000000,0,0,0,0,0,0,0,0,0,0,0,0,0,1187,1,0
1.838714,9770,13,0,0,2,60,0,0,0,0,0,0,-0.000025,-0.000000,-0.034812,-0.004902,-0.000000,0.035494,0.000938,0.000000,1.570796,0.227498,0.000000,0.000000,-9600,-9600,-9600,-9600,0,0,0,0.000000,0.000000,0.000000,0.000000,0.000000,0.000000,0.000000,0.000000,0,0,0.000000,0.000000,0.000000,0.000000,0.000000,0.000000,0.000000,0.000000,0.000000,0.000000,0.000000,0.000000,0,0.000000,0.000000,0.000000,0.000000,0.000000,0.000000,0.000000,0.000000,0.000000,0.000000,0.000000,0.000000,0.000000,0.000000,0.000000,0.000000,0.000000,0.000000,0.000000,0.000000,0.000000,0.000000,0.000000,0.000000,0.000000,0.000000,0.000000,0.000000,0.000000,0.000000,0.000000,0.000000,0,0,0,0,0,0,0,0,0,0,0,0,0,1193,1,0
1.848484,9770,13,0,0,2,60,0,0,0,0,0,0,-0.000025,-0.000000,-0.034812,-0.004902,-0.000000,0.035494,0.000938,0.000000,1.570796,0.227498,0.000000,0.000000,-9600,-9600,-9600,-9600,0,0,0,0.000000,0.000000,0.000000,0.000000,0.000000,0.000000,0.000000,0.000000,0,0,0.000000,0.000000,0.000000,0.000000,0.000000,0.000000,0.000000,0.000000,0.000000,0.000000,0.000000,0.000000,0,0.000000,0.000000,0.000000,0.000000,0.000000,0.000000,0.000000,0.000000,0.000000,0.000000,0.000000,0.000000,0.000000,0.000000,0.000000,0.000000,0.000000,0.000000,0.000000,0.000000,0.000000,0.000000,0.000000,0.000000,0.000000,0.000000,0.000000,0.000000,0.000000,0.000000,0.000000,0.000000,0,0,0,0,0,0,0,0,0,0,0,0,0,1199,1,0
1.858254,9770,13,0,0,2,60,0,0,0,0,0,0,-0.000025,-0.000000,-0.034812,-0.004902,-0.000000,0.035494,0.000938,0.000000,1.570796,0.227498,0.000000,0.000000,-9600,-9600,-9600,-9600,0,0,0,0.000000,0.000000,0.000000,0.000000,0.000000,0.000000,0.000000,0.000000,0,0,0.000000,0.000000,0.000000,0.000000,0.000000,0.000000,0.000000,0.000000,0.000000,0.000000,0.000000,0.000000,0,0.000000,0.000000,0.000000,0.000000,0.000000,0.000000,0.000000,0.000000,0.000000,0.000000,0.000000,0.000000,0.000000,0.000000,0.000000,0.000000,0.000000,0.000000,0.000000,0.000000,0.000000,0.000000,0.000000,0.000000,0.000000,0.000000,0.000000,0.000000,0.000000,0.000000,0.000000,0.000000,0,0,0,0,0,0,0,0,0,0,0,0,0,1206,1,0
1.868024,9770,13,0,0,2,60,0,0,0,0,0,0,-0.000025,-0.000000,-0.034812,-0.004902,-0.000000,0.035494,0.000938,0.000000,1.570796,0.227498,0.000000,0.000000,-9600,-9600,-9600,-9600,0,0,0,0.000000,0.000000,0.000000,0.000000,0.000000,0.000000,0.000000,0.000000,0,0,0.000000,0.000000,0.000000,0.000000,0.000000,0.000000,0.000000,0.000000,0.000000,0.000000,0.000000,0.000000,0,0.000000,0.000000,0.000000,0.000000,0.000000,0.000000,0.000000,0.000000,0.000000,0.000000,0.000000,0.000000,0.000000,0.000000,0.000000,0.000000,0.000000,0.000000,0.000000,0.000000,0.000000,0.000000,0.000000,0.000000,0.000000,0.000000,0.000000,0.000000,0.000000,0.000000,0.000000,0.000000,0,0,0,0,0,0,0,0,0,0,0,0,0,1212,1,0
1.877794,9770,13,0,0,2,60,0,0,0,0,0,0,-0.000025,-0.000000,-0.034812,-0.004902,-0.000000,0.035494,0.000938,0.000000,1.570796,0.227498,0.000000,0.000000,-9600,-9600,-9600,-9600,0,0,0,0.000000,0.000000,0.000000,0.000000,0.000000,0.000000,0.000000,0.000000,0,0,0.000000,0.000000,0.000000,0.000000,0.000000,0.000000,0.000000,0.000000,0.000000,0.000000,0.000000,0.000000,0,0.000000,0.000000,0.000000,0.000000,0.000000,0.000000,0.000000,0.000000,0.000000,0.000000,0.000000,0.000000,0.000000,0.000000,0.000000,0.000000,0.000000,0.000000,0.000000,0.000000,0.000000,0.000000,0.000000,0.000000,0.000000,0.000000,0.000000,0.000000,0.000000,0.000000,0.000000,0.000000,0,0,0,0,0,0,0,0,0,0,0,0,0,1218,1,0
1.887564,9770,13,0,0,2,60,0,0,0,0,0,0,-0.000025,-0.000000,-0.034812,-0.004902,-0.000000,0.035494,0.000938,0.000000,1.570796,0.227498,0.000000,0.000000,-9600,-9600,-9600,-9600,0,0,0,0.000000,0.000000,0.000000,0.000000,0.000000,0.000000,0.000000,0.000000,0,0,0.000000,0.000000,0.000000,0.000000,0.000000,0.000000,0.000000,0.000000,0.000000,0.000000,0.000000,0.000000,0,0.000000,0.000000,0.000000,0.000000,0.000000,0.000000,0.000000,0.000000,0.000000,0.000000,0.000000,0.000000,0.000000,0.000000,0.000000,0.000000,0.000000,0.000000,0.000000,0.000000,0.000000,0.000000,0.000000,0.000000,0.000000,0.000000,0.000000,0.000000,0.000000,0.000000,0.000000,0.000000,0,0,0,0,0,0,0,0,0,0,0,0,0,1225,1,0
1.897334,9770,13,0,0,2,60,0,0,0,0,0,0,-0.000025,-0.000000,-0.034812,-0.004902,-0.000000,0.035494,0.000938,0.000000,1.570796,0.227498,0.000000,0.000000,-9600,-9600,-9600,-9600,0,0,0,0.000000,0.000000,0.000000,0.000000,0.000000,0.000000,0.000000,0.000000,0,0,0.000000,0.000000,0.000000,0.000000,0.000000,0.000000,0.000000,0.000000,0.000000,0.000000,0.000000,0.000000,0,0.000000,0.000000,0.000000,0.000000,0.000000,0.000000,0.000000,0.000000,0.000000,0.000000,0.000000,0.000000,0.000000,0.000000,0.000000,0.000000,0.000000,0.000000,0.000000,0.000000,0.000000,0.000000,0.000000,0.000000,0.000000,0.000000,0.000000,0.000000,0.000000,0.000000,0.000000,0.000000,0,0,0,0,0,0,0,0,0,0,0,0,0,1231,1,0
1.907104,9770,13,0,0,2,60,0,0,0,0,0,0,-0.000025,-0.000000,-0.034812,-0.004902,-0.000000,0.035494,0.000938,0.000000,1.570796,0.227498,0.000000,0.000000,-9600,-9600,-9600,-9600,0,0,0,0.000000,0.000000,0.000000,0.000000,0.000000,0.000000,0.000000,0.000000,0,0,0.000000,0.000000,0.000000,0.000000,0.000000,0.000000,0.000000,0.000000,0.000000,0.000000,0.000000,0.000000,0,0.000000,0.000000,0.000000,0.000000,0.000000,0.000000,0.000000,0.000000,0.000000,0.000000,0.000000,0.000000,0.000000,0.000000,0.000000,0.000000,0.000000,0.000000,0.000000,0.000000,0.000000,0.000000,0.000000,0.000000,0.000000,0.000000,0.000000,0.000000,0.000000,0.000000,0.000000,0.000000,0,0,0,0,0,0,0,0,0,0,0,0,0,1237,1,0
1.916874,9770,13,0,0,2,60,0,0,0,0,0,0,-0.000025,-0.000000,-0.034812,-0.004902,-0.000000,0.035494,0.000938,0.000000,1.570796,0.227498,0.000000,0.000000,-9600,-9600,-9600,-9600,0,0,0,0.000000,0.000000,0.000000,0.000000,0.000000,0.000000,0.000000,0.000000,0,0,0.000000,0.000000,0.000000,0.000000,0.000000,0.000000,0.000000,0.000000,0.000000,0.000000,0.000000,0.000000,0,0.000000,0.000000,0.000000,0.000000,0.000000,0.000000,0.000000,0.000000,0.000000,0.000000,0.000000,0.000000,0.000000,0.000000,0.000000,0.000000,0.000000,0.000000,0.000000,0.000000,0.000000,0.000000,0.000000,0.000000,0.000000,0.000000,0.000000,0.000000,0.000000,0.000000,0.000000,0.000000,0,0,0,0,0,0,0,0,0,0,0,0,0,1244,1,0
1.926644,9770,13,0,0,2,60,0,0,0,0,0,0,-0.000025,-0.000000,-0.034812,-0.004902,-0.000000,0.035494,0.000938,0.000000,1.570796,0.227498,0.000000,0.000000,-9600,-9600,-9600,-9600,0,0,0,0.000000,0.000000,0.000000,0.000000,0.000000,0.000000,0.000000,0.000000,0,0,0.000000,0.000000,0.000000,0.000000,0.000000,0.000000,0.000000,0.000000,0.000000,0.000000,0.000000,0.000000,0,0.000000,0.000000,0.000000,0.000000,0.000000,0.000000,0.000000,0.000000,0.000000,0.000000,0.000000,0.000000,0.000000,0.000000,0.000000,0.000000,0.000000,0.000000,0.000000,0.000000,0.000000,0.000000,0.000000,0.000000,0.000000,0.000000,0.000000,0.000000,0.000000,0.000000,0.000000,0.000000,0,0,0,0,0,0,0,0,0,0,0,0,0,1250,1,0
1.936414,9770,13,0,0,2,60,0,0,0,0,0,0,-0.000025,-0.000000,-0.034812,-0.004902,-0.000000,0.035494,0.000938,0.000000,1.570796,0.227498,0.000000,0.000000,-9600,-9600,-9600,-9600,0,0,0,0.000000,0.000000,0.000000,0.000000,0.000000,0.000000,0.000000,0.000000,0,0,0.000000,0.000000,0.000000,0.000000,0.000000,0.000000,0.000000,0.000000,0.000000,0.000000,0.000000,0.000000,0,0.000000,0.000000,0.000000,0.000000,0.000000,0.000000,0.000000,0.000000,0.000000,0.000000,0.000000,0.000000,0.000000,0.000000,0.000000,0.000000,0.000000,0.000000,0.000000,0.000000,0.000000,0.000000,0.000000,0.000000,0.000000,0.000000,0.000000,0.000000,0.000000,0.000000,0.000000,0.000000,0,0,0,0,0,0,0,0,0,0,0,0,0,1256,1,0
1.946184,9770,13,0,0,2,60,0,0,0,0,0,0,-0.000025,-0.000000,-0.034812,-0.004902,-0.000000,0.035494,0.000938,0.000000,1.570796,0.227498,0.000000,0.000000,-9600,-9600,-9600,-9600,0,0,0,0.000000,0.000000,0.000000,0.000000,0.000000,0.000000,0.000000,0.000000,0,0,0.000000,0.000000,0.000000,0.000000,0.000000,0.000000,0.000000,0.000000,0.000000,0.000000,0.000000,0.000000,0,0.000000,0.000000,0.000000,0.000000,0.000000,0.000000,0.000000,0.000000,0.000000,0.000000,0.000000,0.000000,0.000000,0.000000,0.000000,0.000000,0.000000,0.000000,0.000000,0.000000,0.000000,0.000000,0.000000,0.000000,0.000000,0.000000,0.000000,0.000000,0.000000,0.000000,0.000000,0.000000,0,0,0,0,0,0,0,0,0,0,0,0,0,1263,1,0
1.955954,9770,13,0,0,2,60,0,0,0,0,0,0,-0.000025,-0.000000,-0.034812,-0.004902,-0.000000,0.035494,0.000938,0.000000,1.570796,0.227498,0.000000,0.000000,-9600,-9600,-9600,-9600,0,0,0,0.000000,0.000000,0.000000,0.000000,0.000000,0.000000,0.000000,0.000000,0,0,0.000000,0.000000,0.000000,0.000000,0.000000,0.000000,0.000000,0.000000,0.000000,0.000000,0.000000,0.000000,0,0.000000,0.000000,0.000000,0.000000,0.000000,0.000000,0.000000,0.000000,0.000000,0.000000,0.000000,0.000000,0.000000,0.000000,0.000000,0.000000,0.000000,0.000000,0.000000,0.000000,0.000000,0.000000,0.000000,0.000000,0.000000,0.000000,0.000000,0.000000,0.000000,0.000000,0.000000,0.000000,0,0,0,0,0,0,0,0,0,0,0,0,0,1269,1,0
1.965724,9770,13,0,0,2,60,0,0,0,0,0,0,-0.000025,-0.000000,-0.034812,-0.004902,-0.000000,0.035494,0.000938,0.000000,1.570796,0.227498,0.000000,0.000000,-9600,-9600,-9600,-9600,0,0,0,0.000000,0.000000,0.000000,0.000000,0.000000,0.000000,0.000000,0.000000,0,0,0.000000,0.000000,0.000000,0.000000,0.000000,0.000000,0.000000,0.000000,0.000000,0.000000,0.000000,0.000000,0,0.000000,0.000000,0.000000,0.000000,0.000000,0.000000,0.000000,0.000000,0.000000,0.000000,0.000000,0.000000,0.000000,0.000000,0.000000,0.000000,0.000000,0.000000,0.000000,0.000000,0.000000,0.000000,0.000000,0.000000,0.000000,0.000000,0.000000,0.000000,0.000000,0.000000,0.000000,0.000000,0,0,0,0,0,0,0,0,0,0,0,0,0,1275,1,0
1.975494,9770,13,0,0,2,60,0,0,0,0,0,0,-0.000025,-0.000000,-0.034812,-0.004902,-0.000000,0.035494,0.000938,0.000000,1.570796,0.227498,0.000000,0.000000,-9600,-9600,-9600,-9600,0,0,0,0.000000,0.000000,0.000000,0.000000,0.000000,0.000000,0.000000,0.000000,0,0,0.000000,0.000000,0.000000,0.000000,0.000000,0.000000,0.000000,0.000000,0.000000,0.000000,0.000000,0.000000,0,0.000000,0.000000,0.000000,0.000000,0.000000,0.000000,0.000000,0.000000,0.000000,0.000000,0.000000,0.000000,0.000000,0.000000,0.000000,0.000000,0.000000,0.000000,0.000000,0.000000,0.000000,0.000000,0.000000,0.000000,0.000000,0.000000,0.000000,0.000000,0.000000,0.000000,0.000000,0.000000,0,0,0,0,0,0,0,0,0,0,0,0,0,1282,1,0
1.985264,9770,13,0,0,2,60,0,0,0,0,0,0,-0.000025,-0.000000,-0.034812,-0.004902,-0.000000,0.035494,0.000938,0.000000,1.570796,0.227498,0.000000,0.000000,-9600,-9600,-9600,-9600,0,0,0,0.000000,0.000000,0.000000,0.000000,0.000000,0.000000,0.000000,0.000000,0,0,0.000000,0.000000,0.000000,0.000000,0.000000,0.000000,0.000000,0.000000,0.000000,0.000000,0.000000,0.000000,0,0.000000,0.000000,0.000000,0.000000,0.000000,0.000000,0.000000,0.000000,0.000000,0.000000,0.000000,0.000000,0.000000,0.000000,0.000000,0.000000,0.000000,0.000000,0.000000,0.000000,0.000000,0.000000,0.000000,0.000000,0.000000,0.000000,0.000000,0.000000,0.000000,0.000000,0.000000,0.000000,0,0,0,0,0,0,0,0,0,0,0,0,0,1288,1,0
1.995034,9770,13,0,0,2,60,0,0,0,0,0,0,-0.000025,-0.000000,-0.034812,-0.004902,-0.000000,0.035494,0.000938,0.000000,1.570796,0.227498,0.000000,0.000000,-9600,-9600,-9600,-9600,0,0,0,0.000000,0.000000,0.000000,0.000000,0.000000,0.000000,0.000000,0.000000,0,0,0.000000,0.000000,0.000000,0.000000,0.000000,0.000000,0.000000,0.000000,0.000000,0.000000,0.000000,0.000000,0,0.000000,0.000000,0.000000,0.000000,0.000000,0.000000,0.000000,0.000000,0.000000,0.000000,0.000000,0.000000,0.000000,0.000000,0.000000,0.000000,0.000000,0.000000,0.000000,0.000000,0.000000,0.000000,0.000000,0.000000,0.000000,0.000000,0.000000,0.000000,0.000000,0.000000,0.000000,0.000000,0,0,0,0,0,0,0,0,0,0,0,0,0,1294,1,0
2.004804,9770,13,0,0,2,60,0,0,0,0,0,0,-0.000025,-0.000000,-0.034812,-0.004902,-0.000000,0.035494,0.000938,0.000000,1.570796,0.227498,0.000000,0.000000,-9600,-9600,-9600,-9600,0,0,0,0.000000,0.000000,0.000000,0.000000,0.000000,0.000000,0.000000,0.000000,0,0,0.000000,0.000000,0.000000,0.000000,0.000000,0.000000,0.000000,0.000000,0.000000,0.000000,0.000000,0.000000,0,0.000000,0.000000,0.000000,0.000000,0.000000,0.000000,0.000000,0.000000,0.000000,0.000000,0.000000,0.000000,0.000000,0.000000,0.000000,0.000000,0.000000,0.000000,0.000000,0.000000,0.000000,0.000000,0.000000,0.000000,0.000000,0.000000,0.000000,0.000000,0.000000,0.000000,0.000000,0.000000,0,0,0,0,0,0,0,0,0,0,0,0,0,1301,1,0
2.014574,9770,13,0,0,2,60,0,0,0,0,0,0,-0.000025,-0.000000,-0.034812,-0.004902,-0.000000,0.035494,0.000938,0.000000,1.570796,0.227498,0.000000,0.000000,-9600,-9600,-9600,-9600,0,0,0,0.000000,0.000000,0.000000,0.000000,0.000000,0.000000,0.000000,0.000000,0,0,0.000000,0.000000,0.000000,0.000000,0.000000,0.000000,0.000000,0.000000,0.000000,0.000000,0.000000,0.000000,0,0.000000,0.000000,0.000000,0.000000,0.000000,0.000000,0.000000,0.000000,0.000000,0.000000,0.000000,0.000000,0.000000,0.000000,0.000000,0.000000,0.000000,0.000000,0.000000,0.000000,0.000000,0.000000,0.000000,0.000000,0.000000,0.000000,0.000000,0.000000,0.000000,0.000000,0.000000,0.000000,0,0,0,0,0,0,0,0,0,0,0,0,0,1307,1,0
2.024344,9770,13,0,0,2,60,0,0,0,0,0,0,-0.000025,-0.000000,-0.034812,-0.004902,-0.000000,0.035494,0.000938,0.000000,1.570796,0.227498,0.000000,0.000000,-9600,-9600,-9600,-9600,0,0,0,0.000000,0.000000,0.000000,0.000000,0.000000,0.000000,0.000000,0.000000,0,0,0.000000,0.000000,0.000000,0.000000,0.000000,0.000000,0.000000,0.000000,0.000000,0.000000,0.000000,0.000000,0,0.000000,0.000000,0.000000,0.000000,0.000000,0.000000,0.000000,0.000000,0.000000,0.000000,0.000000,0.000000,0.000000,0.000000,0.000000,0.000000,0.000000,0.000000,0.000000,0.000000,0.000000,0.000000,0.000000,0.000000,0.000000,0.000000,0.000000,0.000000,0.000000,0.000000,0.000000,0.000000,0,0,0,0,0,0,0,0,0,0,0,0,0,1313,1,0
2.034114,9770,13,0,0,2,60,0,0,0,0,0,0,-0.000025,-0.000000,-0.034812,-0.004902,-0.000000,0.035494,0.000938,0.000000,1.570796,0.227498,0.000000,0.000000,-9600,-9600,-9600,-9600,0,0,0,0.000000,0.000000,0.000000,0.000000,0.000000,0.000000,0.000000,0.000000,0,0,0.000000,0.000000,0.000000,0.000000,0.000000,0.000000,0.000000,0.000000,0.000000,0.000000,0.000000,0.000000,0,0.000000,0.000000,0.000000,0.000000,0.000000,0.000000,0.000000,0.000000,0.000000,0.000000,0.000000,0.000000,0.000000,0.000000,0.000000,0.000000,0.000000,0.000000,0.000000,0.000000,0.000000,0.000000,0.000000,0.000000,0.000000,0.000000,0.000000,0.000000,0.000000,0.000000,0.000000,0.000000,0,0,0,0,0,0,0,0,0,0,0,0,0,1320,1,0
2.043884,9770,13,0,0,2,60,0,0,0,0,0,0,-0.000025,-0.000000,-0.034812,-0.004902,-0.000000,0.035494,0.000938,0.000000,1.570796,0.227498,0.000000,0.000000,-9600,-9600,-9600,-9600,0,0,0,0.000000,0.000000,0.000000,0.000000,0.000000,0.000000,0.000000,0.000000,0,0,0.000000,0.000000,0.000000,0.000000,0.000000,0.000000,0.000000,0.000000,0.000000,0.000000,0.000000,0.000000,0,0.000000,0.000000,0.000000,0.000000,0.000000,0.000000,0.000000,0.000000,0.000000,0.000000,0.000000,0.000000,0.000000,0.000000,0.000000,0.000000,0.000000,0.000000,0.000000,0.000000,0.000000,0.000000,0.000000,0.000000,0.000000,0.000000,0.000000,0.000000,0.000000,0.000000,0.000000,0.000000,0,0,0,0,0,0,0,0,0,0,0,0,0,1326,1,0
2.053654,9770,13,0,0,2,60,0,0,0,0,0,0,-0.000025,-0.000000,-0.034812,-0.004902,-0.000000,0.035494,0.000938,0.000000,1.570796,0.227498,0.000000,0.000000,-9600,-9600,-9600,-9600,0,0,0,0.000000,0.000000,0.000000,0.000000,0.000000,0.000000,0.000000,0.000000,0,0,0.000000,0.000000,0.000000,0.000000,0.000000,0.000000,0.000000,0.000000,0.000000,0.000000,0.000000,0.000000,0,0.000000,0.000000,0.000000,0.000000,0.000000,0.000000,0.000000,0.000000,0.000000,0.000000,0.000000,0.000000,0.000000,0.000000,0.000000,0.000000,0.000000,0.000000,0.000000,0.000000,0.000000,0.000000,0.000000,0.000000,0.000000,0.000000,0.000000,0.000000,0.000000,0.000000,0.000000,0.000000,0,0,0,0,0,0,0,0,0,0,0,0,0,1332,1,0
2.063424,9770,13,0,0,2,60,0,0,0,0,0,0,-0.000025,-0.000000,-0.034812,-0.004902,-0.000000,0.035494,0.000938,0.000000,1.570796,0.227498,0.000000,0.000000,-9600,-9600,-9600,-9600,0,0,0,0.000000,0.000000,0.000000,0.000000,0.000000,0.000000,0.000000,0.000000,0,0,0.000000,0.000000,0.000000,0.000000,0.000000,0.000000,0.000000,0.000000,0.000000,0.000000,0.000000,0.000000,0,0.000000,0.000000,0.000000,0.000000,0.000000,0.000000,0.000000,0.000000,0.000000,0.000000,0.000000,0.000000,0.000000,0.000000,0.000000,0.000000,0.000000,0.000000,0.000000,0.000000,0.000000,0.000000,0.000000,0.000000,0.000000,0.000000,0.000000,0.000000,0.000000,0.000000,0.000000,0.000000,0,0,0,0,0,0,0,0,0,0,0,0,0,1339,1,0
2.073194,9770,13,0,0,2,60,0,0,0,0,0,0,-0.000025,-0.000000,-0.034812,-0.004902,-0.000000,0.035494,0.000938,0.000000,1.570796,0.227498,0.000000,0.000000,-9600,-9600,-9600,-9600,0,0,0,0.000000,0.000000,0.000000,0.000000,0.000000,0.000000,0.000000,0.000000,0,0,0.000000,0.000000,0.000000,0.000000,0.000000,0.000000,0.000000,0.000000,0.000000,0.000000,0.000000,0.000000,0,0.000000,0.000000,0.000000,0.000000,0.000000,0.000000,0.000000,0.000000,0.000000,0.000000,0.000000,0.000000,0.000000,0.000000,0.000000,0.000000,0.000000,0.000000,0.000000,0.000000,0.000000,0.000000,0.000000,0.000000,0.000000,0.000000,0.000000,0.000000,0.000000,0.000000,0.000000,0.000000,0,0,0,0,0,0,0,0,0,0,0,0,0,66,0,0
2.082964,9770,13,0,0,2,60,0,0,0,0,0,0,-0.000025,-0.000000,-0.034812,-0.004902,-0.000000,0.035494,0.000938,0.000000,1.570796,0.227498,0.000000,0.000000,-9600,-9600,-9600,-9600,0,0,0,0.000000,0.000000,0.000000,0.000000,0.000000,0.000000,0.000000,0.000000,0,0,0.000000,0.000000,0.000000,0.000000,0.000000,0.000000,0.000000,0.000000,0.000000,0.000000,0.000000,0.000000,0,0.000000,0.000000,0.000000,0.000000,0.000000,0.000000,0.000000,0.000000,0.000000,0.000000,0.000000,0.000000,0.000000,0.000000,0.000000,0.000000,0.000000,0.000000,0.000000,0.000000,0.000000,0.000000,0.000000,0.000000,0.000000,0.000000,0.000000,0.000000,0.000000,0.000000,0.000000,0.000000,0,0,0,0,0,0,0,0,0,0,0,0,0,66,0,0
2.092734,9770,13,0,0,2,60,0,0,0,0,0,0,-0.000025,-0.000000,-0.034812,-0.004902,-0.000000,0.035494,0.000938,0.000000,1.570796,0.227498,0.000000,0.000000,-9600,-9600,-9600,-9600,0,0,0,0.000000,0.000000,0.000000,0.000000,0.000000,0.000000,0.000000,0.000000,0,0,0.000000,0.000000,0.000000,0.000000,0.000000,0.000000,0.000000,0.000000,0.000000,0.000000,0.000000,0.000000,0,0.000000,0.000000,0.000000,0.000000,0.000000,0.000000,0.000000,0.000000,0.000000,0.000000,0.000000,0.000000,0.000000,0.000000,0.000000,0.000000,0.000000,0.000000,0.000000,0.000000,0.000000,0.000000,0.000000,0.000000,0.000000,0.000000,0.000000,0.000000,0.000000,0.000000,0.000000,0.000000,0,0,0,0,0,0,0,0,0,0,0,0,0,66,0,0
2.102504,9770,13,0,0,2,60,0,0,0,0,0,0,-0.000025,-0.000000,-0.034812,-0.004902,-0.000000,0.035494,0.000938,0.000000,1.570796,0.227498,0.000000,0.000000,-9600,-9600,-9600,-9600,0,0,0,0.000000,0.000000,0.000000,0.000000,0.000000,0.000000,0.000000,0.000000,0,0,0.000000,0.000000,0.000000,0.000000,0.000000,0.000000,0.000000,0.000000,0.000000,0.000000,0.000000,0.000000,0,0.000000,0.000000,0.000000,0.000000,0.000000,0.000000,0.000000,0.000000,0.000000,0.000000,0.000000,0.000000,0.000000,0.000000,0.000000,0.000000,0.000000,0.000000,0.000000,0.000000,0.000000,0.000000,0.000000,0.000000,0.000000,0.000000,0.000000,0.000000,0.000000,0.000000,0.000000,0.000000,0,0,0,0,0,0,0,0,0,0,0,0,0,66,0,0
2.112274,9770,13,0,0,2,60,0,0,0,0,0,0,-0.000025,-0.000000,-0.034812,-0.004902,-0.000000,0.035494,0.000938,0.000000,1.570796,0.227498,0.000000,0.000000,-9600,-9600,-9600,-9600,0,0,0,0.000000,0.000000,0.000000,0.000000,0.000000,0.000000,0.000000,0.000000,0,0,0.000000,0.000000,0.000000,0.000000,0.000000,0.000000,0.000000,0.000000,0.000000,0.000000,0.000000,0.000000,0,0.000000,0.000000,0.000000,0.000000,0.000000,0.000000,0.000000,0.000000,0.000000,0.000000,0.000000,0.000000,0.000000,0.000000,0.000000,0.000000,0.000000,0.000000,0.000000,0.000000,0.000000,0.000000,0.000000,0.000000,0.000000,0.000000,0.000000,0.000000,0.000000,0.000000,0.000000,0.000000,0,0,0,0,0,0,0,0,0,0,0,0,0,66,0,0
2.122044,9770,13,0,0,2,60,0,0,0,0,0,0,-0.000025,-0.000000,-0.034812,-0.004902,-0.000000,0.035494,0.000938,0.000000,1.570796,0.227498,0.000000,0.000000,-9600,-9600,-9600,-9600,0,0,0,0.000000,0.000000,0.000000,0.000000,0.000000,0.000000,0.000000,0.000000,0,0,0.000000,0.000000,0.000000,0.000000,0.000000,0.000000,0.000000,0.000000,0.000000,0.000000,0.000000,0.000000,0,0.000000,0.000000,0.000000,0.000000,0.000000,0.000000,0.000000,0.000000,0.000000,0.000000,0.000000,0.000000,0.000000,0.000000,0.000000,0.000000,0.000000,0.000000,0.000000,0.000000,0.000000,0.000000,0.000000,0.000000,0.000000,0.000000,0.000000,0.000000,0.000000,0.000000,0.000000,0.000000,0,0,0,0,0,0,0,0,0,0,0,0,0,66,0,0
2.131814,9770,13,0,0,2,60,0,0,0,0,0,0,-0.000025,-0.000000,-0.034812,-0.004902,-0.000000,0.035494,0.000938,0.000000,1.570796,0.227498,0.000000,0.000000,-9600,-9600,-9600,-9600,0,0,0,0.000000,0.000000,0.000000,0.000000,0.000000,0.000000,0.000000,0.000000,0,0,0.000000,0.000000,0.000000,0.000000,0.000000,0.000000,0.000000,0.000000,0.000000,0.000000,0.000000,0.000000,0,0.000000,0.000000,0.000000,0.000000,0.000000,0.000000,0.000000,0.000000,0.000000,0.000000,0.000000,0.000000,0.000000,0.000000,0.000000,0.000000,0.000000,0.000000,0.000000,0.000000,0.000000,0.000000,0.000000,0.000000,0.000000,0.000000,0.000000,0.000000,0.000000,0.000000,0.000000,0.000000,0,0,0,0,0,0,0,0,0,0,0,0,0,66,0,0
2.141584,9770,13,0,0,2,60,0,0,0,0,0,0,-0.000025,-0.000000,-0.034812,-0.004902,-0.000000,0.035494,0.000938,0.000000,1.570796,0.227498,0.000000,0.000000,-9600,-9600,-9600,-9600,0,0,0,0.000000,0.000000,0.000000,0.000000,0.000000,0.000000,0.000000,0.000000,0,0,0.000000,0.000000,0.000000,0.000000,0.000000,0.000000,0.000000,0.000000,0.000000,0.000000,0.000000,0.000000,0,0.000000,0.000000,0.000000,0.000000,0.000000,0.000000,0.000000,0.000000,0.000000,0.000000,0.000000,0.000000,0.000000,0.000000,0.000000,0.000000,0.000000,0.000000,0.000000,0.000000,0.000000,0.000000,0.000000,0.000000,0.000000,0.000000,0.000000,0.000000,0.000000,0.000000,0.000000,0.000000,0,0,0,0,0,0,0,0,0,0,0,0,0,66,0,0
2.151354,9770,13,0,0,2,60,0,0,0,0,0,0,-0.000025,-0.000000,-0.034812,-0.004902,-0.000000,0.035494,0.000938,0.000000,1.570796,0.227498,0.000000,0.000000,-9600,-9600,-9600,-9600,0,0,0,0.000000,0.000000,0.000000,0.000000,0.000000,0.000000,0.000000,0.000000,0,0,0.000000,0.000000,0.000000,0.000000,0.000000,0.000000,0.000000,0.000000,0.000000,0.000000,0.000000,0.000000,0,0.000000,0.000000,0.000000,0.000000,0.000000,0.000000,0.000000,0.000000,0.000000,0.000000,0.000000,0.000000,0.000000,0.000000,0.000000,0.000000,0.000000,0.000000,0.000000,0.000000,0.000000,0.000000,0.000000,0.000000,0.000000,0.000000,0.000000,0.000000,0.000000,0.000000,0.000000,0.000000,0,0,0,0,0,0,0,0,0,0,0,0,0,66,0,0
2.161124,9770,13,0,0,2,60,0,0,0,0,0,0,-0.000025,-0.000000,-0.034812,-0.004902,-0.000000,0.035494,0.000938,0.000000,1.570796,0.227498,0.000000,0.000000,-9600,-9600,-9600,-9600,0,0,0,0.000000,0.000000,0.000000,0.000000,0.000000,0.000000,0.000000,0.000000,0,0,0.000000,0.000000,0.000000,0.000000,0.000000,0.000000,0.000000,0.000000,0.000000,0.000000,0.000000,0.000000,0,0.000000,0.000000,0.000000,0.000000,0.000000,0.000000,0.000000,0.000000,0.000000,0.000000,0.000000,0.000000,0.000000,0.000000,0.000000,0.000000,0.000000,0.000000,0.000000,0.000000,0.000000,0.000000,0.000000,0.000000,0.000000,0.000000,0.000000,0.000000,0.000000,0.000000,0.000000,0.000000,0,0,0,0,0,0,0,0,0,0,0,0,0,66,0,0
2.170894,9770,13,0,0,2,60,0,0,0,0,0,0,-0.000025,-0.000000,-0.034812,-0.004902,-0.000000,0.035494,0.000938,0.000000,1.570796,0.227498,0.000000,0.000000,-9600,-9600,-9600,-9600,0,0,0,0.000000,0.000000,0.000000,0.000000,0.000000,0.000000,0.000000,0.000000,0,0,0.000000,0.000000,0.000000,0.000000,0.000000,0.000000,0.000000,0.000000,0.000000,0.000000,0.000000,0.000000,0,0.000000,0.000000,0.000000,0.000000,0.000000,0.000000,0.000000,0.000000,0.000000,0.000000,0.000000,0.000000,0.000000,0.000000,0.000000,0.000000,0.000000,0.000000,0.000000,0.000000,0.000000,0.000000,0.000000,0.000000,0.000000,0.000000,0.000000,0.000000,0.000000,0.000000,0.000000,0.000000,0,0,0,0,0,0,0,0,0,0,0,0,0,66,0,0
2.180664,9770,13,0,0,2,60,0,0,0,0,0,0,-0.000025,-0.000000,-0.034812,-0.004902,-0.000000,0.035494,0.000938,0.000000,1.570796,0.227498,0.000000,0.000000,-9600,-9600,-9600,-9600,0,0,0,0.000000,0.000000,0.000000,0.000000,0.000000,0.000000,0.000000,0.000000,0,0,0.000000,0.000000,0.000000,0.000000,0.000000,0.000000,0.000000,0.000000,0.000000,0.000000,0.000000,0.000000,0,0.000000,0.000000,0.000000,0.000000,0.000000,0.000000,0.000000,0.000000,0.000000,0.000000,0.000000,0.000000,0.000000,0.000000,0.000000,0.000000,0.000000,0.000000,0.000000,0.000000,0.000000,0.000000,0.000000,0.000000,0.000000,0.000000,0.000000,0.000000,0.000000,0.000000,0.000000,0.000000,0,0,0,0,0,0,0,0,0,0,0,0,0,66,0,0
2.190434,9770,13,0,0,2,60,0,0,0,0,0,0,-0.000025,-0.000000,-0.034812,-0.004902,-0.000000,0.035494,0.000938,0.000000,1.570796,0.227498,0.000000,0.000000,-9600,-9600,-9600,-9600,0,0,0,0.000000,0.000000,0.000000,0.000000,0.000000,0.000000,0.000000,0.000000,0,0,0.000000,0.000000,0.000000,0.000000,0.000000,0.000000,0.000000,0.000000,0.000000,0.000000,0.000000,0.000000,0,0.000000,0.000000,0.000000,0.000000,0.000000,0.000000,0.000000,0.000000,0.000000,0.000000,0.000000,0.000000,0.000000,0.000000,0.000000,0.000000,0.000000,0.000000,0.000000,0.000000,0.000000,0.000000,0.000000,0.000000,0.000000,0.000000,0.000000,0.000000,0.000000,0.000000,0.000000,0.000000,0,0,0,0,0,0,0,0,0,0,0,0,0,66,0,0
2.200204,9770,13,0,0,2,60,0,0,0,0,0,0,-0.000025,-0.000000,-0.034812,-0.004902,-0.000000,0.035494,0.000938,0.000000,1.570796,0.227498,0.000000,0.000000,-9600,-9600,-9600,-9600,0,0,0,0.000000,0.000000,0.000000,0.000000,0.000000,0.000000,0.000000,0.000000,0,0,0.000000,0.000000,0.000000,0.000000,0.000000,0.000000,0.000000,0.000000,0.000000,0.000000,0.000000,0.000000,0,0.000000,0.000000,0.000000,0.000000,0.000000,0.000000,0.000000,0.000000,0.000000,0.000000,0.000000,0.000000,0.000000,0.000000,0.000000,0.000000,0.000000,0.000000,0.000000,0.000000,0.000000,0.000000,0.000000,0.000000,0.000000,0.000000,0.000000,0.000000,0.000000,0.000000,0.000000,0.000000,0,0,0,0,0,0,0,0,0,0,0,0,0,66,0,0
2.209974,9770,13,0,0,2,60,0,0,0,0,0,0,-0.000025,-0.000000,-0.034812,-0.004902,-0.000000,0.035494,0.000938,0.000000,1.570796,0.227498,0.000000,0.000000,-9600,-9600,-9600,-9600,0,0,0,0.000000,0.000000,0.000000,0.000000,0.000000,0.000000,0.000000,0.000000,0,0,0.000000,0.000000,0.000000,0.000000,0.000000,0.000000,0.000000,0.000000,0.000000,0.000000,0.000000,0.000000,0,0.000000,0.000000,0.000000,0.000000,0.000000,0.000000,0.000000,0.000000,0.000000,0.000000,0.000000,0.000000,0.000000,0.000000,0.000000,0.000000,0.000000,0.000000,0.000000,0.000000,0.000000,0.000000,0.000000,0.000000,0.000000,0.000000,0.000000,0.000000,0.000000,0.000000,0.000000,0.000000,0,0,0,0,0,0,0,0,0,0,0,0,0,66,0,0
2.219744,9770,13,0,0,2,60,0,0,0,0,0,0,-0.000025,-0.000000,-0.034812,-0.004902,-0.000000,0.035494,0.000938,0.000000,1.570796,0.227498,0.000000,0.000000,-9600,-9600,-9600,-9600,0,0,0,0.000000,0.000000,0.000000,0.000000,0.000000,0.000000,0.000000,0.000000,0,0,0.000000,0.000000,0.000000,0.000000,0.000000,0.000000,0.000000,0.000000,0.000000,0.000000,0.000000,0.000000,0,0.000000,0.000000,0.000000,0.000000,0.000000,0.000000,0.000000,0.000000,0.000000,0.000000,0.000000,0.000000,0.000000,0.000000,0.000000,0.000000,0.000000,0.000000,0.000000,0.000000,0.000000,0.000000,0.000000,0.000000,0.000000,0.000000,0.000000,0.000000,0.000000,0.000000,0.000000,0.000000,0,0,0,0,0,0,0,0,0,0,0,0,0,66,0,0
2.229514,9770,13,0,0,2,60,0,0,0,0,0,0,-0.000026,-0.000000,-0.034812,-0.004902,-0.000000,0.035494,0.000938,0.000000,1.570796,0.227498,0.000000,0.000000,-9600,-9600,-9600,-9600,0,0,0,0.000000,0.000000,0.000000,0.000000,0.000000,0.000000,0.000000,0.000000,0,0,0.000000,0.000000,0.000000,0.000000,0.000000,0.000000,0.000000,0.000000,0.000000,0.000000,0.000000,0.000000,0,0.000000,0.000000,0.000000,0.000000,0.000000,0.000000,0.000000,0.000000,0.000000,0.000000,0.000000,0.000000,0.000000,0.000000,0.000000,0.000000,0.000000,0.000000,0.000000,0.000000,0.000000,0.000000,0.000000,0.000000,0.000000,0.000000,0.000000,0.000000,0.000000,0.000000,0.000000,0.000000,0,0,0,0,0,0,0,0,0,0,0,0,0,66,0,0
2.239284,9770,13,0,0,2,60,0,0,0,0,0,0,-0.000026,-0.000000,-0.034812,-0.004902,-0.000000,0.035494,0.000938,0.000000,1.570796,0.227498,0.000000,0.000000,-9600,-9600,-9600,-9600,0,0,0,0.000000,0.000000,0.000000,0.000000,0.000000,0.000000,0.000000,0.000000,0,0,0.000000,0.000000,0.000000,0.000000,0.000000,0.000000,0.000000,0.000000,0.000000,0.000000,0.000000,0.000000,0,0.000000,0.000000,0.000000,0.000000,0.000000,0.000000,0.000000,0.000000,0.000000,0.000000,0.000000,0.000000,0.000000,0.000000,0.000000,0.000000,0.000000,0.000000,0.000000,0.000000,0.000000,0.000000,0.000000,0.000000,0.000000,0.000000,0.000000,0.000000,0.000000,0.000000,0.000000,0.000000,0,0,0,0,0,0,0,0,0,0,0,0,0,66,0,0
2.249054,9770,13,0,0,2,60,0,0,0,0,0,0,-0.000026,-0.000000,-0.034812,-0.004902,-0.000000,0.035494,0.000938,0.000000,1.570796,0.227498,0.000000,0.000000,-9600,-9600,-9600,-9600,0,0,0,0.000000,0.000000,0.000000,0.000000,0.000000,0.000000,0.000000,0.000000,0,0,0.000000,0.000000,0.000000,0.000000,0.000000,0.000000,0.000000,0.000000,0.000000,0.000000,0.000000,0.000000,0,0.000000,0.000000,0.000000,0.000000,0.000000,0.000000,0.000000,0.000000,0.000000,0.000000,0.000000,0.000000,0.000000,0.000000,0.000000,0.000000,0.000000,0.000000,0.000000,0.000000,0.000000,0.000000,0.000000,0.000000,0.000000,0.000000,0.000000,0.000000,0.000000,0.000000,0.000000,0.000000,0,0,0,0,0,0,0,0,0,0,0,0,0,66,0,0
2.258824,9770,13,0,0,2,60,0,0,0,0,0,0,-0.000026,-0.000000,-0.034812,-0.004902,-0.000000,0.035494,0.000938,0.000000,1.570796,0.227498,0.000000,0.000000,-9600,-9600,-9600,-9600,0,0,0,0.000000,0.000000,0.000000,0.000000,0.000000,0.000000,0.000000,0.000000,0,0,0.000000,0.000000,0.000000,0.000000,0.000000,0.000000,0.000000,0.000000,0.000000,0.000000,0.000000,0.000000,0,0.000000,0.000000,0.000000,0.000000,0.000000,0.000000,0.000000,0.000000,0.000000,0.000000,0.000000,0.000000,0.000000,0.000000,0.000000,0.000000,0.000000,0.000000,0.000000,0.000000,0.000000,0.000000,0.000000,0.000000,0.000000,0.000000,0.000000,0.000000,0.000000,0.000000,0.000000,0.000000,0,0,0,0,0,0,0,0,0,0,0,0,0,66,0,0
2.268594,9770,13,0,0,2,60,0,0,0,0,0,0,-0.000026,-0.000000,-0.034812,-0.004902,-0.000000,0.035494,0.000938,0.000000,1.570796,0.227498,0.000000,0.000000,-9600,-9600,-9600,-9600,0,0,0,0.000000,0.000000,0.000000,0.000000,0.000000,0.000000,0.000000,0.000000,0,0,0.000000,0.000000,0.000000,0.000000,0.000000,0.000000,0.000000,0.000000,0.000000,0.000000,0.000000,0.000000,0,0.000000,0.000000,0.000000,0.000000,0.000000,0.000000,0.000000,0.000000,0.000000,0.000000,0.000000,0.000000,0.000000,0.000000,0.000000,0.000000,0.000000,0.000000,0.000000,0.000000,0.000000,0.000000,0.000000,0.000000,0.000000,0.000000,0.000000,0.000000,0.000000,0.000000,0.000000,0.000000,0,0,0,0,0,0,0,0,0,0,0,0,0,66,0,0
2.278364,9770,13,0,0,2,60,0,0,0,0,0,0,-0.000026,-0.000000,-0.034812,-0.004902,-0.000000,0.035494,0.000938,0.000000,1.570796,0.227498,0.000000,0.000000,-9600,-9600,-9600,-9600,0,0,0,0.000000,0.000000,0.000000,0.000000,0.000000,0.000000,0.000000,0.000000,0,0,0.000000,0.000000,0.000000,0.000000,0.000000,0.000000,0.000000,0.000000,0.000000,0.000000,0.000000,0.000000,0,0.000000,0.000000,0.000000,0.000000,0.000000,0.000000,0.000000,0.000000,0.000000,0.000000,0.000000,0.000000,0.000000,0.000000,0.000000,0.000000,0.000000,0.000000,0.000000,0.000000,0.000000,0.000000,0.000000,0.000000,0.000000,0.000000,0.000000,0.000000,0.000000,0.000000,0.000000,0.000000,0,0,0,0,0,0,0,0,0,0,0,0,0,66,0,0
2.288134,9770,13,0,0,2,60,0,0,0,0,0,0,-0.000026,-0.000000,-0.034812,-0.004902,-0.000000,0.035494,0.000938,0.000000,1.570796,0.227498,0.000000,0.000000,-9600,-9600,-9600,-9600,0,0,0,0.000000,0.000000,0.000000,0.000000,0.000000,0.000000,0.000000,0.000000,0,0,0.000000,0.000000,0.000000,0.000000,0.000000,0.000000,0.000000,0.000000,0.000000,0.000000,0.000000,0.000000,0,0.000000,0.000000,0.000000,0.000000,0.000000,0.000000,0.000000,0.000000,0.000000,0.000000,0.000000,0.000000,0.000000,0.000000,0.000000,0.000000,0.000000,0.000000,0.000000,0.000000,0.000000,0.000000,0.000000,0.000000,0.000000,0.000000,0.000000,0.000000,0.000000,0.000000,0.000000,0.000000,0,0,0,0,0,0,0,0,0,0,0,0,0,66,0,0
2.297904,9770,13,0,0,2,60,0,0,0,0,0,0,-0.000026,-0.000000,-0.034812,-0.004902,-0.000000,0.035494,0.000938,0.000000,1.570796,0.227498,0.000000,0.000000,-9600,-9600,-9600,-9600,0,0,0,0.000000,0.000000,0.000000,0.000000,0.000000,0.000000,0.000000,0.000000,0,0,0.000000,0.000000,0.000000,0.000000,0.000000,0.000000,0.000000,0.000000,0.000000,0.000000,0.000000,0.000000,0,0.000000,0.000000,0.000000,0.000000,0.000000,0.000000,0.000000,0.000000,0.000000,0.000000,0.000000,0.000000,0.000000,0.000000,0.000000,0.000000,0.000000,0.000000,0.000000,0.000000,0.000000,0.000000,0.000000,0.000000,0.000000,0.000000,0.000000,0.000000,0.000000,0.000000,0.000000,0.000000,0,0,0,0,0,0,0,0,0,0,0,0,0,66,0,0
2.307674,9770,13,0,0,2,60,0,0,0,0,0,0,-0.000026,-0.000000,-0.034812,-0.004902,-0.000000,0.035494,0.000938,0.000000,1.570796,0.227498,0.000000,0.000000,-9600,-9600,-9600,-9600,0,0,0,0.000000,0.000000,0.000000,0.000000,0.000000,0.000000,0.000000,0.000000,0,0,0.000000,0.000000,0.000000,0.000000,0.000000,0.000000,0.000000,0.000000,0.000000,0.000000,0.000000,0.000000,0,0.000000,0.000000,0.000000,0.000000,0.000000,0.000000,0.000000,0.000000,0.000000,0.000000,0.000000,0.000000,0.000000,0.000000,0.000000,0.000000,0.000000,0.000000,0.000000,0.000000,0.000000,0.000000,0.000000,0.000000,0.000000,0.000000,0.000000,0.000000,0.000000,0.000000,0.000000,0.000000,0,0,0,0,0,0,0,0,0,0,0,0,0,66,0,0
2.317444,9770,13,0,0,2,60,0,0,0,0,0,0,-0.000026,-0.000000,-0.034812,-0.004902,-0.000000,0.035494,0.000938,0.000000,1.570796,0.227498,0.000000,0.000000,-9600,-9600,-9600,-9600,0,0,0,0.000000,0.000000,0.000000,0.000000,0.000000,0.000000,0.000000,0.000000,0,0,0.000000,0.000000,0.000000,0.000000,0.000000,0.000000,0.000000,0.000000,0.000000,0.000000,0.000000,0.000000,0,0.000000,0.000000,0.000000,0.000000,0.000000,0.000000,0.000000,0.000000,0.000000,0.000000,0.000000,0.000000,0.000000,0.000000,0.000000,0.000000,0.000000,0.000000,0.000000,0.000000,0.000000,0.000000,0.000000,0.000000,0.000000,0.000000,0.000000,0.000000,0.000000,0.000000,0.000000,0.000000,0,0,0,0,0,0,0,0,0,0,0,0,0,66,0,0
2.327214,9770,13,0,0,2,60,0,0,0,0,0,0,-0.000026,-0.000000,-0.034812,-0.004902,-0.000000,0.035494,0.000938,0.000000,1.570796,0.227498,0.000000,0.000000,-9600,-9600,-9600,-9600,0,0,0,0.000000,0.000000,0.000000,0.000000,0.000000,0.000000,0.000000,0.000000,0,0,0.000000,0.000000,0.000000,0.000000,0.000000,0.000000,0.000000,0.000000,0.000000,0.000000,0.000000,0.000000,0,0.000000,0.000000,0.000000,0.000000,0.000000,0.000000,0.000000,0.000000,0.000000,0.000000,0.000000,0.000000,0.000000,0.000000,0.000000,0.000000,0.000000,0.000000,0.000000,0.000000,0.000000,0.000000,0.000000,0.000000,0.000000,0.000000,0.000000,0.000000,0.000000,0.000000,0.000000,0.000000,0,0,0,0,0,0,0,0,0,0,0,0,0,66,0,0
2.336984,9770,13,0,0,2,60,0,0,0,0,0,0,-0.000026,-0.000000,-0.034812,-0.004902,-0.000000,0.035494,0.000938,0.000000,1.570796,0.227498,0.000000,0.000000,-9600,-9600,-9600,-9600,0,0,0,0.000000,0.000000,0.000000,0.000000,0.000000,0.000000,0.000000,0.000000,0,0,0.000000,0.000000,0.000000,0.000000,0.000000,0.000000,0.000000,0.000000,0.000000,0.000000,0.000000,0.000000,0,0.000000,0.000000,0.000000,0.000000,0.000000,0.000000,0.000000,0.000000,0.000000,0.000000,0.000000,0.000000,0.000000,0.000000,0.000000,0.000000,0.000000,0.000000,0.000000,0.000000,0.000000,0.000000,0.000000,0.000000,0.000000,0.000000,0.000000,0.000000,0.000000,0.000000,0.000000,0.000000,0,0,0,0,0,0,0,0,0,0,0,0,0,66,0,0
2.346754,9770,13,0,0,2,60,0,0,0,0,0,0,-0.000026,-0.000000,-0.034812,-0.004902,-0.000000,0.035494,0.000938,0.000000,1.570796,0.227498,0.000000,0.000000,-9600,-9600,-9600,-9600,0,0,0,0.000000,0.000000,0.000000,0.000000,0.000000,0.000000,0.000000,0.000000,0,0,0.000000,0.000000,0.000000,0.000000,0.000000,0.000000,0.000000,0.000000,0.000000,0.000000,0.000000,0.000000,0,0.000000,0.000000,0.000000,0.000000,0.000000,0.000000,0.000000,0.000000,0.000000,0.000000,0.000000,0.000000,0.000000,0.000000,0.000000,0.000000,0.000000,0.000000,0.000000,0.000000,0.000000,0.000000,0.000000,0.000000,0.000000,0.000000,0.000000,0.000000,0.000000,0.000000,0.000000,0.000000,0,0,0,0,0,0,0,0,0,0,0,0,0,66,0,0
2.356524,9770,13,0,0,2,60,0,0,0,0,0,0,-0.000026,-0.000000,-0.034812,-0.004902,-0.000000,0.035494,0.000938,0.000000,1.570796,0.227498,0.000000,0.000000,-9600,-9600,-9600,-9600,0,0,0,0.000000,0.000000,0.000000,0.000000,0.000000,0.000000,0.000000,0.000000,0,0,0.000000,0.000000,0.000000,0.000000,0.000000,0.000000,0.000000,0.000000,0.000000,0.000000,0.000000,0.000000,0,0.000000,0.000000,0.000000,0.000000,0.000000,0.000000,0.000000,0.000000,0.000000,0.000000,0.000000,0.000000,0.000000,0.000000,0.000000,0.000000,0.000000,0.000000,0.000000,0.000000,0.000000,0.000000,0.000000,0.000000,0.000000,0.000000,0.000000,0.000000,0.000000,0.000000,0.000000,0.000000,0,0,0,0,0,0,0,0,0,0,0,0,0,66,0,0
2.366294,9770,13,0,0,2,60,0,0,0,0,0,0,-0.000026,-0.000000,-0.034812,-0.004902,-0.000000,0.035494,0.000938,0.000000,1.570796,0.227498,0.000000,0.000000,-9600,-9600,-9600,-9600,0,0,0,0.000000,0.000000,0.000000,0.000000,0.000000,0.000000,0.000000,0.000000,0,0,0.000000,0.000000,0.000000,0.000000,0.000000,0.000000,0.000000,0.000000,0.000000,0.000000,0.000000,0.000000,0,0.000000,0.000000,0.000000,0.000000,0.000000,0.000000,0.000000,0.000000,0.000000,0.000000,0.000000,0.000000,0.000000,0.000000,0.000000,0.000000,0.000000,0.000000,0.000000,0.000000,0.000000,0.000000,0.000000,0.000000,0.000000,0.000000,0.000000,0.000000,0.000000,0.000000,0.000000,0.000000,0,0,0,0,0,0,0,0,0,0,0,0,0,66,0,0
2.376064,9770,13,0,0,2,60,0,0,0,0,0,0,-0.000026,-0.000000,-0.034812,-0.004902,-0.000000,0.035494,0.000938,0.000000,1.570796,0.227498,0.000000,0.000000,-9600,-9600,-9600,-9600,0,0,0,0.000000,0.000000,0.000000,0.000000,0.000000,0.000000,0.000000,0.000000,0,0,0.000000,0.000000,0.000000,0.000000,0.000000,0.000000,0.000000,0.000000,0.000000,0.000000,0.000000,0.000000,0,0.000000,0.000000,0.000000,0.000000,0.000000,0.000000,0.000000,0.000000,0.000000,0.000000,0.000000,0.000000,0.000000,0.000000,0.000000,0.000000,0.000000,0.000000,0.000000,0.000000,0.000000,0.000000,0.000000,0.000000,0.000000,0.000000,0.000000,0.000000,0.000000,0.000000,0.000000,0.000000,0,0,0,0,0,0,0,0,0,0,0,0,0,66,0,0
2.385834,9770,13,0,0,2,60,0,0,0,0,0,0,-0.000026,-0.000000,-0.034812,-0.004902,-0.000000,0.035494,0.000938,0.000000,1.570796,0.227498,0.000000,0.000000,-9600,-9600,-9600,-9600,0,0,0,0.000000,0.000000,0.000000,0.000000,0.000000,0.000000,0.000000,0.000000,0,0,0.000000,0.000000,0.000000,0.000000,0.000000,0.000000,0.000000,0.000000,0.000000,0.000000,0.000000,0.000000,0,0.000000,0.000000,0.000000,0.000000,0.000000,0.000000,0.000000,0.000000,0.000000,0.000000,0.000000,0.000000,0.000000,0.000000,0.000000,0.000000,0.000000,0.000000,0.000000,0.000000,0.000000,0.000000,0.000000,0.000000,0.000000,0.000000,0.000000,0.000000,0.000000,0.000000,0.000000,0.000000,0,0,0,0,0,0,0,0,0,0,0,0,0,66,0,0
2.395604,9770,13,0,0,2,60,0,0,0,0,0,0,-0.000026,-0.000000,-0.034812,-0.004902,-0.000000,0.035494,0.000938,0.000000,1.570796,0.227498,0.000000,0.000000,-9600,-9600,-9600,-9600,0,0,0,0.000000,0.000000,0.000000,0.000000,0.000000,0.000000,0.000000,0.000000,0,0,0.000000,0.000000,0.000000,0.000000,0.000000,0.000000,0.000000,0.000000,0.000000,0.000000,0.000000,0.000000,0,0.000000,0.000000,0.000000,0.000000,0.000000,0.000000,0.000000,0.000000,0.000000,0.000000,0.000000,0.000000,0.000000,0.000000,0.000000,0.000000,0.000000,0.000000,0.000000,0.000000,0.000000,0.000000,0.000000,0.000000,0.000000,0.000000,0.000000,0.000000,0.000000,0.000000,0.000000,0.000000,0,0,0,0,0,0,0,0,0,0,0,0,0,66,0,0
2.405374,9770,13,0,0,2,60,0,0,0,0,0,0,-0.000026,-0.000000,-0.034812,-0.004902,-0.000000,0.035494,0.000938,0.000000,1.570796,0.227498,0.000000,0.000000,-9600,-9600,-9600,-9600,0,0,0,0.000000,0.000000,0.000000,0.000000,0.000000,0.000000,0.000000,0.000000,0,0,0.000000,0.000000,0.000000,0.000000,0.000000,0.000000,0.000000,0.000000,0.000000,0.000000,0.000000,0.000000,0,0.000000,0.000000,0.000000,0.000000,0.000000,0.000000,0.000000,0.000000,0.000000,0.000000,0.000000,0.000000,0.000000,0.000000,0.000000,0.000000,0.000000,0.000000,0.000000,0.000000,0.000000,0.000000,0.000000,0.000000,0.000000,0.000000,0.000000,0.000000,0.000000,0.000000,0.000000,0.000000,0,0,0,0,0,0,0,0,0,0,0,0,0,66,0,0
2.415144,9770,13,0,0,2,60,0,0,0,0,0,0,-0.000026,-0.000000,-0.034812,-0.004902,-0.000000,0.035494,0.000938,0.000000,1.570796,0.227498,0.000000,0.000000,-9600,-9600,-9600,-9600,0,0,0,0.000000,0.000000,0.000000,0.000000,0.000000,0.000000,0.000000,0.000000,0,0,0.000000,0.000000,0.000000,0.000000,0.000000,0.000000,0.000000,0.000000,0.000000,0.000000,0.000000,0.000000,0,0.000000,0.000000,0.000000,0.000000,0.000000,0.000000,0.000000,0.000000,0.000000,0.000000,0.000000,0.000000,0.000000,0.000000,0.000000,0.000000,0.000000,0.000000,0.000000,0.000000,0.000000,0.000000,0.000000,0.000000,0.000000,0.000000,0.000000,0.000000,0.000000,0.000000,0.000000,0.000000,0,0,0,0,0,0,0,0,0,0,0,0,0,66,0,0
2.424914,9770,13,0,0,2,60,0,0,0,0,0,0,-0.000026,-0.000000,-0.034812,-0.004902,-0.000000,0.035494,0.000938,0.000000,1.570796,0.227498,0.000000,0.000000,-9600,-9600,-9600,-9600,0,0,0,0.000000,0.000000,0.000000,0.000000,0.000000,0.000000,0.000000,0.000000,0,0,0.000000,0.000000,0.000000,0.000000,0.000000,0.000000,0.000000,0.000000,0.000000,0.000000,0.000000,0.000000,0,0.000000,0.000000,0.000000,0.000000,0.000000,0.000000,0.000000,0.000000,0.000000,0.000000,0.000000,0.000000,0.000000,0.000000,0.000000,0.000000,0.000000,0.000000,0.000000,0.000000,0.000000,0.000000,0.000000,0.000000,0.000000,0.000000,0.000000,0.000000,0.000000,0.000000,0.000000,0.000000,0,0,0,0,0,0,0,0,0,0,0,0,0,66,0,0
2.434684,9770,13,0,0,2,60,0,0,0,0,0,0,-0.000026,-0.000000,-0.034812,-0.004902,-0.000000,0.035494,0.000938,0.000000,1.570796,0.227498,0.000000,0.000000,-9600,-9600,-9600,-9600,0,0,0,0.000000,0.000000,0.000000,0.000000,0.000000,0.000000,0.000000,0.000000,0,0,0.000000,0.000000,0.000000,0.000000,0.000000,0.000000,0.000000,0.000000,0.000000,0.000000,0.000000,0.000000,0,0.000000,0.000000,0.000000,0.000000,0.000000,0.000000,0.000000,0.000000,0.000000,0.000000,0.000000,0.000000,0.000000,0.000000,0.000000,0.000000,0.000000,0.000000,0.000000,0.000000,0.000000,0.000000,0.000000,0.000000,0.000000,0.000000,0.000000,0.000000,0.000000,0.000000,0.000000,0.000000,0,0,0,0,0,0,0,0,0,0,0,0,0,66,0,0
2.444454,9770,13,0,0,2,60,0,0,0,0,0,0,-0.000026,-0.000000,-0.034812,-0.004902,-0.000000,0.035494,0.000938,0.000000,1.570796,0.227498,0.000000,0.000000,-9600,-9600,-9600,-9600,0,0,0,0.000000,0.000000,0.000000,0.000000,0.000000,0.000000,0.000000,0.000000,0,0,0.000000,0.000000,0.000000,0.000000,0.000000,0.000000,0.000000,0.000000,0.000000,0.000000,0.000000,0.000000,0,0.000000,0.000000,0.000000,0.000000,0.000000,0.000000,0.000000,0.000000,0.000000,0.000000,0.000000,0.000000,0.000000,0.000000,0.000000,0.000000,0.000000,0.000000,0.000000,0.000000,0.000000,0.000000,0.000000,0.000000,0.000000,0.000000,0.000000,0.000000,0.000000,0.000000,0.000000,0.000000,0,0,0,0,0,0,0,0,0,0,0,0,0,66,0,0
2.454224,9770,13,0,0,2,60,0,0,0,0,0,0,-0.000026,-0.000000,-0.034812,-0.004902,-0.000000,0.035494,0.000938,0.000000,1.570796,0.227498,0.000000,0.000000,-9600,-9600,-9600,-9600,0,0,0,0.000000,0.000000,0.000000,0.000000,0.000000,0.000000,0.000000,0.000000,0,0,0.000000,0.000000,0.000000,0.000000,0.000000,0.000000,0.000000,0.000000,0.000000,0.000000,0.000000,0.000000,0,0.000000,0.000000,0.000000,0.000000,0.000000,0.000000,0.000000,0.000000,0.000000,0.000000,0.000000,0.000000,0.000000,0.000000,0.000000,0.000000,0.000000,0.000000,0.000000,0.000000,0.000000,0.000000,0.000000,0.000000,0.000000,0.000000,0.000000,0.000000,0.000000,0.000000,0.000000,0.000000,0,0,0,0,0,0,0,0,0,0,0,0,0,66,0,0
2.463994,9770,13,0,0,2,60,0,0,0,0,0,0,-0.000026,-0.000000,-0.034812,-0.004902,-0.000000,0.035494,0.000938,0.000000,1.570796,0.227498,0.000000,0.000000,-9600,-9600,-9600,-9600,0,0,0,0.000000,0.000000,0.000000,0.000000,0.000000,0.000000,0.000000,0.000000,0,0,0.000000,0.000000,0.000000,0.000000,0.000000,0.000000,0.000000,0.000000,0.000000,0.000000,0.000000,0.000000,0,0.000000,0.000000,0.000000,0.000000,0.000000,0.000000,0.000000,0.000000,0.000000,0.000000,0.000000,0.000000,0.000000,0.000000,0.000000,0.000000,0.000000,0.000000,0.000000,0.000000,0.000000,0.000000,0.000000,0.000000,0.000000,0.000000,0.000000,0.000000,0.000000,0.000000,0.000000,0.000000,0,0,0,0,0,0,0,0,0,0,0,0,0,66,0,0
2.473764,9770,13,0,0,2,60,0,0,0,0,0,0,-0.000026,-0.000000,-0.034812,-0.004902,-0.000000,0.035494,0.000938,0.000000,1.570796,0.227498,0.000000,0.000000,-9600,-9600,-9600,-9600,0,0,0,0.000000,0.000000,0.000000,0.000000,0.000000,0.000000,0.000000,0.000000,0,0,0.000000,0.000000,0.000000,0.000000,0.000000,0.000000,0.000000,0.000000,0.000000,0.000000,0.000000,0.000000,0,0.000000,0.000000,0.000000,0.000000,0.000000,0.000000,0.000000,0.000000,0.000000,0.000000,0.000000,0.000000,0.000000,0.000000,0.000000,0.000000,0.000000,0.000000,0.000000,0.000000,0.000000,0.000000,0.000000,0.000000,0.000000,0.000000,0.000000,0.000000,0.000000,0.000000,0.000000,0.000000,0,0,0,0,0,0,0,0,0,0,0,0,0,66,0,0
2.483534,9770,13,0,0,2,60,0,0,0,0,0,0,-0.000026,-0.000000,-0.034812,-0.004902,-0.000000,0.035494,0.000938,0.000000,1.570796,0.227498,0.000000,0.000000,-9600,-9600,-9600,-9600,0,0,0,0.000000,0.000000,0.000000,0.000000,0.000000,0.000000,0.000000,0.000000,0,0,0.000000,0.000000,0.000000,0.000000,0.000000,0.000000,0.000000,0.000000,0.000000,0.000000,0.000000,0.000000,0,0.000000,0.000000,0.000000,0.000000,0.000000,0.000000,0.000000,0.000000,0.000000,0.000000,0.000000,0.000000,0.000000,0.000000,0.000000,0.000000,0.000000,0.000000,0.000000,0.000000,0.000000,0.000000,0.000000,0.000000,0.000000,0.000000,0.000000,0.000000,0.000000,0.000000,0.000000,0.000000,0,0,0,0,0,0,0,0,0,0,0,0,0,66,0,0
2.493304,9770,13,0,0,2,60,0,0,0,0,0,0,-0.000026,-0.000000,-0.034812,-0.004902,-0.000000,0.035494,0.000938,0.000000,1.570796,0.227498,0.000000,0.000000,-9600,-9600,-9600,-9600,0,0,0,0.000000,0.000000,0.000000,0.000000,0.000000,0.000000,0.000000,0.000000,0,0,0.000000,0.000000,0.000000,0.000000,0.000000,0.000000,0.000000,0.000000,0.000000,0.000000,0.000000,0.000000,0,0.000000,0.000000,0.000000,0.000000,0.000000,0.000000,0.000000,0.000000,0.000000,0.000000,0.000000,0.000000,0.000000,0.000000,0.000000,0.000000,0.000000,0.000000,0.000000,0.000000,0.000000,0.000000,0.000000,0.000000,0.000000,0.000000,0.000000,0.000000,0.000000,0.000000,0.000000,0.000000,0,0,0,0,0,0,0,0,0,0,0,0,0,66,0,0
2.503074,9770,13,0,0,2,60,0,0,0,0,0,0,-0.000026,-0.000000,-0.034812,-0.004902,-0.000000,0.035494,0.000938,0.000000,1.570796,0.227498,0.000000,0.000000,-9600,-9600,-9600,-9600,0,0,0,0.000000,0.000000,0.000000,0.000000,0.000000,0.000000,0.000000,0.000000,0,0,0.000000,0.000000,0.000000,0.000000,0.000000,0.000000,0.000000,0.000000,0.000000,0.000000,0.000000,0.000000,0,0.000000,0.000000,0.000000,0.000000,0.000000,0.000000,0.000000,0.000000,0.000000,0.000000,0.000000,0.000000,0.000000,0.000000,0.000000,0.000000,0.000000,0.000000,0.000000,0.000000,0.000000,0.000000,0.000000,0.000000,0.000000,0.000000,0.000000,0.000000,0.000000,0.000000,0.000000,0.000000,0,0,0,0,0,0,0,0,0,0,0,0,0,66,0,0
2.512844,9770,13,0,0,2,60,0,0,0,0,0,0,-0.000026,-0.000000,-0.034812,-0.004902,-0.000000,0.035494,0.000938,0.000000,1.570796,0.227498,0.000000,0.000000,-9600,-9600,-9600,-9600,0,0,0,0.000000,0.000000,0.000000,0.000000,0.000000,0.000000,0.000000,0.000000,0,0,0.000000,0.000000,0.000000,0.000000,0.000000,0.000000,0.000000,0.000000,0.000000,0.000000,0.000000,0.000000,0,0.000000,0.000000,0.000000,0.000000,0.000000,0.000000,0.000000,0.000000,0.000000,0.000000,0.000000,0.000000,0.000000,0.000000,0.000000,0.000000,0.000000,0.000000,0.000000,0.000000,0.000000,0.000000,0.000000,0.000000,0.000000,0.000000,0.000000,0.000000,0.000000,0.000000,0.000000,0.000000,0,0,0,0,0,0,0,0,0,0,0,0,0,66,0,0
2.522614,9770,13,0,0,2,60,0,0,0,0,0,0,-0.000026,-0.000000,-0.034812,-0.004902,-0.000000,0.035494,0.000938,0.000000,1.570796,0.227498,0.000000,0.000000,-9600,-9600,-9600,-9600,0,0,0,0.000000,0.000000,0.000000,0.000000,0.000000,0.000000,0.000000,0.000000,0,0,0.000000,0.000000,0.000000,0.000000,0.000000,0.000000,0.000000,0.000000,0.000000,0.000000,0.000000,0.000000,0,0.000000,0.000000,0.000000,0.000000,0.000000,0.000000,0.000000,0.000000,0.000000,0.000000,0.000000,0.000000,0.000000,0.000000,0.000000,0.000000,0.000000,0.000000,0.000000,0.000000,0.000000,0.000000,0.000000,0.000000,0.000000,0.000000,0.000000,0.000000,0.000000,0.000000,0.000000,0.000000,0,0,0,0,0,0,0,0,0,0,0,0,0,66,0,0
2.532384,9770,13,0,0,2,60,0,0,0,0,0,0,-0.000026,-0.000000,-0.034812,-0.004902,-0.000000,0.035494,0.000938,0.000000,1.570796,0.227498,0.000000,0.000000,-9600,-9600,-9600,-9600,0,0,0,0.000000,0.000000,0.000000,0.000000,0.000000,0.000000,0.000000,0.000000,0,0,0.000000,0.000000,0.000000,0.000000,0.000000,0.000000,0.000000,0.000000,0.000000,0.000000,0.000000,0.000000,0,0.000000,0.000000,0.000000,0.000000,0.000000,0.000000,0.000000,0.000000,0.000000,0.000000,0.000000,0.000000,0.000000,0.000000,0.000000,0.000000,0.000000,0.000000,0.000000,0.000000,0.000000,0.000000,0.000000,0.000000,0.000000,0.000000,0.000000,0.000000,0.000000,0.000000,0.000000,0.000000,0,0,0,0,0,0,0,0,0,0,0,0,0,66,0,0
2.542154,9770,13,0,0,2,60,0,0,0,0,0,0,-0.000026,-0.000000,-0.034812,-0.004902,-0.000000,0.035494,0.000938,0.000000,1.570796,0.227498,0.000000,0.000000,-9600,-9600,-9600,-9600,0,0,0,0.000000,0.000000,0.000000,0.000000,0.000000,0.000000,0.000000,0.000000,0,0,0.000000,0.000000,0.000000,0.000000,0.000000,0.000000,0.000000,0.000000,0.000000,0.000000,0.000000,0.000000,0,0.000000,0.000000,0.000000,0.000000,0.000000,0.000000,0.000000,0.000000,0.000000,0.000000,0.000000,0.000000,0.000000,0.000000,0.000000,0.000000,0.000000,0.000000,0.000000,0.000000,0.000000,0.000000,0.000000,0.000000,0.000000,0.000000,0.000000,0.000000,0.000000,0.000000,0.000000,0.000000,0,0,0,0,0,0,0,0,0,0,0,0,0,66,0,0
2.551924,9770,13,0,0,2,60,0,0,0,0,0,0,-0.000026,-0.000000,-0.034812,-0.004902,-0.000000,0.035494,0.000938,0.000000,1.570796,0.227498,0.000000,0.000000,-9600,-9600,-9600,-9600,0,0,0,0.000000,0.000000,0.000000,0.000000,0.000000,0.000000,0.000000,0.000000,0,0,0.000000,0.000000,0.000000,0.000000,0.000000,0.000000,0.000000,0.000000,0.000000,0.000000,0.000000,0.000000,0,0.000000,0.000000,0.000000,0.000000,0.000000,0.000000,0.000000,0.000000,0.000000,0.000000,0.000000,0.000000,0.000000,0.000000,0.000000,0.000000,0.000000,0.000000,0.000000,0.000000,0.000000,0.000000,0.000000,0.000000,0.000000,0.000000,0.000000,0.000000,0.000000,0.000000,0.000000,0.000000,0,0,0,0,0,0,0,0,0,0,0,0,0,66,0,0
2.561694,9770,13,0,0,2,60,0,0,0,0,0,0,-0.000026,-0.000000,-0.034812,-0.004902,-0.000000,0.035494,0.000938,0.000000,1.570796,0.227498,0.000000,0.000000,-9600,-9600,-9600,-9600,0,0,0,0.000000,0.000000,0.000000,0.000000,0.000000,0.000000,0.000000,0.000000,0,0,0.000000,0.000000,0.000000,0.000000,0.000000,0.000000,0.000000,0.000000,0.000000,0.000000,0.000000,0.000000,0,0.000000,0.000000,0.000000,0.000000,0.000000,0.000000,0.000000,0.000000,0.000000,0.000000,0.000000,0.000000,0.000000,0.000000,0.000000,0.000000,0.000000,0.000000,0.000000,0.000000,0.000000,0.000000,0.000000,0.000000,0.000000,0.000000,0.000000,0.000000,0.000000,0.000000,0.000000,0.000000,0,0,0,0,0,0,0,0,0,0,0,0,0,66,0,0
2.571464,9770,13,0,0,2,60,0,0,0,0,0,0,-0.000026,-0.000000,-0.034812,-0.004902,-0.000000,0.035494,0.000938,0.000000,1.570796,0.227498,0.000000,0.000000,-9600,-9600,-9600,-9600,0,0,0,0.000000,0.000000,0.000000,0.000000,0.000000,0.000000,0.000000,0.000000,0,0,0.000000,0.000000,0.000000,0.000000,0.000000,0.000000,0.000000,0.000000,0.000000,0.000000,0.000000,0.000000,0,0.000000,0.000000,0.000000,0.000000,0.000000,0.000000,0.000000,0.000000,0.000000,0.000000,0.000000,0.000000,0.000000,0.000000,0.000000,0.000000,0.000000,0.000000,0.000000,0.000000,0.000000,0.000000,0.000000,0.000000,0.000000,0.000000,0.000000,0.000000,0.000000,0.000000,0.000000,0.000000,0,0,0,0,0,0,0,0,0,0,0,0,0,66,0,0
2.581234,9770,13,0,0,2,60,0,0,0,0,0,0,-0.000026,-0.000000,-0.034812,-0.004902,-0.000000,0.035494,0.000938,0.000000,1.570796,0.227498,0.000000,0.000000,-9600,-9600,-9600,-9600,0,0,0,0.000000,0.000000,0.000000,0.000000,0.000000,0.000000,0.000000,0.000000,0,0,0.000000,0.000000,0.000000,0.000000,0.000000,0.000000,0.000000,0.000000,0.000000,0.000000,0.000000,0.000000,0,0.000000,0.000000,0.000000,0.000000,0.000000,0.000000,0.000000,0.000000,0.000000,0.000000,0.000000,0.000000,0.000000,0.000000,0.000000,0.000000,0.000000,0.000000,0.000000,0.000000,0.000000,0.000000,0.000000,0.000000,0.000000,0.000000,0.000000,0.000000,0.000000,0.000000,0.000000,0.000000,0,0,0,0,0,0,0,0,0,0,0,0,0,66,0,0
2.591004,9770,13,0,0,2,60,0,0,0,0,0,0,-0.000026,-0.000000,-0.034812,-0.004902,-0.000000,0.035494,0.000938,0.000000,1.570796,0.227498,0.000000,0.000000,-9600,-9600,-9600,-9600,0,0,0,0.000000,0.000000,0.000000,0.000000,0.000000,0.000000,0.000000,0.000000,0,0,0.000000,0.000000,0.000000,0.000000,0.000000,0.000000,0.000000,0.000000,0.000000,0.000000,0.000000,0.000000,0,0.000000,0.000000,0.000000,0.000000,0.000000,0.000000,0.000000,0.000000,0.000000,0.000000,0.000000,0.000000,0.000000,0.000000,0.000000,0.000000,0.000000,0.000000,0.000000,0.000000,0.000000,0.000000,0.000000,0.000000,0.000000,0.000000,0.000000,0.000000,0.000000,0.000000,0.000000,0.000000,0,0,0,0,0,0,0,0,0,0,0,0,0,66,0,0
2.600774,9770,13,0,0,2,60,0,0,0,0,0,0,-0.000026,-0.000000,-0.034812,-0.004902,-0.000000,0.035494,0.000938,0.000000,1.570796,0.227498,0.000000,0.000000,-9600,-9600,-9600,-9600,0,0,0,0.000000,0.000000,0.000000,0.000000,0.000000,0.000000,0.000000,0.000000,0,0,0.000000,0.000000,0.000000,0.000000,0.000000,0.000000,0.000000,0.000000,0.000000,0.000000,0.000000,0.000000,0,0.000000,0.000000,0.000000,0.000000,0.000000,0.000000,0.000000,0.000000,0.000000,0.000000,0.000000,0.000000,0.000000,0.000000,0.000000,0.000000,0.000000,0.000000,0.000000,0.000000,0.000000,0.000000,0.000000,0.000000,0.000000,0.000000,0.000000,0.000000,0.000000,0.000000,0.000000,0.000000,0,0,0,0,0,0,0,0,0,0,0,0,0,66,0,0
2.610544,9770,13,0,0,2,60,0,0,0,0,0,0,-0.000026,-0.000000,-0.034812,-0.004902,-0.000000,0.035494,0.000938,0.000000,1.570796,0.227498,0.000000,0.000000,-9600,-9600,-9600,-9600,0,0,0,0.000000,0.000000,0.000000,0.000000,0.000000,0.000000,0.000000,0.000000,0,0,0.000000,0.000000,0.000000,0.000000,0.000000,0.000000,0.000000,0.000000,0.000000,0.000000,0.000000,0.000000,0,0.000000,0.000000,0.000000,0.000000,0.000000,0.000000,0.000000,0.000000,0.000000,0.000000,0.000000,0.000000,0.000000,0.000000,0.000000,0.000000,0.000000,0.000000,0.000000,0.000000,0.000000,0.000000,0.000000,0.000000,0.000000,0.000000,0.000000,0.000000,0.000000,0.000000,0.000000,0.000000,0,0,0,0,0,0,0,0,0,0,0,0,0,66,0,0
2.620314,9770,13,0,0,2,60,0,0,0,0,0,0,-0.000026,-0.000000,-0.034812,-0.004902,-0.000000,0.035494,0.000938,0.000000,1.570796,0.227498,0.000000,0.000000,-9600,-9600,-9600,-9600,0,0,0,0.000000,0.000000,0.000000,0.000000,0.000000,0.000000,0.000000,0.000000,0,0,0.000000,0.000000,0.000000,0.000000,0.000000,0.000000,0.000000,0.000000,0.000000,0.000000,0.000000,0.000000,0,0.000000,0.000000,0.000000,0.000000,0.000000,0.000000,0.000000,0.000000,0.000000,0.000000,0.000000,0.000000,0.000000,0.000000,0.000000,0.000000,0.000000,0.000000,0.000000,0.000000,0.000000,0.000000,0.000000,0.000000,0.000000,0.000000,0.000000,0.000000,0.000000,0.000000,0.000000,0.000000,0,0,0,0,0,0,0,0,0,0,0,0,0,66,0,0
2.630084,9770,13,0,0,2,60,0,0,0,0,0,0,-0.000026,-0.000000,-0.034812,-0.004902,-0.000000,0.035494,0.000938,0.000000,1.570796,0.227498,0.000000,0.000000,-9600,-9600,-9600,-9600,0,0,0,0.000000,0.000000,0.000000,0.000000,0.000000,0.000000,0.000000,0.000000,0,0,0.000000,0.000000,0.000000,0.000000,0.000000,0.000000,0.000000,0.000000,0.000000,0.000000,0.000000,0.000000,0,0.000000,0.000000,0.000000,0.000000,0.000000,0.000000,0.000000,0.000000,0.000000,0.000000,0.000000,0.000000,0.000000,0.000000,0.000000,0.000000,0.000000,0.000000,0.000000,0.000000,0.000000,0.000000,0.000000,0.000000,0.000000,0.000000,0.000000,0.000000,0.000000,0.000000,0.000000,0.000000,0,0,0,0,0,0,0,0,0,0,0,0,0,66,0,0
2.639854,9770,13,0,0,2,60,0,0,0,0,0,0,-0.000027,-0.000000,-0.034812,-0.004902,-0.000000,0.035494,0.000938,0.000000,1.570796,0.227498,0.000000,0.000000,-9600,-9600,-9600,-9600,0,0,0,0.000000,0.000000,0.000000,0.000000,0.000000,0.000000,0.000000,0.000000,0,0,0.000000,0.000000,0.000000,0.000000,0.000000,0.000000,0.000000,0.000000,0.000000,0.000000,0.000000,0.000000,0,0.000000,0.000000,0.000000,0.000000,0.000000,0.000000,0.000000,0.000000,0.000000,0.000000,0.000000,0.000000,0.000000,0.000000,0.000000,0.000000,0.000000,0.000000,0.000000,0.000000,0.000000,0.000000,0.000000,0.000000,0.000000,0.000000,0.000000,0.000000,0.000000,0.000000,0.000000,0.000000,0,0,0,0,0,0,0,0,0,0,0,0,0,66,0,0
2.649624,9770,13,0,0,2,60,0,0,0,0,0,0,-0.000027,-0.000000,-0.034812,-0.004902,-0.000000,0.035494,0.000938,0.000000,1.570796,0.227498,0.000000,0.000000,-9600,-9600,-9600,-9600,0,0,0,0.000000,0.000000,0.000000,0.000000,0.000000,0.000000,0.000000,0.000000,0,0,0.000000,0.000000,0.000000,0.000000,0.000000,0.000000,0.000000,0.000000,0.000000,0.000000,0.000000,0.000000,0,0.000000,0.000000,0.000000,0.000000,0.000000,0.000000,0.000000,0.000000,0.000000,0.000000,0.000000,0.000000,0.000000,0.000000,0.000000,0.000000,0.000000,0.000000,0.000000,0.000000,0.000000,0.000000,0.000000,0.000000,0.000000,0.000000,0.000000,0.000000,0.000000,0.000000,0.000000,0.000000,0,0,0,0,0,0,0,0,0,0,0,0,0,66,0,0
2.659394,9770,13,0,0,2,60,0,0,0,0,0,0,-0.000027,-0.000000,-0.034812,-0.004902,-0.000000,0.035494,0.000938,0.000000,1.570796,0.227498,0.000000,0.000000,-9600,-9600,-9600,-9600,0,0,0,0.000000,0.000000,0.000000,0.000000,0.000000,0.000000,0.000000,0.000000,0,0,0.000000,0.000000,0.000000,0.000000,0.000000,0.000000,0.000000,0.000000,0.000000,0.000000,0.000000,0.000000,0,0.000000,0.000000,0.000000,0.000000,0.000000,0.000000,0.000000,0.000000,0.000000,0.000000,0.000000,0.000000,0.000000,0.000000,0.000000,0.000000,0.000000,0.000000,0.000000,0.000000,0.000000,0.000000,0.000000,0.000000,0.000000,0.000000,0.000000,0.000000,0.000000,0.000000,0.000000,0.000000,0,0,0,0,0,0,0,0,0,0,0,0,0,66,0,0
2.669164,9770,13,0,0,2,60,0,0,0,0,0,0,-0.000027,-0.000000,-0.034812,-0.004902,-0.000000,0.035494,0.000938,0.000000,1.570796,0.227498,0.000000,0.000000,-9600,-9600,-9600,-9600,0,0,0,0.000000,0.000000,0.000000,0.000000,0.000000,0.000000,0.000000,0.000000,0,0,0.000000,0.000000,0.000000,0.000000,0.000000,0.000000,0.000000,0.000000,0.000000,0.000000,0.000000,0.000000,0,0.000000,0.000000,0.000000,0.000000,0.000000,0.000000,0.000000,0.000000,0.000000,0.000000,0.000000,0.000000,0.000000,0.000000,0.000000,0.000000,0.000000,0.000000,0.000000,0.000000,0.000000,0.000000,0.000000,0.000000,0.000000,0.000000,0.000000,0.000000,0.000000,0.000000,0.000000,0.000000,0,0,0,0,0,0,0,0,0,0,0,0,0,66,0,0
2.678934,9770,13,0,0,2,60,0,0,0,0,0,0,-0.000027,-0.000000,-0.034812,-0.004902,-0.000000,0.035494,0.000938,0.000000,1.570796,0.227498,0.000000,0.000000,-9600,-9600,-9600,-9600,0,0,0,0.000000,0.000000,0.000000,0.000000,0.000000,0.000000,0.000000,0.000000,0,0,0.000000,0.000000,0.000000,0.000000,0.000000,0.000000,0.000000,0.000000,0.000000,0.000000,0.000000,0.000000,0,0.000000,0.000000,0.000000,0.000000,0.000000,0.000000,0.000000,0.000000,0.000000,0.000000,0.000000,0.000000,0.000000,0.000000,0.000000,0.000000,0.000000,0.000000,0.000000,0.000000,0.000000,0.000000,0.000000,0.000000,0.000000,0.000000,0.000000,0.000000,0.000000,0.000000,0.000000,0.000000,0,0,0,0,0,0,0,0,0,0,0,0,0,66,0,0
2.688704,9770,13,0,0,2,60,0,0,0,0,0,0,-0.000027,-0.000000,-0.034812,-0.004902,-0.000000,0.035494,0.000938,0.000000,1.570796,0.227498,0.000000,0.000000,-9600,-9600,-9600,-9600,0,0,0,0.000000,0.000000,0.000000,0.000000,0.000000,0.000000,0.000000,0.000000,0,0,0.000000,0.000000,0.000000,0.000000,0.000000,0.000000,0.000000,0.000000,0.000000,0.000000,0.000000,0.000000,0,0.000000,0.000000,0.000000,0.000000,0.000000,0.000000,0.000000,0.000000,0.000000,0.000000,0.000000,0.000000,0.000000,0.000000,0.000000,0.000000,0.000000,0.000000,0.000000,0.000000,0.000000,0.000000,0.000000,0.000000,0.000000,0.000000,0.000000,0.000000,0.000000,0.000000,0.000000,0.000000,0,0,0,0,0,0,0,0,0,0,0,0,0,66,0,0
2.698474,9770,13,0,0,2,60,0,0,0,0,0,0,-0.000027,-0.000000,-0.034812,-0.004902,-0.000000,0.035494,0.000938,0.000000,1.570796,0.227498,0.000000,0.000000,-9600,-9600,-9600,-9600,0,0,0,0.000000,0.000000,0.000000,0.000000,0.000000,0.000000,0.000000,0.000000,0,0,0.000000,0.000000,0.000000,0.000000,0.000000,0.000000,0.000000,0.000000,0.000000,0.000000,0.000000,0.000000,0,0.000000,0.000000,0.000000,0.000000,0.000000,0.000000,0.000000,0.000000,0.000000,0.000000,0.000000,0.000000,0.000000,0.000000,0.000000,0.000000,0.000000,0.000000,0.000000,0.000000,0.000000,0.000000,0.000000,0.000000,0.000000,0.000000,0.000000,0.000000,0.000000,0.000000,0.000000,0.000000,0,0,0,0,0,0,0,0,0,0,0,0,0,66,0,0
2.708244,9770,13,0,0,2,60,0,0,0,0,0,0,-0.000027,-0.000000,-0.034812,-0.004902,-0.000000,0.035494,0.000938,0.000000,1.570796,0.227498,0.000000,0.000000,-9600,-9600,-9600,-9600,0,0,0,0.000000,0.000000,0.000000,0.000000,0.000000,0.000000,0.000000,0.000000,0,0,0.000000,0.000000,0.000000,0.000000,0.000000,0.000000,0.000000,0.000000,0.000000,0.000000,0.000000,0.000000,0,0.000000,0.000000,0.000000,0.000000,0.000000,0.000000,0.000000,0.000000,0.000000,0.000000,0.000000,0.000000,0.000000,0.000000,0.000000,0.000000,0.000000,0.000000,0.000000,0.000000,0.000000,0.000000,0.000000,0.000000,0.000000,0.000000,0.000000,0.000000,0.000000,0.000000,0.000000,0.000000,0,0,0,0,0,0,0,0,0,0,0,0,0,66,0,0
2.718014,9770,13,0,0,2,60,0,0,0,0,0,0,-0.000027,-0.000000,-0.034812,-0.004902,-0.000000,0.035494,0.000938,0.000000,1.570796,0.227498,0.000000,0.000000,-9600,-9600,-9600,-9600,0,0,0,0.000000,0.000000,0.000000,0.000000,0.000000,0.000000,0.000000,0.000000,0,0,0.000000,0.000000,0.000000,0.000000,0.000000,0.000000,0.000000,0.000000,0.000000,0.000000,0.000000,0.000000,0,0.000000,0.000000,0.000000,0.000000,0.000000,0.000000,0.000000,0.000000,0.000000,0.000000,0.000000,0.000000,0.000000,0.000000,0.000000,0.000000,0.000000,0.000000,0.000000,0.000000,0.000000,0.000000,0.000000,0.000000,0.000000,0.000000,0.000000,0.000000,0.000000,0.000000,0.000000,0.000000,0,0,0,0,0,0,0,0,0,0,0,0,0,66,0,0
2.727784,9770,13,0,0,2,60,0,0,0,0,0,0,-0.000027,-0.000000,-0.034812,-0.004902,-0.000000,0.035494,0.000938,0.000000,1.570796,0.227498,0.000000,0.000000,-9600,-9600,-9600,-9600,0,0,0,0.000000,0.000000,0.000000,0.000000,0.000000,0.000000,0.000000,0.000000,0,0,0.000000,0.000000,0.000000,0.000000,0.000000,0.000000,0.000000,0.000000,0.000000,0.000000,0.000000,0.000000,0,0.000000,0.000000,0.000000,0.000000,0.000000,0.000000,0.000000,0.000000,0.000000,0.000000,0.000000,0.000000,0.000000,0.000000,0.000000,0.000000,0.000000,0.000000,0.000000,0.000000,0.000000,0.000000,0.000000,0.000000,0.000000,0.000000,0.000000,0.000000,0.000000,0.000000,0.000000,0.000000,0,0,0,0,0,0,0,0,0,0,0,0,0,66,0,0
2.737554,9770,13,0,0,2,60,0,0,0,0,0,0,-0.000027,-0.000000,-0.034812,-0.004902,-0.000000,0.035494,0.000938,0.000000,1.570796,0.227498,0.000000,0.000000,-9600,-9600,-9600,-9600,0,0,0,0.000000,0.000000,0.000000,0.000000,0.000000,0.000000,0.000000,0.000000,0,0,0.000000,0.000000,0.000000,0.000000,0.000000,0.000000,0.000000,0.000000,0.000000,0.000000,0.000000,0.000000,0,0.000000,0.000000,0.000000,0.000000,0.000000,0.000000,0.000000,0.000000,0.000000,0.000000,0.000000,0.000000,0.000000,0.000000,0.000000,0.000000,0.000000,0.000000,0.000000,0.000000,0.000000,0.000000,0.000000,0.000000,0.000000,0.000000,0.000000,0.000000,0.000000,0.000000,0.000000,0.000000,0,0,0,0,0,0,0,0,0,0,0,0,0,66,0,0
2.747324,9770,13,0,0,2,60,0,0,0,0,0,0,-0.000027,-0.000000,-0.034812,-0.004902,-0.000000,0.035494,0.000938,0.000000,1.570796,0.227498,0.000000,0.000000,-9600,-9600,-9600,-9600,0,0,0,0.000000,0.000000,0.000000,0.000000,0.000000,0.000000,0.000000,0.000000,0,0,0.000000,0.000000,0.000000,0.000000,0.000000,0.000000,0.000000,0.000000,0.000000,0.000000,0.000000,0.000000,0,0.000000,0.000000,0.000000,0.000000,0.000000,0.000000,0.000000,0.000000,0.000000,0.000000,0.000000,0.000000,0.000000,0.000000,0.000000,0.000000,0.000000,0.000000,0.000000,0.000000,0.000000,0.000000,0.000000,0.000000,0.000000,0.000000,0.000000,0.000000,0.000000,0.000000,0.000000,0.000000,0,0,0,0,0,0,0,0,0,0,0,0,0,66,0,0
2.757094,9770,13,0,0,2,60,0,0,0,0,0,0,-0.000027,-0.000000,-0.034812,-0.004902,-0.000000,0.035494,0.000938,0.000000,1.570796,0.227498,0.000000,0.000000,-9600,-9600,-9600,-9600,0,0,0,0.000000,0.000000,0.000000,0.000000,0.000000,0.000000,0.000000,0.000000,0,0,0.000000,0.000000,0.000000,0.000000,0.000000,0.000000,0.000000,0.000000,0.000000,0.000000,0.000000,0.000000,0,0.000000,0.000000,0.000000,0.000000,0.000000,0.000000,0.000000,0.000000,0.000000,0.000000,0.000000,0.000000,0.000000,0.000000,0.000000,0.000000,0.000000,0.000000,0.000000,0.000000,0.000000,0.000000,0.000000,0.000000,0.000000,0.000000,0.000000,0.000000,0.000000,0.000000,0.000000,0.000000,0,0,0,0,0,0,0,0,0,0,0,0,0,66,0,0
2.766864,9770,13,0,0,2,60,0,0,0,0,0,0,-0.000027,-0.000000,-0.034812,-0.004902,-0.000000,0.035494,0.000938,0.000000,1.570796,0.227498,0.000000,0.000000,-9600,-9600,-9600,-9600,0,0,0,0.000000,0.000000,0.000000,0.000000,0.000000,0.000000,0.000000,0.000000,0,0,0.000000,0.000000,0.000000,0.000000,0.000000,0.000000,0.000000,0.000000,0.000000,0.000000,0.000000,0.000000,0,0.000000,0.000000,0.000000,0.000000,0.000000,0.000000,0.000000,0.000000,0.000000,0.000000,0.000000,0.000000,0.000000,0.000000,0.000000,0.000000,0.000000,0.000000,0.000000,0.000000,0.000000,0.000000,0.000000,0.000000,0.000000,0.000000,0.000000,0.000000,0.000000,0.000000,0.000000,0.000000,0,0,0,0,0,0,0,0,0,0,0,0,0,66,0,0
2.776634,9770,13,0,0,2,60,0,0,0,0,0,0,-0.000027,-0.000000,-0.034812,-0.004902,-0.000000,0.035494,0.000938,0.000000,1.570796,0.227498,0.000000,0.000000,-9600,-9600,-9600,-9600,0,0,0,0.000000,0.000000,0.000000,0.000000,0.000000,0.000000,0.000000,0.000000,0,0,0.000000,0.000000,0.000000,0.000000,0.000000,0.000000,0.000000,0.000000,0.000000,0.000000,0.000000,0.000000,0,0.000000,0.000000,0.000000,0.000000,0.000000,0.000000,0.000000,0.000000,0.000000,0.000000,0.000000,0.000000,0.000000,0.000000,0.000000,0.000000,0.000000,0.000000,0.000000,0.000000,0.000000,0.000000,0.000000,0.000000,0.000000,0.000000,0.000000,0.000000,0.000000,0.000000,0.000000,0.000000,0,0,0,0,0,0,0,0,0,0,0,0,0,66,0,0
2.786404,9770,13,0,0,2,60,0,0,0,0,0,0,-0.000027,-0.000000,-0.034812,-0.004902,-0.000000,0.035494,0.000938,0.000000,1.570796,0.227498,0.000000,0.000000,-9600,-9600,-9600,-9600,0,0,0,0.000000,0.000000,0.000000,0.000000,0.000000,0.000000,0.000000,0.000000,0,0,0.000000,0.000000,0.000000,0.000000,0.000000,0.000000,0.000000,0.000000,0.000000,0.000000,0.000000,0.000000,0,0.000000,0.000000,0.000000,0.000000,0.000000,0.000000,0.000000,0.000000,0.000000,0.000000,0.000000,0.000000,0.000000,0.000000,0.000000,0.000000,0.000000,0.000000,0.000000,0.000000,0.000000,0.000000,0.000000,0.000000,0.000000,0.000000,0.000000,0.000000,0.000000,0.000000,0.000000,0.000000,0,0,0,0,0,0,0,0,0,0,0,0,0,66,0,0
2.796174,9770,13,0,0,2,60,0,0,0,0,0,0,-0.000027,-0.000000,-0.034812,-0.004902,-0.000000,0.035494,0.000938,0.000000,1.570796,0.227498,0.000000,0.000000,-9600,-9600,-9600,-9600,0,0,0,0.000000,0.000000,0.000000,0.000000,0.000000,0.000000,0.000000,0.000000,0,0,0.000000,0.000000,0.000000,0.000000,0.000000,0.000000,0.000000,0.000000,0.000000,0.000000,0.000000,0.000000,0,0.000000,0.000000,0.000000,0.000000,0.000000,0.000000,0.000000,0.000000,0.000000,0.000000,0.000000,0.000000,0.000000,0.000000,0.000000,0.000000,0.000000,0.000000,0.000000,0.000000,0.000000,0.000000,0.000000,0.000000,0.000000,0.000000,0.000000,0.000000,0.000000,0.000000,0.000000,0.000000,0,0,0,0,0,0,0,0,0,0,0,0,0,66,0,0
2.805944,9770,13,0,0,2,60,0,0,0,0,0,0,-0.000027,-0.000000,-0.034812,-0.004902,-0.000000,0.035494,0.000938,0.000000,1.570796,0.227498,0.000000,0.000000,-9600,-9600,-9600,-9600,0,0,0,0.000000,0.000000,0.000000,0.000000,0.000000,0.000000,0.000000,0.000000,0,0,0.000000,0.000000,0.000000,0.000000,0.000000,0.000000,0.000000,0.000000,0.000000,0.000000,0.000000,0.000000,0,0.000000,0.000000,0.000000,0.000000,0.000000,0.000000,0.000000,0.000000,0.000000,0.000000,0.000000,0.000000,0.000000,0.000000,0.000000,0.000000,0.000000,0.000000,0.000000,0.000000,0.000000,0.000000,0.000000,0.000000,0.000000,0.000000,0.000000,0.000000,0.000000,0.000000,0.000000,0.000000,0,0,0,0,0,0,0,0,0,0,0,0,0,66,0,0
2.815714,9770,13,0,0,2,60,0,0,0,0,0,0,-0.000027,-0.000000,-0.034812,-0.004902,-0.000000,0.035494,0.000938,0.000000,1.570796,0.227498,0.000000,0.000000,-9600,-9600,-9600,-9600,0,0,0,0.000000,0.000000,0.000000,0.000000,0.000000,0.000000,0.000000,0.000000,0,0,0.000000,0.000000,0.000000,0.000000,0.000000,0.000000,0.000000,0.000000,0.000000,0.000000,0.000000,0.000000,0,0.000000,0.000000,0.000000,0.000000,0.000000,0.000000,0.000000,0.000000,0.000000,0.000000,0.000000,0.000000,0.000000,0.000000,0.000000,0.000000,0.000000,0.000000,0.000000,0.000000,0.000000,0.000000,0.000000,0.000000,0.000000,0.000000,0.000000,0.000000,0.000000,0.000000,0.000000,0.000000,0,0,0,0,0,0,0,0,0,0,0,0,0,66,0,0
2.825484,9770,13,0,0,2,60,0,0,0,0,0,0,-0.000027,-0.000000,-0.034812,-0.004902,-0.000000,0.035494,0.000938,0.000000,1.570796,0.227498,0.000000,0.000000,-9600,-9600,-9600,-9600,0,0,0,0.000000,0.000000,0.000000,0.000000,0.000000,0.000000,0.000000,0.000000,0,0,0.000000,0.000000,0.000000,0.000000,0.000000,0.000000,0.000000,0.000000,0.000000,0.000000,0.000000,0.000000,0,0.000000,0.000000,0.000000,0.000000,0.000000,0.000000,0.000000,0.000000,0.000000,0.000000,0.000000,0.000000,0.000000,0.000000,0.000000,0.000000,0.000000,0.000000,0.000000,0.000000,0.000000,0.000000,0.000000,0.000000,0.000000,0.000000,0.000000,0.000000,0.000000,0.000000,0.000000,0.000000,0,0,0,0,0,0,0,0,0,0,0,0,0,66,0,0
2.835254,9770,13,0,0,2,60,0,0,0,0,0,0,-0.000027,-0.000000,-0.034812,-0.004902,-0.000000,0.035494,0.000938,0.000000,1.570796,0.227498,0.000000,0.000000,-9600,-9600,-9600,-9600,0,0,0,0.000000,0.000000,0.000000,0.000000,0.000000,0.000000,0.000000,0.000000,0,0,0.000000,0.000000,0.000000,0.000000,0.000000,0.000000,0.000000,0.000000,0.000000,0.000000,0.000000,0.000000,0,0.000000,0.000000,0.000000,0.000000,0.000000,0.000000,0.000000,0.000000,0.000000,0.000000,0.000000,0.000000,0.000000,0.000000,0.000000,0.000000,0.000000,0.000000,0.000000,0.000000,0.000000,0.000000,0.000000,0.000000,0.000000,0.000000,0.000000,0.000000,0.000000,0.000000,0.000000,0.000000,0,0,0,0,0,0,0,0,0,0,0,0,0,66,0,0
2.845024,9770,13,0,0,2,60,0,0,0,0,0,0,-0.000027,-0.000000,-0.034812,-0.004902,-0.000000,0.035494,0.000938,0.000000,1.570796,0.227498,0.000000,0.000000,-9600,-9600,-9600,-9600,0,0,0,0.000000,0.000000,0.000000,0.000000,0.000000,0.000000,0.000000,0.000000,0,0,0.000000,0.000000,0.000000,0.000000,0.000000,0.000000,0.000000,0.000000,0.000000,0.000000,0.000000,0.000000,0,0.000000,0.000000,0.000000,0.000000,0.000000,0.000000,0.000000,0.000000,0.000000,0.000000,0.000000,0.000000,0.000000,0.000000,0.000000,0.000000,0.000000,0.000000,0.000000,0.000000,0.000000,0.000000,0.000000,0.000000,0.000000,0.000000,0.000000,0.000000,0.000000,0.000000,0.000000,0.000000,0,0,0,0,0,0,0,0,0,0,0,0,0,66,0,0
2.854794,9770,13,0,0,2,60,0,0,0,0,0,0,-0.000027,-0.000000,-0.034812,-0.004902,-0.000000,0.035494,0.000938,0.000000,1.570796,0.227498,0.000000,0.000000,-9600,-9600,-9600,-9600,0,0,0,0.000000,0.000000,0.000000,0.000000,0.000000,0.000000,0.000000,0.000000,0,0,0.000000,0.000000,0.000000,0.000000,0.000000,0.000000,0.000000,0.000000,0.000000,0.000000,0.000000,0.000000,0,0.000000,0.000000,0.000000,0.000000,0.000000,0.000000,0.000000,0.000000,0.000000,0.000000,0.000000,0.000000,0.000000,0.000000,0.000000,0.000000,0.000000,0.000000,0.000000,0.000000,0.000000,0.000000,0.000000,0.000000,0.000000,0.000000,0.000000,0.000000,0.000000,0.000000,0.000000,0.000000,0,0,0,0,0,0,0,0,0,0,0,0,0,66,0,0
2.864564,9770,13,0,0,2,60,0,0,0,0,0,0,-0.000027,-0.000000,-0.034812,-0.004902,-0.000000,0.035494,0.000938,0.000000,1.570796,0.227498,0.000000,0.000000,-9600,-9600,-9600,-9600,0,0,0,0.000000,0.000000,0.000000,0.000000,0.000000,0.000000,0.000000,0.000000,0,0,0.000000,0.000000,0.000000,0.000000,0.000000,0.000000,0.000000,0.000000,0.000000,0.000000,0.000000,0.000000,0,0.000000,0.000000,0.000000,0.000000,0.000000,0.000000,0.000000,0.000000,0.000000,0.000000,0.000000,0.000000,0.000000,0.000000,0.000000,0.000000,0.000000,0.000000,0.000000,0.000000,0.000000,0.000000,0.000000,0.000000,0.000000,0.000000,0.000000,0.000000,0.000000,0.000000,0.000000,0.000000,0,0,0,0,0,0,0,0,0,0,0,0,0,66,0,0
2.874334,9770,13,0,0,2,60,0,0,0,0,0,0,-0.000027,-0.000000,-0.034812,-0.004902,-0.000000,0.035494,0.000938,0.000000,1.570796,0.227498,0.000000,0.000000,-9600,-9600,-9600,-9600,0,0,0,0.000000,0.000000,0.000000,0.000000,0.000000,0.000000,0.000000,0.000000,0,0,0.000000,0.000000,0.000000,0.000000,0.000000,0.000000,0.000000,0.000000,0.000000,0.000000,0.000000,0.000000,0,0.000000,0.000000,0.000000,0.000000,0.000000,0.000000,0.000000,0.000000,0.000000,0.000000,0.000000,0.000000,0.000000,0.000000,0.000000,0.000000,0.000000,0.000000,0.000000,0.000000,0.000000,0.000000,0.000000,0.000000,0.000000,0.000000,0.000000,0.000000,0.000000,0.000000,0.000000,0.000000,0,0,0,0,0,0,0,0,0,0,0,0,0,66,0,0
2.884104,9770,13,0,0,2,60,0,0,0,0,0,0,-0.000027,-0.000000,-0.034812,-0.004902,-0.000000,0.035494,0.000938,0.000000,1.570796,0.227498,0.000000,0.000000,-9600,-9600,-9600,-9600,0,0,0,0.000000,0.000000,0.000000,0.000000,0.000000,0.000000,0.000000,0.000000,0,0,0.000000,0.000000,0.000000,0.000000,0.000000,0.000000,0.000000,0.000000,0.000000,0.000000,0.000000,0.000000,0,0.000000,0.000000,0.000000,0.000000,0.000000,0.000000,0.000000,0.000000,0.000000,0.000000,0.000000,0.000000,0.000000,0.000000,0.000000,0.000000,0.000000,0.000000,0.000000,0.000000,0.000000,0.000000,0.000000,0.000000,0.000000,0.000000,0.000000,0.000000,0.000000,0.000000,0.000000,0.000000,0,0,0,0,0,0,0,0,0,0,0,0,0,66,0,0
2.893874,9770,13,0,0,2,60,0,0,0,0,0,0,-0.000027,-0.000000,-0.034812,-0.004902,-0.000000,0.035494,0.000938,0.000000,1.570796,0.227498,0.000000,0.000000,-9600,-9600,-9600,-9600,0,0,0,0.000000,0.000000,0.000000,0.000000,0.000000,0.000000,0.000000,0.000000,0,0,0.000000,0.000000,0.000000,0.000000,0.000000,0.000000,0.000000,0.000000,0.000000,0.000000,0.000000,0.000000,0,0.000000,0.000000,0.000000,0.000000,0.000000,0.000000,0.000000,0.000000,0.000000,0.000000,0.000000,0.000000,0.000000,0.000000,0.000000,0.000000,0.000000,0.000000,0.000000,0.000000,0.000000,0.000000,0.000000,0.000000,0.000000,0.000000,0.000000,0.000000,0.000000,0.000000,0.000000,0.000000,0,0,0,0,0,0,0,0,0,0,0,0,0,66,0,0
2.903644,9770,13,0,0,2,60,0,0,0,0,0,0,-0.000027,-0.000000,-0.034812,-0.004902,-0.000000,0.035494,0.000938,0.000000,1.570796,0.227498,0.000000,0.000000,-9600,-9600,-9600,-9600,0,0,0,0.000000,0.000000,0.000000,0.000000,0.000000,0.000000,0.000000,0.000000,0,0,0.000000,0.000000,0.000000,0.000000,0.000000,0.000000,0.000000,0.000000,0.000000,0.000000,0.000000,0.000000,0,0.000000,0.000000,0.000000,0.000000,0.000000,0.000000,0.000000,0.000000,0.000000,0.000000,0.000000,0.000000,0.000000,0.000000,0.000000,0.000000,0.000000,0.000000,0.000000,0.000000,0.000000,0.000000,0.000000,0.000000,0.000000,0.000000,0.000000,0.000000,0.000000,0.000000,0.000000,0.000000,0,0,0,0,0,0,0,0,0,0,0,0,0,66,0,0
2.913414,9770,13,0,0,2,60,0,0,0,0,0,0,-0.000027,-0.000000,-0.034812,-0.004902,-0.000000,0.035494,0.000938,0.000000,1.570796,0.227498,0.000000,0.000000,-9600,-9600,-9600,-9600,0,0,0,0.000000,0.000000,0.000000,0.000000,0.000000,0.000000,0.000000,0.000000,0,0,0.000000,0.000000,0.000000,0.000000,0.000000,0.000000,0.000000,0.000000,0.000000,0.000000,0.000000,0.000000,0,0.000000,0.000000,0.000000,0.000000,0.000000,0.000000,0.000000,0.000000,0.000000,0.000000,0.000000,0.000000,0.000000,0.000000,0.000000,0.000000,0.000000,0.000000,0.000000,0.000000,0.000000,0.000000,0.000000,0.000000,0.000000,0.000000,0.000000,0.000000,0.000000,0.000000,0.000000,0.000000,0,0,0,0,0,0,0,0,0,0,0,0,0,66,0,0
2.923184,9770,13,0,0,2,60,0,0,0,0,0,0,-0.000027,-0.000000,-0.034812,-0.004902,-0.000000,0.035494,0.000938,0.000000,1.570796,0.227498,0.000000,0.000000,-9600,-9600,-9600,-9600,0,0,0,0.000000,0.000000,0.000000,0.000000,0.000000,0.000000,0.000000,0.000000,0,0,0.000000,0.000000,0.000000,0.000000,0.000000,0.000000,0.000000,0.000000,0.000000,0.000000,0.000000,0.000000,0,0.000000,0.000000,0.000000,0.000000,0.000000,0.000000,0.000000,0.000000,0.000000,0.000000,0.000000,0.000000,0.000000,0.000000,0.000000,0.000000,0.000000,0.000000,0.000000,0.000000,0.000000,0.000000,0.000000,0.000000,0.000000,0.000000,0.000000,0.000000,0.000000,0.000000,0.000000,0.000000,0,0,0,0,0,0,0,0,0,0,0,0,0,66,0,0
2.932954,9770,13,0,0,2,60,0,0,0,0,0,0,-0.000027,-0.000000,-0.034812,-0.004902,-0.000000,0.035494,0.000938,0.000000,1.570796,0.227498,0.000000,0.000000,-9600,-9600,-9600,-9600,0,0,0,0.000000,0.000000,0.000000,0.000000,0.000000,0.000000,0.000000,0.000000,0,0,0.000000,0.000000,0.000000,0.000000,0.000000,0.000000,0.000000,0.000000,0.000000,0.000000,0.000000,0.000000,0,0.000000,0.000000,0.000000,0.000000,0.000000,0.000000,0.000000,0.000000,0.000000,0.000000,0.000000,0.000000,0.000000,0.000000,0.000000,0.000000,0.000000,0.000000,0.000000,0.000000,0.000000,0.000000,0.000000,0.000000,0.000000,0.000000,0.000000,0.000000,0.000000,0.000000,0.000000,0.000000,0,0,0,0,0,0,0,0,0,0,0,0,0,66,0,0
2.942724,9770,13,0,0,2,60,0,0,0,0,0,0,-0.000027,-0.000000,-0.034812,-0.004902,-0.000000,0.035494,0.000938,0.000000,1.570796,0.227498,0.000000,0.000000,-9600,-9600,-9600,-9600,0,0,0,0.000000,0.000000,0.000000,0.000000,0.000000,0.000000,0.000000,0.000000,0,0,0.000000,0.000000,0.000000,0.000000,0.000000,0.000000,0.000000,0.000000,0.000000,0.000000,0.000000,0.000000,0,0.000000,0.000000,0.000000,0.000000,0.000000,0.000000,0.000000,0.000000,0.000000,0.000000,0.000000,0.000000,0.000000,0.000000,0.000000,0.000000,0.000000,0.000000,0.000000,0.000000,0.000000,0.000000,0.000000,0.000000,0.000000,0.000000,0.000000,0.000000,0.000000,0.000000,0.000000,0.000000,0,0,0,0,0,0,0,0,0,0,0,0,0,66,0,0
2.952494,9770,13,0,0,2,60,0,0,0,0,0,0,-0.000027,-0.000000,-0.034812,-0.004902,-0.000000,0.035494,0.000938,0.000000,1.570796,0.227498,0.000000,0.000000,-9600,-9600,-9600,-9600,0,0,0,0.000000,0.000000,0.000000,0.000000,0.000000,0.000000,0.000000,0.000000,0,0,0.000000,0.000000,0.000000,0.000000,0.000000,0.000000,0.000000,0.000000,0.000000,0.000000,0.000000,0.000000,0,0.000000,0.000000,0.000000,0.000000,0.000000,0.000000,0.000000,0.000000,0.000000,0.000000,0.000000,0.000000,0.000000,0.000000,0.000000,0.000000,0.000000,0.000000,0.000000,0.000000,0.000000,0.000000,0.000000,0.000000,0.000000,0.000000,0.000000,0.000000,0.000000,0.000000,0.000000,0.000000,0,0,0,0,0,0,0,0,0,0,0,0,0,66,0,0
2.962264,9770,13,0,0,2,60,0,0,0,0,0,0,-0.000027,-0.000000,-0.034812,-0.004902,-0.000000,0.035494,0.000938,0.000000,1.570796,0.227498,0.000000,0.000000,-9600,-9600,-9600,-9600,0,0,0,0.000000,0.000000,0.000000,0.000000,0.000000,0.000000,0.000000,0.000000,0,0,0.000000,0.000000,0.000000,0.000000,0.000000,0.000000,0.000000,0.000000,0.000000,0.000000,0.000000,0.000000,0,0.000000,0.000000,0.000000,0.000000,0.000000,0.000000,0.000000,0.000000,0.000000,0.000000,0.000000,0.000000,0.000000,0.000000,0.000000,0.000000,0.000000,0.000000,0.000000,0.000000,0.000000,0.000000,0.000000,0.000000,0.000000,0.000000,0.000000,0.000000,0.000000,0.000000,0.000000,0.000000,0,0,0,0,0,0,0,0,0,0,0,0,0,66,0,0
2.972034,9770,13,0,0,2,60,0,0,0,0,0,0,-0.000027,-0.000000,-0.034812,-0.004902,-0.000000,0.035494,0.000938,0.000000,1.570796,0.227498,0.000000,0.000000,-9600,-9600,-9600,-9600,0,0,0,0.000000,0.000000,0.000000,0.000000,0.000000,0.000000,0.000000,0.000000,0,0,0.000000,0.000000,0.000000,0.000000,0.000000,0.000000,0.000000,0.000000,0.000000,0.000000,0.000000,0.000000,0,0.000000,0.000000,0.000000,0.000000,0.000000,0.000000,0.000000,0.000000,0.000000,0.000000,0.000000,0.000000,0.000000,0.000000,0.000000,0.000000,0.000000,0.000000,0.000000,0.000000,0.000000,0.000000,0.000000,0.000000,0.000000,0.000000,0.000000,0.000000,0.000000,0.000000,0.000000,0.000000,0,0,0,0,0,0,0,0,0,0,0,0,0,66,0,0
2.981804,9770,13,0,0,2,60,0,0,0,0,0,0,-0.000027,-0.000000,-0.034812,-0.004902,-0.000000,0.035494,0.000938,0.000000,1.570796,0.227498,0.000000,0.000000,-9600,-9600,-9600,-9600,0,0,0,0.000000,0.000000,0.000000,0.000000,0.000000,0.000000,0.000000,0.000000,0,0,0.000000,0.000000,0.000000,0.000000,0.000000,0.000000,0.000000,0.000000,0.000000,0.000000,0.000000,0.000000,0,0.000000,0.000000,0.000000,0.000000,0.000000,0.000000,0.000000,0.000000,0.000000,0.000000,0.000000,0.000000,0.000000,0.000000,0.000000,0.000000,0.000000,0.000000,0.000000,0.000000,0.000000,0.000000,0.000000,0.000000,0.000000,0.000000,0.000000,0.000000,0.000000,0.000000,0.000000,0.000000,0,0,0,0,0,0,0,0,0,0,0,0,0,66,0,0
2.991574,9770,13,0,0,2,60,0,0,0,0,0,0,-0.000027,-0.000000,-0.034812,-0.004902,-0.000000,0.035494,0.000938,0.000000,1.570796,0.227498,0.000000,0.000000,-9600,-9600,-9600,-9600,0,0,0,0.000000,0.000000,0.000000,0.000000,0.000000,0.000000,0.000000,0.000000,0,0,0.000000,0.000000,0.000000,0.000000,0.000000,0.000000,0.000000,0.000000,0.000000,0.000000,0.000000,0.000000,0,0.000000,0.000000,0.000000,0.000000,0.000000,0.000000,0.000000,0.000000,0.000000,0.000000,0.000000,0.000000,0.000000,0.000000,0.000000,0.000000,0.000000,0.000000,0.000000,0.000000,0.000000,0.000000,0.000000,0.000000,0.000000,0.000000,0.000000,0.000000,0.000000,0.000000,0.000000,0.000000,0,0,0,0,0,0,0,0,0,0,0,0,0,66,0,0
3.001344,9770,13,0,0,2,60,0,0,0,0,0,0,-0.000027,-0.000000,-0.034812,-0.004902,-0.000000,0.035494,0.000938,0.000000,1.570796,0.227498,0.000000,0.000000,-9600,-9600,-9600,-9600,0,0,0,0.000000,0.000000,0.000000,0.000000,0.000000,0.000000,0.000000,0.000000,0,0,0.000000,0.000000,0.000000,0.000000,0.000000,0.000000,0.000000,0.000000,0.000000,0.000000,0.000000,0.000000,0,0.000000,0.000000,0.000000,0.000000,0.000000,0.000000,0.000000,0.000000,0.000000,0.000000,0.000000,0.000000,0.000000,0.000000,0.000000,0.000000,0.000000,0.000000,0.000000,0.000000,0.000000,0.000000,0.000000,0.000000,0.000000,0.000000,0.000000,0.000000,0.000000,0.000000,0.000000,0.000000,0,0,0,0,0,0,0,0,0,0,0,0,0,66,0,0
3.011114,9770,13,0,0,2,60,0,0,0,0,0,0,-0.000027,-0.000000,-0.034812,-0.004902,-0.000000,0.035494,0.000938,0.000000,1.570796,0.227498,0.000000,0.000000,-9600,-9600,-9600,-9600,0,0,0,0.000000,0.000000,0.000000,0.000000,0.000000,0.000000,0.000000,0.000000,0,0,0.000000,0.000000,0.000000,0.000000,0.000000,0.000000,0.000000,0.000000,0.000000,0.000000,0.000000,0.000000,0,0.000000,0.000000,0.000000,0.000000,0.000000,0.000000,0.000000,0.000000,0.000000,0.000000,0.000000,0.000000,0.000000,0.000000,0.000000,0.000000,0.000000,0.000000,0.000000,0.000000,0.000000,0.000000,0.000000,0.000000,0.000000,0.000000,0.000000,0.000000,0.000000,0.000000,0.000000,0.000000,0,0,0,0,0,0,0,0,0,0,0,0,0,66,0,0
3.020884,9770,13,0,0,2,60,0,0,0,0,0,0,-0.000027,-0.000000,-0.034812,-0.004902,-0.000000,0.035494,0.000938,0.000000,1.570796,0.227498,0.000000,0.000000,-9600,-9600,-9600,-9600,0,0,0,0.000000,0.000000,0.000000,0.000000,0.000000,0.000000,0.000000,0.000000,0,0,0.000000,0.000000,0.000000,0.000000,0.000000,0.000000,0.000000,0.000000,0.000000,0.000000,0.000000,0.000000,0,0.000000,0.000000,0.000000,0.000000,0.000000,0.000000,0.000000,0.000000,0.000000,0.000000,0.000000,0.000000,0.000000,0.000000,0.000000,0.000000,0.000000,0.000000,0.000000,0.000000,0.000000,0.000000,0.000000,0.000000,0.000000,0.000000,0.000000,0.000000,0.000000,0.000000,0.000000,0.000000,0,0,0,0,0,0,0,0,0,0,0,0,0,66,0,0
3.030654,9770,13,0,0,2,60,0,0,0,0,0,0,-0.000027,-0.000000,-0.034812,-0.004902,-0.000000,0.035494,0.000938,0.000000,1.570796,0.227498,0.000000,0.000000,-9600,-9600,-9600,-9600,0,0,0,0.000000,0.000000,0.000000,0.000000,0.000000,0.000000,0.000000,0.000000,0,0,0.000000,0.000000,0.000000,0.000000,0.000000,0.000000,0.000000,0.000000,0.000000,0.000000,0.000000,0.000000,0,0.000000,0.000000,0.000000,0.000000,0.000000,0.000000,0.000000,0.000000,0.000000,0.000000,0.000000,0.000000,0.000000,0.000000,0.000000,0.000000,0.000000,0.000000,0.000000,0.000000,0.000000,0.000000,0.000000,0.000000,0.000000,0.000000,0.000000,0.000000,0.000000,0.000000,0.000000,0.000000,0,0,0,0,0,0,0,0,0,0,0,0,0,66,0,0
3.040424,9770,13,0,0,2,60,0,0,0,0,0,0,-0.000027,-0.000000,-0.034812,-0.004902,-0.000000,0.035494,0.000938,0.000000,1.570796,0.227498,0.000000,0.000000,-9600,-9600,-9600,-9600,0,0,0,0.000000,0.000000,0.000000,0.000000,0.000000,0.000000,0.000000,0.000000,0,0,0.000000,0.000000,0.000000,0.000000,0.000000,0.000000,0.000000,0.000000,0.000000,0.000000,0.000000,0.000000,0,0.000000,0.000000,0.000000,0.000000,0.000000,0.000000,0.000000,0.000000,0.000000,0.000000,0.000000,0.000000,0.000000,0.000000,0.000000,0.000000,0.000000,0.000000,0.000000,0.000000,0.000000,0.000000,0.000000,0.000000,0.000000,0.000000,0.000000,0.000000,0.000000,0.000000,0.000000,0.000000,0,0,0,0,0,0,0,0,0,0,0,0,0,66,0,0
3.050194,9770,13,0,0,2,60,0,0,0,0,0,0,-0.000028,-0.000000,-0.034812,-0.004902,-0.000000,0.035494,0.000938,0.000000,1.570796,0.227498,0.000000,0.000000,-9600,-9600,-9600,-9600,0,0,0,0.000000,0.000000,0.000000,0.000000,0.000000,0.000000,0.000000,0.000000,0,0,0.000000,0.000000,0.000000,0.000000,0.000000,0.000000,0.000000,0.000000,0.000000,0.000000,0.000000,0.000000,0,0.000000,0.000000,0.000000,0.000000,0.000000,0.000000,0.000000,0.000000,0.000000,0.000000,0.000000,0.000000,0.000000,0.000000,0.000000,0.000000,0.000000,0.000000,0.000000,0.000000,0.000000,0.000000,0.000000,0.000000,0.000000,0.000000,0.000000,0.000000,0.000000,0.000000,0.000000,0.000000,0,0,0,0,0,0,0,0,0,0,0,0,0,66,0,0
3.059964,9770,13,0,0,2,60,0,0,0,0,0,0,-0.000028,-0.000000,-0.034812,-0.004902,-0.000000,0.035494,0.000938,0.000000,1.570796,0.227498,0.000000,0.000000,-9600,-9600,-9600,-9600,0,0,0,0.000000,0.000000,0.000000,0.000000,0.000000,0.000000,0.000000,0.000000,0,0,0.000000,0.000000,0.000000,0.000000,0.000000,0.000000,0.000000,0.000000,0.000000,0.000000,0.000000,0.000000,0,0.000000,0.000000,0.000000,0.000000,0.000000,0.000000,0.000000,0.000000,0.000000,0.000000,0.000000,0.000000,0.000000,0.000000,0.000000,0.000000,0.000000,0.000000,0.000000,0.000000,0.000000,0.000000,0.000000,0.000000,0.000000,0.000000,0.000000,0.000000,0.000000,0.000000,0.000000,0.000000,0,0,0,0,0,0,0,0,0,0,0,0,0,66,0,0
3.069734,9770,13,0,0,2,60,0,0,0,0,0,0,-0.000028,-0.000000,-0.034812,-0.004902,-0.000000,0.035494,0.000938,0.000000,1.570796,0.227498,0.000000,0.000000,-9600,-9600,-9600,-9600,0,0,0,0.000000,0.000000,0.000000,0.000000,0.000000,0.000000,0.000000,0.000000,0,0,0.000000,0.000000,0.000000,0.000000,0.000000,0.000000,0.000000,0.000000,0.000000,0.000000,0.000000,0.000000,0,0.000000,0.000000,0.000000,0.000000,0.000000,0.000000,0.000000,0.000000,0.000000,0.000000,0.000000,0.000000,0.000000,0.000000,0.000000,0.000000,0.000000,0.000000,0.000000,0.000000,0.000000,0.000000,0.000000,0.000000,0.000000,0.000000,0.000000,0.000000,0.000000,0.000000,0.000000,0.000000,0,0,0,0,0,0,0,0,0,0,0,0,0,66,0,0
3.079504,9770,13,0,0,2,60,0,0,0,0,0,0,-0.000028,-0.000000,-0.034812,-0.004902,-0.000000,0.035494,0.000938,0.000000,1.570796,0.227498,0.000000,0.000000,-9600,-9600,-9600,-9600,0,0,0,0.000000,0.000000,0.000000,0.000000,0.000000,0.000000,0.000000,0.000000,0,0,0.000000,0.000000,0.000000,0.000000,0.000000,0.000000,0.000000,0.000000,0.000000,0.000000,0.000000,0.000000,0,0.000000,0.000000,0.000000,0.000000,0.000000,0.000000,0.000000,0.000000,0.000000,0.000000,0.000000,0.000000,0.000000,0.000000,0.000000,0.000000,0.000000,0.000000,0.000000,0.000000,0.000000,0.000000,0.000000,0.000000,0.000000,0.000000,0.000000,0.000000,0.000000,0.000000,0.000000,0.000000,0,0,0,0,0,0,0,0,0,0,0,0,0,66,0,0
3.089274,9770,13,0,0,2,60,0,0,0,0,0,0,-0.000028,-0.000000,-0.034812,-0.004902,-0.000000,0.035494,0.000938,0.000000,1.570796,0.227498,0.000000,0.000000,-9600,-9600,-9600,-9600,0,0,0,0.000000,0.000000,0.000000,0.000000,0.000000,0.000000,0.000000,0.000000,0,0,0.000000,0.000000,0.000000,0.000000,0.000000,0.000000,0.000000,0.000000,0.000000,0.000000,0.000000,0.000000,0,0.000000,0.000000,0.000000,0.000000,0.000000,0.000000,0.000000,0.000000,0.000000,0.000000,0.000000,0.000000,0.000000,0.000000,0.000000,0.000000,0.000000,0.000000,0.000000,0.000000,0.000000,0.000000,0.000000,0.000000,0.000000,0.000000,0.000000,0.000000,0.000000,0.000000,0.000000,0.000000,0,0,0,0,0,0,0,0,0,0,0,0,0,66,0,0
3.099044,9770,13,0,0,2,60,0,0,0,0,0,0,-0.000028,-0.000000,-0.034812,-0.004902,-0.000000,0.035494,0.000938,0.000000,1.570796,0.227498,0.000000,0.000000,-9600,-9600,-9600,-9600,0,0,0,0.000000,0.000000,0.000000,0.000000,0.000000,0.000000,0.000000,0.000000,0,0,0.000000,0.000000,0.000000,0.000000,0.000000,0.000000,0.000000,0.000000,0.000000,0.000000,0.000000,0.000000,0,0.000000,0.000000,0.000000,0.000000,0.000000,0.000000,0.000000,0.000000,0.000000,0.000000,0.000000,0.000000,0.000000,0.000000,0.000000,0.000000,0.000000,0.000000,0.000000,0.000000,0.000000,0.000000,0.000000,0.000000,0.000000,0.000000,0.000000,0.000000,0.000000,0.000000,0.000000,0.000000,0,0,0,0,0,0,0,0,0,0,0,0,0,66,0,0
3.108814,9770,13,0,0,2,60,0,0,0,0,0,0,-0.000028,-0.000000,-0.034812,-0.004902,-0.000000,0.035494,0.000938,0.000000,1.570796,0.227498,0.000000,0.000000,-9600,-9600,-9600,-9600,0,0,0,0.000000,0.000000,0.000000,0.000000,0.000000,0.000000,0.000000,0.000000,0,0,0.000000,0.000000,0.000000,0.000000,0.000000,0.000000,0.000000,0.000000,0.000000,0.000000,0.000000,0.000000,0,0.000000,0.000000,0.000000,0.000000,0.000000,0.000000,0.000000,0.000000,0.000000,0.000000,0.000000,0.000000,0.000000,0.000000,0.000000,0.000000,0.000000,0.000000,0.000000,0.000000,0.000000,0.000000,0.000000,0.000000,0.000000,0.000000,0.000000,0.000000,0.000000,0.000000,0.000000,0.000000,0,0,0,0,0,0,0,0,0,0,0,0,0,66,0,0
3.118584,9770,13,0,0,2,60,0,0,0,0,0,0,-0.000028,-0.000000,-0.034812,-0.004902,-0.000000,0.035494,0.000938,0.000000,1.570796,0.227498,0.000000,0.000000,-9600,-9600,-9600,-9600,0,0,0,0.000000,0.000000,0.000000,0.000000,0.000000,0.000000,0.000000,0.000000,0,0,0.000000,0.000000,0.000000,0.000000,0.000000,0.000000,0.000000,0.000000,0.000000,0.000000,0.000000,0.000000,0,0.000000,0.000000,0.000000,0.000000,0.000000,0.000000,0.000000,0.000000,0.000000,0.000000,0.000000,0.000000,0.000000,0.000000,0.000000,0.000000,0.000000,0.000000,0.000000,0.000000,0.000000,0.000000,0.000000,0.000000,0.000000,0.000000,0.000000,0.000000,0.000000,0.000000,0.000000,0.000000,0,0,0,0,0,0,0,0,0,0,0,0,0,66,0,0
3.128354,9770,13,0,0,2,60,0,0,0,0,0,0,-0.000028,-0.000000,-0.034812,-0.004902,-0.000000,0.035494,0.000938,0.000000,1.570796,0.227498,0.000000,0.000000,-9600,-9600,-9600,-9600,0,0,0,0.000000,0.000000,0.000000,0.000000,0.000000,0.000000,0.000000,0.000000,0,0,0.000000,0.000000,0.000000,0.000000,0.000000,0.000000,0.000000,0.000000,0.000000,0.000000,0.000000,0.000000,0,0.000000,0.000000,0.000000,0.000000,0.000000,0.000000,0.000000,0.000000,0.000000,0.000000,0.000000,0.000000,0.000000,0.000000,0.000000,0.000000,0.000000,0.000000,0.000000,0.000000,0.000000,0.000000,0.000000,0.000000,0.000000,0.000000,0.000000,0.000000,0.000000,0.000000,0.000000,0.000000,0,0,0,0,0,0,0,0,0,0,0,0,0,66,0,0
3.138124,9770,13,0,0,2,60,0,0,0,0,0,0,-0.000028,-0.000000,-0.034812,-0.004902,-0.000000,0.035494,0.000938,0.000000,1.570796,0.227498,0.000000,0.000000,-9600,-9600,-9600,-9600,0,0,0,0.000000,0.000000,0.000000,0.000000,0.000000,0.000000,0.000000,0.000000,0,0,0.000000,0.000000,0.000000,0.000000,0.000000,0.000000,0.000000,0.000000,0.000000,0.000000,0.000000,0.000000,0,0.000000,0.000000,0.000000,0.000000,0.000000,0.000000,0.000000,0.000000,0.000000,0.000000,0.000000,0.000000,0.000000,0.000000,0.000000,0.000000,0.000000,0.000000,0.000000,0.000000,0.000000,0.000000,0.000000,0.000000,0.000000,0.000000,0.000000,0.000000,0.000000,0.000000,0.000000,0.000000,0,0,0,0,0,0,0,0,0,0,0,0,0,66,0,0
3.147894,9770,13,0,0,2,60,0,0,0,0,0,0,-0.000028,-0.000000,-0.034812,-0.004902,-0.000000,0.035494,0.000938,0.000000,1.570796,0.227498,0.000000,0.000000,-9600,-9600,-9600,-9600,0,0,0,0.000000,0.000000,0.000000,0.000000,0.000000,0.000000,0.000000,0.000000,0,0,0.000000,0.000000,0.000000,0.000000,0.000000,0.000000,0.000000,0.000000,0.000000,0.000000,0.000000,0.000000,0,0.000000,0.000000,0.000000,0.000000,0.000000,0.000000,0.000000,0.000000,0.000000,0.000000,0.000000,0.000000,0.000000,0.000000,0.000000,0.000000,0.000000,0.000000,0.000000,0.000000,0.000000,0.000000,0.000000,0.000000,0.000000,0.000000,0.000000,0.000000,0.000000,0.000000,0.000000,0.000000,0,0,0,0,0,0,0,0,0,0,0,0,0,66,0,0
3.157664,9770,13,0,0,2,60,0,0,0,0,0,0,-0.000028,-0.000000,-0.034812,-0.004902,-0.000000,0.035494,0.000938,0.000000,1.570796,0.227498,0.000000,0.000000,-9600,-9600,-9600,-9600,0,0,0,0.000000,0.000000,0.000000,0.000000,0.000000,0.000000,0.000000,0.000000,0,0,0.000000,0.000000,0.000000,0.000000,0.000000,0.000000,0.000000,0.000000,0.000000,0.000000,0.000000,0.000000,0,0.000000,0.000000,0.000000,0.000000,0.000000,0.000000,0.000000,0.000000,0.000000,0.000000,0.000000,0.000000,0.000000,0.000000,0.000000,0.000000,0.000000,0.000000,0.000000,0.000000,0.000000,0.000000,0.000000,0.000000,0.000000,0.000000,0.000000,0.000000,0.000000,0.000000,0.000000,0.000000,0,0,0,0,0,0,0,0,0,0,0,0,0,66,0,0
3.167434,9770,13,0,0,2,60,0,0,0,0,0,0,-0.000028,-0.000000,-0.034812,-0.004902,-0.000000,0.035494,0.000938,0.000000,1.570796,0.227498,0.000000,0.000000,-9600,-9600,-9600,-9600,0,0,0,0.000000,0.000000,0.000000,0.000000,0.000000,0.000000,0.000000,0.000000,0,0,0.000000,0.000000,0.000000,0.000000,0.000000,0.000000,0.000000,0.000000,0.000000,0.000000,0.000000,0.000000,0,0.000000,0.000000,0.000000,0.000000,0.000000,0.000000,0.000000,0.000000,0.000000,0.000000,0.000000,0.000000,0.000000,0.000000,0.000000,0.000000,0.000000,0.000000,0.000000,0.000000,0.000000,0.000000,0.000000,0.000000,0.000000,0.000000,0.000000,0.000000,0.000000,0.000000,0.000000,0.000000,0,0,0,0,0,0,0,0,0,0,0,0,0,66,0,0
3.177204,9770,13,0,0,2,60,0,0,0,0,0,0,-0.000028,-0.000000,-0.034812,-0.004902,-0.000000,0.035494,0.000938,0.000000,1.570796,0.227498,0.000000,0.000000,-9600,-9600,-9600,-9600,0,0,0,0.000000,0.000000,0.000000,0.000000,0.000000,0.000000,0.000000,0.000000,0,0,0.000000,0.000000,0.000000,0.000000,0.000000,0.000000,0.000000,0.000000,0.000000,0.000000,0.000000,0.000000,0,0.000000,0.000000,0.000000,0.000000,0.000000,0.000000,0.000000,0.000000,0.000000,0.000000,0.000000,0.000000,0.000000,0.000000,0.000000,0.000000,0.000000,0.000000,0.000000,0.000000,0.000000,0.000000,0.000000,0.000000,0.000000,0.000000,0.000000,0.000000,0.000000,0.000000,0.000000,0.000000,0,0,0,0,0,0,0,0,0,0,0,0,0,66,0,0
3.186974,9770,13,0,0,2,60,0,0,0,0,0,0,-0.000028,-0.000000,-0.034812,-0.004902,-0.000000,0.035494,0.000938,0.000000,1.570796,0.227498,0.000000,0.000000,-9600,-9600,-9600,-9600,0,0,0,0.000000,0.000000,0.000000,0.000000,0.000000,0.000000,0.000000,0.000000,0,0,0.000000,0.000000,0.000000,0.000000,0.000000,0.000000,0.000000,0.000000,0.000000,0.000000,0.000000,0.000000,0,0.000000,0.000000,0.000000,0.000000,0.000000,0.000000,0.000000,0.000000,0.000000,0.000000,0.000000,0.000000,0.000000,0.000000,0.000000,0.000000,0.000000,0.000000,0.000000,0.000000,0.000000,0.000000,0.000000,0.000000,0.000000,0.000000,0.000000,0.000000,0.000000,0.000000,0.000000,0.000000,0,0,0,0,0,0,0,0,0,0,0,0,0,66,0,0
3.196744,9770,13,0,0,2,60,0,0,0,0,0,0,-0.000028,-0.000000,-0.034812,-0.004902,-0.000000,0.035494,0.000938,0.000000,1.570796,0.227498,0.000000,0.000000,-9600,-9600,-9600,-9600,0,0,0,0.000000,0.000000,0.000000,0.000000,0.000000,0.000000,0.000000,0.000000,0,0,0.000000,0.000000,0.000000,0.000000,0.000000,0.000000,0.000000,0.000000,0.000000,0.000000,0.000000,0.000000,0,0.000000,0.000000,0.000000,0.000000,0.000000,0.000000,0.000000,0.000000,0.000000,0.000000,0.000000,0.000000,0.000000,0.000000,0.000000,0.000000,0.000000,0.000000,0.000000,0.000000,0.000000,0.000000,0.000000,0.000000,0.000000,0.000000,0.000000,0.000000,0.000000,0.000000,0.000000,0.000000,0,0,0,0,0,0,0,0,0,0,0,0,0,66,0,0
3.206514,9770,13,0,0,2,60,0,0,0,0,0,0,-0.000028,-0.000000,-0.034812,-0.004902,-0.000000,0.035494,0.000938,0.000000,1.570796,0.227498,0.000000,0.000000,-9600,-9600,-9600,-9600,0,0,0,0.000000,0.000000,0.000000,0.000000,0.000000,0.000000,0.000000,0.000000,0,0,0.000000,0.000000,0.000000,0.000000,0.000000,0.000000,0.000000,0.000000,0.000000,0.000000,0.000000,0.000000,0,0.000000,0.000000,0.000000,0.000000,0.000000,0.000000,0.000000,0.000000,0.000000,0.000000,0.000000,0.000000,0.000000,0.000000,0.000000,0.000000,0.000000,0.000000,0.000000,0.000000,0.000000,0.000000,0.000000,0.000000,0.000000,0.000000,0.000000,0.000000,0.000000,0.000000,0.000000,0.000000,0,0,0,0,0,0,0,0,0,0,0,0,0,66,0,0
3.216284,9770,13,0,0,2,60,0,0,0,0,0,0,-0.000028,-0.000000,-0.034812,-0.004902,-0.000000,0.035494,0.000938,0.000000,1.570796,0.227498,0.000000,0.000000,-9600,-9600,-9600,-9600,0,0,0,0.000000,0.000000,0.000000,0.000000,0.000000,0.000000,0.000000,0.000000,0,0,0.000000,0.000000,0.000000,0.000000,0.000000,0.000000,0.000000,0.000000,0.000000,0.000000,0.000000,0.000000,0,0.000000,0.000000,0.000000,0.000000,0.000000,0.000000,0.000000,0.000000,0.000000,0.000000,0.000000,0.000000,0.000000,0.000000,0.000000,0.000000,0.000000,0.000000,0.000000,0.000000,0.000000,0.000000,0.000000,0.000000,0.000000,0.000000,0.000000,0.000000,0.000000,0.000000,0.000000,0.000000,0,0,0,0,0,0,0,0,0,0,0,0,0,66,0,0
3.226054,9770,13,0,0,2,60,0,0,0,0,0,0,-0.000028,-0.000000,-0.034812,-0.004902,-0.000000,0.035494,0.000938,0.000000,1.570796,0.227498,0.000000,0.000000,-9600,-9600,-9600,-9600,0,0,0,0.000000,0.000000,0.000000,0.000000,0.000000,0.000000,0.000000,0.000000,0,0,0.000000,0.000000,0.000000,0.000000,0.000000,0.000000,0.000000,0.000000,0.000000,0.000000,0.000000,0.000000,0,0.000000,0.000000,0.000000,0.000000,0.000000,0.000000,0.000000,0.000000,0.000000,0.000000,0.000000,0.000000,0.000000,0.000000,0.000000,0.000000,0.000000,0.000000,0.000000,0.000000,0.000000,0.000000,0.000000,0.000000,0.000000,0.000000,0.000000,0.000000,0.000000,0.000000,0.000000,0.000000,0,0,0,0,0,0,0,0,0,0,0,0,0,66,0,0
3.235824,9770,13,0,0,2,60,0,0,0,0,0,0,-0.000028,-0.000000,-0.034812,-0.004902,-0.000000,0.035494,0.000938,0.000000,1.570796,0.227498,0.000000,0.000000,-9600,-9600,-9600,-9600,0,0,0,0.000000,0.000000,0.000000,0.000000,0.000000,0.000000,0.000000,0.000000,0,0,0.000000,0.000000,0.000000,0.000000,0.000000,0.000000,0.000000,0.000000,0.000000,0.000000,0.000000,0.000000,0,0.000000,0.000000,0.000000,0.000000,0.000000,0.000000,0.000000,0.000000,0.000000,0.000000,0.000000,0.000000,0.000000,0.000000,0.000000,0.000000,0.000000,0.000000,0.000000,0.000000,0.000000,0.000000,0.000000,0.000000,0.000000,0.000000,0.000000,0.000000,0.000000,0.000000,0.000000,0.000000,0,0,0,0,0,0,0,0,0,0,0,0,0,66,0,0
3.245594,9770,13,0,0,2,60,0,0,0,0,0,0,-0.000028,-0.000000,-0.034812,-0.004902,-0.000000,0.035494,0.000938,0.000000,1.570796,0.227498,0.000000,0.000000,-9600,-9600,-9600,-9600,0,0,0,0.000000,0.000000,0.000000,0.000000,0.000000,0.000000,0.000000,0.000000,0,0,0.000000,0.000000,0.000000,0.000000,0.000000,0.000000,0.000000,0.000000,0.000000,0.000000,0.000000,0.000000,0,0.000000,0.000000,0.000000,0.000000,0.000000,0.000000,0.000000,0.000000,0.000000,0.000000,0.000000,0.000000,0.000000,0.000000,0.000000,0.000000,0.000000,0.000000,0.000000,0.000000,0.000000,0.000000,0.000000,0.000000,0.000000,0.000000,0.000000,0.000000,0.000000,0.000000,0.000000,0.000000,0,0,0,0,0,0,0,0,0,0,0,0,0,66,0,0
3.255364,9770,13,0,0,2,60,0,0,0,0,0,0,-0.000028,-0.000000,-0.034812,-0.004902,-0.000000,0.035494,0.000938,0.000000,1.570796,0.227498,0.000000,0.000000,-9600,-9600,-9600,-9600,0,0,0,0.000000,0.000000,0.000000,0.000000,0.000000,0.000000,0.000000,0.000000,0,0,0.000000,0.000000,0.000000,0.000000,0.000000,0.000000,0.000000,0.000000,0.000000,0.000000,0.000000,0.000000,0,0.000000,0.000000,0.000000,0.000000,0.000000,0.000000,0.000000,0.000000,0.000000,0.000000,0.000000,0.000000,0.000000,0.000000,0.000000,0.000000,0.000000,0.000000,0.000000,0.000000,0.000000,0.000000,0.000000,0.000000,0.000000,0.000000,0.000000,0.000000,0.000000,0.000000,0.000000,0.000000,0,0,0,0,0,0,0,0,0,0,0,0,0,66,0,0
3.265134,9770,13,0,0,2,60,0,0,0,0,0,0,-0.000028,-0.000000,-0.034812,-0.004902,-0.000000,0.035494,0.000938,0.000000,1.570796,0.227498,0.000000,0.000000,-9600,-9600,-9600,-9600,0,0,0,0.000000,0.000000,0.000000,0.000000,0.000000,0.000000,0.000000,0.000000,0,0,0.000000,0.000000,0.000000,0.000000,0.000000,0.000000,0.000000,0.000000,0.000000,0.000000,0.000000,0.000000,0,0.000000,0.000000,0.000000,0.000000,0.000000,0.000000,0.000000,0.000000,0.000000,0.000000,0.000000,0.000000,0.000000,0.000000,0.000000,0.000000,0.000000,0.000000,0.000000,0.000000,0.000000,0.000000,0.000000,0.000000,0.000000,0.000000,0.000000,0.000000,0.000000,0.000000,0.000000,0.000000,0,0,0,0,0,0,0,0,0,0,0,0,0,66,0,0
3.274904,9770,13,0,0,2,60,0,0,0,0,0,0,-0.000028,-0.000000,-0.034812,-0.004902,-0.000000,0.035494,0.000938,0.000000,1.570796,0.227498,0.000000,0.000000,-9600,-9600,-9600,-9600,0,0,0,0.000000,0.000000,0.000000,0.000000,0.000000,0.000000,0.000000,0.000000,0,0,0.000000,0.000000,0.000000,0.000000,0.000000,0.000000,0.000000,0.000000,0.000000,0.000000,0.000000,0.000000,0,0.000000,0.000000,0.000000,0.000000,0.000000,0.000000,0.000000,0.000000,0.000000,0.000000,0.000000,0.000000,0.000000,0.000000,0.000000,0.000000,0.000000,0.000000,0.000000,0.000000,0.000000,0.000000,0.000000,0.000000,0.000000,0.000000,0.000000,0.000000,0.000000,0.000000,0.000000,0.000000,0,0,0,0,0,0,0,0,0,0,0,0,0,66,0,0
3.284674,9770,13,0,0,2,60,0,0,0,0,0,0,-0.000028,-0.000000,-0.034812,-0.004902,-0.000000,0.035494,0.000938,0.000000,1.570796,0.227498,0.000000,0.000000,-9600,-9600,-9600,-9600,0,0,0,0.000000,0.000000,0.000000,0.000000,0.000000,0.000000,0.000000,0.000000,0,0,0.000000,0.000000,0.000000,0.000000,0.000000,0.000000,0.000000,0.000000,0.000000,0.000000,0.000000,0.000000,0,0.000000,0.000000,0.000000,0.000000,0.000000,0.000000,0.000000,0.000000,0.000000,0.000000,0.000000,0.000000,0.000000,0.000000,0.000000,0.000000,0.000000,0.000000,0.000000,0.000000,0.000000,0.000000,0.000000,0.000000,0.000000,0.000000,0.000000,0.000000,0.000000,0.000000,0.000000,0.000000,0,0,0,0,0,0,0,0,0,0,0,0,0,66,0,0
3.294444,9770,13,0,0,2,60,0,0,0,0,0,0,-0.000028,-0.000000,-0.034812,-0.004902,-0.000000,0.035494,0.000938,0.000000,1.570796,0.227498,0.000000,0.000000,-9600,-9600,-9600,-9600,0,0,0,0.000000,0.000000,0.000000,0.000000,0.000000,0.000000,0.000000,0.000000,0,0,0.000000,0.000000,0.000000,0.000000,0.000000,0.000000,0.000000,0.000000,0.000000,0.000000,0.000000,0.000000,0,0.000000,0.000000,0.000000,0.000000,0.000000,0.000000,0.000000,0.000000,0.000000,0.000000,0.000000,0.000000,0.000000,0.000000,0.000000,0.000000,0.000000,0.000000,0.000000,0.000000,0.000000,0.000000,0.000000,0.000000,0.000000,0.000000,0.000000,0.000000,0.000000,0.000000,0.000000,0.000000,0,0,0,0,0,0,0,0,0,0,0,0,0,66,0,0
3.304214,9770,13,0,0,2,60,0,0,0,0,0,0,-0.000028,-0.000000,-0.034812,-0.004902,-0.000000,0.035494,0.000938,0.000000,1.570796,0.227498,0.000000,0.000000,-9600,-9600,-9600,-9600,0,0,0,0.000000,0.000000,0.000000,0.000000,0.000000,0.000000,0.000000,0.000000,0,0,0.000000,0.000000,0.000000,0.000000,0.000000,0.000000,0.000000,0.000000,0.000000,0.000000,0.000000,0.000000,0,0.000000,0.000000,0.000000,0.000000,0.000000,0.000000,0.000000,0.000000,0.000000,0.000000,0.000000,0.000000,0.000000,0.000000,0.000000,0.000000,0.000000,0.000000,0.000000,0.000000,0.000000,0.000000,0.000000,0.000000,0.000000,0.000000,0.000000,0.000000,0.000000,0.000000,0.000000,0.000000,0,0,0,0,0,0,0,0,0,0,0,0,0,66,0,0
3.313984,9770,13,0,0,2,60,0,0,0,0,0,0,-0.000028,-0.000000,-0.034812,-0.004902,-0.000000,0.035494,0.000938,0.000000,1.570796,0.227498,0.000000,0.000000,-9600,-9600,-9600,-9600,0,0,0,0.000000,0.000000,0.000000,0.000000,0.000000,0.000000,0.000000,0.000000,0,0,0.000000,0.000000,0.000000,0.000000,0.000000,0.000000,0.000000,0.000000,0.000000,0.000000,0.000000,0.000000,0,0.000000,0.000000,0.000000,0.000000,0.000000,0.000000,0.000000,0.000000,0.000000,0.000000,0.000000,0.000000,0.000000,0.000000,0.000000,0.000000,0.000000,0.000000,0.000000,0.000000,0.000000,0.000000,0.000000,0.000000,0.000000,0.000000,0.000000,0.000000,0.000000,0.000000,0.000000,0.000000,0,0,0,0,0,0,0,0,0,0,0,0,0,66,0,0
3.323754,9770,13,0,0,2,60,0,0,0,0,0,0,-0.000028,-0.000000,-0.034812,-0.004902,-0.000000,0.035494,0.000938,0.000000,1.570796,0.227498,0.000000,0.000000,-9600,-9600,-9600,-9600,0,0,0,0.000000,0.000000,0.000000,0.000000,0.000000,0.000000,0.000000,0.000000,0,0,0.000000,0.000000,0.000000,0.000000,0.000000,0.000000,0.000000,0.000000,0.000000,0.000000,0.000000,0.000000,0,0.000000,0.000000,0.000000,0.000000,0.000000,0.000000,0.000000,0.000000,0.000000,0.000000,0.000000,0.000000,0.000000,0.000000,0.000000,0.000000,0.000000,0.000000,0.000000,0.000000,0.000000,0.000000,0.000000,0.000000,0.000000,0.000000,0.000000,0.000000,0.000000,0.000000,0.000000,0.000000,0,0,0,0,0,0,0,0,0,0,0,0,0,66,0,0
3.333524,9770,13,0,0,2,60,0,0,0,0,0,0,-0.000028,-0.000000,-0.034812,-0.004902,-0.000000,0.035494,0.000938,0.000000,1.570796,0.227498,0.000000,0.000000,-9600,-9600,-9600,-9600,0,0,0,0.000000,0.000000,0.000000,0.000000,0.000000,0.000000,0.000000,0.000000,0,0,0.000000,0.000000,0.000000,0.000000,0.000000,0.000000,0.000000,0.000000,0.000000,0.000000,0.000000,0.000000,0,0.000000,0.000000,0.000000,0.000000,0.000000,0.000000,0.000000,0.000000,0.000000,0.000000,0.000000,0.000000,0.000000,0.000000,0.000000,0.000000,0.000000,0.000000,0.000000,0.000000,0.000000,0.000000,0.000000,0.000000,0.000000,0.000000,0.000000,0.000000,0.000000,0.000000,0.000000,0.000000,0,0,0,0,0,0,0,0,0,0,0,0,0,66,0,0
3.343294,9770,13,0,0,2,60,0,0,0,0,0,0,-0.000028,-0.000000,-0.034812,-0.004902,-0.000000,0.035494,0.000938,0.000000,1.570796,0.227498,0.000000,0.000000,-9600,-9600,-9600,-9600,0,0,0,0.000000,0.000000,0.000000,0.000000,0.000000,0.000000,0.000000,0.000000,0,0,0.000000,0.000000,0.000000,0.000000,0.000000,0.000000,0.000000,0.000000,0.000000,0.000000,0.000000,0.000000,0,0.000000,0.000000,0.000000,0.000000,0.000000,0.000000,0.000000,0.000000,0.000000,0.000000,0.000000,0.000000,0.000000,0.000000,0.000000,0.000000,0.000000,0.000000,0.000000,0.000000,0.000000,0.000000,0.000000,0.000000,0.000000,0.000000,0.000000,0.000000,0.000000,0.000000,0.000000,0.000000,0,0,0,0,0,0,0,0,0,0,0,0,0,66,0,0
3.353064,9770,13,0,0,2,60,0,0,0,0,0,0,-0.000028,-0.000000,-0.034812,-0.004902,-0.000000,0.035494,0.000938,0.000000,1.570796,0.227498,0.000000,0.000000,-9600,-9600,-9600,-9600,0,0,0,0.000000,0.000000,0.000000,0.000000,0.000000,0.000000,0.000000,0.000000,0,0,0.000000,0.000000,0.000000,0.000000,0.000000,0.000000,0.000000,0.000000,0.000000,0.000000,0.000000,0.000000,0,0.000000,0.000000,0.000000,0.000000,0.000000,0.000000,0.000000,0.000000,0.000000,0.000000,0.000000,0.000000,0.000000,0.000000,0.000000,0.000000,0.000000,0.000000,0.000000,0.000000,0.000000,0.000000,0.000000,0.000000,0.000000,0.000000,0.000000,0.000000,0.000000,0.000000,0.000000,0.000000,0,0,0,0,0,0,0,0,0,0,0,0,0,66,0,0
3.362834,9770,13,0,0,2,60,0,0,0,0,0,0,-0.000028,-0.000000,-0.034812,-0.004902,-0.000000,0.035494,0.000938,0.000000,1.570796,0.227498,0.000000,0.000000,-9600,-9600,-9600,-9600,0,0,0,0.000000,0.000000,0.000000,0.000000,0.000000,0.000000,0.000000,0.000000,0,0,0.000000,0.000000,0.000000,0.000000,0.000000,0.000000,0.000000,0.000000,0.000000,0.000000,0.000000,0.000000,0,0.000000,0.000000,0.000000,0.000000,0.000000,0.000000,0.000000,0.000000,0.000000,0.000000,0.000000,0.000000,0.000000,0.000000,0.000000,0.000000,0.000000,0.000000,0.000000,0.000000,0.000000,0.000000,0.000000,0.000000,0.000000,0.000000,0.000000,0.000000,0.000000,0.000000,0.000000,0.000000,0,0,0,0,0,0,0,0,0,0,0,0,0,66,0,0
3.372604,9770,13,0,0,2,60,0,0,0,0,0,0,-0.000028,-0.000000,-0.034812,-0.004902,-0.000000,0.035494,0.000938,0.000000,1.570796,0.227498,0.000000,0.000000,-9600,-9600,-9600,-9600,0,0,0,0.000000,0.000000,0.000000,0.000000,0.000000,0.000000,0.000000,0.000000,0,0,0.000000,0.000000,0.000000,0.000000,0.000000,0.000000,0.000000,0.000000,0.000000,0.000000,0.000000,0.000000,0,0.000000,0.000000,0.000000,0.000000,0.000000,0.000000,0.000000,0.000000,0.000000,0.000000,0.000000,0.000000,0.000000,0.000000,0.000000,0.000000,0.000000,0.000000,0.000000,0.000000,0.000000,0.000000,0.000000,0.000000,0.000000,0.000000,0.000000,0.000000,0.000000,0.000000,0.000000,0.000000,0,0,0,0,0,0,0,0,0,0,0,0,0,66,0,0
3.382374,9770,13,0,0,2,60,0,0,0,0,0,0,-0.000028,-0.000000,-0.034812,-0.004902,-0.000000,0.035494,0.000938,0.000000,1.570796,0.227498,0.000000,0.000000,-9600,-9600,-9600,-9600,0,0,0,0.000000,0.000000,0.000000,0.000000,0.000000,0.000000,0.000000,0.000000,0,0,0.000000,0.000000,0.000000,0.000000,0.000000,0.000000,0.000000,0.000000,0.000000,0.000000,0.000000,0.000000,0,0.000000,0.000000,0.000000,0.000000,0.000000,0.000000,0.000000,0.000000,0.000000,0.000000,0.000000,0.000000,0.000000,0.000000,0.000000,0.000000,0.000000,0.000000,0.000000,0.000000,0.000000,0.000000,0.000000,0.000000,0.000000,0.000000,0.000000,0.000000,0.000000,0.000000,0.000000,0.000000,0,0,0,0,0,0,0,0,0,0,0,0,0,66,0,0
3.392144,9770,13,0,0,2,60,0,0,0,0,0,0,-0.000028,-0.000000,-0.034812,-0.004902,-0.000000,0.035494,0.000938,0.000000,1.570796,0.227498,0.000000,0.000000,-9600,-9600,-9600,-9600,0,0,0,0.000000,0.000000,0.000000,0.000000,0.000000,0.000000,0.000000,0.000000,0,0,0.000000,0.000000,0.000000,0.000000,0.000000,0.000000,0.000000,0.000000,0.000000,0.000000,0.000000,0.000000,0,0.000000,0.000000,0.000000,0.000000,0.000000,0.000000,0.000000,0.000000,0.000000,0.000000,0.000000,0.000000,0.000000,0.000000,0.000000,0.000000,0.000000,0.000000,0.000000,0.000000,0.000000,0.000000,0.000000,0.000000,0.000000,0.000000,0.000000,0.000000,0.000000,0.000000,0.000000,0.000000,0,0,0,0,0,0,0,0,0,0,0,0,0,66,0,0
3.401914,9770,13,0,0,2,60,0,0,0,0,0,0,-0.000028,-0.000000,-0.034812,-0.004902,-0.000000,0.035494,0.000938,0.000000,1.570796,0.227498,0.000000,0.000000,-9600,-9600,-9600,-9600,0,0,0,0.000000,0.000000,0.000000,0.000000,0.000000,0.000000,0.000000,0.000000,0,0,0.000000,0.000000,0.000000,0.000000,0.000000,0.000000,0.000000,0.000000,0.000000,0.000000,0.000000,0.000000,0,0.000000,0.000000,0.000000,0.000000,0.000000,0.000000,0.000000,0.000000,0.000000,0.000000,0.000000,0.000000,0.000000,0.000000,0.000000,0.000000,0.000000,0.000000,0.000000,0.000000,0.000000,0.000000,0.000000,0.000000,0.000000,0.000000,0.000000,0.000000,0.000000,0.000000,0.000000,0.000000,0,0,0,0,0,0,0,0,0,0,0,0,0,66,0,0
3.411684,9770,13,0,0,2,60,0,0,0,0,0,0,-0.000028,-0.000000,-0.034812,-0.004902,-0.000000,0.035494,0.000938,0.000000,1.570796,0.227498,0.000000,0.000000,-9600,-9600,-9600,-9600,0,0,0,0.000000,0.000000,0.000000,0.000000,0.000000,0.000000,0.000000,0.000000,0,0,0.000000,0.000000,0.000000,0.000000,0.000000,0.000000,0.000000,0.000000,0.000000,0.000000,0.000000,0.000000,0,0.000000,0.000000,0.000000,0.000000,0.000000,0.000000,0.000000,0.000000,0.000000,0.000000,0.000000,0.000000,0.000000,0.000000,0.000000,0.000000,0.000000,0.000000,0.000000,0.000000,0.000000,0.000000,0.000000,0.000000,0.000000,0.000000,0.000000,0.000000,0.000000,0.000000,0.000000,0.000000,0,0,0,0,0,0,0,0,0,0,0,0,0,66,0,0
3.421454,9770,13,0,0,2,60,0,0,0,0,0,0,-0.000028,-0.000000,-0.034812,-0.004902,-0.000000,0.035494,0.000938,0.000000,1.570796,0.227498,0.000000,0.000000,-9600,-9600,-9600,-9600,0,0,0,0.000000,0.000000,0.000000,0.000000,0.000000,0.000000,0.000000,0.000000,0,0,0.000000,0.000000,0.000000,0.000000,0.000000,0.000000,0.000000,0.000000,0.000000,0.000000,0.000000,0.000000,0,0.000000,0.000000,0.000000,0.000000,0.000000,0.000000,0.000000,0.000000,0.000000,0.000000,0.000000,0.000000,0.000000,0.000000,0.000000,0.000000,0.000000,0.000000,0.000000,0.000000,0.000000,0.000000,0.000000,0.000000,0.000000,0.000000,0.000000,0.000000,0.000000,0.000000,0.000000,0.000000,0,0,0,0,0,0,0,0,0,0,0,0,0,66,0,0
3.431224,9770,13,0,0,2,60,0,0,0,0,0,0,-0.000028,-0.000000,-0.034812,-0.004902,-0.000000,0.035494,0.000938,0.000000,1.570796,0.227498,0.000000,0.000000,-9600,-9600,-9600,-9600,0,0,0,0.000000,0.000000,0.000000,0.000000,0.000000,0.000000,0.000000,0.000000,0,0,0.000000,0.000000,0.000000,0.000000,0.000000,0.000000,0.000000,0.000000,0.000000,0.000000,0.000000,0.000000,0,0.000000,0.000000,0.000000,0.000000,0.000000,0.000000,0.000000,0.000000,0.000000,0.000000,0.000000,0.000000,0.000000,0.000000,0.000000,0.000000,0.000000,0.000000,0.000000,0.000000,0.000000,0.000000,0.000000,0.000000,0.000000,0.000000,0.000000,0.000000,0.000000,0.000000,0.000000,0.000000,0,0,0,0,0,0,0,0,0,0,0,0,0,66,0,0
3.440994,9770,13,0,0,2,60,0,0,0,0,0,0,-0.000028,-0.000000,-0.034812,-0.004902,-0.000000,0.035494,0.000938,0.000000,1.570796,0.227498,0.000000,0.000000,-9600,-9600,-9600,-9600,0,0,0,0.000000,0.000000,0.000000,0.000000,0.000000,0.000000,0.000000,0.000000,0,0,0.000000,0.000000,0.000000,0.000000,0.000000,0.000000,0.000000,0.000000,0.000000,0.000000,0.000000,0.000000,0,0.000000,0.000000,0.000000,0.000000,0.000000,0.000000,0.000000,0.000000,0.000000,0.000000,0.000000,0.000000,0.000000,0.000000,0.000000,0.000000,0.000000,0.000000,0.000000,0.000000,0.000000,0.000000,0.000000,0.000000,0.000000,0.000000,0.000000,0.000000,0.000000,0.000000,0.000000,0.000000,0,0,0,0,0,0,0,0,0,0,0,0,0,66,0,0
3.450764,9770,13,0,0,2,60,0,0,0,0,0,0,-0.000028,-0.000000,-0.034812,-0.004902,-0.000000,0.035494,0.000938,0.000000,1.570796,0.227498,0.000000,0.000000,-9600,-9600,-9600,-9600,0,0,0,0.000000,0.000000,0.000000,0.000000,0.000000,0.000000,0.000000,0.000000,0,0,0.000000,0.000000,0.000000,0.000000,0.000000,0.000000,0.000000,0.000000,0.000000,0.000000,0.000000,0.000000,0,0.000000,0.000000,0.000000,0.000000,0.000000,0.000000,0.000000,0.000000,0.000000,0.000000,0.000000,0.000000,0.000000,0.000000,0.000000,0.000000,0.000000,0.000000,0.000000,0.000000,0.000000,0.000000,0.000000,0.000000,0.000000,0.000000,0.000000,0.000000,0.000000,0.000000,0.000000,0.000000,0,0,0,0,0,0,0,0,0,0,0,0,0,66,0,0
3.460534,9770,13,0,0,2,60,0,0,0,0,0,0,-0.000029,-0.000000,-0.034812,-0.004902,-0.000000,0.035494,0.000938,0.000000,1.570796,0.227498,0.000000,0.000000,-9600,-9600,-9600,-9600,0,0,0,0.000000,0.000000,0.000000,0.000000,0.000000,0.000000,0.000000,0.000000,0,0,0.000000,0.000000,0.000000,0.000000,0.000000,0.000000,0.000000,0.000000,0.000000,0.000000,0.000000,0.000000,0,0.000000,0.000000,0.000000,0.000000,0.000000,0.000000,0.000000,0.000000,0.000000,0.000000,0.000000,0.000000,0.000000,0.000000,0.000000,0.000000,0.000000,0.000000,0.000000,0.000000,0.000000,0.000000,0.000000,0.000000,0.000000,0.000000,0.000000,0.000000,0.000000,0.000000,0.000000,0.000000,0,0,0,0,0,0,0,0,0,0,0,0,0,66,0,0
3.470304,9770,13,0,0,2,60,0,0,0,0,0,0,-0.000029,-0.000000,-0.034812,-0.004902,-0.000000,0.035494,0.000938,0.000000,1.570796,0.227498,0.000000,0.000000,-9600,-9600,-9600,-9600,0,0,0,0.000000,0.000000,0.000000,0.000000,0.000000,0.000000,0.000000,0.000000,0,0,0.000000,0.000000,0.000000,0.000000,0.000000,0.000000,0.000000,0.000000,0.000000,0.000000,0.000000,0.000000,0,0.000000,0.000000,0.000000,0.000000,0.000000,0.000000,0.000000,0.000000,0.000000,0.000000,0.000000,0.000000,0.000000,0.000000,0.000000,0.000000,0.000000,0.000000,0.000000,0.000000,0.000000,0.000000,0.000000,0.000000,0.000000,0.000000,0.000000,0.000000,0.000000,0.000000,0.000000,0.000000,0,0,0,0,0,0,0,0,0,0,0,0,0,66,0,0
3.480074,9770,13,0,0,2,60,0,0,0,0,0,0,-0.000029,-0.000000,-0.034812,-0.004902,-0.000000,0.035494,0.000938,0.000000,1.570796,0.227498,0.000000,0.000000,-9600,-9600,-9600,-9600,0,0,0,0.000000,0.000000,0.000000,0.000000,0.000000,0.000000,0.000000,0.000000,0,0,0.000000,0.000000,0.000000,0.000000,0.000000,0.000000,0.000000,0.000000,0.000000,0.000000,0.000000,0.000000,0,0.000000,0.000000,0.000000,0.000000,0.000000,0.000000,0.000000,0.000000,0.000000,0.000000,0.000000,0.000000,0.000000,0.000000,0.000000,0.000000,0.000000,0.000000,0.000000,0.000000,0.000000,0.000000,0.000000,0.000000,0.000000,0.000000,0.000000,0.000000,0.000000,0.000000,0.000000,0.000000,0,0,0,0,0,0,0,0,0,0,0,0,0,66,0,0
3.489844,9770,13,0,0,2,60,0,0,0,0,0,0,-0.000029,-0.000000,-0.034812,-0.004902,-0.000000,0.035494,0.000938,0.000000,1.570796,0.227498,0.000000,0.000000,-9600,-9600,-9600,-9600,0,0,0,0.000000,0.000000,0.000000,0.000000,0.000000,0.000000,0.000000,0.000000,0,0,0.000000,0.000000,0.000000,0.000000,0.000000,0.000000,0.000000,0.000000,0.000000,0.000000,0.000000,0.000000,0,0.000000,0.000000,0.000000,0.000000,0.000000,0.000000,0.000000,0.000000,0.000000,0.000000,0.000000,0.000000,0.000000,0.000000,0.000000,0.000000,0.000000,0.000000,0.000000,0.000000,0.000000,0.000000,0.000000,0.000000,0.000000,0.000000,0.000000,0.000000,0.000000,0.000000,0.000000,0.000000,0,0,0,0,0,0,0,0,0,0,0,0,0,66,0,0
3.499614,9770,13,0,0,2,60,0,0,0,0,0,0,-0.000029,-0.000000,-0.034812,-0.004902,-0.000000,0.035494,0.000938,0.000000,1.570796,0.227498,0.000000,0.000000,-9600,-9600,-9600,-9600,0,0,0,0.000000,0.000000,0.000000,0.000000,0.000000,0.000000,0.000000,0.000000,0,0,0.000000,0.000000,0.000000,0.000000,0.000000,0.000000,0.000000,0.000000,0.000000,0.000000,0.000000,0.000000,0,0.000000,0.000000,0.000000,0.000000,0.000000,0.000000,0.000000,0.000000,0.000000,0.000000,0.000000,0.000000,0.000000,0.000000,0.000000,0.000000,0.000000,0.000000,0.000000,0.000000,0.000000,0.000000,0.000000,0.000000,0.000000,0.000000,0.000000,0.000000,0.000000,0.000000,0.000000,0.000000,0,0,0,0,0,0,0,0,0,0,0,0,0,66,0,0
3.509384,9770,13,0,0,2,60,0,0,0,0,0,0,-0.000029,-0.000000,-0.034812,-0.004902,-0.000000,0.035494,0.000938,0.000000,1.570796,0.227498,0.000000,0.000000,-9600,-9600,-9600,-9600,0,0,0,0.000000,0.000000,0.000000,0.000000,0.000000,0.000000,0.000000,0.000000,0,0,0.000000,0.000000,0.000000,0.000000,0.000000,0.000000,0.000000,0.000000,0.000000,0.000000,0.000000,0.000000,0,0.000000,0.000000,0.000000,0.000000,0.000000,0.000000,0.000000,0.000000,0.000000,0.000000,0.000000,0.000000,0.000000,0.000000,0.000000,0.000000,0.000000,0.000000,0.000000,0.000000,0.000000,0.000000,0.000000,0.000000,0.000000,0.000000,0.000000,0.000000,0.000000,0.000000,0.000000,0.000000,0,0,0,0,0,0,0,0,0,0,0,0,0,66,0,0
3.519154,9770,13,0,0,2,60,0,0,0,0,0,0,-0.000029,-0.000000,-0.034812,-0.004902,-0.000000,0.035494,0.000938,0.000000,1.570796,0.227498,0.000000,0.000000,-9600,-9600,-9600,-9600,0,0,0,0.000000,0.000000,0.000000,0.000000,0.000000,0.000000,0.000000,0.000000,0,0,0.000000,0.000000,0.000000,0.000000,0.000000,0.000000,0.000000,0.000000,0.000000,0.000000,0.000000,0.000000,0,0.000000,0.000000,0.000000,0.000000,0.000000,0.000000,0.000000,0.000000,0.000000,0.000000,0.000000,0.000000,0.000000,0.000000,0.000000,0.000000,0.000000,0.000000,0.000000,0.000000,0.000000,0.000000,0.000000,0.000000,0.000000,0.000000,0.000000,0.000000,0.000000,0.000000,0.000000,0.000000,0,0,0,0,0,0,0,0,0,0,0,0,0,66,0,0
3.528924,9770,13,0,0,2,60,0,0,0,0,0,0,-0.000029,-0.000000,-0.034812,-0.004902,-0.000000,0.035494,0.000938,0.000000,1.570796,0.227498,0.000000,0.000000,-9600,-9600,-9600,-9600,0,0,0,0.000000,0.000000,0.000000,0.000000,0.000000,0.000000,0.000000,0.000000,0,0,0.000000,0.000000,0.000000,0.000000,0.000000,0.000000,0.000000,0.000000,0.000000,0.000000,0.000000,0.000000,0,0.000000,0.000000,0.000000,0.000000,0.000000,0.000000,0.000000,0.000000,0.000000,0.000000,0.000000,0.000000,0.000000,0.000000,0.000000,0.000000,0.000000,0.000000,0.000000,0.000000,0.000000,0.000000,0.000000,0.000000,0.000000,0.000000,0.000000,0.000000,0.000000,0.000000,0.000000,0.000000,0,0,0,0,0,0,0,0,0,0,0,0,0,66,0,0
3.538694,9770,13,0,0,2,60,0,0,0,0,0,0,-0.000029,-0.000000,-0.034812,-0.004902,-0.000000,0.035494,0.000938,0.000000,1.570796,0.227498,0.000000,0.000000,-9600,-9600,-9600,-9600,0,0,0,0.000000,0.000000,0.000000,0.000000,0.000000,0.000000,0.000000,0.000000,0,0,0.000000,0.000000,0.000000,0.000000,0.000000,0.000000,0.000000,0.000000,0.000000,0.000000,0.000000,0.000000,0,0.000000,0.000000,0.000000,0.000000,0.000000,0.000000,0.000000,0.000000,0.000000,0.000000,0.000000,0.000000,0.000000,0.000000,0.000000,0.000000,0.000000,0.000000,0.000000,0.000000,0.000000,0.000000,0.000000,0.000000,0.000000,0.000000,0.000000,0.000000,0.000000,0.000000,0.000000,0.000000,0,0,0,0,0,0,0,0,0,0,0,0,0,66,0,0
3.548464,9770,13,0,0,2,60,0,0,0,0,0,0,-0.000029,-0.000000,-0.034812,-0.004902,-0.000000,0.035494,0.000938,0.000000,1.570796,0.227498,0.000000,0.000000,-9600,-9600,-9600,-9600,0,0,0,0.000000,0.000000,0.000000,0.000000,0.000000,0.000000,0.000000,0.000000,0,0,0.000000,0.000000,0.000000,0.000000,0.000000,0.000000,0.000000,0.000000,0.000000,0.000000,0.000000,0.000000,0,0.000000,0.000000,0.000000,0.000000,0.000000,0.000000,0.000000,0.000000,0.000000,0.000000,0.000000,0.000000,0.000000,0.000000,0.000000,0.000000,0.000000,0.000000,0.000000,0.000000,0.000000,0.000000,0.000000,0.000000,0.000000,0.000000,0.000000,0.000000,0.000000,0.000000,0.000000,0.000000,0,0,0,0,0,0,0,0,0,0,0,0,0,66,0,0
3.558234,9770,13,0,0,2,60,0,0,0,0,0,0,-0.000029,-0.000000,-0.034812,-0.004902,-0.000000,0.035494,0.000938,0.000000,1.570796,0.227498,0.000000,0.000000,-9600,-9600,-9600,-9600,0,0,0,0.000000,0.000000,0.000000,0.000000,0.000000,0.000000,0.000000,0.000000,0,0,0.000000,0.000000,0.000000,0.000000,0.000000,0.000000,0.000000,0.000000,0.000000,0.000000,0.000000,0.000000,0,0.000000,0.000000,0.000000,0.000000,0.000000,0.000000,0.000000,0.000000,0.000000,0.000000,0.000000,0.000000,0.000000,0.000000,0.000000,0.000000,0.000000,0.000000,0.000000,0.000000,0.000000,0.000000,0.000000,0.000000,0.000000,0.000000,0.000000,0.000000,0.000000,0.000000,0.000000,0.000000,0,0,0,0,0,0,0,0,0,0,0,0,0,66,0,0
3.568004,9770,13,0,0,2,60,0,0,0,0,0,0,-0.000029,-0.000000,-0.034812,-0.004902,-0.000000,0.035494,0.000938,0.000000,1.570796,0.227498,0.000000,0.000000,-9600,-9600,-9600,-9600,0,0,0,0.000000,0.000000,0.000000,0.000000,0.000000,0.000000,0.000000,0.000000,0,0,0.000000,0.000000,0.000000,0.000000,0.000000,0.000000,0.000000,0.000000,0.000000,0.000000,0.000000,0.000000,0,0.000000,0.000000,0.000000,0.000000,0.000000,0.000000,0.000000,0.000000,0.000000,0.000000,0.000000,0.000000,0.000000,0.000000,0.000000,0.000000,0.000000,0.000000,0.000000,0.000000,0.000000,0.000000,0.000000,0.000000,0.000000,0.000000,0.000000,0.000000,0.000000,0.000000,0.000000,0.000000,0,0,0,0,0,0,0,0,0,0,0,0,0,66,0,0
3.577774,9770,13,0,0,2,60,0,0,0,0,0,0,-0.000029,-0.000000,-0.034812,-0.004902,-0.000000,0.035494,0.000938,0.000000,1.570796,0.227498,0.000000,0.000000,-9600,-9600,-9600,-9600,0,0,0,0.000000,0.000000,0.000000,0.000000,0.000000,0.000000,0.000000,0.000000,0,0,0.000000,0.000000,0.000000,0.000000,0.000000,0.000000,0.000000,0.000000,0.000000,0.000000,0.000000,0.000000,0,0.000000,0.000000,0.000000,0.000000,0.000000,0.000000,0.000000,0.000000,0.000000,0.000000,0.000000,0.000000,0.000000,0.000000,0.000000,0.000000,0.000000,0.000000,0.000000,0.000000,0.000000,0.000000,0.000000,0.000000,0.000000,0.000000,0.000000,0.000000,0.000000,0.000000,0.000000,0.000000,0,0,0,0,0,0,0,0,0,0,0,0,0,66,0,0
3.587544,9770,13,0,0,2,60,0,0,0,0,0,0,-0.000029,-0.000000,-0.034812,-0.004902,-0.000000,0.035494,0.000938,0.000000,1.570796,0.227498,0.000000,0.000000,-9600,-9600,-9600,-9600,0,0,0,0.000000,0.000000,0.000000,0.000000,0.000000,0.000000,0.000000,0.000000,0,0,0.000000,0.000000,0.000000,0.000000,0.000000,0.000000,0.000000,0.000000,0.000000,0.000000,0.000000,0.000000,0,0.000000,0.000000,0.000000,0.000000,0.000000,0.000000,0.000000,0.000000,0.000000,0.000000,0.000000,0.000000,0.000000,0.000000,0.000000,0.000000,0.000000,0.000000,0.000000,0.000000,0.000000,0.000000,0.000000,0.000000,0.000000,0.000000,0.000000,0.000000,0.000000,0.000000,0.000000,0.000000,0,0,0,0,0,0,0,0,0,0,0,0,0,66,0,0
3.597314,9770,13,0,0,2,60,0,0,0,0,0,0,-0.000029,-0.000000,-0.034812,-0.004902,-0.000000,0.035494,0.000938,0.000000,1.570796,0.227498,0.000000,0.000000,-9600,-9600,-9600,-9600,0,0,0,0.000000,0.000000,0.000000,0.000000,0.000000,0.000000,0.000000,0.000000,0,0,0.000000,0.000000,0.000000,0.000000,0.000000,0.000000,0.000000,0.000000,0.000000,0.000000,0.000000,0.000000,0,0.000000,0.000000,0.000000,0.000000,0.000000,0.000000,0.000000,0.000000,0.000000,0.000000,0.000000,0.000000,0.000000,0.000000,0.000000,0.000000,0.000000,0.000000,0.000000,0.000000,0.000000,0.000000,0.000000,0.000000,0.000000,0.000000,0.000000,0.000000,0.000000,0.000000,0.000000,0.000000,0,0,0,0,0,0,0,0,0,0,0,0,0,66,0,0
3.607084,9770,13,0,0,2,60,0,0,0,0,0,0,-0.000029,-0.000000,-0.034812,-0.004902,-0.000000,0.035494,0.000938,0.000000,1.570796,0.227498,0.000000,0.000000,-9600,-9600,-9600,-9600,0,0,0,0.000000,0.000000,0.000000,0.000000,0.000000,0.000000,0.000000,0.000000,0,0,0.000000,0.000000,0.000000,0.000000,0.000000,0.000000,0.000000,0.000000,0.000000,0.000000,0.000000,0.000000,0,0.000000,0.000000,0.000000,0.000000,0.000000,0.000000,0.000000,0.000000,0.000000,0.000000,0.000000,0.000000,0.000000,0.000000,0.000000,0.000000,0.000000,0.000000,0.000000,0.000000,0.000000,0.000000,0.000000,0.000000,0.000000,0.000000,0.000000,0.000000,0.000000,0.000000,0.000000,0.000000,0,0,0,0,0,0,0,0,0,0,0,0,0,66,0,0
3.616854,9770,13,0,0,2,60,0,0,0,0,0,0,-0.000029,-0.000000,-0.034812,-0.004902,-0.000000,0.035494,0.000938,0.000000,1.570796,0.227498,0.000000,0.000000,-9600,-9600,-9600,-9600,0,0,0,0.000000,0.000000,0.000000,0.000000,0.000000,0.000000,0.000000,0.000000,0,0,0.000000,0.000000,0.000000,0.000000,0.000000,0.000000,0.000000,0.000000,0.000000,0.000000,0.000000,0.000000,0,0.000000,0.000000,0.000000,0.000000,0.000000,0.000000,0.000000,0.000000,0.000000,0.000000,0.000000,0.000000,0.000000,0.000000,0.000000,0.000000,0.000000,0.000000,0.000000,0.000000,0.000000,0.000000,0.000000,0.000000,0.000000,0.000000,0.000000,0.000000,0.000000,0.000000,0.000000,0.000000,0,0,0,0,0,0,0,0,0,0,0,0,0,66,0,0
3.626624,9770,13,0,0,2,60,0,0,0,0,0,0,-0.000029,-0.000000,-0.034812,-0.004902,-0.000000,0.035494,0.000938,0.000000,1.570796,0.227498,0.000000,0.000000,-9600,-9600,-9600,-9600,0,0,0,0.000000,0.000000,0.000000,0.000000,0.000000,0.000000,0.000000,0.000000,0,0,0.000000,0.000000,0.000000,0.000000,0.000000,0.000000,0.000000,0.000000,0.000000,0.000000,0.000000,0.000000,0,0.000000,0.000000,0.000000,0.000000,0.000000,0.000000,0.000000,0.000000,0.000000,0.000000,0.000000,0.000000,0.000000,0.000000,0.000000,0.000000,0.000000,0.000000,0.000000,0.000000,0.000000,0.000000,0.000000,0.000000,0.000000,0.000000,0.000000,0.000000,0.000000,0.000000,0.000000,0.000000,0,0,0,0,0,0,0,0,0,0,0,0,0,66,0,0
3.636394,9770,13,0,0,2,60,0,0,0,0,0,0,-0.000029,-0.000000,-0.034812,-0.004902,-0.000000,0.035494,0.000938,0.000000,1.570796,0.227498,0.000000,0.000000,-9600,-9600,-9600,-9600,0,0,0,0.000000,0.000000,0.000000,0.000000,0.000000,0.000000,0.000000,0.000000,0,0,0.000000,0.000000,0.000000,0.000000,0.000000,0.000000,0.000000,0.000000,0.000000,0.000000,0.000000,0.000000,0,0.000000,0.000000,0.000000,0.000000,0.000000,0.000000,0.000000,0.000000,0.000000,0.000000,0.000000,0.000000,0.000000,0.000000,0.000000,0.000000,0.000000,0.000000,0.000000,0.000000,0.000000,0.000000,0.000000,0.000000,0.000000,0.000000,0.000000,0.000000,0.000000,0.000000,0.000000,0.000000,0,0,0,0,0,0,0,0,0,0,0,0,0,66,0,0
3.646164,9770,13,0,0,2,60,0,0,0,0,0,0,-0.000029,-0.000000,-0.034812,-0.004902,-0.000000,0.035494,0.000938,0.000000,1.570796,0.227498,0.000000,0.000000,-9600,-9600,-9600,-9600,0,0,0,0.000000,0.000000,0.000000,0.000000,0.000000,0.000000,0.000000,0.000000,0,0,0.000000,0.000000,0.000000,0.000000,0.000000,0.000000,0.000000,0.000000,0.000000,0.000000,0.000000,0.000000,0,0.000000,0.000000,0.000000,0.000000,0.000000,0.000000,0.000000,0.000000,0.000000,0.000000,0.000000,0.000000,0.000000,0.000000,0.000000,0.000000,0.000000,0.000000,0.000000,0.000000,0.000000,0.000000,0.000000,0.000000,0.000000,0.000000,0.000000,0.000000,0.000000,0.000000,0.000000,0.000000,0,0,0,0,0,0,0,0,0,0,0,0,0,66,0,0
3.655934,9770,13,0,0,2,60,0,0,0,0,0,0,-0.000029,-0.000000,-0.034812,-0.004902,-0.000000,0.035494,0.000938,0.000000,1.570796,0.227498,0.000000,0.000000,-9600,-9600,-9600,-9600,0,0,0,0.000000,0.000000,0.000000,0.000000,0.000000,0.000000,0.000000,0.000000,0,0,0.000000,0.000000,0.000000,0.000000,0.000000,0.000000,0.000000,0.000000,0.000000,0.000000,0.000000,0.000000,0,0.000000,0.000000,0.000000,0.000000,0.000000,0.000000,0.000000,0.000000,0.000000,0.000000,0.000000,0.000000,0.000000,0.000000,0.000000,0.000000,0.000000,0.000000,0.000000,0.000000,0.000000,0.000000,0.000000,0.000000,0.000000,0.000000,0.000000,0.000000,0.000000,0.000000,0.000000,0.000000,0,0,0,0,0,0,0,0,0,0,0,0,0,66,0,0
3.665704,9770,13,0,0,2,60,0,0,0,0,0,0,-0.000029,-0.000000,-0.034812,-0.004902,-0.000000,0.035494,0.000938,0.000000,1.570796,0.227498,0.000000,0.000000,-9600,-9600,-9600,-9600,0,0,0,0.000000,0.000000,0.000000,0.000000,0.000000,0.000000,0.000000,0.000000,0,0,0.000000,0.000000,0.000000,0.000000,0.000000,0.000000,0.000000,0.000000,0.000000,0.000000,0.000000,0.000000,0,0.000000,0.000000,0.000000,0.000000,0.000000,0.000000,0.000000,0.000000,0.000000,0.000000,0.000000,0.000000,0.000000,0.000000,0.000000,0.000000,0.000000,0.000000,0.000000,0.000000,0.000000,0.000000,0.000000,0.000000,0.000000,0.000000,0.000000,0.000000,0.000000,0.000000,0.000000,0.000000,0,0,0,0,0,0,0,0,0,0,0,0,0,66,0,0
3.675474,9770,13,0,0,2,60,0,0,0,0,0,0,-0.000029,-0.000000,-0.034812,-0.004902,-0.000000,0.035494,0.000938,0.000000,1.570796,0.227498,0.000000,0.000000,-9600,-9600,-9600,-9600,0,0,0,0.000000,0.000000,0.000000,0.000000,0.000000,0.000000,0.000000,0.000000,0,0,0.000000,0.000000,0.000000,0.000000,0.000000,0.000000,0.000000,0.000000,0.000000,0.000000,0.000000,0.000000,0,0.000000,0.000000,0.000000,0.000000,0.000000,0.000000,0.000000,0.000000,0.000000,0.000000,0.000000,0.000000,0.000000,0.000000,0.000000,0.000000,0.000000,0.000000,0.000000,0.000000,0.000000,0.000000,0.000000,0.000000,0.000000,0.000000,0.000000,0.000000,0.000000,0.000000,0.000000,0.000000,0,0,0,0,0,0,0,0,0,0,0,0,0,66,0,0
3.685244,9770,13,0,0,2,60,0,0,0,0,0,0,-0.000029,-0.000000,-0.034812,-0.004902,-0.000000,0.035494,0.000938,0.000000,1.570796,0.227498,0.000000,0.000000,-9600,-9600,-9600,-9600,0,0,0,0.000000,0.000000,0.000000,0.000000,0.000000,0.000000,0.000000,0.000000,0,0,0.000000,0.000000,0.000000,0.000000,0.000000,0.000000,0.000000,0.000000,0.000000,0.000000,0.000000,0.000000,0,0.000000,0.000000,0.000000,0.000000,0.000000,0.000000,0.000000,0.000000,0.000000,0.000000,0.000000,0.000000,0.000000,0.000000,0.000000,0.000000,0.000000,0.000000,0.000000,0.000000,0.000000,0.000000,0.000000,0.000000,0.000000,0.000000,0.000000,0.000000,0.000000,0.000000,0.000000,0.000000,0,0,0,0,0,0,0,0,0,0,0,0,0,66,0,0
3.695014,9770,13,0,0,2,60,0,0,0,0,0,0,-0.000029,-0.000000,-0.034812,-0.004902,-0.000000,0.035494,0.000938,0.000000,1.570796,0.227498,0.000000,0.000000,-9600,-9600,-9600,-9600,0,0,0,0.000000,0.000000,0.000000,0.000000,0.000000,0.000000,0.000000,0.000000,0,0,0.000000,0.000000,0.000000,0.000000,0.000000,0.000000,0.000000,0.000000,0.000000,0.000000,0.000000,0.000000,0,0.000000,0.000000,0.000000,0.000000,0.000000,0.000000,0.000000,0.000000,0.000000,0.000000,0.000000,0.000000,0.000000,0.000000,0.000000,0.000000,0.000000,0.000000,0.000000,0.000000,0.000000,0.000000,0.000000,0.000000,0.000000,0.000000,0.000000,0.000000,0.000000,0.000000,0.000000,0.000000,0,0,0,0,0,0,0,0,0,0,0,0,0,66,0,0
3.704784,9770,13,0,0,2,60,0,0,0,0,0,0,-0.000029,-0.000000,-0.034812,-0.004902,-0.000000,0.035494,0.000938,0.000000,1.570796,0.227498,0.000000,0.000000,-9600,-9600,-9600,-9600,0,0,0,0.000000,0.000000,0.000000,0.000000,0.000000,0.000000,0.000000,0.000000,0,0,0.000000,0.000000,0.000000,0.000000,0.000000,0.000000,0.000000,0.000000,0.000000,0.000000,0.000000,0.000000,0,0.000000,0.000000,0.000000,0.000000,0.000000,0.000000,0.000000,0.000000,0.000000,0.000000,0.000000,0.000000,0.000000,0.000000,0.000000,0.000000,0.000000,0.000000,0.000000,0.000000,0.000000,0.000000,0.000000,0.000000,0.000000,0.000000,0.000000,0.000000,0.000000,0.000000,0.000000,0.000000,0,0,0,0,0,0,0,0,0,0,0,0,0,66,0,0
3.714554,9770,13,0,0,2,60,0,0,0,0,0,0,-0.000029,-0.000000,-0.034812,-0.004902,-0.000000,0.035494,0.000938,0.000000,1.570796,0.227498,0.000000,0.000000,-9600,-9600,-9600,-9600,0,0,0,0.000000,0.000000,0.000000,0.000000,0.000000,0.000000,0.000000,0.000000,0,0,0.000000,0.000000,0.000000,0.000000,0.000000,0.000000,0.000000,0.000000,0.000000,0.000000,0.000000,0.000000,0,0.000000,0.000000,0.000000,0.000000,0.000000,0.000000,0.000000,0.000000,0.000000,0.000000,0.000000,0.000000,0.000000,0.000000,0.000000,0.000000,0.000000,0.000000,0.000000,0.000000,0.000000,0.000000,0.000000,0.000000,0.000000,0.000000,0.000000,0.000000,0.000000,0.000000,0.000000,0.000000,0,0,0,0,0,0,0,0,0,0,0,0,0,66,0,0
3.724324,9770,13,0,0,2,60,0,0,0,0,0,0,-0.000029,-0.000000,-0.034812,-0.004902,-0.000000,0.035494,0.000938,0.000000,1.570796,0.227498,0.000000,0.000000,-9600,-9600,-9600,-9600,0,0,0,0.000000,0.000000,0.000000,0.000000,0.000000,0.000000,0.000000,0.000000,0,0,0.000000,0.000000,0.000000,0.000000,0.000000,0.000000,0.000000,0.000000,0.000000,0.000000,0.000000,0.000000,0,0.000000,0.000000,0.000000,0.000000,0.000000,0.000000,0.000000,0.000000,0.000000,0.000000,0.000000,0.000000,0.000000,0.000000,0.000000,0.000000,0.000000,0.000000,0.000000,0.000000,0.000000,0.000000,0.000000,0.000000,0.000000,0.000000,0.000000,0.000000,0.000000,0.000000,0.000000,0.000000,0,0,0,0,0,0,0,0,0,0,0,0,0,66,0,0
3.734094,9770,13,0,0,2,60,0,0,0,0,0,0,-0.000029,-0.000000,-0.034812,-0.004902,-0.000000,0.035494,0.000938,0.000000,1.570796,0.227498,0.000000,0.000000,-9600,-9600,-9600,-9600,0,0,0,0.000000,0.000000,0.000000,0.000000,0.000000,0.000000,0.000000,0.000000,0,0,0.000000,0.000000,0.000000,0.000000,0.000000,0.000000,0.000000,0.000000,0.000000,0.000000,0.000000,0.000000,0,0.000000,0.000000,0.000000,0.000000,0.000000,0.000000,0.000000,0.000000,0.000000,0.000000,0.000000,0.000000,0.000000,0.000000,0.000000,0.000000,0.000000,0.000000,0.000000,0.000000,0.000000,0.000000,0.000000,0.000000,0.000000,0.000000,0.000000,0.000000,0.000000,0.000000,0.000000,0.000000,0,0,0,0,0,0,0,0,0,0,0,0,0,66,0,0
3.743864,9770,13,0,0,2,60,0,0,0,0,0,0,-0.000029,-0.000000,-0.034812,-0.004902,-0.000000,0.035494,0.000938,0.000000,1.570796,0.227498,0.000000,0.000000,-9600,-9600,-9600,-9600,0,0,0,0.000000,0.000000,0.000000,0.000000,0.000000,0.000000,0.000000,0.000000,0,0,0.000000,0.000000,0.000000,0.000000,0.000000,0.000000,0.000000,0.000000,0.000000,0.000000,0.000000,0.000000,0,0.000000,0.000000,0.000000,0.000000,0.000000,0.000000,0.000000,0.000000,0.000000,0.000000,0.000000,0.000000,0.000000,0.000000,0.000000,0.000000,0.000000,0.000000,0.000000,0.000000,0.000000,0.000000,0.000000,0.000000,0.000000,0.000000,0.000000,0.000000,0.000000,0.000000,0.000000,0.000000,0,0,0,0,0,0,0,0,0,0,0,0,0,66,0,0
3.753634,9770,13,0,0,2,60,0,0,0,0,0,0,-0.000029,-0.000000,-0.034812,-0.004902,-0.000000,0.035494,0.000938,0.000000,1.570796,0.227498,0.000000,0.000000,-9600,-9600,-9600,-9600,0,0,0,0.000000,0.000000,0.000000,0.000000,0.000000,0.000000,0.000000,0.000000,0,0,0.000000,0.000000,0.000000,0.000000,0.000000,0.000000,0.000000,0.000000,0.000000,0.000000,0.000000,0.000000,0,0.000000,0.000000,0.000000,0.000000,0.000000,0.000000,0.000000,0.000000,0.000000,0.000000,0.000000,0.000000,0.000000,0.000000,0.000000,0.000000,0.000000,0.000000,0.000000,0.000000,0.000000,0.000000,0.000000,0.000000,0.000000,0.000000,0.000000,0.000000,0.000000,0.000000,0.000000,0.000000,0,0,0,0,0,0,0,0,0,0,0,0,0,66,0,0
3.763404,9770,13,0,0,2,60,0,0,0,0,0,0,-0.000029,-0.000000,-0.034812,-0.004902,-0.000000,0.035494,0.000938,0.000000,1.570796,0.227498,0.000000,0.000000,-9600,-9600,-9600,-9600,0,0,0,0.000000,0.000000,0.000000,0.000000,0.000000,0.000000,0.000000,0.000000,0,0,0.000000,0.000000,0.000000,0.000000,0.000000,0.000000,0.000000,0.000000,0.000000,0.000000,0.000000,0.000000,0,0.000000,0.000000,0.000000,0.000000,0.000000,0.000000,0.000000,0.000000,0.000000,0.000000,0.000000,0.000000,0.000000,0.000000,0.000000,0.000000,0.000000,0.000000,0.000000,0.000000,0.000000,0.000000,0.000000,0.000000,0.000000,0.000000,0.000000,0.000000,0.000000,0.000000,0.000000,0.000000,0,0,0,0,0,0,0,0,0,0,0,0,0,66,0,0
3.773174,9770,13,0,0,2,60,0,0,0,0,0,0,-0.000029,-0.000000,-0.034812,-0.004902,-0.000000,0.035494,0.000938,0.000000,1.570796,0.227498,0.000000,0.000000,-9600,-9600,-9600,-9600,0,0,0,0.000000,0.000000,0.000000,0.000000,0.000000,0.000000,0.000000,0.000000,0,0,0.000000,0.000000,0.000000,0.000000,0.000000,0.000000,0.000000,0.000000,0.000000,0.000000,0.000000,0.000000,0,0.000000,0.000000,0.000000,0.000000,0.000000,0.000000,0.000000,0.000000,0.000000,0.000000,0.000000,0.000000,0.000000,0.000000,0.000000,0.000000,0.000000,0.000000,0.000000,0.000000,0.000000,0.000000,0.000000,0.000000,0.000000,0.000000,0.000000,0.000000,0.000000,0.000000,0.000000,0.000000,0,0,0,0,0,0,0,0,0,0,0,0,0,66,0,0
3.782944,9770,13,0,0,2,60,0,0,0,0,0,0,-0.000029,-0.000000,-0.034812,-0.004902,-0.000000,0.035494,0.000938,0.000000,1.570796,0.227498,0.000000,0.000000,-9600,-9600,-9600,-9600,0,0,0,0.000000,0.000000,0.000000,0.000000,0.000000,0.000000,0.000000,0.000000,0,0,0.000000,0.000000,0.000000,0.000000,0.000000,0.000000,0.000000,0.000000,0.000000,0.000000,0.000000,0.000000,0,0.000000,0.000000,0.000000,0.000000,0.000000,0.000000,0.000000,0.000000,0.000000,0.000000,0.000000,0.000000,0.000000,0.000000,0.000000,0.000000,0.000000,0.000000,0.000000,0.000000,0.000000,0.000000,0.000000,0.000000,0.000000,0.000000,0.000000,0.000000,0.000000,0.000000,0.000000,0.000000,0,0,0,0,0,0,0,0,0,0,0,0,0,66,0,0
3.792714,9770,13,0,0,2,60,0,0,0,0,0,0,-0.000029,-0.000000,-0.034812,-0.004902,-0.000000,0.035494,0.000938,0.000000,1.570796,0.227498,0.000000,0.000000,-9600,-9600,-9600,-9600,0,0,0,0.000000,0.000000,0.000000,0.000000,0.000000,0.000000,0.000000,0.000000,0,0,0.000000,0.000000,0.000000,0.000000,0.000000,0.000000,0.000000,0.000000,0.000000,0.000000,0.000000,0.000000,0,0.000000,0.000000,0.000000,0.000000,0.000000,0.000000,0.000000,0.000000,0.000000,0.000000,0.000000,0.000000,0.000000,0.000000,0.000000,0.000000,0.000000,0.000000,0.000000,0.000000,0.000000,0.000000,0.000000,0.000000,0.000000,0.000000,0.000000,0.000000,0.000000,0.000000,0.000000,0.000000,0,0,0,0,0,0,0,0,0,0,0,0,0,66,0,0
3.802484,9770,13,0,0,2,60,0,0,0,0,0,0,-0.000029,-0.000000,-0.034812,-0.004902,-0.000000,0.035494,0.000938,0.000000,1.570796,0.227498,0.000000,0.000000,-9600,-9600,-9600,-9600,0,0,0,0.000000,0.000000,0.000000,0.000000,0.000000,0.000000,0.000000,0.000000,0,0,0.000000,0.000000,0.000000,0.000000,0.000000,0.000000,0.000000,0.000000,0.000000,0.000000,0.000000,0.000000,0,0.000000,0.000000,0.000000,0.000000,0.000000,0.000000,0.000000,0.000000,0.000000,0.000000,0.000000,0.000000,0.000000,0.000000,0.000000,0.000000,0.000000,0.000000,0.000000,0.000000,0.000000,0.000000,0.000000,0.000000,0.000000,0.000000,0.000000,0.000000,0.000000,0.000000,0.000000,0.000000,0,0,0,0,0,0,0,0,0,0,0,0,0,66,0,0
3.812254,9770,13,0,0,2,60,0,0,0,0,0,0,-0.000029,-0.000000,-0.034812,-0.004902,-0.000000,0.035494,0.000938,0.000000,1.570796,0.227498,0.000000,0.000000,-9600,-9600,-9600,-9600,0,0,0,0.000000,0.000000,0.000000,0.000000,0.000000,0.000000,0.000000,0.000000,0,0,0.000000,0.000000,0.000000,0.000000,0.000000,0.000000,0.000000,0.000000,0.000000,0.000000,0.000000,0.000000,0,0.000000,0.000000,0.000000,0.000000,0.000000,0.000000,0.000000,0.000000,0.000000,0.000000,0.000000,0.000000,0.000000,0.000000,0.000000,0.000000,0.000000,0.000000,0.000000,0.000000,0.000000,0.000000,0.000000,0.000000,0.000000,0.000000,0.000000,0.000000,0.000000,0.000000,0.000000,0.000000,0,0,0,0,0,0,0,0,0,0,0,0,0,66,0,0
3.822024,9770,13,0,0,2,60,0,0,0,0,0,0,-0.000029,-0.000000,-0.034812,-0.004902,-0.000000,0.035494,0.000938,0.000000,1.570796,0.227498,0.000000,0.000000,-9600,-9600,-9600,-9600,0,0,0,0.000000,0.000000,0.000000,0.000000,0.000000,0.000000,0.000000,0.000000,0,0,0.000000,0.000000,0.000000,0.000000,0.000000,0.000000,0.000000,0.000000,0.000000,0.000000,0.000000,0.000000,0,0.000000,0.000000,0.000000,0.000000,0.000000,0.000000,0.000000,0.000000,0.000000,0.000000,0.000000,0.000000,0.000000,0.000000,0.000000,0.000000,0.000000,0.000000,0.000000,0.000000,0.000000,0.000000,0.000000,0.000000,0.000000,0.000000,0.000000,0.000000,0.000000,0.000000,0.000000,0.000000,0,0,0,0,0,0,0,0,0,0,0,0,0,66,0,0
3.831794,9770,13,0,0,2,60,0,0,0,0,0,0,-0.000029,-0.000000,-0.034812,-0.004902,-0.000000,0.035494,0.000938,0.000000,1.570796,0.227498,0.000000,0.000000,-9600,-9600,-9600,-9600,0,0,0,0.000000,0.000000,0.000000,0.000000,0.000000,0.000000,0.000000,0.000000,0,0,0.000000,0.000000,0.000000,0.000000,0.000000,0.000000,0.000000,0.000000,0.000000,0.000000,0.000000,0.000000,0,0.000000,0.000000,0.000000,0.000000,0.000000,0.000000,0.000000,0.000000,0.000000,0.000000,0.000000,0.000000,0.000000,0.000000,0.000000,0.000000,0.000000,0.000000,0.000000,0.000000,0.000000,0.000000,0.000000,0.000000,0.000000,0.000000,0.000000,0.000000,0.000000,0.000000,0.000000,0.000000,0,0,0,0,0,0,0,0,0,0,0,0,0,66,0,0
3.841564,9770,13,0,0,2,60,0,0,0,0,0,0,-0.000029,-0.000000,-0.034812,-0.004902,-0.000000,0.035494,0.000938,0.000000,1.570796,0.227498,0.000000,0.000000,-9600,-9600,-9600,-9600,0,0,0,0.000000,0.000000,0.000000,0.000000,0.000000,0.000000,0.000000,0.000000,0,0,0.000000,0.000000,0.000000,0.000000,0.000000,0.000000,0.000000,0.000000,0.000000,0.000000,0.000000,0.000000,0,0.000000,0.000000,0.000000,0.000000,0.000000,0.000000,0.000000,0.000000,0.000000,0.000000,0.000000,0.000000,0.000000,0.000000,0.000000,0.000000,0.000000,0.000000,0.000000,0.000000,0.000000,0.000000,0.000000,0.000000,0.000000,0.000000,0.000000,0.000000,0.000000,0.000000,0.000000,0.000000,0,0,0,0,0,0,0,0,0,0,0,0,0,66,0,0
3.851334,9770,13,0,0,2,60,0,0,0,0,0,0,-0.000029,-0.000000,-0.034812,-0.004902,-0.000000,0.035494,0.000938,0.000000,1.570796,0.227498,0.000000,0.000000,-9600,-9600,-9600,-9600,0,0,0,0.000000,0.000000,0.000000,0.000000,0.000000,0.000000,0.000000,0.000000,0,0,0.000000,0.000000,0.000000,0.000000,0.000000,0.000000,0.000000,0.000000,0.000000,0.000000,0.000000,0.000000,0,0.000000,0.000000,0.000000,0.000000,0.000000,0.000000,0.000000,0.000000,0.000000,0.000000,0.000000,0.000000,0.000000,0.000000,0.000000,0.000000,0.000000,0.000000,0.000000,0.000000,0.000000,0.000000,0.000000,0.000000,0.000000,0.000000,0.000000,0.000000,0.000000,0.000000,0.000000,0.000000,0,0,0,0,0,0,0,0,0,0,0,0,0,66,0,0
3.861104,9770,13,0,0,2,60,0,0,0,0,0,0,-0.000029,-0.000000,-0.034812,-0.004902,-0.000000,0.035494,0.000938,0.000000,1.570796,0.227498,0.000000,0.000000,-9600,-9600,-9600,-9600,0,0,0,0.000000,0.000000,0.000000,0.000000,0.000000,0.000000,0.000000,0.000000,0,0,0.000000,0.000000,0.000000,0.000000,0.000000,0.000000,0.000000,0.000000,0.000000,0.000000,0.000000,0.000000,0,0.000000,0.000000,0.000000,0.000000,0.000000,0.000000,0.000000,0.000000,0.000000,0.000000,0.000000,0.000000,0.000000,0.000000,0.000000,0.000000,0.000000,0.000000,0.000000,0.000000,0.000000,0.000000,0.000000,0.000000,0.000000,0.000000,0.000000,0.000000,0.000000,0.000000,0.000000,0.000000,0,0,0,0,0,0,0,0,0,0,0,0,0,66,0,0
3.870874,9770,13,0,0,2,60,0,0,0,0,0,0,-0.000030,-0.000000,-0.034812,-0.004902,-0.000000,0.035494,0.000938,0.000000,1.570796,0.227498,0.000000,0.000000,-9600,-9600,-9600,-9600,0,0,0,0.000000,0.000000,0.000000,0.000000,0.000000,0.000000,0.000000,0.000000,0,0,0.000000,0.000000,0.000000,0.000000,0.000000,0.000000,0.000000,0.000000,0.000000,0.000000,0.000000,0.000000,0,0.000000,0.000000,0.000000,0.000000,0.000000,0.000000,0.000000,0.000000,0.000000,0.000000,0.000000,0.000000,0.000000,0.000000,0.000000,0.000000,0.000000,0.000000,0.000000,0.000000,0.000000,0.000000,0.000000,0.000000,0.000000,0.000000,0.000000,0.000000,0.000000,0.000000,0.000000,0.000000,0,0,0,0,0,0,0,0,0,0,0,0,0,66,0,0
3.880644,9770,13,0,0,2,60,0,0,0,0,0,0,-0.000030,-0.000000,-0.034812,-0.004902,-0.000000,0.035494,0.000938,0.000000,1.570796,0.227498,0.000000,0.000000,-9600,-9600,-9600,-9600,0,0,0,0.000000,0.000000,0.000000,0.000000,0.000000,0.000000,0.000000,0.000000,0,0,0.000000,0.000000,0.000000,0.000000,0.000000,0.000000,0.000000,0.000000,0.000000,0.000000,0.000000,0.000000,0,0.000000,0.000000,0.000000,0.000000,0.000000,0.000000,0.000000,0.000000,0.000000,0.000000,0.000000,0.000000,0.000000,0.000000,0.000000,0.000000,0.000000,0.000000,0.000000,0.000000,0.000000,0.000000,0.000000,0.000000,0.000000,0.000000,0.000000,0.000000,0.000000,0.000000,0.000000,0.000000,0,0,0,0,0,0,0,0,0,0,0,0,0,66,0,0
3.890414,9770,13,0,0,2,60,0,0,0,0,0,0,-0.000030,-0.000000,-0.034812,-0.004902,-0.000000,0.035494,0.000938,0.000000,1.570796,0.227498,0.000000,0.000000,-9600,-9600,-9600,-9600,0,0,0,0.000000,0.000000,0.000000,0.000000,0.000000,0.000000,0.000000,0.000000,0,0,0.000000,0.000000,0.000000,0.000000,0.000000,0.000000,0.000000,0.000000,0.000000,0.000000,0.000000,0.000000,0,0.000000,0.000000,0.000000,0.000000,0.000000,0.000000,0.000000,0.000000,0.000000,0.000000,0.000000,0.000000,0.000000,0.000000,0.000000,0.000000,0.000000,0.000000,0.000000,0.000000,0.000000,0.000000,0.000000,0.000000,0.000000,0.000000,0.000000,0.000000,0.000000,0.000000,0.000000,0.000000,0,0,0,0,0,0,0,0,0,0,0,0,0,66,0,0
3.900184,9770,13,0,0,2,60,0,0,0,0,0,0,-0.000030,-0.000000,-0.034812,-0.004902,-0.000000,0.035494,0.000938,0.000000,1.570796,0.227498,0.000000,0.000000,-9600,-9600,-9600,-9600,0,0,0,0.000000,0.000000,0.000000,0.000000,0.000000,0.000000,0.000000,0.000000,0,0,0.000000,0.000000,0.000000,0.000000,0.000000,0.000000,0.000000,0.000000,0.000000,0.000000,0.000000,0.000000,0,0.000000,0.000000,0.000000,0.000000,0.000000,0.000000,0.000000,0.000000,0.000000,0.000000,0.000000,0.000000,0.000000,0.000000,0.000000,0.000000,0.000000,0.000000,0.000000,0.000000,0.000000,0.000000,0.000000,0.000000,0.000000,0.000000,0.000000,0.000000,0.000000,0.000000,0.000000,0.000000,0,0,0,0,0,0,0,0,0,0,0,0,0,66,0,0
3.909954,9770,13,0,0,2,60,0,0,0,0,0,0,-0.000030,-0.000000,-0.034812,-0.004902,-0.000000,0.035494,0.000938,0.000000,1.570796,0.227498,0.000000,0.000000,-9600,-9600,-9600,-9600,0,0,0,0.000000,0.000000,0.000000,0.000000,0.000000,0.000000,0.000000,0.000000,0,0,0.000000,0.000000,0.000000,0.000000,0.000000,0.000000,0.000000,0.000000,0.000000,0.000000,0.000000,0.000000,0,0.000000,0.000000,0.000000,0.000000,0.000000,0.000000,0.000000,0.000000,0.000000,0.000000,0.000000,0.000000,0.000000,0.000000,0.000000,0.000000,0.000000,0.000000,0.000000,0.000000,0.000000,0.000000,0.000000,0.000000,0.000000,0.000000,0.000000,0.000000,0.000000,0.000000,0.000000,0.000000,0,0,0,0,0,0,0,0,0,0,0,0,0,66,0,0
3.919724,9770,13,0,0,2,60,0,0,0,0,0,0,-0.000030,-0.000000,-0.034812,-0.004902,-0.000000,0.035494,0.000938,0.000000,1.570796,0.227498,0.000000,0.000000,-9600,-9600,-9600,-9600,0,0,0,0.000000,0.000000,0.000000,0.000000,0.000000,0.000000,0.000000,0.000000,0,0,0.000000,0.000000,0.000000,0.000000,0.000000,0.000000,0.000000,0.000000,0.000000,0.000000,0.000000,0.000000,0,0.000000,0.000000,0.000000,0.000000,0.000000,0.000000,0.000000,0.000000,0.000000,0.000000,0.000000,0.000000,0.000000,0.000000,0.000000,0.000000,0.000000,0.000000,0.000000,0.000000,0.000000,0.000000,0.000000,0.000000,0.000000,0.000000,0.000000,0.000000,0.000000,0.000000,0.000000,0.000000,0,0,0,0,0,0,0,0,0,0,0,0,0,66,0,0
3.929494,9770,13,0,0,2,60,0,0,0,0,0,0,-0.000030,-0.000000,-0.034812,-0.004902,-0.000000,0.035494,0.000938,0.000000,1.570796,0.227498,0.000000,0.000000,-9600,-9600,-9600,-9600,0,0,0,0.000000,0.000000,0.000000,0.000000,0.000000,0.000000,0.000000,0.000000,0,0,0.000000,0.000000,0.000000,0.000000,0.000000,0.000000,0.000000,0.000000,0.000000,0.000000,0.000000,0.000000,0,0.000000,0.000000,0.000000,0.000000,0.000000,0.000000,0.000000,0.000000,0.000000,0.000000,0.000000,0.000000,0.000000,0.000000,0.000000,0.000000,0.000000,0.000000,0.000000,0.000000,0.000000,0.000000,0.000000,0.000000,0.000000,0.000000,0.000000,0.000000,0.000000,0.000000,0.000000,0.000000,0,0,0,0,0,0,0,0,0,0,0,0,0,66,0,0
3.939264,9770,13,0,0,2,60,0,0,0,0,0,0,-0.000030,-0.000000,-0.034812,-0.004902,-0.000000,0.035494,0.000938,0.000000,1.570796,0.227498,0.000000,0.000000,-9600,-9600,-9600,-9600,0,0,0,0.000000,0.000000,0.000000,0.000000,0.000000,0.000000,0.000000,0.000000,0,0,0.000000,0.000000,0.000000,0.000000,0.000000,0.000000,0.000000,0.000000,0.000000,0.000000,0.000000,0.000000,0,0.000000,0.000000,0.000000,0.000000,0.000000,0.000000,0.000000,0.000000,0.000000,0.000000,0.000000,0.000000,0.000000,0.000000,0.000000,0.000000,0.000000,0.000000,0.000000,0.000000,0.000000,0.000000,0.000000,0.000000,0.000000,0.000000,0.000000,0.000000,0.000000,0.000000,0.000000,0.000000,0,0,0,0,0,0,0,0,0,0,0,0,0,66,0,0
3.949034,9770,13,0,0,2,60,0,0,0,0,0,0,-0.000030,-0.000000,-0.034812,-0.004902,-0.000000,0.035494,0.000938,0.000000,1.570796,0.227498,0.000000,0.000000,-9600,-9600,-9600,-9600,0,0,0,0.000000,0.000000,0.000000,0.000000,0.000000,0.000000,0.000000,0.000000,0,0,0.000000,0.000000,0.000000,0.000000,0.000000,0.000000,0.000000,0.000000,0.000000,0.000000,0.000000,0.000000,0,0.000000,0.000000,0.000000,0.000000,0.000000,0.000000,0.000000,0.000000,0.000000,0.000000,0.000000,0.000000,0.000000,0.000000,0.000000,0.000000,0.000000,0.000000,0.000000,0.000000,0.000000,0.000000,0.000000,0.000000,0.000000,0.000000,0.000000,0.000000,0.000000,0.000000,0.000000,0.000000,0,0,0,0,0,0,0,0,0,0,0,0,0,66,0,0
3.958804,9770,13,0,0,2,60,0,0,0,0,0,0,-0.000030,-0.000000,-0.034812,-0.004902,-0.000000,0.035494,0.000938,0.000000,1.570796,0.227498,0.000000,0.000000,-9600,-9600,-9600,-9600,0,0,0,0.000000,0.000000,0.000000,0.000000,0.000000,0.000000,0.000000,0.000000,0,0,0.000000,0.000000,0.000000,0.000000,0.000000,0.000000,0.000000,0.000000,0.000000,0.000000,0.000000,0.000000,0,0.000000,0.000000,0.000000,0.000000,0.000000,0.000000,0.000000,0.000000,0.000000,0.000000,0.000000,0.000000,0.000000,0.000000,0.000000,0.000000,0.000000,0.000000,0.000000,0.000000,0.000000,0.000000,0.000000,0.000000,0.000000,0.000000,0.000000,0.000000,0.000000,0.000000,0.000000,0.000000,0,0,0,0,0,0,0,0,0,0,0,0,0,66,0,0
3.968574,9770,13,0,0,2,60,0,0,0,0,0,0,-0.000030,-0.000000,-0.034812,-0.004902,-0.000000,0.035494,0.000938,0.000000,1.570796,0.227498,0.000000,0.000000,-9600,-9600,-9600,-9600,0,0,0,0.000000,0.000000,0.000000,0.000000,0.000000,0.000000,0.000000,0.000000,0,0,0.000000,0.000000,0.000000,0.000000,0.000000,0.000000,0.000000,0.000000,0.000000,0.000000,0.000000,0.000000,0,0.000000,0.000000,0.000000,0.000000,0.000000,0.000000,0.000000,0.000000,0.000000,0.000000,0.000000,0.000000,0.000000,0.000000,0.000000,0.000000,0.000000,0.000000,0.000000,0.000000,0.000000,0.000000,0.000000,0.000000,0.000000,0.000000,0.000000,0.000000,0.000000,0.000000,0.000000,0.000000,0,0,0,0,0,0,0,0,0,0,0,0,0,66,0,0
3.978344,9770,13,0,0,2,60,0,0,0,0,0,0,-0.000030,-0.000000,-0.034812,-0.004902,-0.000000,0.035494,0.000938,0.000000,1.570796,0.227498,0.000000,0.000000,-9600,-9600,-9600,-9600,0,0,0,0.000000,0.000000,0.000000,0.000000,0.000000,0.000000,0.000000,0.000000,0,0,0.000000,0.000000,0.000000,0.000000,0.000000,0.000000,0.000000,0.000000,0.000000,0.000000,0.000000,0.000000,0,0.000000,0.000000,0.000000,0.000000,0.000000,0.000000,0.000000,0.000000,0.000000,0.000000,0.000000,0.000000,0.000000,0.000000,0.000000,0.000000,0.000000,0.000000,0.000000,0.000000,0.000000,0.000000,0.000000,0.000000,0.000000,0.000000,0.000000,0.000000,0.000000,0.000000,0.000000,0.000000,0,0,0,0,0,0,0,0,0,0,0,0,0,66,0,0
3.988114,9770,13,0,0,2,60,0,0,0,0,0,0,-0.000030,-0.000000,-0.034812,-0.004902,-0.000000,0.035494,0.000938,0.000000,1.570796,0.227498,0.000000,0.000000,-9600,-9600,-9600,-9600,0,0,0,0.000000,0.000000,0.000000,0.000000,0.000000,0.000000,0.000000,0.000000,0,0,0.000000,0.000000,0.000000,0.000000,0.000000,0.000000,0.000000,0.000000,0.000000,0.000000,0.000000,0.000000,0,0.000000,0.000000,0.000000,0.000000,0.000000,0.000000,0.000000,0.000000,0.000000,0.000000,0.000000,0.000000,0.000000,0.000000,0.000000,0.000000,0.000000,0.000000,0.000000,0.000000,0.000000,0.000000,0.000000,0.000000,0.000000,0.000000,0.000000,0.000000,0.000000,0.000000,0.000000,0.000000,0,0,0,0,0,0,0,0,0,0,0,0,0,66,0,0
3.997884,9770,13,0,0,2,60,0,0,0,0,0,0,-0.000030,-0.000000,-0.034812,-0.004902,-0.000000,0.035494,0.000938,0.000000,1.570796,0.227498,0.000000,0.000000,-9600,-9600,-9600,-9600,0,0,0,0.000000,0.000000,0.000000,0.000000,0.000000,0.000000,0.000000,0.000000,0,0,0.000000,0.000000,0.000000,0.000000,0.000000,0.000000,0.000000,0.000000,0.000000,0.000000,0.000000,0.000000,0,0.000000,0.000000,0.000000,0.000000,0.000000,0.000000,0.000000,0.000000,0.000000,0.000000,0.000000,0.000000,0.000000,0.000000,0.000000,0.000000,0.000000,0.000000,0.000000,0.000000,0.000000,0.000000,0.000000,0.000000,0.000000,0.000000,0.000000,0.000000,0.000000,0.000000,0.000000,0.000000,0,0,0,0,0,0,0,0,0,0,0,0,0,66,0,0
4.007654,9770,13,0,0,2,60,0,0,0,0,0,0,-0.000030,-0.000000,-0.034812,-0.004902,-0.000000,0.035494,0.000938,0.000000,1.570796,0.227498,0.000000,0.000000,-9600,-9600,-9600,-9600,0,0,0,0.000000,0.000000,0.000000,0.000000,0.000000,0.000000,0.000000,0.000000,0,0,0.000000,0.000000,0.000000,0.000000,0.000000,0.000000,0.000000,0.000000,0.000000,0.000000,0.000000,0.000000,0,0.000000,0.000000,0.000000,0.000000,0.000000,0.000000,0.000000,0.000000,0.000000,0.000000,0.000000,0.000000,0.000000,0.000000,0.000000,0.000000,0.000000,0.000000,0.000000,0.000000,0.000000,0.000000,0.000000,0.000000,0.000000,0.000000,0.000000,0.000000,0.000000,0.000000,0.000000,0.000000,0,0,0,0,0,0,0,0,0,0,0,0,0,66,0,0
4.017424,9770,13,0,0,2,60,0,0,0,0,0,0,-0.000030,-0.000000,-0.034812,-0.004902,-0.000000,0.035494,0.000938,0.000000,1.570796,0.227498,0.000000,0.000000,-9600,-9600,-9600,-9600,0,0,0,0.000000,0.000000,0.000000,0.000000,0.000000,0.000000,0.000000,0.000000,0,0,0.000000,0.000000,0.000000,0.000000,0.000000,0.000000,0.000000,0.000000,0.000000,0.000000,0.000000,0.000000,0,0.000000,0.000000,0.000000,0.000000,0.000000,0.000000,0.000000,0.000000,0.000000,0.000000,0.000000,0.000000,0.000000,0.000000,0.000000,0.000000,0.000000,0.000000,0.000000,0.000000,0.000000,0.000000,0.000000,0.000000,0.000000,0.000000,0.000000,0.000000,0.000000,0.000000,0.000000,0.000000,0,0,0,0,0,0,0,0,0,0,0,0,0,66,0,0
4.027194,9770,13,0,0,2,60,0,0,0,0,0,0,-0.000030,-0.000000,-0.034812,-0.004902,-0.000000,0.035494,0.000938,0.000000,1.570796,0.227498,0.000000,0.000000,-9600,-9600,-9600,-9600,0,0,0,0.000000,0.000000,0.000000,0.000000,0.000000,0.000000,0.000000,0.000000,0,0,0.000000,0.000000,0.000000,0.000000,0.000000,0.000000,0.000000,0.000000,0.000000,0.000000,0.000000,0.000000,0,0.000000,0.000000,0.000000,0.000000,0.000000,0.000000,0.000000,0.000000,0.000000,0.000000,0.000000,0.000000,0.000000,0.000000,0.000000,0.000000,0.000000,0.000000,0.000000,0.000000,0.000000,0.000000,0.000000,0.000000,0.000000,0.000000,0.000000,0.000000,0.000000,0.000000,0.000000,0.000000,0,0,0,0,0,0,0,0,0,0,0,0,0,66,0,0
4.036964,9770,13,0,0,2,60,0,0,0,0,0,0,-0.000030,-0.000000,-0.034812,-0.004902,-0.000000,0.035494,0.000938,0.000000,1.570796,0.227498,0.000000,0.000000,-9600,-9600,-9600,-9600,0,0,0,0.000000,0.000000,0.000000,0.000000,0.000000,0.000000,0.000000,0.000000,0,0,0.000000,0.000000,0.000000,0.000000,0.000000,0.000000,0.000000,0.000000,0.000000,0.000000,0.000000,0.000000,0,0.000000,0.000000,0.000000,0.000000,0.000000,0.000000,0.000000,0.000000,0.000000,0.000000,0.000000,0.000000,0.000000,0.000000,0.000000,0.000000,0.000000,0.000000,0.000000,0.000000,0.000000,0.000000,0.000000,0.000000,0.000000,0.000000,0.000000,0.000000,0.000000,0.000000,0.000000,0.000000,0,0,0,0,0,0,0,0,0,0,0,0,0,66,0,0
4.046734,9770,13,0,0,2,60,0,0,0,0,0,0,-0.000030,-0.000000,-0.034812,-0.004902,-0.000000,0.035494,0.000938,0.000000,1.570796,0.227498,0.000000,0.000000,-9600,-9600,-9600,-9600,0,0,0,0.000000,0.000000,0.000000,0.000000,0.000000,0.000000,0.000000,0.000000,0,0,0.000000,0.000000,0.000000,0.000000,0.000000,0.000000,0.000000,0.000000,0.000000,0.000000,0.000000,0.000000,0,0.000000,0.000000,0.000000,0.000000,0.000000,0.000000,0.000000,0.000000,0.000000,0.000000,0.000000,0.000000,0.000000,0.000000,0.000000,0.000000,0.000000,0.000000,0.000000,0.000000,0.000000,0.000000,0.000000,0.000000,0.000000,0.000000,0.000000,0.000000,0.000000,0.000000,0.000000,0.000000,0,0,0,0,0,0,0,0,0,0,0,0,0,66,0,0
4.056504,9770,13,0,0,2,60,0,0,0,0,0,0,-0.000030,-0.000000,-0.034812,-0.004902,-0.000000,0.035494,0.000938,0.000000,1.570796,0.227498,0.000000,0.000000,-9600,-9600,-9600,-9600,0,0,0,0.000000,0.000000,0.000000,0.000000,0.000000,0.000000,0.000000,0.000000,0,0,0.000000,0.000000,0.000000,0.000000,0.000000,0.000000,0.000000,0.000000,0.000000,0.000000,0.000000,0.000000,0,0.000000,0.000000,0.000000,0.000000,0.000000,0.000000,0.000000,0.000000,0.000000,0.000000,0.000000,0.000000,0.000000,0.000000,0.000000,0.000000,0.000000,0.000000,0.000000,0.000000,0.000000,0.000000,0.000000,0.000000,0.000000,0.000000,0.000000,0.000000,0.000000,0.000000,0.000000,0.000000,0,0,0,0,0,0,0,0,0,0,0,0,0,66,0,0
4.066274,9770,13,0,0,2,60,0,0,0,0,0,0,-0.000030,-0.000000,-0.034812,-0.004902,-0.000000,0.035494,0.000938,0.000000,1.570796,0.227498,0.000000,0.000000,-9600,-9600,-9600,-9600,0,0,0,0.000000,0.000000,0.000000,0.000000,0.000000,0.000000,0.000000,0.000000,0,0,0.000000,0.000000,0.000000,0.000000,0.000000,0.000000,0.000000,0.000000,0.000000,0.000000,0.000000,0.000000,0,0.000000,0.000000,0.000000,0.000000,0.000000,0.000000,0.000000,0.000000,0.000000,0.000000,0.000000,0.000000,0.000000,0.000000,0.000000,0.000000,0.000000,0.000000,0.000000,0.000000,0.000000,0.000000,0.000000,0.000000,0.000000,0.000000,0.000000,0.000000,0.000000,0.000000,0.000000,0.000000,0,0,0,0,0,0,0,0,0,0,0,0,0,66,0,0
4.076044,9770,13,0,0,2,60,0,0,0,0,0,0,-0.000030,-0.000000,-0.034812,-0.004902,-0.000000,0.035494,0.000938,0.000000,1.570796,0.227498,0.000000,0.000000,-9600,-9600,-9600,-9600,0,0,0,0.000000,0.000000,0.000000,0.000000,0.000000,0.000000,0.000000,0.000000,0,0,0.000000,0.000000,0.000000,0.000000,0.000000,0.000000,0.000000,0.000000,0.000000,0.000000,0.000000,0.000000,0,0.000000,0.000000,0.000000,0.000000,0.000000,0.000000,0.000000,0.000000,0.000000,0.000000,0.000000,0.000000,0.000000,0.000000,0.000000,0.000000,0.000000,0.000000,0.000000,0.000000,0.000000,0.000000,0.000000,0.000000,0.000000,0.000000,0.000000,0.000000,0.000000,0.000000,0.000000,0.000000,0,0,0,0,0,0,0,0,0,0,0,0,0,66,0,0
4.085814,9770,13,0,0,2,60,0,0,0,0,0,0,-0.000030,-0.000000,-0.034812,-0.004902,-0.000000,0.035494,0.000938,0.000000,1.570796,0.227498,0.000000,0.000000,-9600,-9600,-9600,-9600,0,0,0,0.000000,0.000000,0.000000,0.000000,0.000000,0.000000,0.000000,0.000000,0,0,0.000000,0.000000,0.000000,0.000000,0.000000,0.000000,0.000000,0.000000,0.000000,0.000000,0.000000,0.000000,0,0.000000,0.000000,0.000000,0.000000,0.000000,0.000000,0.000000,0.000000,0.000000,0.000000,0.000000,0.000000,0.000000,0.000000,0.000000,0.000000,0.000000,0.000000,0.000000,0.000000,0.000000,0.000000,0.000000,0.000000,0.000000,0.000000,0.000000,0.000000,0.000000,0.000000,0.000000,0.000000,0,0,0,0,0,0,0,0,0,0,0,0,0,66,0,0
4.095584,9770,13,0,0,2,60,0,0,0,0,0,0,-0.000030,-0.000000,-0.034812,-0.004902,-0.000000,0.035494,0.000938,0.000000,1.570796,0.227498,0.000000,0.000000,-9600,-9600,-9600,-9600,0,0,0,0.000000,0.000000,0.000000,0.000000,0.000000,0.000000,0.000000,0.000000,0,0,0.000000,0.000000,0.000000,0.000000,0.000000,0.000000,0.000000,0.000000,0.000000,0.000000,0.000000,0.000000,0,0.000000,0.000000,0.000000,0.000000,0.000000,0.000000,0.000000,0.000000,0.000000,0.000000,0.000000,0.000000,0.000000,0.000000,0.000000,0.000000,0.000000,0.000000,0.000000,0.000000,0.000000,0.000000,0.000000,0.000000,0.000000,0.000000,0.000000,0.000000,0.000000,0.000000,0.000000,0.000000,0,0,0,0,0,0,0,0,0,0,0,0,0,66,0,0
4.105354,9770,13,0,0,2,60,0,0,0,0,0,0,-0.000030,-0.000000,-0.034812,-0.004902,-0.000000,0.035494,0.000938,0.000000,1.570796,0.227498,0.000000,0.000000,-9600,-9600,-9600,-9600,0,0,0,0.000000,0.000000,0.000000,0.000000,0.000000,0.000000,0.000000,0.000000,0,0,0.000000,0.000000,0.000000,0.000000,0.000000,0.000000,0.000000,0.000000,0.000000,0.000000,0.000000,0.000000,0,0.000000,0.000000,0.000000,0.000000,0.000000,0.000000,0.000000,0.000000,0.000000,0.000000,0.000000,0.000000,0.000000,0.000000,0.000000,0.000000,0.000000,0.000000,0.000000,0.000000,0.000000,0.000000,0.000000,0.000000,0.000000,0.000000,0.000000,0.000000,0.000000,0.000000,0.000000,0.000000,0,0,0,0,0,0,0,0,0,0,0,0,0,66,0,0
4.115124,9770,13,0,0,2,60,0,0,0,0,0,0,-0.000030,-0.000000,-0.034812,-0.004902,-0.000000,0.035494,0.000938,0.000000,1.570796,0.227498,0.000000,0.000000,-9600,-9600,-9600,-9600,0,0,0,0.000000,0.000000,0.000000,0.000000,0.000000,0.000000,0.000000,0.000000,0,0,0.000000,0.000000,0.000000,0.000000,0.000000,0.000000,0.000000,0.000000,0.000000,0.000000,0.000000,0.000000,0,0.000000,0.000000,0.000000,0.000000,0.000000,0.000000,0.000000,0.000000,0.000000,0.000000,0.000000,0.000000,0.000000,0.000000,0.000000,0.000000,0.000000,0.000000,0.000000,0.000000,0.000000,0.000000,0.000000,0.000000,0.000000,0.000000,0.000000,0.000000,0.000000,0.000000,0.000000,0.000000,0,0,0,0,0,0,0,0,0,0,0,0,0,66,0,0
4.124894,9770,13,0,0,2,60,0,0,0,0,0,0,-0.000030,-0.000000,-0.034812,-0.004902,-0.000000,0.035494,0.000938,0.000000,1.570796,0.227498,0.000000,0.000000,-9600,-9600,-9600,-9600,0,0,0,0.000000,0.000000,0.000000,0.000000,0.000000,0.000000,0.000000,0.000000,0,0,0.000000,0.000000,0.000000,0.000000,0.000000,0.000000,0.000000,0.000000,0.000000,0.000000,0.000000,0.000000,0,0.000000,0.000000,0.000000,0.000000,0.000000,0.000000,0.000000,0.000000,0.000000,0.000000,0.000000,0.000000,0.000000,0.000000,0.000000,0.000000,0.000000,0.000000,0.000000,0.000000,0.000000,0.000000,0.000000,0.000000,0.000000,0.000000,0.000000,0.000000,0.000000,0.000000,0.000000,0.000000,0,0,0,0,0,0,0,0,0,0,0,0,0,66,0,0
4.134664,9770,13,0,0,2,60,0,0,0,0,0,0,-0.000030,-0.000000,-0.034812,-0.004902,-0.000000,0.035494,0.000938,0.000000,1.570796,0.227498,0.000000,0.000000,-9600,-9600,-9600,-9600,0,0,0,0.000000,0.000000,0.000000,0.000000,0.000000,0.000000,0.000000,0.000000,0,0,0.000000,0.000000,0.000000,0.000000,0.000000,0.000000,0.000000,0.000000,0.000000,0.000000,0.000000,0.000000,0,0.000000,0.000000,0.000000,0.000000,0.000000,0.000000,0.000000,0.000000,0.000000,0.000000,0.000000,0.000000,0.000000,0.000000,0.000000,0.000000,0.000000,0.000000,0.000000,0.000000,0.000000,0.000000,0.000000,0.000000,0.000000,0.000000,0.000000,0.000000,0.000000,0.000000,0.000000,0.000000,0,0,0,0,0,0,0,0,0,0,0,0,0,66,0,0
4.144434,9770,13,0,0,2,60,0,0,0,0,0,0,-0.000030,-0.000000,-0.034812,-0.004902,-0.000000,0.035494,0.000938,0.000000,1.570796,0.227498,0.000000,0.000000,-9600,-9600,-9600,-9600,0,0,0,0.000000,0.000000,0.000000,0.000000,0.000000,0.000000,0.000000,0.000000,0,0,0.000000,0.000000,0.000000,0.000000,0.000000,0.000000,0.000000,0.000000,0.000000,0.000000,0.000000,0.000000,0,0.000000,0.000000,0.000000,0.000000,0.000000,0.000000,0.000000,0.000000,0.000000,0.000000,0.000000,0.000000,0.000000,0.000000,0.000000,0.000000,0.000000,0.000000,0.000000,0.000000,0.000000,0.000000,0.000000,0.000000,0.000000,0.000000,0.000000,0.000000,0.000000,0.000000,0.000000,0.000000,0,0,0,0,0,0,0,0,0,0,0,0,0,66,0,0
4.154204,9770,13,0,0,2,60,0,0,0,0,0,0,-0.000030,-0.000000,-0.034812,-0.004902,-0.000000,0.035494,0.000938,0.000000,1.570796,0.227498,0.000000,0.000000,-9600,-9600,-9600,-9600,0,0,0,0.000000,0.000000,0.000000,0.000000,0.000000,0.000000,0.000000,0.000000,0,0,0.000000,0.000000,0.000000,0.000000,0.000000,0.000000,0.000000,0.000000,0.000000,0.000000,0.000000,0.000000,0,0.000000,0.000000,0.000000,0.000000,0.000000,0.000000,0.000000,0.000000,0.000000,0.000000,0.000000,0.000000,0.000000,0.000000,0.000000,0.000000,0.000000,0.000000,0.000000,0.000000,0.000000,0.000000,0.000000,0.000000,0.000000,0.000000,0.000000,0.000000,0.000000,0.000000,0.000000,0.000000,0,0,0,0,0,0,0,0,0,0,0,0,0,66,0,0
4.163974,9770,13,0,0,2,60,0,0,0,0,0,0,-0.000030,-0.000000,-0.034812,-0.004902,-0.000000,0.035494,0.000938,0.000000,1.570796,0.227498,0.000000,0.000000,-9600,-9600,-9600,-9600,0,0,0,0.000000,0.000000,0.000000,0.000000,0.000000,0.000000,0.000000,0.000000,0,0,0.000000,0.000000,0.000000,0.000000,0.000000,0.000000,0.000000,0.000000,0.000000,0.000000,0.000000,0.000000,0,0.000000,0.000000,0.000000,0.000000,0.000000,0.000000,0.000000,0.000000,0.000000,0.000000,0.000000,0.000000,0.000000,0.000000,0.000000,0.000000,0.000000,0.000000,0.000000,0.000000,0.000000,0.000000,0.000000,0.000000,0.000000,0.000000,0.000000,0.000000,0.000000,0.000000,0.000000,0.000000,0,0,0,0,0,0,0,0,0,0,0,0,0,66,0,0
4.173744,9770,13,0,0,2,60,0,0,0,0,0,0,-0.000030,-0.000000,-0.034812,-0.004902,-0.000000,0.035494,0.000938,0.000000,1.570796,0.227498,0.000000,0.000000,-9600,-9600,-9600,-9600,0,0,0,0.000000,0.000000,0.000000,0.000000,0.000000,0.000000,0.000000,0.000000,0,0,0.000000,0.000000,0.000000,0.000000,0.000000,0.000000,0.000000,0.000000,0.000000,0.000000,0.000000,0.000000,0,0.000000,0.000000,0.000000,0.000000,0.000000,0.000000,0.000000,0.000000,0.000000,0.000000,0.000000,0.000000,0.000000,0.000000,0.000000,0.000000,0.000000,0.000000,0.000000,0.000000,0.000000,0.000000,0.000000,0.000000,0.000000,0.000000,0.000000,0.000000,0.000000,0.000000,0.000000,0.000000,0,0,0,0,0,0,0,0,0,0,0,0,0,66,0,0
4.183514,9770,13,0,0,2,60,0,0,0,0,0,0,-0.000030,-0.000000,-0.034812,-0.004902,-0.000000,0.035494,0.000938,0.000000,1.570796,0.227498,0.000000,0.000000,-9600,-9600,-9600,-9600,0,0,0,0.000000,0.000000,0.000000,0.000000,0.000000,0.000000,0.000000,0.000000,0,0,0.000000,0.000000,0.000000,0.000000,0.000000,0.000000,0.000000,0.000000,0.000000,0.000000,0.000000,0.000000,0,0.000000,0.000000,0.000000,0.000000,0.000000,0.000000,0.000000,0.000000,0.000000,0.000000,0.000000,0.000000,0.000000,0.000000,0.000000,0.000000,0.000000,0.000000,0.000000,0.000000,0.000000,0.000000,0.000000,0.000000,0.000000,0.000000,0.000000,0.000000,0.000000,0.000000,0.000000,0.000000,0,0,0,0,0,0,0,0,0,0,0,0,0,66,0,0
4.193284,9770,13,0,0,2,60,0,0,0,0,0,0,-0.000030,-0.000000,-0.034812,-0.004902,-0.000000,0.035494,0.000938,0.000000,1.570796,0.227498,0.000000,0.000000,-9600,-9600,-9600,-9600,0,0,0,0.000000,0.000000,0.000000,0.000000,0.000000,0.000000,0.000000,0.000000,0,0,0.000000,0.000000,0.000000,0.000000,0.000000,0.000000,0.000000,0.000000,0.000000,0.000000,0.000000,0.000000,0,0.000000,0.000000,0.000000,0.000000,0.000000,0.000000,0.000000,0.000000,0.000000,0.000000,0.000000,0.000000,0.000000,0.000000,0.000000,0.000000,0.000000,0.000000,0.000000,0.000000,0.000000,0.000000,0.000000,0.000000,0.000000,0.000000,0.000000,0.000000,0.000000,0.000000,0.000000,0.000000,0,0,0,0,0,0,0,0,0,0,0,0,0,66,0,0
4.203054,9770,13,0,0,2,60,0,0,0,0,0,0,-0.000030,-0.000000,-0.034812,-0.004902,-0.000000,0.035494,0.000938,0.000000,1.570796,0.227498,0.000000,0.000000,-9600,-9600,-9600,-9600,0,0,0,0.000000,0.000000,0.000000,0.000000,0.000000,0.000000,0.000000,0.000000,0,0,0.000000,0.000000,0.000000,0.000000,0.000000,0.000000,0.000000,0.000000,0.000000,0.000000,0.000000,0.000000,0,0.000000,0.000000,0.000000,0.000000,0.000000,0.000000,0.000000,0.000000,0.000000,0.000000,0.000000,0.000000,0.000000,0.000000,0.000000,0.000000,0.000000,0.000000,0.000000,0.000000,0.000000,0.000000,0.000000,0.000000,0.000000,0.000000,0.000000,0.000000,0.000000,0.000000,0.000000,0.000000,0,0,0,0,0,0,0,0,0,0,0,0,0,66,0,0
4.212824,9770,13,0,0,2,60,0,0,0,0,0,0,-0.000030,-0.000000,-0.034812,-0.004902,-0.000000,0.035494,0.000938,0.000000,1.570796,0.227498,0.000000,0.000000,-9600,-9600,-9600,-9600,0,0,0,0.000000,0.000000,0.000000,0.000000,0.000000,0.000000,0.000000,0.000000,0,0,0.000000,0.000000,0.000000,0.000000,0.000000,0.000000,0.000000,0.000000,0.000000,0.000000,0.000000,0.000000,0,0.000000,0.000000,0.000000,0.000000,0.000000,0.000000,0.000000,0.000000,0.000000,0.000000,0.000000,0.000000,0.000000,0.000000,0.000000,0.000000,0.000000,0.000000,0.000000,0.000000,0.000000,0.000000,0.000000,0.000000,0.000000,0.000000,0.000000,0.000000,0.000000,0.000000,0.000000,0.000000,0,0,0,0,0,0,0,0,0,0,0,0,0,66,0,0
4.222594,9770,13,0,0,2,60,0,0,0,0,0,0,-0.000030,-0.000000,-0.034812,-0.004902,-0.000000,0.035494,0.000938,0.000000,1.570796,0.227498,0.000000,0.000000,-9600,-9600,-9600,-9600,0,0,0,0.000000,0.000000,0.000000,0.000000,0.000000,0.000000,0.000000,0.000000,0,0,0.000000,0.000000,0.000000,0.000000,0.000000,0.000000,0.000000,0.000000,0.000000,0.000000,0.000000,0.000000,0,0.000000,0.000000,0.000000,0.000000,0.000000,0.000000,0.000000,0.000000,0.000000,0.000000,0.000000,0.000000,0.000000,0.000000,0.000000,0.000000,0.000000,0.000000,0.000000,0.000000,0.000000,0.000000,0.000000,0.000000,0.000000,0.000000,0.000000,0.000000,0.000000,0.000000,0.000000,0.000000,0,0,0,0,0,0,0,0,0,0,0,0,0,66,0,0
4.232364,9770,13,0,0,2,60,0,0,0,0,0,0,-0.000030,-0.000000,-0.034812,-0.004902,-0.000000,0.035494,0.000938,0.000000,1.570796,0.227498,0.000000,0.000000,-9600,-9600,-9600,-9600,0,0,0,0.000000,0.000000,0.000000,0.000000,0.000000,0.000000,0.000000,0.000000,0,0,0.000000,0.000000,0.000000,0.000000,0.000000,0.000000,0.000000,0.000000,0.000000,0.000000,0.000000,0.000000,0,0.000000,0.000000,0.000000,0.000000,0.000000,0.000000,0.000000,0.000000,0.000000,0.000000,0.000000,0.000000,0.000000,0.000000,0.000000,0.000000,0.000000,0.000000,0.000000,0.000000,0.000000,0.000000,0.000000,0.000000,0.000000,0.000000,0.000000,0.000000,0.000000,0.000000,0.000000,0.000000,0,0,0,0,0,0,0,0,0,0,0,0,0,66,0,0
4.242134,9770,13,0,0,2,60,0,0,0,0,0,0,-0.000030,-0.000000,-0.034812,-0.004902,-0.000000,0.035494,0.000938,0.000000,1.570796,0.227498,0.000000,0.000000,-9600,-9600,-9600,-9600,0,0,0,0.000000,0.000000,0.000000,0.000000,0.000000,0.000000,0.000000,0.000000,0,0,0.000000,0.000000,0.000000,0.000000,0.000000,0.000000,0.000000,0.000000,0.000000,0.000000,0.000000,0.000000,0,0.000000,0.000000,0.000000,0.000000,0.000000,0.000000,0.000000,0.000000,0.000000,0.000000,0.000000,0.000000,0.000000,0.000000,0.000000,0.000000,0.000000,0.000000,0.000000,0.000000,0.000000,0.000000,0.000000,0.000000,0.000000,0.000000,0.000000,0.000000,0.000000,0.000000,0.000000,0.000000,0,0,0,0,0,0,0,0,0,0,0,0,0,66,0,0
4.251904,9770,13,0,0,2,60,0,0,0,0,0,0,-0.000030,-0.000000,-0.034812,-0.004902,-0.000000,0.035494,0.000938,0.000000,1.570796,0.227498,0.000000,0.000000,-9600,-9600,-9600,-9600,0,0,0,0.000000,0.000000,0.000000,0.000000,0.000000,0.000000,0.000000,0.000000,0,0,0.000000,0.000000,0.000000,0.000000,0.000000,0.000000,0.000000,0.000000,0.000000,0.000000,0.000000,0.000000,0,0.000000,0.000000,0.000000,0.000000,0.000000,0.000000,0.000000,0.000000,0.000000,0.000000,0.000000,0.000000,0.000000,0.000000,0.000000,0.000000,0.000000,0.000000,0.000000,0.000000,0.000000,0.000000,0.000000,0.000000,0.000000,0.000000,0.000000,0.000000,0.000000,0.000000,0.000000,0.000000,0,0,0,0,0,0,0,0,0,0,0,0,0,66,0,0
4.261674,9770,13,0,0,2,60,0,0,0,0,0,0,-0.000030,-0.000000,-0.034812,-0.004902,-0.000000,0.035494,0.000938,0.000000,1.570796,0.227498,0.000000,0.000000,-9600,-9600,-9600,-9600,0,0,0,0.000000,0.000000,0.000000,0.000000,0.000000,0.000000,0.000000,0.000000,0,0,0.000000,0.000000,0.000000,0.000000,0.000000,0.000000,0.000000,0.000000,0.000000,0.000000,0.000000,0.000000,0,0.000000,0.000000,0.000000,0.000000,0.000000,0.000000,0.000000,0.000000,0.000000,0.000000,0.000000,0.000000,0.000000,0.000000,0.000000,0.000000,0.000000,0.000000,0.000000,0.000000,0.000000,0.000000,0.000000,0.000000,0.000000,0.000000,0.000000,0.000000,0.000000,0.000000,0.000000,0.000000,0,0,0,0,0,0,0,0,0,0,0,0,0,66,0,0
4.271444,9770,13,0,0,2,60,0,0,0,0,0,0,-0.000030,-0.000000,-0.034812,-0.004902,-0.000000,0.035494,0.000938,0.000000,1.570796,0.227498,0.000000,0.000000,-9600,-9600,-9600,-9600,0,0,0,0.000000,0.000000,0.000000,0.000000,0.000000,0.000000,0.000000,0.000000,0,0,0.000000,0.000000,0.000000,0.000000,0.000000,0.000000,0.000000,0.000000,0.000000,0.000000,0.000000,0.000000,0,0.000000,0.000000,0.000000,0.000000,0.000000,0.000000,0.000000,0.000000,0.000000,0.000000,0.000000,0.000000,0.000000,0.000000,0.000000,0.000000,0.000000,0.000000,0.000000,0.000000,0.000000,0.000000,0.000000,0.000000,0.000000,0.000000,0.000000,0.000000,0.000000,0.000000,0.000000,0.000000,0,0,0,0,0,0,0,0,0,0,0,0,0,66,0,0
4.281214,9770,13,0,0,2,60,0,0,0,0,0,0,-0.000031,-0.000000,-0.034812,-0.004902,-0.000000,0.035494,0.000938,0.000000,1.570796,0.227498,0.000000,0.000000,-9600,-9600,-9600,-9600,0,0,0,0.000000,0.000000,0.000000,0.000000,0.000000,0.000000,0.000000,0.000000,0,0,0.000000,0.000000,0.000000,0.000000,0.000000,0.000000,0.000000,0.000000,0.000000,0.000000,0.000000,0.000000,0,0.000000,0.000000,0.000000,0.000000,0.000000,0.000000,0.000000,0.000000,0.000000,0.000000,0.000000,0.000000,0.000000,0.000000,0.000000,0.000000,0.000000,0.000000,0.000000,0.000000,0.000000,0.000000,0.000000,0.000000,0.000000,0.000000,0.000000,0.000000,0.000000,0.000000,0.000000,0.000000,0,0,0,0,0,0,0,0,0,0,0,0,0,66,0,0
4.290984,9770,13,0,0,2,60,0,0,0,0,0,0,-0.000031,-0.000000,-0.034812,-0.004902,-0.000000,0.035494,0.000938,0.000000,1.570796,0.227498,0.000000,0.000000,-9600,-9600,-9600,-9600,0,0,0,0.000000,0.000000,0.000000,0.000000,0.000000,0.000000,0.000000,0.000000,0,0,0.000000,0.000000,0.000000,0.000000,0.000000,0.000000,0.000000,0.000000,0.000000,0.000000,0.000000,0.000000,0,0.000000,0.000000,0.000000,0.000000,0.000000,0.000000,0.000000,0.000000,0.000000,0.000000,0.000000,0.000000,0.000000,0.000000,0.000000,0.000000,0.000000,0.000000,0.000000,0.000000,0.000000,0.000000,0.000000,0.000000,0.000000,0.000000,0.000000,0.000000,0.000000,0.000000,0.000000,0.000000,0,0,0,0,0,0,0,0,0,0,0,0,0,66,0,0
4.300754,9770,13,0,0,2,60,0,0,0,0,0,0,-0.000031,-0.000000,-0.034812,-0.004902,-0.000000,0.035494,0.000938,0.000000,1.570796,0.227498,0.000000,0.000000,-9600,-9600,-9600,-9600,0,0,0,0.000000,0.000000,0.000000,0.000000,0.000000,0.000000,0.000000,0.000000,0,0,0.000000,0.000000,0.000000,0.000000,0.000000,0.000000,0.000000,0.000000,0.000000,0.000000,0.000000,0.000000,0,0.000000,0.000000,0.000000,0.000000,0.000000,0.000000,0.000000,0.000000,0.000000,0.000000,0.000000,0.000000,0.000000,0.000000,0.000000,0.000000,0.000000,0.000000,0.000000,0.000000,0.000000,0.000000,0.000000,0.000000,0.000000,0.000000,0.000000,0.000000,0.000000,0.000000,0.000000,0.000000,0,0,0,0,0,0,0,0,0,0,0,0,0,66,0,0
4.310524,9770,13,0,0,2,60,0,0,0,0,0,0,-0.000031,-0.000000,-0.034812,-0.004902,-0.000000,0.035494,0.000938,0.000000,1.570796,0.227498,0.000000,0.000000,-9600,-9600,-9600,-9600,0,0,0,0.000000,0.000000,0.000000,0.000000,0.000000,0.000000,0.000000,0.000000,0,0,0.000000,0.000000,0.000000,0.000000,0.000000,0.000000,0.000000,0.000000,0.000000,0.000000,0.000000,0.000000,0,0.000000,0.000000,0.000000,0.000000,0.000000,0.000000,0.000000,0.000000,0.000000,0.000000,0.000000,0.000000,0.000000,0.000000,0.000000,0.000000,0.000000,0.000000,0.000000,0.000000,0.000000,0.000000,0.000000,0.000000,0.000000,0.000000,0.000000,0.000000,0.000000,0.000000,0.000000,0.000000,0,0,0,0,0,0,0,0,0,0,0,0,0,66,0,0
4.320294,9770,13,0,0,2,60,0,0,0,0,0,0,-0.000031,-0.000000,-0.034812,-0.004902,-0.000000,0.035494,0.000938,0.000000,1.570796,0.227498,0.000000,0.000000,-9600,-9600,-9600,-9600,0,0,0,0.000000,0.000000,0.000000,0.000000,0.000000,0.000000,0.000000,0.000000,0,0,0.000000,0.000000,0.000000,0.000000,0.000000,0.000000,0.000000,0.000000,0.000000,0.000000,0.000000,0.000000,0,0.000000,0.000000,0.000000,0.000000,0.000000,0.000000,0.000000,0.000000,0.000000,0.000000,0.000000,0.000000,0.000000,0.000000,0.000000,0.000000,0.000000,0.000000,0.000000,0.000000,0.000000,0.000000,0.000000,0.000000,0.000000,0.000000,0.000000,0.000000,0.000000,0.000000,0.000000,0.000000,0,0,0,0,0,0,0,0,0,0,0,0,0,66,0,0
4.330064,9770,13,0,0,2,60,0,0,0,0,0,0,-0.000031,-0.000000,-0.034812,-0.004902,-0.000000,0.035494,0.000938,0.000000,1.570796,0.227498,0.000000,0.000000,-9600,-9600,-9600,-9600,0,0,0,0.000000,0.000000,0.000000,0.000000,0.000000,0.000000,0.000000,0.000000,0,0,0.000000,0.000000,0.000000,0.000000,0.000000,0.000000,0.000000,0.000000,0.000000,0.000000,0.000000,0.000000,0,0.000000,0.000000,0.000000,0.000000,0.000000,0.000000,0.000000,0.000000,0.000000,0.000000,0.000000,0.000000,0.000000,0.000000,0.000000,0.000000,0.000000,0.000000,0.000000,0.000000,0.000000,0.000000,0.000000,0.000000,0.000000,0.000000,0.000000,0.000000,0.000000,0.000000,0.000000,0.000000,0,0,0,0,0,0,0,0,0,0,0,0,0,66,0,0
4.339834,9770,13,0,0,2,60,0,0,0,0,0,0,-0.000031,-0.000000,-0.034812,-0.004902,-0.000000,0.035494,0.000938,0.000000,1.570796,0.227498,0.000000,0.000000,-9600,-9600,-9600,-9600,0,0,0,0.000000,0.000000,0.000000,0.000000,0.000000,0.000000,0.000000,0.000000,0,0,0.000000,0.000000,0.000000,0.000000,0.000000,0.000000,0.000000,0.000000,0.000000,0.000000,0.000000,0.000000,0,0.000000,0.000000,0.000000,0.000000,0.000000,0.000000,0.000000,0.000000,0.000000,0.000000,0.000000,0.000000,0.000000,0.000000,0.000000,0.000000,0.000000,0.000000,0.000000,0.000000,0.000000,0.000000,0.000000,0.000000,0.000000,0.000000,0.000000,0.000000,0.000000,0.000000,0.000000,0.000000,0,0,0,0,0,0,0,0,0,0,0,0,0,66,0,0
4.349604,9770,13,0,0,2,60,0,0,0,0,0,0,-0.000031,-0.000000,-0.034812,-0.004902,-0.000000,0.035494,0.000938,0.000000,1.570796,0.227498,0.000000,0.000000,-9600,-9600,-9600,-9600,0,0,0,0.000000,0.000000,0.000000,0.000000,0.000000,0.000000,0.000000,0.000000,0,0,0.000000,0.000000,0.000000,0.000000,0.000000,0.000000,0.000000,0.000000,0.000000,0.000000,0.000000,0.000000,0,0.000000,0.000000,0.000000,0.000000,0.000000,0.000000,0.000000,0.000000,0.000000,0.000000,0.000000,0.000000,0.000000,0.000000,0.000000,0.000000,0.000000,0.000000,0.000000,0.000000,0.000000,0.000000,0.000000,0.000000,0.000000,0.000000,0.000000,0.000000,0.000000,0.000000,0.000000,0.000000,0,0,0,0,0,0,0,0,0,0,0,0,0,66,0,0
4.359374,9770,13,0,0,2,60,0,0,0,0,0,0,-0.000031,-0.000000,-0.034812,-0.004902,-0.000000,0.035494,0.000938,0.000000,1.570796,0.227498,0.000000,0.000000,-9600,-9600,-9600,-9600,0,0,0,0.000000,0.000000,0.000000,0.000000,0.000000,0.000000,0.000000,0.000000,0,0,0.000000,0.000000,0.000000,0.000000,0.000000,0.000000,0.000000,0.000000,0.000000,0.000000,0.000000,0.000000,0,0.000000,0.000000,0.000000,0.000000,0.000000,0.000000,0.000000,0.000000,0.000000,0.000000,0.000000,0.000000,0.000000,0.000000,0.000000,0.000000,0.000000,0.000000,0.000000,0.000000,0.000000,0.000000,0.000000,0.000000,0.000000,0.000000,0.000000,0.000000,0.000000,0.000000,0.000000,0.000000,0,0,0,0,0,0,0,0,0,0,0,0,0,66,0,0
4.369144,9770,13,0,0,2,60,0,0,0,0,0,0,-0.000031,-0.000000,-0.034812,-0.004902,-0.000000,0.035494,0.000938,0.000000,1.570796,0.227498,0.000000,0.000000,-9600,-9600,-9600,-9600,0,0,0,0.000000,0.000000,0.000000,0.000000,0.000000,0.000000,0.000000,0.000000,0,0,0.000000,0.000000,0.000000,0.000000,0.000000,0.000000,0.000000,0.000000,0.000000,0.000000,0.000000,0.000000,0,0.000000,0.000000,0.000000,0.000000,0.000000,0.000000,0.000000,0.000000,0.000000,0.000000,0.000000,0.000000,0.000000,0.000000,0.000000,0.000000,0.000000,0.000000,0.000000,0.000000,0.000000,0.000000,0.000000,0.000000,0.000000,0.000000,0.000000,0.000000,0.000000,0.000000,0.000000,0.000000,0,0,0,0,0,0,0,0,0,0,0,0,0,66,0,0
4.378914,9770,13,0,0,2,60,0,0,0,0,0,0,-0.000031,-0.000000,-0.034812,-0.004902,-0.000000,0.035494,0.000938,0.000000,1.570796,0.227498,0.000000,0.000000,-9600,-9600,-9600,-9600,0,0,0,0.000000,0.000000,0.000000,0.000000,0.000000,0.000000,0.000000,0.000000,0,0,0.000000,0.000000,0.000000,0.000000,0.000000,0.000000,0.000000,0.000000,0.000000,0.000000,0.000000,0.000000,0,0.000000,0.000000,0.000000,0.000000,0.000000,0.000000,0.000000,0.000000,0.000000,0.000000,0.000000,0.000000,0.000000,0.000000,0.000000,0.000000,0.000000,0.000000,0.000000,0.000000,0.000000,0.000000,0.000000,0.000000,0.000000,0.000000,0.000000,0.000000,0.000000,0.000000,0.000000,0.000000,0,0,0,0,0,0,0,0,0,0,0,0,0,66,0,0
4.388684,9770,13,0,0,2,60,0,0,0,0,0,0,-0.000031,-0.000000,-0.034812,-0.004902,-0.000000,0.035494,0.000938,0.000000,1.570796,0.227498,0.000000,0.000000,-9600,-9600,-9600,-9600,0,0,0,0.000000,0.000000,0.000000,0.000000,0.000000,0.000000,0.000000,0.000000,0,0,0.000000,0.000000,0.000000,0.000000,0.000000,0.000000,0.000000,0.000000,0.000000,0.000000,0.000000,0.000000,0,0.000000,0.000000,0.000000,0.000000,0.000000,0.000000,0.000000,0.000000,0.000000,0.000000,0.000000,0.000000,0.000000,0.000000,0.000000,0.000000,0.000000,0.000000,0.000000,0.000000,0.000000,0.000000,0.000000,0.000000,0.000000,0.000000,0.000000,0.000000,0.000000,0.000000,0.000000,0.000000,0,0,0,0,0,0,0,0,0,0,0,0,0,66,0,0
4.398454,9770,13,0,0,2,60,0,0,0,0,0,0,-0.000031,-0.000000,-0.034812,-0.004902,-0.000000,0.035494,0.000938,0.000000,1.570796,0.227498,0.000000,0.000000,-9600,-9600,-9600,-9600,0,0,0,0.000000,0.000000,0.000000,0.000000,0.000000,0.000000,0.000000,0.000000,0,0,0.000000,0.000000,0.000000,0.000000,0.000000,0.000000,0.000000,0.000000,0.000000,0.000000,0.000000,0.000000,0,0.000000,0.000000,0.000000,0.000000,0.000000,0.000000,0.000000,0.000000,0.000000,0.000000,0.000000,0.000000,0.000000,0.000000,0.000000,0.000000,0.000000,0.000000,0.000000,0.000000,0.000000,0.000000,0.000000,0.000000,0.000000,0.000000,0.000000,0.000000,0.000000,0.000000,0.000000,0.000000,0,0,0,0,0,0,0,0,0,0,0,0,0,66,0,0
4.408224,9770,13,0,0,2,60,0,0,0,0,0,0,-0.000031,-0.000000,-0.034812,-0.004902,-0.000000,0.035494,0.000938,0.000000,1.570796,0.227498,0.000000,0.000000,-9600,-9600,-9600,-9600,0,0,0,0.000000,0.000000,0.000000,0.000000,0.000000,0.000000,0.000000,0.000000,0,0,0.000000,0.000000,0.000000,0.000000,0.000000,0.000000,0.000000,0.000000,0.000000,0.000000,0.000000,0.000000,0,0.000000,0.000000,0.000000,0.000000,0.000000,0.000000,0.000000,0.000000,0.000000,0.000000,0.000000,0.000000,0.000000,0.000000,0.000000,0.000000,0.000000,0.000000,0.000000,0.000000,0.000000,0.000000,0.000000,0.000000,0.000000,0.000000,0.000000,0.000000,0.000000,0.000000,0.000000,0.000000,0,0,0,0,0,0,0,0,0,0,0,0,0,66,0,0
4.417994,9770,13,0,0,2,60,0,0,0,0,0,0,-0.000031,-0.000000,-0.034812,-0.004902,-0.000000,0.035494,0.000938,0.000000,1.570796,0.227498,0.000000,0.000000,-9600,-9600,-9600,-9600,0,0,0,0.000000,0.000000,0.000000,0.000000,0.000000,0.000000,0.000000,0.000000,0,0,0.000000,0.000000,0.000000,0.000000,0.000000,0.000000,0.000000,0.000000,0.000000,0.000000,0.000000,0.000000,0,0.000000,0.000000,0.000000,0.000000,0.000000,0.000000,0.000000,0.000000,0.000000,0.000000,0.000000,0.000000,0.000000,0.000000,0.000000,0.000000,0.000000,0.000000,0.000000,0.000000,0.000000,0.000000,0.000000,0.000000,0.000000,0.000000,0.000000,0.000000,0.000000,0.000000,0.000000,0.000000,0,0,0,0,0,0,0,0,0,0,0,0,0,66,0,0
4.427764,9770,13,0,0,2,60,0,0,0,0,0,0,-0.000031,-0.000000,-0.034812,-0.004902,-0.000000,0.035494,0.000938,0.000000,1.570796,0.227498,0.000000,0.000000,-9600,-9600,-9600,-9600,0,0,0,0.000000,0.000000,0.000000,0.000000,0.000000,0.000000,0.000000,0.000000,0,0,0.000000,0.000000,0.000000,0.000000,0.000000,0.000000,0.000000,0.000000,0.000000,0.000000,0.000000,0.000000,0,0.000000,0.000000,0.000000,0.000000,0.000000,0.000000,0.000000,0.000000,0.000000,0.000000,0.000000,0.000000,0.000000,0.000000,0.000000,0.000000,0.000000,0.000000,0.000000,0.000000,0.000000,0.000000,0.000000,0.000000,0.000000,0.000000,0.000000,0.000000,0.000000,0.000000,0.000000,0.000000,0,0,0,0,0,0,0,0,0,0,0,0,0,66,0,0
4.437534,9770,13,0,0,2,60,0,0,0,0,0,0,-0.000031,-0.000000,-0.034812,-0.004902,-0.000000,0.035494,0.000938,0.000000,1.570796,0.227498,0.000000,0.000000,-9600,-9600,-9600,-9600,0,0,0,0.000000,0.000000,0.000000,0.000000,0.000000,0.000000,0.000000,0.000000,0,0,0.000000,0.000000,0.000000,0.000000,0.000000,0.000000,0.000000,0.000000,0.000000,0.000000,0.000000,0.000000,0,0.000000,0.000000,0.000000,0.000000,0.000000,0.000000,0.000000,0.000000,0.000000,0.000000,0.000000,0.000000,0.000000,0.000000,0.000000,0.000000,0.000000,0.000000,0.000000,0.000000,0.000000,0.000000,0.000000,0.000000,0.000000,0.000000,0.000000,0.000000,0.000000,0.000000,0.000000,0.000000,0,0,0,0,0,0,0,0,0,0,0,0,0,66,0,0
4.447304,9770,13,0,0,2,60,0,0,0,0,0,0,-0.000031,-0.000000,-0.034812,-0.004902,-0.000000,0.035494,0.000938,0.000000,1.570796,0.227498,0.000000,0.000000,-9600,-9600,-9600,-9600,0,0,0,0.000000,0.000000,0.000000,0.000000,0.000000,0.000000,0.000000,0.000000,0,0,0.000000,0.000000,0.000000,0.000000,0.000000,0.000000,0.000000,0.000000,0.000000,0.000000,0.000000,0.000000,0,0.000000,0.000000,0.000000,0.000000,0.000000,0.000000,0.000000,0.000000,0.000000,0.000000,0.000000,0.000000,0.000000,0.000000,0.000000,0.000000,0.000000,0.000000,0.000000,0.000000,0.000000,0.000000,0.000000,0.000000,0.000000,0.000000,0.000000,0.000000,0.000000,0.000000,0.000000,0.000000,0,0,0,0,0,0,0,0,0,0,0,0,0,66,0,0
4.457074,9770,13,0,0,2,60,0,0,0,0,0,0,-0.000031,-0.000000,-0.034812,-0.004902,-0.000000,0.035494,0.000938,0.000000,1.570796,0.227498,0.000000,0.000000,-9600,-9600,-9600,-9600,0,0,0,0.000000,0.000000,0.000000,0.000000,0.000000,0.000000,0.000000,0.000000,0,0,0.000000,0.000000,0.000000,0.000000,0.000000,0.000000,0.000000,0.000000,0.000000,0.000000,0.000000,0.000000,0,0.000000,0.000000,0.000000,0.000000,0.000000,0.000000,0.000000,0.000000,0.000000,0.000000,0.000000,0.000000,0.000000,0.000000,0.000000,0.000000,0.000000,0.000000,0.000000,0.000000,0.000000,0.000000,0.000000,0.000000,0.000000,0.000000,0.000000,0.000000,0.000000,0.000000,0.000000,0.000000,0,0,0,0,0,0,0,0,0,0,0,0,0,66,0,0
4.466844,9770,13,0,0,2,60,0,0,0,0,0,0,-0.000031,-0.000000,-0.034812,-0.004902,-0.000000,0.035494,0.000938,0.000000,1.570796,0.227498,0.000000,0.000000,-9600,-9600,-9600,-9600,0,0,0,0.000000,0.000000,0.000000,0.000000,0.000000,0.000000,0.000000,0.000000,0,0,0.000000,0.000000,0.000000,0.000000,0.000000,0.000000,0.000000,0.000000,0.000000,0.000000,0.000000,0.000000,0,0.000000,0.000000,0.000000,0.000000,0.000000,0.000000,0.000000,0.000000,0.000000,0.000000,0.000000,0.000000,0.000000,0.000000,0.000000,0.000000,0.000000,0.000000,0.000000,0.000000,0.000000,0.000000,0.000000,0.000000,0.000000,0.000000,0.000000,0.000000,0.000000,0.000000,0.000000,0.000000,0,0,0,0,0,0,0,0,0,0,0,0,0,66,0,0
4.476614,9770,13,0,0,2,60,0,0,0,0,0,0,-0.000031,-0.000000,-0.034812,-0.004902,-0.000000,0.035494,0.000938,0.000000,1.570796,0.227498,0.000000,0.000000,-9600,-9600,-9600,-9600,0,0,0,0.000000,0.000000,0.000000,0.000000,0.000000,0.000000,0.000000,0.000000,0,0,0.000000,0.000000,0.000000,0.000000,0.000000,0.000000,0.000000,0.000000,0.000000,0.000000,0.000000,0.000000,0,0.000000,0.000000,0.000000,0.000000,0.000000,0.000000,0.000000,0.000000,0.000000,0.000000,0.000000,0.000000,0.000000,0.000000,0.000000,0.000000,0.000000,0.000000,0.000000,0.000000,0.000000,0.000000,0.000000,0.000000,0.000000,0.000000,0.000000,0.000000,0.000000,0.000000,0.000000,0.000000,0,0,0,0,0,0,0,0,0,0,0,0,0,66,0,0
4.486384,9770,13,0,0,2,60,0,0,0,0,0,0,-0.000031,-0.000000,-0.034812,-0.004902,-0.000000,0.035494,0.000938,0.000000,1.570796,0.227498,0.000000,0.000000,-9600,-9600,-9600,-9600,0,0,0,0.000000,0.000000,0.000000,0.000000,0.000000,0.000000,0.000000,0.000000,0,0,0.000000,0.000000,0.000000,0.000000,0.000000,0.000000,0.000000,0.000000,0.000000,0.000000,0.000000,0.000000,0,0.000000,0.000000,0.000000,0.000000,0.000000,0.000000,0.000000,0.000000,0.000000,0.000000,0.000000,0.000000,0.000000,0.000000,0.000000,0.000000,0.000000,0.000000,0.000000,0.000000,0.000000,0.000000,0.000000,0.000000,0.000000,0.000000,0.000000,0.000000,0.000000,0.000000,0.000000,0.000000,0,0,0,0,0,0,0,0,0,0,0,0,0,66,0,0
4.496154,9770,13,0,0,2,60,0,0,0,0,0,0,-0.000031,-0.000000,-0.034812,-0.004902,-0.000000,0.035494,0.000938,0.000000,1.570796,0.227498,0.000000,0.000000,-9600,-9600,-9600,-9600,0,0,0,0.000000,0.000000,0.000000,0.000000,0.000000,0.000000,0.000000,0.000000,0,0,0.000000,0.000000,0.000000,0.000000,0.000000,0.000000,0.000000,0.000000,0.000000,0.000000,0.000000,0.000000,0,0.000000,0.000000,0.000000,0.000000,0.000000,0.000000,0.000000,0.000000,0.000000,0.000000,0.000000,0.000000,0.000000,0.000000,0.000000,0.000000,0.000000,0.000000,0.000000,0.000000,0.000000,0.000000,0.000000,0.000000,0.000000,0.000000,0.000000,0.000000,0.000000,0.000000,0.000000,0.000000,0,0,0,0,0,0,0,0,0,0,0,0,0,66,0,0
4.505924,9770,13,0,0,2,60,0,0,0,0,0,0,-0.000031,-0.000000,-0.034812,-0.004902,-0.000000,0.035494,0.000938,0.000000,1.570796,0.227498,0.000000,0.000000,-9600,-9600,-9600,-9600,0,0,0,0.000000,0.000000,0.000000,0.000000,0.000000,0.000000,0.000000,0.000000,0,0,0.000000,0.000000,0.000000,0.000000,0.000000,0.000000,0.000000,0.000000,0.000000,0.000000,0.000000,0.000000,0,0.000000,0.000000,0.000000,0.000000,0.000000,0.000000,0.000000,0.000000,0.000000,0.000000,0.000000,0.000000,0.000000,0.000000,0.000000,0.000000,0.000000,0.000000,0.000000,0.000000,0.000000,0.000000,0.000000,0.000000,0.000000,0.000000,0.000000,0.000000,0.000000,0.000000,0.000000,0.000000,0,0,0,0,0,0,0,0,0,0,0,0,0,66,0,0
4.515694,9770,13,0,0,2,60,0,0,0,0,0,0,-0.000031,-0.000000,-0.034812,-0.004902,-0.000000,0.035494,0.000938,0.000000,1.570796,0.227498,0.000000,0.000000,-9600,-9600,-9600,-9600,0,0,0,0.000000,0.000000,0.000000,0.000000,0.000000,0.000000,0.000000,0.000000,0,0,0.000000,0.000000,0.000000,0.000000,0.000000,0.000000,0.000000,0.000000,0.000000,0.000000,0.000000,0.000000,0,0.000000,0.000000,0.000000,0.000000,0.000000,0.000000,0.000000,0.000000,0.000000,0.000000,0.000000,0.000000,0.000000,0.000000,0.000000,0.000000,0.000000,0.000000,0.000000,0.000000,0.000000,0.000000,0.000000,0.000000,0.000000,0.000000,0.000000,0.000000,0.000000,0.000000,0.000000,0.000000,0,0,0,0,0,0,0,0,0,0,0,0,0,66,0,0
4.525464,9770,13,0,0,2,60,0,0,0,0,0,0,-0.000031,-0.000000,-0.034812,-0.004902,-0.000000,0.035494,0.000938,0.000000,1.570796,0.227498,0.000000,0.000000,-9600,-9600,-9600,-9600,0,0,0,0.000000,0.000000,0.000000,0.000000,0.000000,0.000000,0.000000,0.000000,0,0,0.000000,0.000000,0.000000,0.000000,0.000000,0.000000,0.000000,0.000000,0.000000,0.000000,0.000000,0.000000,0,0.000000,0.000000,0.000000,0.000000,0.000000,0.000000,0.000000,0.000000,0.000000,0.000000,0.000000,0.000000,0.000000,0.000000,0.000000,0.000000,0.000000,0.000000,0.000000,0.000000,0.000000,0.000000,0.000000,0.000000,0.000000,0.000000,0.000000,0.000000,0.000000,0.000000,0.000000,0.000000,0,0,0,0,0,0,0,0,0,0,0,0,0,66,0,0
4.535234,9770,13,0,0,2,60,0,0,0,0,0,0,-0.000031,-0.000000,-0.034812,-0.004902,-0.000000,0.035494,0.000938,0.000000,1.570796,0.227498,0.000000,0.000000,-9600,-9600,-9600,-9600,0,0,0,0.000000,0.000000,0.000000,0.000000,0.000000,0.000000,0.000000,0.000000,0,0,0.000000,0.000000,0.000000,0.000000,0.000000,0.000000,0.000000,0.000000,0.000000,0.000000,0.000000,0.000000,0,0.000000,0.000000,0.000000,0.000000,0.000000,0.000000,0.000000,0.000000,0.000000,0.000000,0.000000,0.000000,0.000000,0.000000,0.000000,0.000000,0.000000,0.000000,0.000000,0.000000,0.000000,0.000000,0.000000,0.000000,0.000000,0.000000,0.000000,0.000000,0.000000,0.000000,0.000000,0.000000,0,0,0,0,0,0,0,0,0,0,0,0,0,66,0,0
4.545004,9770,13,0,0,2,60,0,0,0,0,0,0,-0.000031,-0.000000,-0.034812,-0.004902,-0.000000,0.035494,0.000938,0.000000,1.570796,0.227498,0.000000,0.000000,-9600,-9600,-9600,-9600,0,0,0,0.000000,0.000000,0.000000,0.000000,0.000000,0.000000,0.000000,0.000000,0,0,0.000000,0.000000,0.000000,0.000000,0.000000,0.000000,0.000000,0.000000,0.000000,0.000000,0.000000,0.000000,0,0.000000,0.000000,0.000000,0.000000,0.000000,0.000000,0.000000,0.000000,0.000000,0.000000,0.000000,0.000000,0.000000,0.000000,0.000000,0.000000,0.000000,0.000000,0.000000,0.000000,0.000000,0.000000,0.000000,0.000000,0.000000,0.000000,0.000000,0.000000,0.000000,0.000000,0.000000,0.000000,0,0,0,0,0,0,0,0,0,0,0,0,0,66,0,0
4.554774,9770,13,0,0,2,60,0,0,0,0,0,0,-0.000031,-0.000000,-0.034812,-0.004902,-0.000000,0.035494,0.000938,0.000000,1.570796,0.227498,0.000000,0.000000,-9600,-9600,-9600,-9600,0,0,0,0.000000,0.000000,0.000000,0.000000,0.000000,0.000000,0.000000,0.000000,0,0,0.000000,0.000000,0.000000,0.000000,0.000000,0.000000,0.000000,0.000000,0.000000,0.000000,0.000000,0.000000,0,0.000000,0.000000,0.000000,0.000000,0.000000,0.000000,0.000000,0.000000,0.000000,0.000000,0.000000,0.000000,0.000000,0.000000,0.000000,0.000000,0.000000,0.000000,0.000000,0.000000,0.000000,0.000000,0.000000,0.000000,0.000000,0.000000,0.000000,0.000000,0.000000,0.000000,0.000000,0.000000,0,0,0,0,0,0,0,0,0,0,0,0,0,66,0,0
4.564544,9770,13,0,0,2,60,0,0,0,0,0,0,-0.000031,-0.000000,-0.034812,-0.004902,-0.000000,0.035494,0.000938,0.000000,1.570796,0.227498,0.000000,0.000000,-9600,-9600,-9600,-9600,0,0,0,0.000000,0.000000,0.000000,0.000000,0.000000,0.000000,0.000000,0.000000,0,0,0.000000,0.000000,0.000000,0.000000,0.000000,0.000000,0.000000,0.000000,0.000000,0.000000,0.000000,0.000000,0,0.000000,0.000000,0.000000,0.000000,0.000000,0.000000,0.000000,0.000000,0.000000,0.000000,0.000000,0.000000,0.000000,0.000000,0.000000,0.000000,0.000000,0.000000,0.000000,0.000000,0.000000,0.000000,0.000000,0.000000,0.000000,0.000000,0.000000,0.000000,0.000000,0.000000,0.000000,0.000000,0,0,0,0,0,0,0,0,0,0,0,0,0,66,0,0
4.574314,9770,13,0,0,2,60,0,0,0,0,0,0,-0.000031,-0.000000,-0.034812,-0.004902,-0.000000,0.035494,0.000938,0.000000,1.570796,0.227498,0.000000,0.000000,-9600,-9600,-9600,-9600,0,0,0,0.000000,0.000000,0.000000,0.000000,0.000000,0.000000,0.000000,0.000000,0,0,0.000000,0.000000,0.000000,0.000000,0.000000,0.000000,0.000000,0.000000,0.000000,0.000000,0.000000,0.000000,0,0.000000,0.000000,0.000000,0.000000,0.000000,0.000000,0.000000,0.000000,0.000000,0.000000,0.000000,0.000000,0.000000,0.000000,0.000000,0.000000,0.000000,0.000000,0.000000,0.000000,0.000000,0.000000,0.000000,0.000000,0.000000,0.000000,0.000000,0.000000,0.000000,0.000000,0.000000,0.000000,0,0,0,0,0,0,0,0,0,0,0,0,0,66,0,0
4.584084,9770,13,0,0,2,60,0,0,0,0,0,0,-0.000031,-0.000000,-0.034812,-0.004902,-0.000000,0.035494,0.000938,0.000000,1.570796,0.227498,0.000000,0.000000,-9600,-9600,-9600,-9600,0,0,0,0.000000,0.000000,0.000000,0.000000,0.000000,0.000000,0.000000,0.000000,0,0,0.000000,0.000000,0.000000,0.000000,0.000000,0.000000,0.000000,0.000000,0.000000,0.000000,0.000000,0.000000,0,0.000000,0.000000,0.000000,0.000000,0.000000,0.000000,0.000000,0.000000,0.000000,0.000000,0.000000,0.000000,0.000000,0.000000,0.000000,0.000000,0.000000,0.000000,0.000000,0.000000,0.000000,0.000000,0.000000,0.000000,0.000000,0.000000,0.000000,0.000000,0.000000,0.000000,0.000000,0.000000,0,0,0,0,0,0,0,0,0,0,0,0,0,66,0,0
4.593854,9770,13,0,0,2,60,0,0,0,0,0,0,-0.000031,-0.000000,-0.034812,-0.004902,-0.000000,0.035494,0.000938,0.000000,1.570796,0.227498,0.000000,0.000000,-9600,-9600,-9600,-9600,0,0,0,0.000000,0.000000,0.000000,0.000000,0.000000,0.000000,0.000000,0.000000,0,0,0.000000,0.000000,0.000000,0.000000,0.000000,0.000000,0.000000,0.000000,0.000000,0.000000,0.000000,0.000000,0,0.000000,0.000000,0.000000,0.000000,0.000000,0.000000,0.000000,0.000000,0.000000,0.000000,0.000000,0.000000,0.000000,0.000000,0.000000,0.000000,0.000000,0.000000,0.000000,0.000000,0.000000,0.000000,0.000000,0.000000,0.000000,0.000000,0.000000,0.000000,0.000000,0.000000,0.000000,0.000000,0,0,0,0,0,0,0,0,0,0,0,0,0,66,0,0
4.603624,9770,13,0,0,2,60,0,0,0,0,0,0,-0.000031,-0.000000,-0.034812,-0.004902,-0.000000,0.035494,0.000938,0.000000,1.570796,0.227498,0.000000,0.000000,-9600,-9600,-9600,-9600,0,0,0,0.000000,0.000000,0.000000,0.000000,0.000000,0.000000,0.000000,0.000000,0,0,0.000000,0.000000,0.000000,0.000000,0.000000,0.000000,0.000000,0.000000,0.000000,0.000000,0.000000,0.000000,0,0.000000,0.000000,0.000000,0.000000,0.000000,0.000000,0.000000,0.000000,0.000000,0.000000,0.000000,0.000000,0.000000,0.000000,0.000000,0.000000,0.000000,0.000000,0.000000,0.000000,0.000000,0.000000,0.000000,0.000000,0.000000,0.000000,0.000000,0.000000,0.000000,0.000000,0.000000,0.000000,0,0,0,0,0,0,0,0,0,0,0,0,0,66,0,0
4.613394,9770,13,0,0,2,60,0,0,0,0,0,0,-0.000031,-0.000000,-0.034812,-0.004902,-0.000000,0.035494,0.000938,0.000000,1.570796,0.227498,0.000000,0.000000,-9600,-9600,-9600,-9600,0,0,0,0.000000,0.000000,0.000000,0.000000,0.000000,0.000000,0.000000,0.000000,0,0,0.000000,0.000000,0.000000,0.000000,0.000000,0.000000,0.000000,0.000000,0.000000,0.000000,0.000000,0.000000,0,0.000000,0.000000,0.000000,0.000000,0.000000,0.000000,0.000000,0.000000,0.000000,0.000000,0.000000,0.000000,0.000000,0.000000,0.000000,0.000000,0.000000,0.000000,0.000000,0.000000,0.000000,0.000000,0.000000,0.000000,0.000000,0.000000,0.000000,0.000000,0.000000,0.000000,0.000000,0.000000,0,0,0,0,0,0,0,0,0,0,0,0,0,66,0,0
4.623164,9770,13,0,0,2,60,0,0,0,0,0,0,-0.000031,-0.000000,-0.034812,-0.004902,-0.000000,0.035494,0.000938,0.000000,1.570796,0.227498,0.000000,0.000000,-9600,-9600,-9600,-9600,0,0,0,0.000000,0.000000,0.000000,0.000000,0.000000,0.000000,0.000000,0.000000,0,0,0.000000,0.000000,0.000000,0.000000,0.000000,0.000000,0.000000,0.000000,0.000000,0.000000,0.000000,0.000000,0,0.000000,0.000000,0.000000,0.000000,0.000000,0.000000,0.000000,0.000000,0.000000,0.000000,0.000000,0.000000,0.000000,0.000000,0.000000,0.000000,0.000000,0.000000,0.000000,0.000000,0.000000,0.000000,0.000000,0.000000,0.000000,0.000000,0.000000,0.000000,0.000000,0.000000,0.000000,0.000000,0,0,0,0,0,0,0,0,0,0,0,0,0,66,0,0
4.632934,9770,13,0,0,2,60,0,0,0,0,0,0,-0.000031,-0.000000,-0.034812,-0.004902,-0.000000,0.035494,0.000938,0.000000,1.570796,0.227498,0.000000,0.000000,-9600,-9600,-9600,-9600,0,0,0,0.000000,0.000000,0.000000,0.000000,0.000000,0.000000,0.000000,0.000000,0,0,0.000000,0.000000,0.000000,0.000000,0.000000,0.000000,0.000000,0.000000,0.000000,0.000000,0.000000,0.000000,0,0.000000,0.000000,0.000000,0.000000,0.000000,0.000000,0.000000,0.000000,0.000000,0.000000,0.000000,0.000000,0.000000,0.000000,0.000000,0.000000,0.000000,0.000000,0.000000,0.000000,0.000000,0.000000,0.000000,0.000000,0.000000,0.000000,0.000000,0.000000,0.000000,0.000000,0.000000,0.000000,0,0,0,0,0,0,0,0,0,0,0,0,0,66,0,0
4.642704,9770,13,0,0,2,60,0,0,0,0,0,0,-0.000031,-0.000000,-0.034812,-0.004902,-0.000000,0.035494,0.000938,0.000000,1.570796,0.227498,0.000000,0.000000,-9600,-9600,-9600,-9600,0,0,0,0.000000,0.000000,0.000000,0.000000,0.000000,0.000000,0.000000,0.000000,0,0,0.000000,0.000000,0.000000,0.000000,0.000000,0.000000,0.000000,0.000000,0.000000,0.000000,0.000000,0.000000,0,0.000000,0.000000,0.000000,0.000000,0.000000,0.000000,0.000000,0.000000,0.000000,0.000000,0.000000,0.000000,0.000000,0.000000,0.000000,0.000000,0.000000,0.000000,0.000000,0.000000,0.000000,0.000000,0.000000,0.000000,0.000000,0.000000,0.000000,0.000000,0.000000,0.000000,0.000000,0.000000,0,0,0,0,0,0,0,0,0,0,0,0,0,66,0,0
4.652474,9770,13,0,0,2,60,0,0,0,0,0,0,-0.000031,-0.000000,-0.034812,-0.004902,-0.000000,0.035494,0.000938,0.000000,1.570796,0.227498,0.000000,0.000000,-9600,-9600,-9600,-9600,0,0,0,0.000000,0.000000,0.000000,0.000000,0.000000,0.000000,0.000000,0.000000,0,0,0.000000,0.000000,0.000000,0.000000,0.000000,0.000000,0.000000,0.000000,0.000000,0.000000,0.000000,0.000000,0,0.000000,0.000000,0.000000,0.000000,0.000000,0.000000,0.000000,0.000000,0.000000,0.000000,0.000000,0.000000,0.000000,0.000000,0.000000,0.000000,0.000000,0.000000,0.000000,0.000000,0.000000,0.000000,0.000000,0.000000,0.000000,0.000000,0.000000,0.000000,0.000000,0.000000,0.000000,0.000000,0,0,0,0,0,0,0,0,0,0,0,0,0,66,0,0
4.662244,9770,13,0,0,2,60,0,0,0,0,0,0,-0.000031,-0.000000,-0.034812,-0.004902,-0.000000,0.035494,0.000938,0.000000,1.570796,0.227498,0.000000,0.000000,-9600,-9600,-9600,-9600,0,0,0,0.000000,0.000000,0.000000,0.000000,0.000000,0.000000,0.000000,0.000000,0,0,0.000000,0.000000,0.000000,0.000000,0.000000,0.000000,0.000000,0.000000,0.000000,0.000000,0.000000,0.000000,0,0.000000,0.000000,0.000000,0.000000,0.000000,0.000000,0.000000,0.000000,0.000000,0.000000,0.000000,0.000000,0.000000,0.000000,0.000000,0.000000,0.000000,0.000000,0.000000,0.000000,0.000000,0.000000,0.000000,0.000000,0.000000,0.000000,0.000000,0.000000,0.000000,0.000000,0.000000,0.000000,0,0,0,0,0,0,0,0,0,0,0,0,0,66,0,0
4.672014,9770,13,0,0,2,60,0,0,0,0,0,0,-0.000031,-0.000000,-0.034812,-0.004902,-0.000000,0.035494,0.000938,0.000000,1.570796,0.227498,0.000000,0.000000,-9600,-9600,-9600,-9600,0,0,0,0.000000,0.000000,0.000000,0.000000,0.000000,0.000000,0.000000,0.000000,0,0,0.000000,0.000000,0.000000,0.000000,0.000000,0.000000,0.000000,0.000000,0.000000,0.000000,0.000000,0.000000,0,0.000000,0.000000,0.000000,0.000000,0.000000,0.000000,0.000000,0.000000,0.000000,0.000000,0.000000,0.000000,0.000000,0.000000,0.000000,0.000000,0.000000,0.000000,0.000000,0.000000,0.000000,0.000000,0.000000,0.000000,0.000000,0.000000,0.000000,0.000000,0.000000,0.000000,0.000000,0.000000,0,0,0,0,0,0,0,0,0,0,0,0,0,66,0,0
4.681784,9770,13,0,0,2,60,0,0,0,0,0,0,-0.000031,-0.000000,-0.034812,-0.004902,-0.000000,0.035494,0.000938,0.000000,1.570796,0.227498,0.000000,0.000000,-9600,-9600,-9600,-9600,0,0,0,0.000000,0.000000,0.000000,0.000000,0.000000,0.000000,0.000000,0.000000,0,0,0.000000,0.000000,0.000000,0.000000,0.000000,0.000000,0.000000,0.000000,0.000000,0.000000,0.000000,0.000000,0,0.000000,0.000000,0.000000,0.000000,0.000000,0.000000,0.000000,0.000000,0.000000,0.000000,0.000000,0.000000,0.000000,0.000000,0.000000,0.000000,0.000000,0.000000,0.000000,0.000000,0.000000,0.000000,0.000000,0.000000,0.000000,0.000000,0.000000,0.000000,0.000000,0.000000,0.000000,0.000000,0,0,0,0,0,0,0,0,0,0,0,0,0,66,0,0
4.691554,9770,13,1,0,2,60,0,0,0,0,0,0,-0.000032,-0.000000,-0.034812,-0.004902,-0.000000,0.035494,0.000938,0.000000,1.570796,0.227498,0.000000,0.000000,92,0,0,92,0,0,0,0.000000,0.000000,0.000000,0.000000,0.000000,0.000000,0.000000,0.000000,0,0,0.000000,0.000000,0.000000,0.000000,0.000000,0.000000,0.000000,0.000000,0.000000,0.000000,0.000000,0.000000,0,0.000000,0.000000,0.000000,0.000000,0.000000,0.000000,0.000000,0.000000,0.000000,0.000000,0.000000,0.000000,0.000000,0.000000,0.000000,0.000000,0.000000,0.000000,0.000000,0.000000,0.000000,0.000000,0.000000,0.000000,0.000000,0.000000,0.000000,0.000000,0.000000,0.000000,0.000000,0.000000,0,0,0,0,0,0,0,0,0,0,0,0,0,66,0,0
4.701324,9770,13,1,0,2,60,0,0,0,0,0,0,-0.000031,-0.000000,-0.034813,-0.004750,-0.000000,0.035390,0.000936,-0.000000,1.570796,0.226977,0.000000,0.000001,92,0,0,92,0,0,0,0.000000,0.000000,0.000000,0.000000,0.000000,0.000000,0.000000,0.000000,0,0,0.000000,0.000000,0.000000,0.000000,0.000000,0.000000,0.000000,0.000000,0.000000,0.000000,0.000000,0.000000,0,0.000000,0.000000,0.000000,0.000000,0.000000,0.000000,0.000000,0.000000,0.000000,0.000000,0.000000,0.000000,0.000000,0.000000,0.000000,0.000000,0.000000,0.000000,0.000000,0.000000,0.000000,0.000000,0.000000,0.000000,0.000000,0.000000,0.000000,0.000000,0.000000,0.000000,0.000000,0.000000,0,0,0,0,0,0,0,0,0,0,0,0,0,66,0,0
4.711094,9770,13,1,0,2,60,0,0,0,0,0,0,-0.000028,-0.000000,-0.034814,-0.004388,-0.000000,0.035263,0.000933,-0.000000,1.570796,0.226342,0.000000,0.000002,92,0,0,92,0,0,0,0.000000,0.000000,0.000000,0.000000,0.000000,0.000000,0.000000,0.000000,0,0,0.000000,0.000000,0.000000,0.000000,0.000000,0.000000,0.000000,0.000000,0.000000,0.000000,0.000000,0.000000,0,0.000000,0.000000,0.000000,0.000000,0.000000,0.000000,0.000000,0.000000,0.000000,0.000000,0.000000,0.000000,0.000000,0.000000,0.000000,0.000000,0.000000,0.000000,0.000000,0.000000,0.000000,0.000000,0.000000,0.000000,0.000000,0.000000,0.000000,0.000000,0.000000,0.000000,0.000000,0.000000,0,0,0,0,0,0,0,0,0,0,0,0,0,66,0,0
4.720864,9770,13,1,0,2,60,0,0,0,0,0,0,-0.000021,-0.000000,-0.034814,-0.004062,-0.000010,0.035233,0.000931,-0.000000,1.570796,0.226193,0.000000,0.000049,90,0,0,90,0,0,0,0.000000,0.000000,0.000000,0.000000,0.000000,0.000000,0.000000,0.000000,0,0,0.000000,0.000000,0.000000,0.000000,0.000000,0.000000,0.000000,0.000000,0.000000,0.000000,0.000000,0.000000,0,0.000000,0.000000,0.000000,0.000000,0.000000,0.000000,0.000000,0.000000,0.000000,0.000000,0.000000,0.000000,0.000000,0.000000,0.000000,0.000000,0.000000,0.000000,0.000000,0.000000,0.000000,0.000000,0.000000,0.000000,0.000000,0.000000,0.000000,0.000000,0.000000,0.000000,0.000000,0.000000,0,0,0,0,0,0,0,0,0,0,0,0,0,65,0,0
4.730634,9770,13,1,0,2,60,0,0,0,0,0,0,-0.000012,-0.000000,-0.034814,-0.004055,-0.000010,0.035216,0.000930,-0.000000,1.570796,0.226107,0.000000,0.000049,90,0,0,90,0,0,0,0.000000,0.000000,0.000000,0.000000,0.000000,0.000000,0.000000,0.000000,0,0,0.000000,0.000000,0.000000,0.000000,0.000000,0.000000,0.000000,0.000000,0.000000,0.000000,0.000000,0.000000,0,0.000000,0.000000,0.000000,0.000000,0.000000,0.000000,0.000000,0.000000,0.000000,0.000000,0.000000,0.000000,0.000000,0.000000,0.000000,0.000000,0.000000,0.000000,0.000000,0.000000,0.000000,0.000000,0.000000,0.000000,0.000000,0.000000,0.000000,0.000000,0.000000,0.000000,0.000000,0.000000,0,0,0,0,0,0,0,0,0,0,0,0,0,65,0,0
4.740404,9770,13,1,0,2,60,0,0,0,0,0,0,-0.000004,-0.000000,-0.034814,-0.004050,-0.000010,0.035192,0.000929,-0.000000,1.570797,0.225985,0.000000,0.000049,90,0,0,90,0,0,0,0.000000,0.000000,0.000000,0.000000,0.000000,0.000000,0.000000,0.000000,0,0,0.000000,0.000000,0.000000,0.000000,0.000000,0.000000,0.000000,0.000000,0.000000,0.000000,0.000000,0.000000,0,0.000000,0.000000,0.000000,0.000000,0.000000,0.000000,0.000000,0.000000,0.000000,0.000000,0.000000,0.000000,0.000000,0.000000,0.000000,0.000000,0.000000,0.000000,0.000000,0.000000,0.000000,0.000000,0.000000,0.000000,0.000000,0.000000,0.000000,0.000000,0.000000,0.000000,0.000000,0.000000,0,0,0,0,0,0,0,0,0,0,0,0,0,65,0,0
4.750174,9770,13,1,0,2,60,0,0,0,0,0,0,0.000005,-0.000001,-0.034814,-0.004046,-0.000010,0.035175,0.000929,-0.000000,1.570797,0.225901,0.000000,0.000049,90,0,0,90,0,0,0,0.000000,0.000000,0.000000,0.000000,0.000000,0.000000,0.000000,0.000000,0,0,0.000000,0.000000,0.000000,0.000000,0.000000,0.000000,0.000000,0.000000,0.000000,0.000000,0.000000,0.000000,0,0.000000,0.000000,0.000000,0.000000,0.000000,0.000000,0.000000,0.000000,0.000000,0.000000,0.000000,0.000000,0.000000,0.000000,0.000000,0.000000,0.000000,0.000000,0.000000,0.000000,0.000000,0.000000,0.000000,0.000000,0.000000,0.000000,0.000000,0.000000,0.000000,0.000000,0.000000,0.000000,0,0,0,0,0,0,0,0,0,0,0,0,0,65,0,0
4.759944,9770,13,1,0,2,60,0,0,0,0,0,0,0.000013,-0.000001,-0.034814,-0.004044,-0.000010,0.035165,0.000928,-0.000000,1.570797,0.225849,0.000000,0.000049,90,0,0,90,0,0,0,0.000000,0.000000,0.000000,0.000000,0.000000,0.000000,0.000000,0.000000,0,0,0.000000,0.000000,0.000000,0.000000,0.000000,0.000000,0.000000,0.000000,0.000000,0.000000,0.000000,0.000000,0,0.000000,0.000000,0.000000,0.000000,0.000000,0.000000,0.000000,0.000000,0.000000,0.000000,0.000000,0.000000,0.000000,0.000000,0.000000,0.000000,0.000000,0.000000,0.000000,0.000000,0.000000,0.000000,0.000000,0.000000,0.000000,0.000000,0.000000,0.000000,0.000000,0.000000,0.000000,0.000000,0,0,0,0,0,0,0,0,0,0,0,0,0,65,0,0
4.769714,9770,13,1,0,2,60,0,0,0,0,0,0,0.000022,-0.000001,-0.034814,-0.004042,-0.000010,0.035158,0.000928,-0.000000,1.570797,0.225817,0.000000,0.000049,90,0,0,90,0,0,0,0.000000,0.000000,0.000000,0.000000,0.000000,0.000000,0.000000,0.000000,0,0,0.000000,0.000000,0.000000,0.000000,0.000000,0.000000,0.000000,0.000000,0.000000,0.000000,0.000000,0.000000,0,0.000000,0.000000,0.000000,0.000000,0.000000,0.000000,0.000000,0.000000,0.000000,0.000000,0.000000,0.000000,0.000000,0.000000,0.000000,0.000000,0.000000,0.000000,0.000000,0.000000,0.000000,0.000000,0.000000,0.000000,0.000000,0.000000,0.000000,0.000000,0.000000,0.000000,0.000000,0.000000,0,0,0,0,0,0,0,0,0,0,0,0,0,65,0,0
4.779484,9770,13,1,0,2,60,0,0,0,0,0,0,0.000030,-0.000001,-0.034814,-0.004041,-0.000010,0.035154,0.000928,-0.000000,1.570797,0.225797,0.000000,0.000049,90,0,0,90,0,0,0,0.000000,0.000000,0.000000,0.000000,0.000000,0.000000,0.000000,0.000000,0,0,0.000000,0.000000,0.000000,0.000000,0.000000,0.000000,0.000000,0.000000,0.000000,0.000000,0.000000,0.000000,0,0.000000,0.000000,0.000000,0.000000,0.000000,0.000000,0.000000,0.000000,0.000000,0.000000,0.000000,0.000000,0.000000,0.000000,0.000000,0.000000,0.000000,0.000000,0.000000,0.000000,0.000000,0.000000,0.000000,0.000000,0.000000,0.000000,0.000000,0.000000,0.000000,0.000000,0.000000,0.000000,0,0,0,0,0,0,0,0,0,0,0,0,0,65,0,0
4.789254,9770,13,1,0,2,60,0,0,0,0,0,0,0.000039,-0.000001,-0.034814,-0.004041,-0.000010,0.035152,0.000928,-0.000000,1.570797,0.225785,0.000000,0.000049,90,0,0,90,0,0,0,0.000000,0.000000,0.000000,0.000000,0.000000,0.000000,0.000000,0.000000,0,0,0.000000,0.000000,0.000000,0.000000,0.000000,0.000000,0.000000,0.000000,0.000000,0.000000,0.000000,0.000000,0,0.000000,0.000000,0.000000,0.000000,0.000000,0.000000,0.000000,0.000000,0.000000,0.000000,0.000000,0.000000,0.000000,0.000000,0.000000,0.000000,0.000000,0.000000,0.000000,0.000000,0.000000,0.000000,0.000000,0.000000,0.000000,0.000000,0.000000,0.000000,0.000000,0.000000,0.000000,0.000000,0,0,0,0,0,0,0,0,0,0,0,0,0,65,0,0
4.799024,9770,13,1,0,2,60,0,0,0,0,0,0,0.000048,-0.000001,-0.034814,-0.004041,-0.000010,0.035150,0.000928,-0.000000,1.570797,0.225778,0.000000,0.000049,90,0,0,90,0,0,0,0.000000,0.000000,0.000000,0.000000,0.000000,0.000000,0.000000,0.000000,0,0,0.000000,0.000000,0.000000,0.000000,0.000000,0.000000,0.000000,0.000000,0.000000,0.000000,0.000000,0.000000,0,0.000000,0.000000,0.000000,0.000000,0.000000,0.000000,0.000000,0.000000,0.000000,0.000000,0.000000,0.000000,0.000000,0.000000,0.000000,0.000000,0.000000,0.000000,0.000000,0.000000,0.000000,0.000000,0.000000,0.000000,0.000000,0.000000,0.000000,0.000000,0.000000,0.000000,0.000000,0.000000,0,0,0,0,0,0,0,0,0,0,0,0,0,65,0,0
4.808794,9770,13,1,0,2,60,0,0,0,0,0,0,0.000056,-0.000001,-0.034814,-0.004040,-0.000010,0.035149,0.000928,-0.000000,1.570797,0.225773,0.000000,0.000049,90,0,0,90,0,0,0,0.000000,0.000000,0.000000,0.000000,0.000000,0.000000,0.000000,0.000000,0,0,0.000000,0.000000,0.000000,0.000000,0.000000,0.000000,0.000000,0.000000,0.000000,0.000000,0.000000,0.000000,0,0.000000,0.000000,0.000000,0.000000,0.000000,0.000000,0.000000,0.000000,0.000000,0.000000,0.000000,0.000000,0.000000,0.000000,0.000000,0.000000,0.000000,0.000000,0.000000,0.000000,0.000000,0.000000,0.000000,0.000000,0.000000,0.000000,0.000000,0.000000,0.000000,0.000000,0.000000,0.000000,0,0,0,0,0,0,0,0,0,0,0,0,0,65,0,0
4.818564,9770,13,1,0,2,60,0,0,0,0,0,0,0.000065,-0.000001,-0.034814,-0.004040,-0.000010,0.035149,0.000928,0.000000,1.570797,0.225770,0.000000,0.000049,90,0,0,90,0,0,0,0.000000,0.000000,0.000000,0.000000,0.000000,0.000000,0.000000,0.000000,0,0,0.000000,0.000000,0.000000,0.000000,0.000000,0.000000,0.000000,0.000000,0.000000,0.000000,0.000000,0.000000,0,0.000000,0.000000,0.000000,0.000000,0.000000,0.000000,0.000000,0.000000,0.000000,0.000000,0.000000,0.000000,0.000000,0.000000,0.000000,0.000000,0.000000,0.000000,0.000000,0.000000,0.000000,0.000000,0.000000,0.000000,0.000000,0.000000,0.000000,0.000000,0.000000,0.000000,0.000000,0.000000,0,0,0,0,0,0,0,0,0,0,0,0,0,65,0,0
4.828334,9770,13,1,0,2,60,0,0,0,0,0,0,0.000073,-0.000001,-0.034814,-0.004040,-0.000010,0.035148,0.000928,-0.000000,1.570797,0.225769,0.000000,0.000049,90,0,0,90,0,0,0,0.000000,0.000000,0.000000,0.000000,0.000000,0.000000,0.000000,0.000000,0,0,0.000000,0.000000,0.000000,0.000000,0.000000,0.000000,0.000000,0.000000,0.000000,0.000000,0.000000,0.000000,0,0.000000,0.000000,0.000000,0.000000,0.000000,0.000000,0.000000,0.000000,0.000000,0.000000,0.000000,0.000000,0.000000,0.000000,0.000000,0.000000,0.000000,0.000000,0.000000,0.000000,0.000000,0.000000,0.000000,0.000000,0.000000,0.000000,0.000000,0.000000,0.000000,0.000000,0.000000,0.000000,0,0,0,0,0,0,0,0,0,0,0,0,0,65,0,0
4.838104,9770,13,1,0,2,60,0,0,0,0,0,0,0.000082,-0.000001,-0.034814,-0.004040,-0.000010,0.035148,0.000928,-0.000000,1.570797,0.225768,0.000000,0.000049,90,0,0,90,0,0,0,0.000000,0.000000,0.000000,0.000000,0.000000,0.000000,0.000000,0.000000,0,0,0.000000,0.000000,0.000000,0.000000,0.000000,0.000000,0.000000,0.000000,0.000000,0.000000,0.000000,0.000000,0,0.000000,0.000000,0.000000,0.000000,0.000000,0.000000,0.000000,0.000000,0.000000,0.000000,0.000000,0.000000,0.000000,0.000000,0.000000,0.000000,0.000000,0.000000,0.000000,0.000000,0.000000,0.000000,0.000000,0.000000,0.000000,0.000000,0.000000,0.000000,0.000000,0.000000,0.000000,0.000000,0,0,0,0,0,0,0,0,0,0,0,0,0,65,0,0
4.847874,9770,13,1,0,2,60,0,0,0,0,0,0,0.000090,-0.000001,-0.034814,-0.004040,-0.000010,0.035148,0.000928,-0.000000,1.570797,0.225767,0.000000,0.000049,90,0,0,90,0,0,0,0.000000,0.000000,0.000000,0.000000,0.000000,0.000000,0.000000,0.000000,0,0,0.000000,0.000000,0.000000,0.000000,0.000000,0.000000,0.000000,0.000000,0.000000,0.000000,0.000000,0.000000,0,0.000000,0.000000,0.000000,0.000000,0.000000,0.000000,0.000000,0.000000,0.000000,0.000000,0.000000,0.000000,0.000000,0.000000,0.000000,0.000000,0.000000,0.000000,0.000000,0.000000,0.000000,0.000000,0.000000,0.000000,0.000000,0.000000,0.000000,0.000000,0.000000,0.000000,0.000000,0.000000,0,0,0,0,0,0,0,0,0,0,0,0,0,65,0,0
4.857644,9770,13,1,0,2,60,0,0,0,0,0,0,0.000099,-0.000001,-0.034814,-0.004040,-0.000010,0.035148,0.000928,-0.000000,1.570797,0.225767,0.000000,0.000049,90,0,0,90,0,0,0,0.000000,0.000000,0.000000,0.000000,0.000000,0.000000,0.000000,0.000000,0,0,0.000000,0.000000,0.000000,0.000000,0.000000,0.000000,0.000000,0.000000,0.000000,0.000000,0.000000,0.000000,0,0.000000,0.000000,0.000000,0.000000,0.000000,0.000000,0.000000,0.000000,0.000000,0.000000,0.000000,0.000000,0.000000,0.000000,0.000000,0.000000,0.000000,0.000000,0.000000,0.000000,0.000000,0.000000,0.000000,0.000000,0.000000,0.000000,0.000000,0.000000,0.000000,0.000000,0.000000,0.000000,0,0,0,0,0,0,0,0,0,0,0,0,0,65,0,0
4.867414,9770,13,1,0,2,60,0,0,0,0,0,0,0.000107,-0.000002,-0.034814,-0.004040,-0.000010,0.035148,0.000928,-0.000000,1.570797,0.225766,0.000000,0.000049,90,0,0,90,0,0,0,0.000000,0.000000,0.000000,0.000000,0.000000,0.000000,0.000000,0.000000,0,0,0.000000,0.000000,0.000000,0.000000,0.000000,0.000000,0.000000,0.000000,0.000000,0.000000,0.000000,0.000000,0,0.000000,0.000000,0.000000,0.000000,0.000000,0.000000,0.000000,0.000000,0.000000,0.000000,0.000000,0.000000,0.000000,0.000000,0.000000,0.000000,0.000000,0.000000,0.000000,0.000000,0.000000,0.000000,0.000000,0.000000,0.000000,0.000000,0.000000,0.000000,0.000000,0.000000,0.000000,0.000000,0,0,0,0,0,0,0,0,0,0,0,0,0,65,0,0
4.877184,9770,13,1,0,2,60,0,0,0,0,0,0,0.000116,-0.000002,-0.034814,-0.004040,-0.000010,0.035148,0.000928,-0.000000,1.570798,0.225766,0.000000,0.000049,90,0,0,90,0,0,0,0.000000,0.000000,0.000000,0.000000,0.000000,0.000000,0.000000,0.000000,0,0,0.000000,0.000000,0.000000,0.000000,0.000000,0.000000,0.000000,0.000000,0.000000,0.000000,0.000000,0.000000,0,0.000000,0.000000,0.000000,0.000000,0.000000,0.000000,0.000000,0.000000,0.000000,0.000000,0.000000,0.000000,0.000000,0.000000,0.000000,0.000000,0.000000,0.000000,0.000000,0.000000,0.000000,0.000000,0.000000,0.000000,0.000000,0.000000,0.000000,0.000000,0.000000,0.000000,0.000000,0.000000,0,0,0,0,0,0,0,0,0,0,0,0,0,65,0,0
4.886954,9770,13,1,0,2,60,0,0,0,0,0,0,0.000125,-0.000002,-0.034814,-0.004040,-0.000010,0.035148,0.000928,-0.000000,1.570798,0.225766,0.000000,0.000049,90,0,0,90,0,0,0,0.000000,0.000000,0.000000,0.000000,0.000000,0.000000,0.000000,0.000000,0,0,0.000000,0.000000,0.000000,0.000000,0.000000,0.000000,0.000000,0.000000,0.000000,0.000000,0.000000,0.000000,0,0.000000,0.000000,0.000000,0.000000,0.000000,0.000000,0.000000,0.000000,0.000000,0.000000,0.000000,0.000000,0.000000,0.000000,0.000000,0.000000,0.000000,0.000000,0.000000,0.000000,0.000000,0.000000,0.000000,0.000000,0.000000,0.000000,0.000000,0.000000,0.000000,0.000000,0.000000,0.000000,0,0,0,0,0,0,0,0,0,0,0,0,0,65,0,0
4.896724,9770,13,1,0,2,60,0,0,0,0,0,0,0.000133,-0.000002,-0.034814,-0.004040,-0.000010,0.035148,0.000928,-0.000000,1.570798,0.225766,0.000000,0.000049,90,0,0,90,0,0,0,0.000000,0.000000,0.000000,0.000000,0.000000,0.000000,0.000000,0.000000,0,0,0.000000,0.000000,0.000000,0.000000,0.000000,0.000000,0.000000,0.000000,0.000000,0.000000,0.000000,0.000000,0,0.000000,0.000000,0.000000,0.000000,0.000000,0.000000,0.000000,0.000000,0.000000,0.000000,0.000000,0.000000,0.000000,0.000000,0.000000,0.000000,0.000000,0.000000,0.000000,0.000000,0.000000,0.000000,0.000000,0.000000,0.000000,0.000000,0.000000,0.000000,0.000000,0.000000,0.000000,0.000000,0,0,0,0,0,0,0,0,0,0,0,0,0,65,0,0
4.906494,9770,13,1,0,2,60,0,0,0,0,0,0,0.000142,-0.000002,-0.034814,-0.004040,-0.000010,0.035148,0.000928,-0.000000,1.570798,0.225766,0.000000,0.000049,90,0,0,90,0,0,0,0.000000,0.000000,0.000000,0.000000,0.000000,0.000000,0.000000,0.000000,0,0,0.000000,0.000000,0.000000,0.000000,0.000000,0.000000,0.000000,0.000000,0.000000,0.000000,0.000000,0.000000,0,0.000000,0.000000,0.000000,0.000000,0.000000,0.000000,0.000000,0.000000,0.000000,0.000000,0.000000,0.000000,0.000000,0.000000,0.000000,0.000000,0.000000,0.000000,0.000000,0.000000,0.000000,0.000000,0.000000,0.000000,0.000000,0.000000,0.000000,0.000000,0.000000,0.000000,0.000000,0.000000,0,0,0,0,0,0,0,0,0,0,0,0,0,65,0,0
4.916264,9770,13,1,0,2,60,0,0,0,0,0,0,0.000150,-0.000002,-0.034814,-0.004040,-0.000010,0.035148,0.000928,-0.000000,1.570798,0.225766,0.000000,0.000049,90,0,0,90,0,0,0,0.000000,0.000000,0.000000,0.000000,0.000000,0.000000,0.000000,0.000000,0,0,0.000000,0.000000,0.000000,0.000000,0.000000,0.000000,0.000000,0.000000,0.000000,0.000000,0.000000,0.000000,0,0.000000,0.000000,0.000000,0.000000,0.000000,0.000000,0.000000,0.000000,0.000000,0.000000,0.000000,0.000000,0.000000,0.000000,0.000000,0.000000,0.000000,0.000000,0.000000,0.000000,0.000000,0.000000,0.000000,0.000000,0.000000,0.000000,0.000000,0.000000,0.000000,0.000000,0.000000,0.000000,0,0,0,0,0,0,0,0,0,0,0,0,0,65,0,0
4.926034,9770,13,1,0,2,60,0,0,0,0,0,0,0.000159,-0.000002,-0.034814,-0.004040,-0.000010,0.035148,0.000928,-0.000000,1.570798,0.225766,0.000000,0.000049,90,0,0,90,0,0,0,0.000000,0.000000,0.000000,0.000000,0.000000,0.000000,0.000000,0.000000,0,0,0.000000,0.000000,0.000000,0.000000,0.000000,0.000000,0.000000,0.000000,0.000000,0.000000,0.000000,0.000000,0,0.000000,0.000000,0.000000,0.000000,0.000000,0.000000,0.000000,0.000000,0.000000,0.000000,0.000000,0.000000,0.000000,0.000000,0.000000,0.000000,0.000000,0.000000,0.000000,0.000000,0.000000,0.000000,0.000000,0.000000,0.000000,0.000000,0.000000,0.000000,0.000000,0.000000,0.000000,0.000000,0,0,0,0,0,0,0,0,0,0,0,0,0,65,0,0
4.935804,9770,13,1,0,2,60,0,0,0,0,0,0,0.000167,-0.000002,-0.034814,-0.004040,-0.000010,0.035148,0.000928,-0.000000,1.570798,0.225766,0.000000,0.000049,90,0,0,90,0,0,0,0.000000,0.000000,0.000000,0.000000,0.000000,0.000000,0.000000,0.000000,0,0,0.000000,0.000000,0.000000,0.000000,0.000000,0.000000,0.000000,0.000000,0.000000,0.000000,0.000000,0.000000,0,0.000000,0.000000,0.000000,0.000000,0.000000,0.000000,0.000000,0.000000,0.000000,0.000000,0.000000,0.000000,0.000000,0.000000,0.000000,0.000000,0.000000,0.000000,0.000000,0.000000,0.000000,0.000000,0.000000,0.000000,0.000000,0.000000,0.000000,0.000000,0.000000,0.000000,0.000000,0.000000,0,0,0,0,0,0,0,0,0,0,0,0,0,65,0,0
4.945574,9770,13,1,0,2,60,0,0,0,0,0,0,0.000177,-0.000002,-0.034821,-0.003648,-0.000012,0.031256,0.000894,-0.000000,1.570798,0.206303,0.000000,0.000062,6276,6096,6089,6269,0,0,0,0.000000,0.000000,0.000000,0.000000,0.000000,0.000000,0.000000,0.000000,0,0,0.000000,0.000000,0.000000,0.000000,0.000000,0.000000,0.000000,0.000000,0.000000,0.000000,0.000000,0.000000,0,0.000000,0.000000,0.000000,0.000000,0.000000,0.000000,0.000000,0.000000,0.000000,0.000000,0.000000,0.000000,0.000000,0.000000,0.000000,0.000000,0.000000,0.000000,0.000000,0.000000,0.000000,0.000000,0.000000,0.000000,0.000000,0.000000,0.000000,0.000000,0.000000,0.000000,0.000000,0.000000,0,0,0,0,0,0,0,0,0,0,0,0,6183,127,5,0
4.955344,9770,13,1,0,2,60,0,0,0,0,0,0,0.000192,-0.000002,-0.034897,-0.001845,-0.000014,0.011634,0.000516,-0.000000,1.570798,0.108177,0.000000,0.000069,6213,6077,6070,6206,0,0,0,0.000000,0.000000,0.000000,0.000000,0.000000,0.000000,0.000000,0.000000,0,0,0.000000,0.000000,0.000000,0.000000,0.000000,0.000000,0.000000,0.000000,0.000000,0.000000,0.000000,0.000000,0,0.000000,0.000000,0.000000,0.000000,0.000000,0.000000,0.000000,0.000000,0.000000,0.000000,0.000000,0.000000,0.000000,0.000000,0.000000,0.000000,0.000000,0.000000,0.000000,0.000000,0.000000,0.000000,0.000000,0.000000,0.000000,0.000000,0.000000,0.000000,0.000000,0.000000,0.000000,0.000000,0,0,0,0,0,0,0,0,0,0,0,0,6142,96,5,0
4.965114,9770,13,1,0,2,60,0,0,0,0,0,0,0.000205,-0.000002,-0.034983,-0.000451,-0.000014,-0.003851,0.000083,-0.000000,1.570798,0.030747,0.000000,0.000068,6152,6062,6055,6145,0,0,0,0.000000,0.000000,0.000000,0.000000,0.000000,0.000000,0.000000,0.000000,0,0,0.000000,0.000000,0.000000,0.000000,0.000000,0.000000,0.000000,0.000000,0.000000,0.000000,0.000000,0.000000,0,0.000000,0.000000,0.000000,0.000000,0.000000,0.000000,0.000000,0.000000,0.000000,0.000000,0.000000,0.000000,0.000000,0.000000,0.000000,0.000000,0.000000,0.000000,0.000000,0.000000,0.000000,0.000000,0.000000,0.000000,0.000000,0.000000,0.000000,0.000000,0.000000,0.000000,0.000000,0.000000,0,0,0,0,0,0,0,0,0,0,0,0,6104,64,5,0
4.974884,9770,13,1,0,2,60,0,0,0,0,0,0,0.000204,-0.000003,-0.035078,-0.000315,-0.000001,-0.014262,0.000218,-0.000020,1.570798,0.038822,-0.005232,0.000002,6095,6049,6042,6088,0,0,0,0.000000,0.000000,0.000000,0.000000,0.000000,0.000000,0.000000,0.000000,0,0,0.000000,0.000000,0.000000,0.000000,0.000000,0.000000,0.000000,0.000000,0.000000,0.000000,0.000000,0.000000,0,0.000000,0.000000,0.000000,0.000000,0.000000,0.000000,0.000000,0.000000,0.000000,0.000000,0.000000,0.000000,0.000000,0.000000,0.000000,0.000000,0.000000,0.000000,0.000000,0.000000,0.000000,0.000000,0.000000,0.000000,0.000000,0.000000,0.000000,0.000000,0.000000,0.000000,0.000000,0.000000,0,0,0,0,0,0,0,0,0,0,0,0,6069,33,5,0
4.984654,9770,13,1,1,2,60,0,0,0,0,0,0,0.000201,-0.000003,-0.035327,-0.000368,0.000006,-0.035064,0.000781,-0.000117,1.570796,0.069269,-0.013232,-0.000539,6056,6046,6007,6033,0,0,0,0.000000,0.000000,0.000000,0.000000,0.000000,0.000000,0.000000,0.000000,0,0,0.000000,0.000000,0.000000,0.000000,0.000000,0.000000,0.000000,0.000000,0.000000,0.000000,0.000000,0.000000,0,0.000000,0.000000,0.000000,0.000000,0.000000,0.000000,0.000000,0.000000,0.000000,0.000000,0.000000,0.000000,0.000000,0.000000,0.000000,0.000000,0.000000,0.000000,0.000000,0.000000,0.000000,0.000000,0.000000,0.000000,0.000000,0.000000,0.000000,0.000000,0.000000,0.000000,0.000000,0.000000,0,0,0,0,0,0,0,0,0,0,0,0,6036,13,22,-8
4.994424,9770,13,1,1,2,60,0,0,0,0,0,0,0.000197,-0.000002,-0.035829,-0.000512,0.000030,-0.063325,0.001599,-0.000286,1.570784,0.090678,-0.019478,-0.001705,6006,6017,5961,5966,0,0,0,0.000000,0.000000,0.000000,0.000000,0.000000,0.000000,0.000000,0.000000,0,0,0.000000,0.000000,0.000000,0.000000,0.000000,0.000000,0.000000,0.000000,0.000000,0.000000,0.000000,0.000000,0,0.000000,0.000000,0.000000,0.000000,0.000000,0.000000,0.000000,0.000000,0.000000,0.000000,0.000000,0.000000,0.000000,0.000000,0.000000,0.000000,0.000000,0.000000,0.000000,0.000000,0.000000,0.000000,0.000000,0.000000,0.000000,0.000000,0.000000,0.000000,0.000000,0.000000,0.000000,0.000000,0,0,0,0,0,0,0,0,0,0,0,0,5988,-2,34,-8
5.004194,9770,13,1,1,2,60,0,0,0,0,0,0,0.000190,-0.000002,-0.036638,-0.000777,0.000080,-0.095761,0.002583,-0.000501,1.570761,0.103543,-0.022629,-0.002629,5948,5978,5909,5895,0,0,0,0.000000,0.000000,0.000000,0.000000,0.000000,0.000000,0.000000,0.000000,0,0,0.000000,0.000000,0.000000,0.000000,0.000000,0.000000,0.000000,0.000000,0.000000,0.000000,0.000000,0.000000,0,0.000000,0.000000,0.000000,0.000000,0.000000,0.000000,0.000000,0.000000,0.000000,0.000000,0.000000,0.000000,0.000000,0.000000,0.000000,0.000000,0.000000,0.000000,0.000000,0.000000,0.000000,0.000000,0.000000,0.000000,0.000000,0.000000,0.000000,0.000000,0.000000,0.000000,0.000000,0.000000,0,0,0,0,0,0,0,0,0,0,0,0,5933,-15,43,-8
5.013964,9770,13,1,1,2,60,0,0,0,0,0,0,0.000180,-0.000001,-0.037784,-0.001183,0.000160,-0.130294,0.003653,-0.000729,1.570732,0.108810,-0.022442,-0.003153,5901,5943,5868,5842,0,0,0,0.000000,0.000000,0.000000,0.000000,0.000000,0.000000,0.000000,0.000000,0,0,0.000000,0.000000,0.000000,0.000000,0.000000,0.000000,0.000000,0.000000,0.000000,0.000000,0.000000,0.000000,0,0.000000,0.000000,0.000000,0.000000,0.000000,0.000000,0.000000,0.000000,0.000000,0.000000,0.000000,0.000000,0.000000,0.000000,0.000000,0.000000,0.000000,0.000000,0.000000,0.000000,0.000000,0.000000,0.000000,0.000000,0.000000,0.000000,0.000000,0.000000,0.000000,0.000000,0.000000,0.000000,0,0,0,0,0,0,0,0,0,0,0,0,5889,-24,48,-8
5.023734,9770,13,1,1,2,60,0,0,0,0,0,0,0.000166,0.000002,-0.039281,-0.001736,0.000270,-0.165682,0.004740,-0.000938,1.570697,0.107641,-0.019331,-0.003429,5838,5886,5809,5773,0,0,0,0.000000,0.000000,0.000000,0.000000,0.000000,0.000000,0.000000,0.000000,0,0,0.000000,0.000000,0.000000,0.000000,0.000000,0.000000,0.000000,0.000000,0.000000,0.000000,0.000000,0.000000,0,0.000000,0.000000,0.000000,0.000000,0.000000,0.000000,0.000000,0.000000,0.000000,0.000000,0.000000,0.000000,0.000000,0.000000,0.000000,0.000000,0.000000,0.000000,0.000000,0.000000,0.000000,0.000000,0.000000,0.000000,0.000000,0.000000,0.000000,0.000000,0.000000,0.000000,0.000000,0.000000,0,0,0,0,0,0,0,0,0,0,0,0,5827,-30,50,-6
5.033504,9770,13,1,1,2,60,0,0,0,0,0,0,0.000144,0.000005,-0.041133,-0.002432,0.000406,-0.201096,0.005785,-0.001104,1.570662,0.101420,-0.014080,-0.003418,5781,5833,5759,5717,0,0,0,0.000000,0.000000,0.000000,0.000000,0.000000,0.000000,0.000000,0.000000,0,0,0.000000,0.000000,0.000000,0.000000,0.000000,0.000000,0.000000,0.000000,0.000000,0.000000,0.000000,0.000000,0,0.000000,0.000000,0.000000,0.000000,0.000000,0.000000,0.000000,0.000000,0.000000,0.000000,0.000000,0.000000,0.000000,0.000000,0.000000,0.000000,0.000000,0.000000,0.000000,0.000000,0.000000,0.000000,0.000000,0.000000,0.000000,0.000000,0.000000,0.000000,0.000000,0.000000,0.000000,0.000000,0,0,0,0,0,0,0,0,0,0,0,0,5773,-33,49,-5
5.043274,9770,13,1,1,2,60,0,0,0,0,0,0,0.000116,0.000010,-0.043337,-0.003260,0.000559,-0.236070,0.006747,-0.001210,1.570628,0.091412,-0.007695,-0.003213,5735,5788,5723,5676,0,0,0,0.000000,0.000000,0.000000,0.000000,0.000000,0.000000,0.000000,0.000000,0,0,0.000000,0.000000,0.000000,0.000000,0.000000,0.000000,0.000000,0.000000,0.000000,0.000000,0.000000,0.000000,0,0.000000,0.000000,0.000000,0.000000,0.000000,0.000000,0.000000,0.000000,0.000000,0.000000,0.000000,0.000000,0.000000,0.000000,0.000000,0.000000,0.000000,0.000000,0.000000,0.000000,0.000000,0.000000,0.000000,0.000000,0.000000,0.000000,0.000000,0.000000,0.000000,0.000000,0.000000,0.000000,0,0,0,0,0,0,0,0,0,0,0,0,5731,-35,44,-3
5.053044,9770,13,1,1,2,60,0,0,0,0,0,0,0.000078,0.000016,-0.045887,-0.004203,0.000723,-0.270315,0.007593,-0.001250,1.570598,0.078747,-0.001210,-0.002877,5675,5724,5669,5622,0,0,0,0.000000,0.000000,0.000000,0.000000,0.000000,0.000000,0.000000,0.000000,0,0,0.000000,0.000000,0.000000,0.000000,0.000000,0.000000,0.000000,0.000000,0.000000,0.000000,0.000000,0.000000,0,0.000000,0.000000,0.000000,0.000000,0.000000,0.000000,0.000000,0.000000,0.000000,0.000000,0.000000,0.000000,0.000000,0.000000,0.000000,0.000000,0.000000,0.000000,0.000000,0.000000,0.000000,0.000000,0.000000,0.000000,0.000000,0.000000,0.000000,0.000000,0.000000,0.000000,0.000000,0.000000,0,0,0,0,0,0,0,0,0,0,0,0,5673,-34,38,-1
5.062814,9770,13,1,1,2,60,0,0,0,0,0,0,0.000030,0.000025,-0.048774,-0.005244,0.000887,-0.303653,0.008304,-0.001230,1.570571,0.064614,0.004512,-0.002385,5625,5670,5625,5579,0,0,0,0.000000,0.000000,0.000000,0.000000,0.000000,0.000000,0.000000,0.000000,0,0,0.000000,0.000000,0.000000,0.000000,0.000000,0.000000,0.000000,0.000000,0.000000,0.000000,0.000000,0.000000,0,0.000000,0.000000,0.000000,0.000000,0.000000,0.000000,0.000000,0.000000,0.000000,0.000000,0.000000,0.000000,0.000000,0.000000,0.000000,0.000000,0.000000,0.000000,0.000000,0.000000,0.000000,0.000000,0.000000,0.000000,0.000000,0.000000,0.000000,0.000000,0.000000,0.000000,0.000000,0.000000,0,0,0,0,0,0,0,0,0,0,0,0,5625,-32,32,0
5.072584,9770,13,1,1,2,60,0,0,0,0,0,0,-0.000028,0.000034,-0.051990,-0.006361,0.001043,-0.336023,0.008869,-0.001159,1.570551,0.049908,0.008904,-0.002005,5580,5621,5583,5542,0,0,0,0.000000,0.000000,0.000000,0.000000,0.000000,0.000000,0.000000,0.000000,0,0,0.000000,0.000000,0.000000,0.000000,0.000000,0.000000,0.000000,0.000000,0.000000,0.000000,0.000000,0.000000,0,0.000000,0.000000,0.000000,0.000000,0.000000,0.000000,0.000000,0.000000,0.000000,0.000000,0.000000,0.000000,0.000000,0.000000,0.000000,0.000000,0.000000,0.000000,0.000000,0.000000,0.000000,0.000000,0.000000,0.000000,0.000000,0.000000,0.000000,0.000000,0.000000,0.000000,0.000000,0.000000,0,0,0,0,0,0,0,0,0,0,0,0,5582,-29,27,0
5.082354,9770,13,1,1,2,60,0,0,0,0,0,0,-0.000098,0.000046,-0.055523,-0.007534,0.001188,-0.367365,0.009288,-0.001053,1.570533,0.035385,0.011672,-0.001648,5532,5567,5537,5498,0,0,0,0.000000,0.000000,0.000000,0.000000,0.000000,0.000000,0.000000,0.000000,0,0,0.000000,0.000000,0.000000,0.000000,0.000000,0.000000,0.000000,0.000000,0.000000,0.000000,0.000000,0.000000,0,0.000000,0.000000,0.000000,0.000000,0.000000,0.000000,0.000000,0.000000,0.000000,0.000000,0.000000,0.000000,0.000000,0.000000,0.000000,0.000000,0.000000,0.000000,0.000000,0.000000,0.000000,0.000000,0.000000,0.000000,0.000000,0.000000,0.000000,0.000000,0.000000,0.000000,0.000000,0.000000,0,0,0,0,0,0,0,0,0,0,0,0,5534,-26,23,2
5.092124,9770,13,1,1,2,60,0,0,0,0,0,0,-0.000180,0.000058,-0.059364,-0.008743,0.001316,-0.397666,0.009565,-0.000929,1.570521,0.021579,0.012839,-0.001223,5493,5524,5498,5463,0,0,0,0.000000,0.000000,0.000000,0.000000,0.000000,0.000000,0.000000,0.000000,0,0,0.000000,0.000000,0.000000,0.000000,0.000000,0.000000,0.000000,0.000000,0.000000,0.000000,0.000000,0.000000,0,0.000000,0.000000,0.000000,0.000000,0.000000,0.000000,0.000000,0.000000,0.000000,0.000000,0.000000,0.000000,0.000000,0.000000,0.000000,0.000000,0.000000,0.000000,0.000000,0.000000,0.000000,0.000000,0.000000,0.000000,0.000000,0.000000,0.000000,0.000000,0.000000,0.000000,0.000000,0.000000,0,0,0,0,0,0,0,0,0,0,0,0,5495,-23,20,2
5.101894,9770,13,1,1,2,60,0,0,0,0,0,0,-0.000274,0.000072,-0.063503,-0.009970,0.001427,-0.426949,0.009710,-0.000800,1.570512,0.008820,0.012713,-0.000797,5450,5475,5448,5417,0,0,0,0.000000,0.000000,0.000000,0.000000,0.000000,0.000000,0.000000,0.000000,0,0,0.000000,0.000000,0.000000,0.000000,0.000000,0.000000,0.000000,0.000000,0.000000,0.000000,0.000000,0.000000,0,0.000000,0.000000,0.000000,0.000000,0.000000,0.000000,0.000000,0.000000,0.000000,0.000000,0.000000,0.000000,0.000000,0.000000,0.000000,0.000000,0.000000,0.000000,0.000000,0.000000,0.000000,0.000000,0.000000,0.000000,0.000000,0.000000,0.000000,0.000000,0.000000,0.000000,0.000000,0.000000,0,0,0,0,0,0,0,0,0,0,0,0,5448,-20,21,3
5.111664,9770,13,1,1,2,60,0,0,0,0,0,0,-0.000381,0.000087,-0.067928,-0.011199,0.001522,-0.455220,0.009734,-0.000677,1.570507,-0.002761,0.011823,-0.000471,5414,5435,5408,5381,0,0,0,0.000000,0.000000,0.000000,0.000000,0.000000,0.000000,0.000000,0.000000,0,0,0.000000,0.000000,0.000000,0.000000,0.000000,0.000000,0.000000,0.000000,0.000000,0.000000,0.000000,0.000000,0,0.000000,0.000000,0.000000,0.000000,0.000000,0.000000,0.000000,0.000000,0.000000,0.000000,0.000000,0.000000,0.000000,0.000000,0.000000,0.000000,0.000000,0.000000,0.000000,0.000000,0.000000,0.000000,0.000000,0.000000,0.000000,0.000000,0.000000,0.000000,0.000000,0.000000,0.000000,0.000000,0,0,0,0,0,0,0,0,0,0,0,0,5410,-17,21,3
5.121434,9770,13,1,1,2,60,0,0,0,0,0,0,-0.000500,0.000102,-0.072632,-0.012415,0.001601,-0.482521,0.009648,-0.000566,1.570505,-0.013046,0.010598,-0.000092,5370,5386,5361,5337,0,0,0,0.000000,0.000000,0.000000,0.000000,0.000000,0.000000,0.000000,0.000000,0,0,0.000000,0.000000,0.000000,0.000000,0.000000,0.000000,0.000000,0.000000,0.000000,0.000000,0.000000,0.000000,0,0.000000,0.000000,0.000000,0.000000,0.000000,0.000000,0.000000,0.000000,0.000000,0.000000,0.000000,0.000000,0.000000,0.000000,0.000000,0.000000,0.000000,0.000000,0.000000,0.000000,0.000000,0.000000,0.000000,0.000000,0.000000,0.000000,0.000000,0.000000,0.000000,0.000000,0.000000,0.000000,0,0,0,0,0,0,0,0,0,0,0,0,5364,-14,21,4
5.131204,9770,13,1,1,2,60,0,0,0,0,0,0,-0.000630,0.000119,-0.077602,-0.013605,0.001666,-0.508851,0.009468,-0.000467,1.570507,-0.021975,0.009252,0.000218,5343,5355,5326,5306,0,0,0,0.000000,0.000000,0.000000,0.000000,0.000000,0.000000,0.000000,0.000000,0,0,0.000000,0.000000,0.000000,0.000000,0.000000,0.000000,0.000000,0.000000,0.000000,0.000000,0.000000,0.000000,0,0.000000,0.000000,0.000000,0.000000,0.000000,0.000000,0.000000,0.000000,0.000000,0.000000,0.000000,0.000000,0.000000,0.000000,0.000000,0.000000,0.000000,0.000000,0.000000,0.000000,0.000000,0.000000,0.000000,0.000000,0.000000,0.000000,0.000000,0.000000,0.000000,0.000000,0.000000,0.000000,0,0,0,0,0,0,0,0,0,0,0,0,5333,-11,23,4
5.140974,9770,13,1,1,2,60,0,0,0,0,0,0,-0.000773,0.000136,-0.082832,-0.014759,0.001719,-0.534266,0.009205,-0.000382,1.570511,-0.029609,0.008038,0.000348,5298,5307,5276,5261,0,0,0,0.000000,0.000000,0.000000,0.000000,0.000000,0.000000,0.000000,0.000000,0,0,0.000000,0.000000,0.000000,0.000000,0.000000,0.000000,0.000000,0.000000,0.000000,0.000000,0.000000,0.000000,0,0.000000,0.000000,0.000000,0.000000,0.000000,0.000000,0.000000,0.000000,0.000000,0.000000,0.000000,0.000000,0.000000,0.000000,0.000000,0.000000,0.000000,0.000000,0.000000,0.000000,0.000000,0.000000,0.000000,0.000000,0.000000,0.000000,0.000000,0.000000,0.000000,0.000000,0.000000,0.000000,0,0,0,0,0,0,0,0,0,0,0,0,5286,-9,24,3
5.150744,9770,13,1,1,2,60,0,0,0,0,0,0,-0.000926,0.000153,-0.088310,-0.015869,0.001762,-0.558761,0.008873,-0.000307,1.570516,-0.035959,0.007140,0.000410,5272,5279,5246,5233,0,0,0,0.000000,0.000000,0.000000,0.000000,0.000000,0.000000,0.000000,0.000000,0,0,0.000000,0.000000,0.000000,0.000000,0.000000,0.000000,0.000000,0.000000,0.000000,0.000000,0.000000,0.000000,0,0.000000,0.000000,0.000000,0.000000,0.000000,0.000000,0.000000,0.000000,0.000000,0.000000,0.000000,0.000000,0.000000,0.000000,0.000000,0.000000,0.000000,0.000000,0.000000,0.000000,0.000000,0.000000,0.000000,0.000000,0.000000,0.000000,0.000000,0.000000,0.000000,0.000000,0.000000,0.000000,0,0,0,0,0,0,0,0,0,0,0,0,5258,-7,25,3
5.160514,9770,13,1,1,2,60,0,0,0,0,0,0,-0.001091,0.000171,-0.094028,-0.016928,0.001795,-0.582387,0.008484,-0.000238,1.570521,-0.041177,0.006666,0.000485,5234,5238,5204,5194,0,0,0,0.000000,0.000000,0.000000,0.000000,0.000000,0.000000,0.000000,0.000000,0,0,0.000000,0.000000,0.000000,0.000000,0.000000,0.000000,0.000000,0.000000,0.000000,0.000000,0.000000,0.000000,0,0.000000,0.000000,0.000000,0.000000,0.000000,0.000000,0.000000,0.000000,0.000000,0.000000,0.000000,0.000000,0.000000,0.000000,0.000000,0.000000,0.000000,0.000000,0.000000,0.000000,0.000000,0.000000,0.000000,0.000000,0.000000,0.000000,0.000000,0.000000,0.000000,0.000000,0.000000,0.000000,0,0,0,0,0,0,0,0,0,0,0,0,5218,-5,26,3
5.170284,9770,13,1,1,2,60,0,0,0,0,0,0,-0.001266,0.000189,-0.099978,-0.017929,0.001821,-0.605140,0.008048,-0.000172,1.570526,-0.045328,0.006565,0.000455,5206,5210,5175,5167,0,0,0,0.000000,0.000000,0.000000,0.000000,0.000000,0.000000,0.000000,0.000000,0,0,0.000000,0.000000,0.000000,0.000000,0.000000,0.000000,0.000000,0.000000,0.000000,0.000000,0.000000,0.000000,0,0.000000,0.000000,0.000000,0.000000,0.000000,0.000000,0.000000,0.000000,0.000000,0.000000,0.000000,0.000000,0.000000,0.000000,0.000000,0.000000,0.000000,0.000000,0.000000,0.000000,0.000000,0.000000,0.000000,0.000000,0.000000,0.000000,0.000000,0.000000,0.000000,0.000000,0.000000,0.000000,0,0,0,0,0,0,0,0,0,0,0,0,5190,-4,26,2
5.180054,9770,13,1,1,2,60,0,0,0,0,0,0,-0.001450,0.000207,-0.106150,-0.018869,0.001838,-0.627091,0.007576,-0.000106,1.570531,-0.048577,0.006718,0.000405,5161,5162,5128,5123,0,0,0,0.000000,0.000000,0.000000,0.000000,0.000000,0.000000,0.000000,0.000000,0,0,0.000000,0.000000,0.000000,0.000000,0.000000,0.000000,0.000000,0.000000,0.000000,0.000000,0.000000,0.000000,0,0.000000,0.000000,0.000000,0.000000,0.000000,0.000000,0.000000,0.000000,0.000000,0.000000,0.000000,0.000000,0.000000,0.000000,0.000000,0.000000,0.000000,0.000000,0.000000,0.000000,0.000000,0.000000,0.000000,0.000000,0.000000,0.000000,0.000000,0.000000,0.000000,0.000000,0.000000,0.000000,0,0,0,0,0,0,0,0,0,0,0,0,5144,-2,26,2
5.189824,9770,13,1,1,2,60,0,0,0,0,0,0,-0.001644,0.000226,-0.112538,-0.019745,0.001847,-0.648234,0.007077,-0.000037,1.570535,-0.050982,0.006965,0.000399,5136,5136,5102,5100,0,0,0,0.000000,0.000000,0.000000,0.000000,0.000000,0.000000,0.000000,0.000000,0,0,0.000000,0.000000,0.000000,0.000000,0.000000,0.000000,0.000000,0.000000,0.000000,0.000000,0.000000,0.000000,0,0.000000,0.000000,0.000000,0.000000,0.000000,0.000000,0.000000,0.000000,0.000000,0.000000,0.000000,0.000000,0.000000,0.000000,0.000000,0.000000,0.000000,0.000000,0.000000,0.000000,0.000000,0.000000,0.000000,0.000000,0.000000,0.000000,0.000000,0.000000,0.000000,0.000000,0.000000,0.000000,0,0,0,0,0,0,0,0,0,0,0,0,5119,-1,25,1
5.199594,9770,13,1,1,2,60,0,0,0,0,0,0,-0.001846,0.000244,-0.119133,-0.020556,0.001848,-0.668613,0.006557,0.000033,1.570539,-0.052647,0.007194,0.000244,5105,5104,5071,5070,0,0,0,0.000000,0.000000,0.000000,0.000000,0.000000,0.000000,0.000000,0.000000,0,0,0.000000,0.000000,0.000000,0.000000,0.000000,0.000000,0.000000,0.000000,0.000000,0.000000,0.000000,0.000000,0,0.000000,0.000000,0.000000,0.000000,0.000000,0.000000,0.000000,0.000000,0.000000,0.000000,0.000000,0.000000,0.000000,0.000000,0.000000,0.000000,0.000000,0.000000,0.000000,0.000000,0.000000,0.000000,0.000000,0.000000,0.000000,0.000000,0.000000,0.000000,0.000000,0.000000,0.000000,0.000000,0,0,0,0,0,0,0,0,0,0,0,0,5088,0,24,1
5.209364,9770,13,1,1,2,60,0,0,0,0,0,0,-0.002056,0.000263,-0.125928,-0.021299,0.001841,-0.688257,0.006024,0.000106,1.570541,-0.053689,0.007392,0.000162,5076,5075,5044,5043,0,0,0,0.000000,0.000000,0.000000,0.000000,0.000000,0.000000,0.000000,0.000000,0,0,0.000000,0.000000,0.000000,0.000000,0.000000,0.000000,0.000000,0.000000,0.000000,0.000000,0.000000,0.000000,0,0.000000,0.000000,0.000000,0.000000,0.000000,0.000000,0.000000,0.000000,0.000000,0.000000,0.000000,0.000000,0.000000,0.000000,0.000000,0.000000,0.000000,0.000000,0.000000,0.000000,0.000000,0.000000,0.000000,0.000000,0.000000,0.000000,0.000000,0.000000,0.000000,0.000000,0.000000,0.000000,0,0,0,0,0,0,0,0,0,0,0,0,5060,0,23,1
5.219134,9770,13,1,1,2,60,0,0,0,0,0,0,-0.002272,0.000281,-0.132915,-0.021975,0.001825,-0.707165,0.005484,0.000181,1.570543,-0.054316,0.007407,0.000123,5051,5049,5019,5019,0,0,0,0.000000,0.000000,0.000000,0.000000,0.000000,0.000000,0.000000,0.000000,0,0,0.000000,0.000000,0.000000,0.000000,0.000000,0.000000,0.000000,0.000000,0.000000,0.000000,0.000000,0.000000,0,0.000000,0.000000,0.000000,0.000000,0.000000,0.000000,0.000000,0.000000,0.000000,0.000000,0.000000,0.000000,0.000000,0.000000,0.000000,0.000000,0.000000,0.000000,0.000000,0.000000,0.000000,0.000000,0.000000,0.000000,0.000000,0.000000,0.000000,0.000000,0.000000,0.000000,0.000000,0.000000,0,0,0,0,0,0,0,0,0,0,0,0,5035,1,22,1
5.228904,9770,13,1,1,2,60,0,0,0,0,0,0,-0.002495,0.000299,-0.140088,-0.022584,0.001800,-0.725393,0.004939,0.000254,1.570545,-0.054589,0.007195,0.000111,5015,5013,4983,4983,0,0,0,0.000000,0.000000,0.000000,0.000000,0.000000,0.000000,0.000000,0.000000,0,0,0.000000,0.000000,0.000000,0.000000,0.000000,0.000000,0.000000,0.000000,0.000000,0.000000,0.000000,0.000000,0,0.000000,0.000000,0.000000,0.000000,0.000000,0.000000,0.000000,0.000000,0.000000,0.000000,0.000000,0.000000,0.000000,0.000000,0.000000,0.000000,0.000000,0.000000,0.000000,0.000000,0.000000,0.000000,0.000000,0.000000,0.000000,0.000000,0.000000,0.000000,0.000000,0.000000,0.000000,0.000000,0,0,0,0,0,0,0,0,0,0,0,0,4999,1,22,1
5.238674,9770,13,1,1,2,60,0,0,0,0,0,0,-0.002724,0.000317,-0.147439,-0.023126,0.001767,-0.742932,0.004393,0.000323,1.570546,-0.054530,0.006708,0.000116,4988,4984,4956,4958,0,0,0,0.000000,0.000000,0.000000,0.000000,0.000000,0.000000,0.000000,0.000000,0,0,0.000000,0.000000,0.000000,0.000000,0.000000,0.000000,0.000000,0.000000,0.000000,0.000000,0.000000,0.000000,0,0.000000,0.000000,0.000000,0.000000,0.000000,0.000000,0.000000,0.000000,0.000000,0.000000,0.000000,0.000000,0.000000,0.000000,0.000000,0.000000,0.000000,0.000000,0.000000,0.000000,0.000000,0.000000,0.000000,0.000000,0.000000,0.000000,0.000000,0.000000,0.000000,0.000000,0.000000,0.000000,0,0,0,0,0,0,0,0,0,0,0,0,4972,2,21,1
5.248444,9770,13,1,1,2,60,0,0,0,0,0,0,-0.002958,0.000334,-0.154961,-0.023603,0.001727,-0.759798,0.003850,0.000386,1.570548,-0.054075,0.005951,0.000052,4968,4964,4935,4939,0,0,0,0.000000,0.000000,0.000000,0.000000,0.000000,0.000000,0.000000,0.000000,0,0,0.000000,0.000000,0.000000,0.000000,0.000000,0.000000,0.000000,0.000000,0.000000,0.000000,0.000000,0.000000,0,0.000000,0.000000,0.000000,0.000000,0.000000,0.000000,0.000000,0.000000,0.000000,0.000000,0.000000,0.000000,0.000000,0.000000,0.000000,0.000000,0.000000,0.000000,0.000000,0.000000,0.000000,0.000000,0.000000,0.000000,0.000000,0.000000,0.000000,0.000000,0.000000,0.000000,0.000000,0.000000,0,0,0,0,0,0,0,0,0,0,0,0,4952,3,21,0
5.258214,9770,13,1,1,2,60,0,0,0,0,0,0,-0.003197,0.000351,-0.162649,-0.024015,0.001680,-0.776046,0.003313,0.000441,1.570547,-0.053272,0.005042,-0.000078,4933,4928,4898,4903,0,0,0,0.000000,0.000000,0.000000,0.000000,0.000000,0.000000,0.000000,0.000000,0,0,0.000000,0.000000,0.000000,0.000000,0.000000,0.000000,0.000000,0.000000,0.000000,0.000000,0.000000,0.000000,0,0.000000,0.000000,0.000000,0.000000,0.000000,0.000000,0.000000,0.000000,0.000000,0.000000,0.000000,0.000000,0.000000,0.000000,0.000000,0.000000,0.000000,0.000000,0.000000,0.000000,0.000000,0.000000,0.000000,0.000000,0.000000,0.000000,0.000000,0.000000,0.000000,0.000000,0.000000,0.000000,0,0,0,0,0,0,0,0,0,0,0,0,4916,4,21,0
5.267984,9770,13,1,1,2,60,0,0,0,0,0,0,-0.003439,0.000368,-0.170496,-0.024365,0.001627,-0.791650,0.002786,0.000486,1.570546,-0.052144,0.004135,-0.000159,4916,4910,4879,4885,0,0,0,0.000000,0.000000,0.000000,0.000000,0.000000,0.000000,0.000000,0.000000,0,0,0.000000,0.000000,0.000000,0.000000,0.000000,0.000000,0.000000,0.000000,0.000000,0.000000,0.000000,0.000000,0,0.000000,0.000000,0.000000,0.000000,0.000000,0.000000,0.000000,0.000000,0.000000,0.000000,0.000000,0.000000,0.000000,0.000000,0.000000,0.000000,0.000000,0.000000,0.000000,0.000000,0.000000,0.000000,0.000000,0.000000,0.000000,0.000000,0.000000,0.000000,0.000000,0.000000,0.000000,0.000000,0,0,0,0,0,0,0,0,0,0,0,0,4898,4,22,0
5.277754,9770,13,1,1,2,60,0,0,0,0,0,0,-0.003684,0.000384,-0.178495,-0.024653,0.001571,-0.806656,0.002273,0.000523,1.570545,-0.050653,0.003378,-0.000209,4894,4887,4855,4862,0,0,0,0.000000,0.000000,0.000000,0.000000,0.000000,0.000000,0.000000,0.000000,0,0,0.000000,0.000000,0.000000,0.000000,0.000000,0.000000,0.000000,0.000000,0.000000,0.000000,0.000000,0.000000,0,0.000000,0.000000,0.000000,0.000000,0.000000,0.000000,0.000000,0.000000,0.000000,0.000000,0.000000,0.000000,0.000000,0.000000,0.000000,0.000000,0.000000,0.000000,0.000000,0.000000,0.000000,0.000000,0.000000,0.000000,0.000000,0.000000,0.000000,0.000000,0.000000,0.000000,0.000000,0.000000,0,0,0,0,0,0,0,0,0,0,0,0,4875,5,22,0
5.287524,9770,13,1,1,2,60,0,0,0,0,0,0,-0.003932,0.000399,-0.186642,-0.024883,0.001510,-0.821088,0.001776,0.000554,1.570543,-0.048822,0.002787,-0.000091,4865,4859,4829,4833,0,0,0,0.000000,0.000000,0.000000,0.000000,0.000000,0.000000,0.000000,0.000000,0,0,0.000000,0.000000,0.000000,0.000000,0.000000,0.000000,0.000000,0.000000,0.000000,0.000000,0.000000,0.000000,0,0.000000,0.000000,0.000000,0.000000,0.000000,0.000000,0.000000,0.000000,0.000000,0.000000,0.000000,0.000000,0.000000,0.000000,0.000000,0.000000,0.000000,0.000000,0.000000,0.000000,0.000000,0.000000,0.000000,0.000000,0.000000,0.000000,0.000000,0.000000,0.000000,0.000000,0.000000,0.000000,0,0,0,0,0,0,0,0,0,0,0,0,4847,4,22,1
5.297294,9770,13,1,1,2,60,0,0,0,0,0,0,-0.004182,0.000414,-0.194929,-0.025058,0.001447,-0.834936,0.001299,0.000579,1.570543,-0.046823,0.002255,0.000022,4849,4841,4811,4817,0,0,0,0.000000,0.000000,0.000000,0.000000,0.000000,0.000000,0.000000,0.000000,0,0,0.000000,0.000000,0.000000,0.000000,0.000000,0.000000,0.000000,0.000000,0.000000,0.000000,0.000000,0.000000,0,0.000000,0.000000,0.000000,0.000000,0.000000,0.000000,0.000000,0.000000,0.000000,0.000000,0.000000,0.000000,0.000000,0.000000,0.000000,0.000000,0.000000,0.000000,0.000000,0.000000,0.000000,0.000000,0.000000,0.000000,0.000000,0.000000,0.000000,0.000000,0.000000,0.000000,0.000000,0.000000,0,0,0,0,0,0,0,0,0,0,0,0,4830,5,22,1
5.307064,9770,13,1,1,2,60,0,0,0,0,0,0,-0.004433,0.000428,-0.203352,-0.025179,0.001382,-0.848240,0.000842,0.000599,1.570543,-0.044676,0.001784,0.000023,4823,4816,4784,4791,0,0,0,0.000000,0.000000,0.000000,0.000000,0.000000,0.000000,0.000000,0.000000,0,0,0.000000,0.000000,0.000000,0.000000,0.000000,0.000000,0.000000,0.000000,0.000000,0.000000,0.000000,0.000000,0,0.000000,0.000000,0.000000,0.000000,0.000000,0.000000,0.000000,0.000000,0.000000,0.000000,0.000000,0.000000,0.000000,0.000000,0.000000,0.000000,0.000000,0.000000,0.000000,0.000000,0.000000,0.000000,0.000000,0.000000,0.000000,0.000000,0.000000,0.000000,0.000000,0.000000,0.000000,0.000000,0,0,0,0,0,0,0,0,0,0,0,0,4804,5,22,0
5.316834,9770,13,1,1,2,60,0,0,0,0,0,0,-0.004685,0.000442,-0.211905,-0.025251,0.001314,-0.860980,0.000408,0.000614,1.570543,-0.042434,0.001448,-0.000069,4796,4789,4757,4764,0,0,0,0.000000,0.000000,0.000000,0.000000,0.000000,0.000000,0.000000,0.000000,0,0,0.000000,0.000000,0.000000,0.000000,0.000000,0.000000,0.000000,0.000000,0.000000,0.000000,0.000000,0.000000,0,0.000000,0.000000,0.000000,0.000000,0.000000,0.000000,0.000000,0.000000,0.000000,0.000000,0.000000,0.000000,0.000000,0.000000,0.000000,0.000000,0.000000,0.000000,0.000000,0.000000,0.000000,0.000000,0.000000,0.000000,0.000000,0.000000,0.000000,0.000000,0.000000,0.000000,0.000000,0.000000,0,0,0,0,0,0,0,0,0,0,0,0,4777,5,22,0
5.326604,9770,13,1,1,2,60,0,0,0,0,0,0,-0.004938,0.000454,-0.220583,-0.025275,0.001246,-0.873192,-0.000004,0.000628,1.570542,-0.040131,0.001225,-0.000125,4780,4772,4741,4749,0,0,0,0.000000,0.000000,0.000000,0.000000,0.000000,0.000000,0.000000,0.000000,0,0,0.000000,0.000000,0.000000,0.000000,0.000000,0.000000,0.000000,0.000000,0.000000,0.000000,0.000000,0.000000,0,0.000000,0.000000,0.000000,0.000000,0.000000,0.000000,0.000000,0.000000,0.000000,0.000000,0.000000,0.000000,0.000000,0.000000,0.000000,0.000000,0.000000,0.000000,0.000000,0.000000,0.000000,0.000000,0.000000,0.000000,0.000000,0.000000,0.000000,0.000000,0.000000,0.000000,0.000000,0.000000,0,0,0,0,0,0,0,0,0,0,0,0,4761,6,22,0
5.336374,9770,13,1,1,2,60,0,0,0,0,0,0,-0.005191,0.000466,-0.229379,-0.025256,0.001177,-0.884884,-0.000392,0.000639,1.570541,-0.037699,0.001012,-0.000160,4755,4747,4716,4724,0,0,0,0.000000,0.000000,0.000000,0.000000,0.000000,0.000000,0.000000,0.000000,0,0,0.000000,0.000000,0.000000,0.000000,0.000000,0.000000,0.000000,0.000000,0.000000,0.000000,0.000000,0.000000,0,0.000000,0.000000,0.000000,0.000000,0.000000,0.000000,0.000000,0.000000,0.000000,0.000000,0.000000,0.000000,0.000000,0.000000,0.000000,0.000000,0.000000,0.000000,0.000000,0.000000,0.000000,0.000000,0.000000,0.000000,0.000000,0.000000,0.000000,0.000000,0.000000,0.000000,0.000000,0.000000,0,0,0,0,0,0,0,0,0,0,0,0,4736,6,22,0
5.346144,9770,13,1,1,2,60,0,0,0,0,0,0,-0.005443,0.000478,-0.238290,-0.025195,0.001106,-0.896051,-0.000755,0.000648,1.570540,-0.035104,0.000792,-0.000031,4741,4731,4701,4709,0,0,0,0.000000,0.000000,0.000000,0.000000,0.000000,0.000000,0.000000,0.000000,0,0,0.000000,0.000000,0.000000,0.000000,0.000000,0.000000,0.000000,0.000000,0.000000,0.000000,0.000000,0.000000,0,0.000000,0.000000,0.000000,0.000000,0.000000,0.000000,0.000000,0.000000,0.000000,0.000000,0.000000,0.000000,0.000000,0.000000,0.000000,0.000000,0.000000,0.000000,0.000000,0.000000,0.000000,0.000000,0.000000,0.000000,0.000000,0.000000,0.000000,0.000000,0.000000,0.000000,0.000000,0.000000,0,0,0,0,0,0,0,0,0,0,0,0,4721,6,22,1
5.355914,9770,13,1,1,2,60,0,0,0,0,0,0,-0.005694,0.000489,-0.247310,-0.025096,0.001036,-0.906751,-0.001091,0.000654,1.570540,-0.032328,0.000580,0.000047,4712,4704,4673,4681,0,0,0,0.000000,0.000000,0.000000,0.000000,0.000000,0.000000,0.000000,0.000000,0,0,0.000000,0.000000,0.000000,0.000000,0.000000,0.000000,0.000000,0.000000,0.000000,0.000000,0.000000,0.000000,0,0.000000,0.000000,0.000000,0.000000,0.000000,0.000000,0.000000,0.000000,0.000000,0.000000,0.000000,0.000000,0.000000,0.000000,0.000000,0.000000,0.000000,0.000000,0.000000,0.000000,0.000000,0.000000,0.000000,0.000000,0.000000,0.000000,0.000000,0.000000,0.000000,0.000000,0.000000,0.000000,0,0,0,0,0,0,0,0,0,0,0,0,4693,6,22,0
5.365684,9770,13,1,1,2,60,0,0,0,0,0,0,-0.005945,0.000498,-0.256434,-0.024963,0.000965,-0.916946,-0.001399,0.000659,1.570540,-0.029530,0.000390,-0.000035,4696,4689,4657,4664,0,0,0,0.000000,0.000000,0.000000,0.000000,0.000000,0.000000,0.000000,0.000000,0,0,0.000000,0.000000,0.000000,0.000000,0.000000,0.000000,0.000000,0.000000,0.000000,0.000000,0.000000,0.000000,0,0.000000,0.000000,0.000000,0.000000,0.000000,0.000000,0.000000,0.000000,0.000000,0.000000,0.000000,0.000000,0.000000,0.000000,0.000000,0.000000,0.000000,0.000000,0.000000,0.000000,0.000000,0.000000,0.000000,0.000000,0.000000,0.000000,0.000000,0.000000,0.000000,0.000000,0.000000,0.000000,0,0,0,0,0,0,0,0,0,0,0,0,4677,5,22,0
5.375454,9770,13,1,1,2,60,0,0,0,0,0,0,-0.006193,0.000508,-0.265657,-0.024798,0.000893,-0.926672,-0.001679,0.000662,1.570539,-0.026829,0.000207,-0.000085,4683,4674,4644,4653,0,0,0,0.000000,0.000000,0.000000,0.000000,0.000000,0.000000,0.000000,0.000000,0,0,0.000000,0.000000,0.000000,0.000000,0.000000,0.000000,0.000000,0.000000,0.000000,0.000000,0.000000,0.000000,0,0.000000,0.000000,0.000000,0.000000,0.000000,0.000000,0.000000,0.000000,0.000000,0.000000,0.000000,0.000000,0.000000,0.000000,0.000000,0.000000,0.000000,0.000000,0.000000,0.000000,0.000000,0.000000,0.000000,0.000000,0.000000,0.000000,0.000000,0.000000,0.000000,0.000000,0.000000,0.000000,0,0,0,0,0,0,0,0,0,0,0,0,4664,6,21,0
5.385224,9770,13,1,1,2,60,0,0,0,0,0,0,-0.006440,0.000516,-0.274975,-0.024606,0.000822,-0.935967,-0.001932,0.000663,1.570538,-0.024104,-0.000043,-0.000116,4654,4647,4617,4624,0,0,0,0.000000,0.000000,0.000000,0.000000,0.000000,0.000000,0.000000,0.000000,0,0,0.000000,0.000000,0.000000,0.000000,0.000000,0.000000,0.000000,0.000000,0.000000,0.000000,0.000000,0.000000,0,0.000000,0.000000,0.000000,0.000000,0.000000,0.000000,0.000000,0.000000,0.000000,0.000000,0.000000,0.000000,0.000000,0.000000,0.000000,0.000000,0.000000,0.000000,0.000000,0.000000,0.000000,0.000000,0.000000,0.000000,0.000000,0.000000,0.000000,0.000000,0.000000,0.000000,0.000000,0.000000,0,0,0,0,0,0,0,0,0,0,0,0,4636,5,21,0
5.394994,9770,13,1,1,2,60,0,0,0,0,0,0,-0.006685,0.000524,-0.284384,-0.024388,0.000751,-0.944792,-0.002158,0.000661,1.570537,-0.021386,-0.000304,-0.000092,4642,4634,4604,4610,0,0,0,0.000000,0.000000,0.000000,0.000000,0.000000,0.000000,0.000000,0.000000,0,0,0.000000,0.000000,0.000000,0.000000,0.000000,0.000000,0.000000,0.000000,0.000000,0.000000,0.000000,0.000000,0,0.000000,0.000000,0.000000,0.000000,0.000000,0.000000,0.000000,0.000000,0.000000,0.000000,0.000000,0.000000,0.000000,0.000000,0.000000,0.000000,0.000000,0.000000,0.000000,0.000000,0.000000,0.000000,0.000000,0.000000,0.000000,0.000000,0.000000,0.000000,0.000000,0.000000,0.000000,0.000000,0,0,0,0,0,0,0,0,0,0,0,0,4623,5,22,1
5.404764,9770,13,1,1,2,60,0,0,0,0,0,0,-0.006928,0.000531,-0.293878,-0.024149,0.000681,-0.953191,-0.002358,0.000657,1.570537,-0.018794,-0.000475,0.000066,4627,4620,4588,4595,0,0,0,0.000000,0.000000,0.000000,0.000000,0.000000,0.000000,0.000000,0.000000,0,0,0.000000,0.000000,0.000000,0.000000,0.000000,0.000000,0.000000,0.000000,0.000000,0.000000,0.000000,0.000000,0,0.000000,0.000000,0.000000,0.000000,0.000000,0.000000,0.000000,0.000000,0.000000,0.000000,0.000000,0.000000,0.000000,0.000000,0.000000,0.000000,0.000000,0.000000,0.000000,0.000000,0.000000,0.000000,0.000000,0.000000,0.000000,0.000000,0.000000,0.000000,0.000000,0.000000,0.000000,0.000000,0,0,0,0,0,0,0,0,0,0,0,0,4608,5,22,0
5.414534,9770,13,1,1,2,60,0,0,0,0,0,0,-0.007168,0.000538,-0.303455,-0.023890,0.000612,-0.961206,-0.002532,0.000652,1.570537,-0.016280,-0.000519,-0.000009,4611,4604,4572,4579,0,0,0,0.000000,0.000000,0.000000,0.000000,0.000000,0.000000,0.000000,0.000000,0,0,0.000000,0.000000,0.000000,0.000000,0.000000,0.000000,0.000000,0.000000,0.000000,0.000000,0.000000,0.000000,0,0.000000,0.000000,0.000000,0.000000,0.000000,0.000000,0.000000,0.000000,0.000000,0.000000,0.000000,0.000000,0.000000,0.000000,0.000000,0.000000,0.000000,0.000000,0.000000,0.000000,0.000000,0.000000,0.000000,0.000000,0.000000,0.000000,0.000000,0.000000,0.000000,0.000000,0.000000,0.000000,0,0,0,0,0,0,0,0,0,0,0,0,4592,5,22,0
5.424304,9770,13,1,1,2,60,0,0,0,0,0,0,-0.007405,0.000543,-0.313109,-0.023616,0.000543,-0.968844,-0.002681,0.000647,1.570537,-0.013887,-0.000487,-0.000054,4594,4589,4559,4564,0,0,0,0.000000,0.000000,0.000000,0.000000,0.000000,0.000000,0.000000,0.000000,0,0,0.000000,0.000000,0.000000,0.000000,0.000000,0.000000,0.000000,0.000000,0.000000,0.000000,0.000000,0.000000,0,0.000000,0.000000,0.000000,0.000000,0.000000,0.000000,0.000000,0.000000,0.000000,0.000000,0.000000,0.000000,0.000000,0.000000,0.000000,0.000000,0.000000,0.000000,0.000000,0.000000,0.000000,0.000000,0.000000,0.000000,0.000000,0.000000,0.000000,0.000000,0.000000,0.000000,0.000000,0.000000,0,0,0,0,0,0,0,0,0,0,0,0,4577,4,21,0
5.434074,9770,13,1,1,2,60,0,0,0,0,0,0,-0.007640,0.000548,-0.322838,-0.023327,0.000475,-0.976091,-0.002808,0.000642,1.570536,-0.011747,-0.000538,-0.000082,4576,4571,4541,4546,0,0,0,0.000000,0.000000,0.000000,0.000000,0.000000,0.000000,0.000000,0.000000,0,0,0.000000,0.000000,0.000000,0.000000,0.000000,0.000000,0.000000,0.000000,0.000000,0.000000,0.000000,0.000000,0,0.000000,0.000000,0.000000,0.000000,0.000000,0.000000,0.000000,0.000000,0.000000,0.000000,0.000000,0.000000,0.000000,0.000000,0.000000,0.000000,0.000000,0.000000,0.000000,0.000000,0.000000,0.000000,0.000000,0.000000,0.000000,0.000000,0.000000,0.000000,0.000000,0.000000,0.000000,0.000000,0,0,0,0,0,0,0,0,0,0,0,0,4559,4,21,0
5.443844,9770,13,1,1,2,60,0,0,0,0,0,0,-0.007871,0.000553,-0.332637,-0.023028,0.000408,-0.982968,-0.002915,0.000636,1.570536,-0.009746,-0.000638,0.000021,4562,4557,4528,4531,0,0,0,0.000000,0.000000,0.000000,0.000000,0.000000,0.000000,0.000000,0.000000,0,0,0.000000,0.000000,0.000000,0.000000,0.000000,0.000000,0.000000,0.000000,0.000000,0.000000,0.000000,0.000000,0,0.000000,0.000000,0.000000,0.000000,0.000000,0.000000,0.000000,0.000000,0.000000,0.000000,0.000000,0.000000,0.000000,0.000000,0.000000,0.000000,0.000000,0.000000,0.000000,0.000000,0.000000,0.000000,0.000000,0.000000,0.000000,0.000000,0.000000,0.000000,0.000000,0.000000,0.000000,0.000000,0,0,0,0,0,0,0,0,0,0,0,0,4545,3,21,1
5.453614,9770,13,1,1,2,60,0,0,0,0,0,0,-0.008100,0.000557,-0.342502,-0.022719,0.000342,-0.989497,-0.003002,0.000629,1.570536,-0.007881,-0.000778,0.000037,4545,4542,4512,4515,0,0,0,0.000000,0.000000,0.000000,0.000000,0.000000,0.000000,0.000000,0.000000,0,0,0.000000,0.000000,0.000000,0.000000,0.000000,0.000000,0.000000,0.000000,0.000000,0.000000,0.000000,0.000000,0,0.000000,0.000000,0.000000,0.000000,0.000000,0.000000,0.000000,0.000000,0.000000,0.000000,0.000000,0.000000,0.000000,0.000000,0.000000,0.000000,0.000000,0.000000,0.000000,0.000000,0.000000,0.000000,0.000000,0.000000,0.000000,0.000000,0.000000,0.000000,0.000000,0.000000,0.000000,0.000000,0,0,0,0,0,0,0,0,0,0,0,0,4529,2,21,0
5.463384,9770,13,1,1,2,60,0,0,0,0,0,0,-0.008325,0.000560,-0.352432,-0.022403,0.000277,-0.995702,-0.003072,0.000620,1.570536,-0.006306,-0.000935,-0.000013,4531,4529,4498,4500,0,0,0,0.000000,0.000000,0.000000,0.000000,0.000000,0.000000,0.000000,0.000000,0,0,0.000000,0.000000,0.000000,0.000000,0.000000,0.000000,0.000000,0.000000,0.000000,0.000000,0.000000,0.000000,0,0.000000,0.000000,0.000000,0.000000,0.000000,0.000000,0.000000,0.000000,0.000000,0.000000,0.000000,0.000000,0.000000,0.000000,0.000000,0.000000,0.000000,0.000000,0.000000,0.000000,0.000000,0.000000,0.000000,0.000000,0.000000,0.000000,0.000000,0.000000,0.000000,0.000000,0.000000,0.000000,0,0,0,0,0,0,0,0,0,0,0,0,4515,2,22,0
5.473154,9770,13,1,1,2,60,0,0,0,0,0,0,-0.008548,0.000562,-0.362421,-0.022081,0.000213,-1.001546,-0.003127,0.000610,1.570536,-0.004998,-0.000992,-0.000044,4516,4514,4483,4485,0,0,0,0.000000,0.000000,0.000000,0.000000,0.000000,0.000000,0.000000,0.000000,0,0,0.000000,0.000000,0.000000,0.000000,0.000000,0.000000,0.000000,0.000000,0.000000,0.000000,0.000000,0.000000,0,0.000000,0.000000,0.000000,0.000000,0.000000,0.000000,0.000000,0.000000,0.000000,0.000000,0.000000,0.000000,0.000000,0.000000,0.000000,0.000000,0.000000,0.000000,0.000000,0.000000,0.000000,0.000000,0.000000,0.000000,0.000000,0.000000,0.000000,0.000000,0.000000,0.000000,0.000000,0.000000,0,0,0,0,0,0,0,0,0,0,0,0,4500,2,22,0
5.482924,9770,13,1,1,2,60,0,0,0,0,0,0,-0.008767,0.000564,-0.372467,-0.021755,0.000150,-1.007044,-0.003171,0.000601,1.570536,-0.003918,-0.000948,-0.000063,4507,4505,4474,4476,0,0,0,0.000000,0.000000,0.000000,0.000000,0.000000,0.000000,0.000000,0.000000,0,0,0.000000,0.000000,0.000000,0.000000,0.000000,0.000000,0.000000,0.000000,0.000000,0.000000,0.000000,0.000000,0,0.000000,0.000000,0.000000,0.000000,0.000000,0.000000,0.000000,0.000000,0.000000,0.000000,0.000000,0.000000,0.000000,0.000000,0.000000,0.000000,0.000000,0.000000,0.000000,0.000000,0.000000,0.000000,0.000000,0.000000,0.000000,0.000000,0.000000,0.000000,0.000000,0.000000,0.000000,0.000000,0,0,0,0,0,0,0,0,0,0,0,0,4491,2,22,0
5.492694,9770,13,1,1,2,60,0,0,0,0,0,0,-0.008983,0.000565,-0.382567,-0.021426,0.000088,-1.012237,-0.003205,0.000592,1.570535,-0.002991,-0.000834,-0.000074,4495,4491,4463,4465,0,0,0,0.000000,0.000000,0.000000,0.000000,0.000000,0.000000,0.000000,0.000000,0,0,0.000000,0.000000,0.000000,0.000000,0.000000,0.000000,0.000000,0.000000,0.000000,0.000000,0.000000,0.000000,0,0.000000,0.000000,0.000000,0.000000,0.000000,0.000000,0.000000,0.000000,0.000000,0.000000,0.000000,0.000000,0.000000,0.000000,0.000000,0.000000,0.000000,0.000000,0.000000,0.000000,0.000000,0.000000,0.000000,0.000000,0.000000,0.000000,0.000000,0.000000,0.000000,0.000000,0.000000,0.000000,0,0,0,0,0,0,0,0,0,0,0,0,4479,2,21,1
5.502464,9770,13,1,1,2,60,0,0,0,0,0,0,-0.009195,0.000566,-0.392716,-0.021095,0.000028,-1.017147,-0.003230,0.000584,1.570535,-0.002087,-0.000784,0.000105,4471,4468,4438,4441,0,0,0,0.000000,0.000000,0.000000,0.000000,0.000000,0.000000,0.000000,0.000000,0,0,0.000000,0.000000,0.000000,0.000000,0.000000,0.000000,0.000000,0.000000,0.000000,0.000000,0.000000,0.000000,0,0.000000,0.000000,0.000000,0.000000,0.000000,0.000000,0.000000,0.000000,0.000000,0.000000,0.000000,0.000000,0.000000,0.000000,0.000000,0.000000,0.000000,0.000000,0.000000,0.000000,0.000000,0.000000,0.000000,0.000000,0.000000,0.000000,0.000000,0.000000,0.000000,0.000000,0.000000,0.000000,0,0,0,0,0,0,0,0,0,0,0,0,4455,2,21,0
5.512234,9770,13,1,1,2,60,0,0,0,0,0,0,-0.009404,0.000565,-0.402913,-0.020763,-0.000032,-1.021727,-0.003246,0.000576,1.570536,-0.001136,-0.000842,0.000041,4467,4464,4438,4441,0,0,0,0.000000,0.000000,0.000000,0.000000,0.000000,0.000000,0.000000,0.000000,0,0,0.000000,0.000000,0.000000,0.000000,0.000000,0.000000,0.000000,0.000000,0.000000,0.000000,0.000000,0.000000,0,0.000000,0.000000,0.000000,0.000000,0.000000,0.000000,0.000000,0.000000,0.000000,0.000000,0.000000,0.000000,0.000000,0.000000,0.000000,0.000000,0.000000,0.000000,0.000000,0.000000,0.000000,0.000000,0.000000,0.000000,0.000000,0.000000,0.000000,0.000000,0.000000,0.000000,0.000000,0.000000,0,0,0,0,0,0,0,0,0,0,0,0,4453,2,18,0
5.522004,9770,13,1,1,2,60,0,0,0,0,0,0,-0.009610,0.000565,-0.413154,-0.020431,-0.000091,-1.026011,-0.003252,0.000565,1.570536,-0.000168,-0.001220,0.000001,4452,4450,4423,4425,0,0,0,0.000000,0.000000,0.000000,0.000000,0.000000,0.000000,0.000000,0.000000,0,0,0.000000,0.000000,0.000000,0.000000,0.000000,0.000000,0.000000,0.000000,0.000000,0.000000,0.000000,0.000000,0,0.000000,0.000000,0.000000,0.000000,0.000000,0.000000,0.000000,0.000000,0.000000,0.000000,0.000000,0.000000,0.000000,0.000000,0.000000,0.000000,0.000000,0.000000,0.000000,0.000000,0.000000,0.000000,0.000000,0.000000,0.000000,0.000000,0.000000,0.000000,0.000000,0.000000,0.000000,0.000000,0,0,0,0,0,0,0,0,0,0,0,0,4438,2,19,0
5.531774,9770,13,1,1,2,60,0,0,0,0,0,0,-0.009812,0.000564,-0.423436,-0.020099,-0.000148,-1.030013,-0.003249,0.000550,1.570536,0.000710,-0.001771,-0.000023,4445,4444,4416,4417,0,0,0,0.000000,0.000000,0.000000,0.000000,0.000000,0.000000,0.000000,0.000000,0,0,0.000000,0.000000,0.000000,0.000000,0.000000,0.000000,0.000000,0.000000,0.000000,0.000000,0.000000,0.000000,0,0.000000,0.000000,0.000000,0.000000,0.000000,0.000000,0.000000,0.000000,0.000000,0.000000,0.000000,0.000000,0.000000,0.000000,0.000000,0.000000,0.000000,0.000000,0.000000,0.000000,0.000000,0.000000,0.000000,0.000000,0.000000,0.000000,0.000000,0.000000,0.000000,0.000000,0.000000,0.000000,0,0,0,0,0,0,0,0,0,0,0,0,4431,1,20,0
5.541544,9770,13,1,1,2,60,0,0,0,0,0,0,-0.010012,0.000562,-0.433757,-0.019769,-0.000203,-1.033763,-0.003237,0.000529,1.570536,0.001447,-0.002344,-0.000038,4426,4423,4393,4396,0,0,0,0.000000,0.000000,0.000000,0.000000,0.000000,0.000000,0.000000,0.000000,0,0,0.000000,0.000000,0.000000,0.000000,0.000000,0.000000,0.000000,0.000000,0.000000,0.000000,0.000000,0.000000,0,0.000000,0.000000,0.000000,0.000000,0.000000,0.000000,0.000000,0.000000,0.000000,0.000000,0.000000,0.000000,0.000000,0.000000,0.000000,0.000000,0.000000,0.000000,0.000000,0.000000,0.000000,0.000000,0.000000,0.000000,0.000000,0.000000,0.000000,0.000000,0.000000,0.000000,0.000000,0.000000,0,0,0,0,0,0,0,0,0,0,0,0,4410,2,21,0
5.551314,9770,13,1,1,2,60,0,0,0,0,0,0,-0.010207,0.000560,-0.444114,-0.019441,-0.000255,-1.037219,-0.003219,0.000504,1.570536,0.002130,-0.002719,-0.000047,4420,4418,4387,4389,0,0,0,0.000000,0.000000,0.000000,0.000000,0.000000,0.000000,0.000000,0.000000,0,0,0.000000,0.000000,0.000000,0.000000,0.000000,0.000000,0.000000,0.000000,0.000000,0.000000,0.000000,0.000000,0,0.000000,0.000000,0.000000,0.000000,0.000000,0.000000,0.000000,0.000000,0.000000,0.000000,0.000000,0.000000,0.000000,0.000000,0.000000,0.000000,0.000000,0.000000,0.000000,0.000000,0.000000,0.000000,0.000000,0.000000,0.000000,0.000000,0.000000,0.000000,0.000000,0.000000,0.000000,0.000000,0,0,0,0,0,0,0,0,0,0,0,0,4404,1,22,0
5.561084,9770,13,1,1,2,60,0,0,0,0,0,0,-0.010400,0.000557,-0.454504,-0.019117,-0.000305,-1.040398,-0.003194,0.000476,1.570535,0.002780,-0.002831,-0.000052,4405,4403,4372,4374,0,0,0,0.000000,0.000000,0.000000,0.000000,0.000000,0.000000,0.000000,0.000000,0,0,0.000000,0.000000,0.000000,0.000000,0.000000,0.000000,0.000000,0.000000,0.000000,0.000000,0.000000,0.000000,0,0.000000,0.000000,0.000000,0.000000,0.000000,0.000000,0.000000,0.000000,0.000000,0.000000,0.000000,0.000000,0.000000,0.000000,0.000000,0.000000,0.000000,0.000000,0.000000,0.000000,0.000000,0.000000,0.000000,0.000000,0.000000,0.000000,0.000000,0.000000,0.000000,0.000000,0.000000,0.000000,0,0,0,0,0,0,0,0,0,0,0,0,4389,1,22,0
5.570854,9770,13,1,1,2,60,0,0,0,0,0,0,-0.010589,0.000553,-0.464924,-0.018796,-0.000352,-1.043301,-0.003163,0.000448,1.570535,0.003396,-0.002742,0.000101,4400,4400,4369,4369,0,0,0,0.000000,0.000000,0.000000,0.000000,0.000000,0.000000,0.000000,0.000000,0,0,0.000000,0.000000,0.000000,0.000000,0.000000,0.000000,0.000000,0.000000,0.000000,0.000000,0.000000,0.000000,0,0.000000,0.000000,0.000000,0.000000,0.000000,0.000000,0.000000,0.000000,0.000000,0.000000,0.000000,0.000000,0.000000,0.000000,0.000000,0.000000,0.000000,0.000000,0.000000,0.000000,0.000000,0.000000,0.000000,0.000000,0.000000,0.000000,0.000000,0.000000,0.000000,0.000000,0.000000,0.000000,0,0,0,0,0,0,0,0,0,0,0,0,4385,0,22,0
5.580624,9770,13,1,1,2,60,0,0,0,0,0,0,-0.010776,0.000550,-0.475372,-0.018479,-0.000396,-1.045968,-0.003126,0.000421,1.570536,0.003837,-0.002525,0.000049,4393,4393,4362,4362,0,0,0,0.000000,0.000000,0.000000,0.000000,0.000000,0.000000,0.000000,0.000000,0,0,0.000000,0.000000,0.000000,0.000000,0.000000,0.000000,0.000000,0.000000,0.000000,0.000000,0.000000,0.000000,0,0.000000,0.000000,0.000000,0.000000,0.000000,0.000000,0.000000,0.000000,0.000000,0.000000,0.000000,0.000000,0.000000,0.000000,0.000000,0.000000,0.000000,0.000000,0.000000,0.000000,0.000000,0.000000,0.000000,0.000000,0.000000,0.000000,0.000000,0.000000,0.000000,0.000000,0.000000,0.000000,0,0,0,0,0,0,0,0,0,0,0,0,4378,0,22,0
5.590394,9770,13,1,1,2,60,0,0,0,0,0,0,-0.010959,0.000545,-0.485846,-0.018167,-0.000437,-1.048410,-0.003086,0.000398,1.570536,0.004107,-0.002223,0.000016,4374,4374,4343,4343,0,0,0,0.000000,0.000000,0.000000,0.000000,0.000000,0.000000,0.000000,0.000000,0,0,0.000000,0.000000,0.000000,0.000000,0.000000,0.000000,0.000000,0.000000,0.000000,0.000000,0.000000,0.000000,0,0.000000,0.000000,0.000000,0.000000,0.000000,0.000000,0.000000,0.000000,0.000000,0.000000,0.000000,0.000000,0.000000,0.000000,0.000000,0.000000,0.000000,0.000000,0.000000,0.000000,0.000000,0.000000,0.000000,0.000000,0.000000,0.000000,0.000000,0.000000,0.000000,0.000000,0.000000,0.000000,0,0,0,0,0,0,0,0,0,0,0,0,4359,0,22,0
5.600164,9770,13,1,1,2,60,0,0,0,0,0,0,-0.011139,0.000541,-0.496342,-0.017860,-0.000476,-1.050568,-0.003044,0.000377,1.570537,0.004273,-0.001856,-0.000003,4370,4370,4339,4339,0,0,0,0.000000,0.000000,0.000000,0.000000,0.000000,0.000000,0.000000,0.000000,0,0,0.000000,0.000000,0.000000,0.000000,0.000000,0.000000,0.000000,0.000000,0.000000,0.000000,0.000000,0.000000,0,0.000000,0.000000,0.000000,0.000000,0.000000,0.000000,0.000000,0.000000,0.000000,0.000000,0.000000,0.000000,0.000000,0.000000,0.000000,0.000000,0.000000,0.000000,0.000000,0.000000,0.000000,0.000000,0.000000,0.000000,0.000000,0.000000,0.000000,0.000000,0.000000,0.000000,0.000000,0.000000,0,0,0,0,0,0,0,0,0,0,0,0,4355,0,22,0
5.609934,9770,13,1,1,2,60,0,0,0,0,0,0,-0.011316,0.000536,-0.506858,-0.017558,-0.000513,-1.052494,-0.003001,0.000361,1.570537,0.004375,-0.001489,-0.000016,4355,4355,4326,4326,0,0,0,0.000000,0.000000,0.000000,0.000000,0.000000,0.000000,0.000000,0.000000,0,0,0.000000,0.000000,0.000000,0.000000,0.000000,0.000000,0.000000,0.000000,0.000000,0.000000,0.000000,0.000000,0,0.000000,0.000000,0.000000,0.000000,0.000000,0.000000,0.000000,0.000000,0.000000,0.000000,0.000000,0.000000,0.000000,0.000000,0.000000,0.000000,0.000000,0.000000,0.000000,0.000000,0.000000,0.000000,0.000000,0.000000,0.000000,0.000000,0.000000,0.000000,0.000000,0.000000,0.000000,0.000000,0,0,0,0,0,0,0,0,0,0,0,0,4341,0,21,0
5.619704,9770,13,1,1,2,60,0,0,0,0,0,0,-0.011490,0.000531,-0.517393,-0.017260,-0.000549,-1.054189,-0.002957,0.000347,1.570536,0.004438,-0.001265,-0.000023,4351,4351,4320,4320,0,0,0,0.000000,0.000000,0.000000,0.000000,0.000000,0.000000,0.000000,0.000000,0,0,0.000000,0.000000,0.000000,0.000000,0.000000,0.000000,0.000000,0.000000,0.000000,0.000000,0.000000,0.000000,0,0.000000,0.000000,0.000000,0.000000,0.000000,0.000000,0.000000,0.000000,0.000000,0.000000,0.000000,0.000000,0.000000,0.000000,0.000000,0.000000,0.000000,0.000000,0.000000,0.000000,0.000000,0.000000,0.000000,0.000000,0.000000,0.000000,0.000000,0.000000,0.000000,0.000000,0.000000,0.000000,0,0,0,0,0,0,0,0,0,0,0,0,4336,0,22,0
5.629474,9770,13,1,1,2,60,0,0,0,0,0,0,-0.011661,0.000525,-0.527943,-0.016968,-0.000583,-1.055684,-0.002912,0.000336,1.570536,0.004476,-0.001066,-0.000028,4337,4337,4308,4308,0,0,0,0.000000,0.000000,0.000000,0.000000,0.000000,0.000000,0.000000,0.000000,0,0,0.000000,0.000000,0.000000,0.000000,0.000000,0.000000,0.000000,0.000000,0.000000,0.000000,0.000000,0.000000,0,0.000000,0.000000,0.000000,0.000000,0.000000,0.000000,0.000000,0.000000,0.000000,0.000000,0.000000,0.000000,0.000000,0.000000,0.000000,0.000000,0.000000,0.000000,0.000000,0.000000,0.000000,0.000000,0.000000,0.000000,0.000000,0.000000,0.000000,0.000000,0.000000,0.000000,0.000000,0.000000,0,0,0,0,0,0,0,0,0,0,0,0,4323,0,21,0
5.639244,9770,13,1,1,2,60,0,0,0,0,0,0,-0.011829,0.000519,-0.538507,-0.016681,-0.000616,-1.056938,-0.002867,0.000326,1.570536,0.004500,-0.000946,-0.000030,4324,4324,4295,4295,0,0,0,0.000000,0.000000,0.000000,0.000000,0.000000,0.000000,0.000000,0.000000,0,0,0.000000,0.000000,0.000000,0.000000,0.000000,0.000000,0.000000,0.000000,0.000000,0.000000,0.000000,0.000000,0,0.000000,0.000000,0.000000,0.000000,0.000000,0.000000,0.000000,0.000000,0.000000,0.000000,0.000000,0.000000,0.000000,0.000000,0.000000,0.000000,0.000000,0.000000,0.000000,0.000000,0.000000,0.000000,0.000000,0.000000,0.000000,0.000000,0.000000,0.000000,0.000000,0.000000,0.000000,0.000000,0,0,0,0,0,0,0,0,0,0,0,0,4310,0,21,0
5.649014,9770,13,1,1,2,60,0,0,0,0,0,0,-0.011994,0.000513,-0.549082,-0.016399,-0.000648,-1.057943,-0.002822,0.000317,1.570536,0.004514,-0.000871,-0.000032,4319,4319,4290,4290,0,0,0,0.000000,0.000000,0.000000,0.000000,0.000000,0.000000,0.000000,0.000000,0,0,0.000000,0.000000,0.000000,0.000000,0.000000,0.000000,0.000000,0.000000,0.000000,0.000000,0.000000,0.000000,0,0.000000,0.000000,0.000000,0.000000,0.000000,0.000000,0.000000,0.000000,0.000000,0.000000,0.000000,0.000000,0.000000,0.000000,0.000000,0.000000,0.000000,0.000000,0.000000,0.000000,0.000000,0.000000,0.000000,0.000000,0.000000,0.000000,0.000000,0.000000,0.000000,0.000000,0.000000,0.000000,0,0,0,0,0,0,0,0,0,0,0,0,4305,0,21,0
5.658784,9770,13,1,1,2,60,0,0,0,0,0,0,-0.012156,0.000506,-0.559666,-0.016122,-0.000679,-1.058759,-0.002777,0.000309,1.570536,0.004523,-0.000784,0.000080,4315,4315,4286,4286,0,0,0,0.000000,0.000000,0.000000,0.000000,0.000000,0.000000,0.000000,0.000000,0,0,0.000000,0.000000,0.000000,0.000000,0.000000,0.000000,0.000000,0.000000,0.000000,0.000000,0.000000,0.000000,0,0.000000,0.000000,0.000000,0.000000,0.000000,0.000000,0.000000,0.000000,0.000000,0.000000,0.000000,0.000000,0.000000,0.000000,0.000000,0.000000,0.000000,0.000000,0.000000,0.000000,0.000000,0.000000,0.000000,0.000000,0.000000,0.000000,0.000000,0.000000,0.000000,0.000000,0.000000,0.000000,0,0,0,0,0,0,0,0,0,0,0,0,4301,0,21,0
5.668554,9770,13,1,1,2,60,0,0,0,0,0,0,-0.012316,0.000499,-0.570257,-0.015850,-0.000709,-1.059405,-0.002732,0.000301,1.570537,0.004528,-0.000693,0.000043,4296,4296,4267,4267,0,0,0,0.000000,0.000000,0.000000,0.000000,0.000000,0.000000,0.000000,0.000000,0,0,0.000000,0.000000,0.000000,0.000000,0.000000,0.000000,0.000000,0.000000,0.000000,0.000000,0.000000,0.000000,0,0.000000,0.000000,0.000000,0.000000,0.000000,0.000000,0.000000,0.000000,0.000000,0.000000,0.000000,0.000000,0.000000,0.000000,0.000000,0.000000,0.000000,0.000000,0.000000,0.000000,0.000000,0.000000,0.000000,0.000000,0.000000,0.000000,0.000000,0.000000,0.000000,0.000000,0.000000,0.000000,0,0,0,0,0,0,0,0,0,0,0,0,4282,0,21,0
5.678324,9770,13,1,1,2,60,0,0,0,0,0,0,-0.012473,0.000492,-0.580854,-0.015584,-0.000738,-1.059806,-0.002686,0.000295,1.570537,0.004532,-0.000615,0.000020,4291,4291,4262,4262,0,0,0,0.000000,0.000000,0.000000,0.000000,0.000000,0.000000,0.000000,0.000000,0,0,0.000000,0.000000,0.000000,0.000000,0.000000,0.000000,0.000000,0.000000,0.000000,0.000000,0.000000,0.000000,0,0.000000,0.000000,0.000000,0.000000,0.000000,0.000000,0.000000,0.000000,0.000000,0.000000,0.000000,0.000000,0.000000,0.000000,0.000000,0.000000,0.000000,0.000000,0.000000,0.000000,0.000000,0.000000,0.000000,0.000000,0.000000,0.000000,0.000000,0.000000,0.000000,0.000000,0.000000,0.000000,0,0,0,0,0,0,0,0,0,0,0,0,4277,0,20,0
5.688094,9770,13,1,1,2,60,0,0,0,0,0,0,-0.012628,0.000484,-0.591453,-0.015322,-0.000767,-1.059991,-0.002641,0.000289,1.570537,0.004506,-0.000563,0.000006,4285,4286,4258,4257,0,0,0,0.000000,0.000000,0.000000,0.000000,0.000000,0.000000,0.000000,0.000000,0,0,0.000000,0.000000,0.000000,0.000000,0.000000,0.000000,0.000000,0.000000,0.000000,0.000000,0.000000,0.000000,0,0.000000,0.000000,0.000000,0.000000,0.000000,0.000000,0.000000,0.000000,0.000000,0.000000,0.000000,0.000000,0.000000,0.000000,0.000000,0.000000,0.000000,0.000000,0.000000,0.000000,0.000000,0.000000,0.000000,0.000000,0.000000,0.000000,0.000000,0.000000,0.000000,0.000000,0.000000,0.000000,0,0,0,0,0,0,0,0,0,0,0,0,4272,-1,20,0
5.697864,9770,13,1,1,2,60,0,0,0,0,0,0,-0.012779,0.000476,-0.602053,-0.015065,-0.000795,-1.060003,-0.002597,0.000283,1.570537,0.004367,-0.000602,-0.000002,4283,4284,4256,4255,0,0,0,0.000000,0.000000,0.000000,0.000000,0.000000,0.000000,0.000000,0.000000,0,0,0.000000,0.000000,0.000000,0.000000,0.000000,0.000000,0.000000,0.000000,0.000000,0.000000,0.000000,0.000000,0,0.000000,0.000000,0.000000,0.000000,0.000000,0.000000,0.000000,0.000000,0.000000,0.000000,0.000000,0.000000,0.000000,0.000000,0.000000,0.000000,0.000000,0.000000,0.000000,0.000000,0.000000,0.000000,0.000000,0.000000,0.000000,0.000000,0.000000,0.000000,0.000000,0.000000,0.000000,0.000000,0,0,0,0,0,0,0,0,0,0,0,0,4270,-1,20,0
5.707634,9770,13,1,1,2,60,0,0,0,0,0,0,-0.012929,0.000468,-0.612653,-0.014813,-0.000823,-1.059873,-0.002554,0.000277,1.570537,0.004153,-0.000626,-0.000007,4275,4275,4246,4246,0,0,0,0.000000,0.000000,0.000000,0.000000,0.000000,0.000000,0.000000,0.000000,0,0,0.000000,0.000000,0.000000,0.000000,0.000000,0.000000,0.000000,0.000000,0.000000,0.000000,0.000000,0.000000,0,0.000000,0.000000,0.000000,0.000000,0.000000,0.000000,0.000000,0.000000,0.000000,0.000000,0.000000,0.000000,0.000000,0.000000,0.000000,0.000000,0.000000,0.000000,0.000000,0.000000,0.000000,0.000000,0.000000,0.000000,0.000000,0.000000,0.000000,0.000000,0.000000,0.000000,0.000000,0.000000,0,0,0,0,0,0,0,0,0,0,0,0,4261,0,21,0
5.717404,9770,13,1,1,2,60,0,0,0,0,0,0,-0.013075,0.000460,-0.623250,-0.014565,-0.000850,-1.059551,-0.002514,0.000271,1.570537,0.003972,-0.000562,-0.000011,4261,4262,4232,4231,0,0,0,0.000000,0.000000,0.000000,0.000000,0.000000,0.000000,0.000000,0.000000,0,0,0.000000,0.000000,0.000000,0.000000,0.000000,0.000000,0.000000,0.000000,0.000000,0.000000,0.000000,0.000000,0,0.000000,0.000000,0.000000,0.000000,0.000000,0.000000,0.000000,0.000000,0.000000,0.000000,0.000000,0.000000,0.000000,0.000000,0.000000,0.000000,0.000000,0.000000,0.000000,0.000000,0.000000,0.000000,0.000000,0.000000,0.000000,0.000000,0.000000,0.000000,0.000000,0.000000,0.000000,0.000000,0,0,0,0,0,0,0,0,0,0,0,0,4247,-1,21,0
5.727174,9770,13,1,1,2,60,0,0,0,0,0,0,-0.013220,0.000451,-0.633842,-0.014322,-0.000876,-1.059025,-0.002475,0.000266,1.570537,0.003749,-0.000391,-0.000013,4258,4259,4231,4230,0,0,0,0.000000,0.000000,0.000000,0.000000,0.000000,0.000000,0.000000,0.000000,0,0,0.000000,0.000000,0.000000,0.000000,0.000000,0.000000,0.000000,0.000000,0.000000,0.000000,0.000000,0.000000,0,0.000000,0.000000,0.000000,0.000000,0.000000,0.000000,0.000000,0.000000,0.000000,0.000000,0.000000,0.000000,0.000000,0.000000,0.000000,0.000000,0.000000,0.000000,0.000000,0.000000,0.000000,0.000000,0.000000,0.000000,0.000000,0.000000,0.000000,0.000000,0.000000,0.000000,0.000000,0.000000,0,0,0,0,0,0,0,0,0,0,0,0,4245,-1,20,0
5.736944,9770,13,1,1,2,60,0,0,0,0,0,0,-0.013362,0.000442,-0.644429,-0.014083,-0.000902,-1.058346,-0.002439,0.000263,1.570537,0.003480,-0.000281,-0.000014,4254,4255,4227,4226,0,0,0,0.000000,0.000000,0.000000,0.000000,0.000000,0.000000,0.000000,0.000000,0,0,0.000000,0.000000,0.000000,0.000000,0.000000,0.000000,0.000000,0.000000,0.000000,0.000000,0.000000,0.000000,0,0.000000,0.000000,0.000000,0.000000,0.000000,0.000000,0.000000,0.000000,0.000000,0.000000,0.000000,0.000000,0.000000,0.000000,0.000000,0.000000,0.000000,0.000000,0.000000,0.000000,0.000000,0.000000,0.000000,0.000000,0.000000,0.000000,0.000000,0.000000,0.000000,0.000000,0.000000,0.000000,0,0,0,0,0,0,0,0,0,0,0,0,4241,-1,20,0
5.746714,9770,13,1,1,2,60,0,0,0,0,0,0,-0.013501,0.000433,-0.655008,-0.013847,-0.000927,-1.057535,-0.002406,0.000260,1.570537,0.003183,-0.000267,-0.000014,4241,4242,4214,4213,0,0,0,0.000000,0.000000,0.000000,0.000000,0.000000,0.000000,0.000000,0.000000,0,0,0.000000,0.000000,0.000000,0.000000,0.000000,0.000000,0.000000,0.000000,0.000000,0.000000,0.000000,0.000000,0,0.000000,0.000000,0.000000,0.000000,0.000000,0.000000,0.000000,0.000000,0.000000,0.000000,0.000000,0.000000,0.000000,0.000000,0.000000,0.000000,0.000000,0.000000,0.000000,0.000000,0.000000,0.000000,0.000000,0.000000,0.000000,0.000000,0.000000,0.000000,0.000000,0.000000,0.000000,0.000000,0,0,0,0,0,0,0,0,0,0,0,0,4228,-1,20,0
5.756484,9770,13,1,1,2,60,0,0,0,0,0,0,-0.013638,0.000424,-0.665578,-0.013615,-0.000953,-1.056545,-0.002376,0.000258,1.570536,0.002868,-0.000304,-0.000015,4228,4229,4201,4200,0,0,0,0.000000,0.000000,0.000000,0.000000,0.000000,0.000000,0.000000,0.000000,0,0,0.000000,0.000000,0.000000,0.000000,0.000000,0.000000,0.000000,0.000000,0.000000,0.000000,0.000000,0.000000,0,0.000000,0.000000,0.000000,0.000000,0.000000,0.000000,0.000000,0.000000,0.000000,0.000000,0.000000,0.000000,0.000000,0.000000,0.000000,0.000000,0.000000,0.000000,0.000000,0.000000,0.000000,0.000000,0.000000,0.000000,0.000000,0.000000,0.000000,0.000000,0.000000,0.000000,0.000000,0.000000,0,0,0,0,0,0,0,0,0,0,0,0,4215,-1,20,0
5.766254,9770,13,1,1,2,60,0,0,0,0,0,0,-0.013773,0.000414,-0.676137,-0.013386,-0.000977,-1.055343,-0.002349,0.000254,1.570536,0.002543,-0.000363,-0.000015,4229,4230,4202,4201,0,0,0,0.000000,0.000000,0.000000,0.000000,0.000000,0.000000,0.000000,0.000000,0,0,0.000000,0.000000,0.000000,0.000000,0.000000,0.000000,0.000000,0.000000,0.000000,0.000000,0.000000,0.000000,0,0.000000,0.000000,0.000000,0.000000,0.000000,0.000000,0.000000,0.000000,0.000000,0.000000,0.000000,0.000000,0.000000,0.000000,0.000000,0.000000,0.000000,0.000000,0.000000,0.000000,0.000000,0.000000,0.000000,0.000000,0.000000,0.000000,0.000000,0.000000,0.000000,0.000000,0.000000,0.000000,0,0,0,0,0,0,0,0,0,0,0,0,4216,-1,20,0
5.776024,9770,13,1,1,2,60,0,0,0,0,0,0,-0.013906,0.000404,-0.686683,-0.013160,-0.001002,-1.053985,-0.002325,0.000250,1.570536,0.002211,-0.000434,-0.000015,4225,4226,4198,4197,0,0,0,0.000000,0.000000,0.000000,0.000000,0.000000,0.000000,0.000000,0.000000,0,0,0.000000,0.000000,0.000000,0.000000,0.000000,0.000000,0.000000,0.000000,0.000000,0.000000,0.000000,0.000000,0,0.000000,0.000000,0.000000,0.000000,0.000000,0.000000,0.000000,0.000000,0.000000,0.000000,0.000000,0.000000,0.000000,0.000000,0.000000,0.000000,0.000000,0.000000,0.000000,0.000000,0.000000,0.000000,0.000000,0.000000,0.000000,0.000000,0.000000,0.000000,0.000000,0.000000,0.000000,0.000000,0,0,0,0,0,0,0,0,0,0,0,0,4212,-1,20,0
5.785794,9770,13,1,1,2,60,0,0,0,0,0,0,-0.014036,0.000394,-0.697215,-0.012937,-0.001026,-1.052506,-0.002305,0.000246,1.570536,0.001873,-0.000435,0.000030,4222,4223,4194,4191,0,0,0,0.000000,0.000000,0.000000,0.000000,0.000000,0.000000,0.000000,0.000000,0,0,0.000000,0.000000,0.000000,0.000000,0.000000,0.000000,0.000000,0.000000,0.000000,0.000000,0.000000,0.000000,0,0.000000,0.000000,0.000000,0.000000,0.000000,0.000000,0.000000,0.000000,0.000000,0.000000,0.000000,0.000000,0.000000,0.000000,0.000000,0.000000,0.000000,0.000000,0.000000,0.000000,0.000000,0.000000,0.000000,0.000000,0.000000,0.000000,0.000000,0.000000,0.000000,0.000000,0.000000,0.000000,0,0,0,0,0,0,0,0,0,0,0,0,4208,-1,21,1
5.795564,9770,13,1,1,2,60,0,0,0,0,0,0,-0.014164,0.000384,-0.707732,-0.012715,-0.001049,-1.050915,-0.002288,0.000242,1.570537,0.001486,-0.000261,0.000047,4203,4204,4176,4175,0,0,0,0.000000,0.000000,0.000000,0.000000,0.000000,0.000000,0.000000,0.000000,0,0,0.000000,0.000000,0.000000,0.000000,0.000000,0.000000,0.000000,0.000000,0.000000,0.000000,0.000000,0.000000,0,0.000000,0.000000,0.000000,0.000000,0.000000,0.000000,0.000000,0.000000,0.000000,0.000000,0.000000,0.000000,0.000000,0.000000,0.000000,0.000000,0.000000,0.000000,0.000000,0.000000,0.000000,0.000000,0.000000,0.000000,0.000000,0.000000,0.000000,0.000000,0.000000,0.000000,0.000000,0.000000,0,0,0,0,0,0,0,0,0,0,0,0,4190,-1,20,0
5.805334,9770,13,1,1,2,60,0,0,0,0,0,0,-0.014290,0.000373,-0.718231,-0.012496,-0.001073,-1.049127,-0.002276,0.000241,1.570537,0.001114,-0.000113,0.000028,4198,4199,4171,4170,0,0,0,0.000000,0.000000,0.000000,0.000000,0.000000,0.000000,0.000000,0.000000,0,0,0.000000,0.000000,0.000000,0.000000,0.000000,0.000000,0.000000,0.000000,0.000000,0.000000,0.000000,0.000000,0,0.000000,0.000000,0.000000,0.000000,0.000000,0.000000,0.000000,0.000000,0.000000,0.000000,0.000000,0.000000,0.000000,0.000000,0.000000,0.000000,0.000000,0.000000,0.000000,0.000000,0.000000,0.000000,0.000000,0.000000,0.000000,0.000000,0.000000,0.000000,0.000000,0.000000,0.000000,0.000000,0,0,0,0,0,0,0,0,0,0,0,0,4185,-1,20,0
5.815104,9770,13,1,1,2,60,0,0,0,0,0,0,-0.014414,0.000362,-0.728712,-0.012277,-0.001096,-1.047163,-0.002266,0.000240,1.570537,0.000781,-0.000016,0.000016,4198,4198,4169,4169,0,0,0,0.000000,0.000000,0.000000,0.000000,0.000000,0.000000,0.000000,0.000000,0,0,0.000000,0.000000,0.000000,0.000000,0.000000,0.000000,0.000000,0.000000,0.000000,0.000000,0.000000,0.000000,0,0.000000,0.000000,0.000000,0.000000,0.000000,0.000000,0.000000,0.000000,0.000000,0.000000,0.000000,0.000000,0.000000,0.000000,0.000000,0.000000,0.000000,0.000000,0.000000,0.000000,0.000000,0.000000,0.000000,0.000000,0.000000,0.000000,0.000000,0.000000,0.000000,0.000000,0.000000,0.000000,0,0,0,0,0,0,0,0,0,0,0,0,4184,0,21,0
5.824874,9770,13,1,1,2,60,0,0,0,0,0,0,-0.014536,0.000351,-0.739172,-0.012060,-0.001119,-1.045068,-0.002260,0.000241,1.570537,0.000568,0.000131,0.000008,4197,4197,4168,4168,0,0,0,0.000000,0.000000,0.000000,0.000000,0.000000,0.000000,0.000000,0.000000,0,0,0.000000,0.000000,0.000000,0.000000,0.000000,0.000000,0.000000,0.000000,0.000000,0.000000,0.000000,0.000000,0,0.000000,0.000000,0.000000,0.000000,0.000000,0.000000,0.000000,0.000000,0.000000,0.000000,0.000000,0.000000,0.000000,0.000000,0.000000,0.000000,0.000000,0.000000,0.000000,0.000000,0.000000,0.000000,0.000000,0.000000,0.000000,0.000000,0.000000,0.000000,0.000000,0.000000,0.000000,0.000000,0,0,0,0,0,0,0,0,0,0,0,0,4183,0,20,0
5.834644,9770,13,1,1,2,60,0,0,0,0,0,0,-0.014655,0.000340,-0.749611,-0.011844,-0.001142,-1.042872,-0.002255,0.000243,1.570537,0.000437,0.000316,0.000004,4185,4185,4156,4156,0,0,0,0.000000,0.000000,0.000000,0.000000,0.000000,0.000000,0.000000,0.000000,0,0,0.000000,0.000000,0.000000,0.000000,0.000000,0.000000,0.000000,0.000000,0.000000,0.000000,0.000000,0.000000,0,0.000000,0.000000,0.000000,0.000000,0.000000,0.000000,0.000000,0.000000,0.000000,0.000000,0.000000,0.000000,0.000000,0.000000,0.000000,0.000000,0.000000,0.000000,0.000000,0.000000,0.000000,0.000000,0.000000,0.000000,0.000000,0.000000,0.000000,0.000000,0.000000,0.000000,0.000000,0.000000,0,0,0,0,0,0,0,0,0,0,0,0,4171,0,20,0
5.844414,9770,13,1,1,2,60,0,0,0,0,0,0,-0.014772,0.000328,-0.760027,-0.011629,-0.001166,-1.040552,-0.002251,0.000247,1.570537,0.000357,0.000529,0.000001,4181,4181,4152,4152,0,0,0,0.000000,0.000000,0.000000,0.000000,0.000000,0.000000,0.000000,0.000000,0,0,0.000000,0.000000,0.000000,0.000000,0.000000,0.000000,0.000000,0.000000,0.000000,0.000000,0.000000,0.000000,0,0.000000,0.000000,0.000000,0.000000,0.000000,0.000000,0.000000,0.000000,0.000000,0.000000,0.000000,0.000000,0.000000,0.000000,0.000000,0.000000,0.000000,0.000000,0.000000,0.000000,0.000000,0.000000,0.000000,0.000000,0.000000,0.000000,0.000000,0.000000,0.000000,0.000000,0.000000,0.000000,0,0,0,0,0,0,0,0,0,0,0,0,4167,0,20,0
5.854184,9770,13,1,1,2,60,0,0,0,0,0,0,-0.014887,0.000316,-0.770419,-0.011414,-0.001189,-1.038105,-0.002248,0.000254,1.570537,0.000277,0.000740,-0.000001,4173,4175,4148,4146,0,0,0,0.000000,0.000000,0.000000,0.000000,0.000000,0.000000,0.000000,0.000000,0,0,0.000000,0.000000,0.000000,0.000000,0.000000,0.000000,0.000000,0.000000,0.000000,0.000000,0.000000,0.000000,0,0.000000,0.000000,0.000000,0.000000,0.000000,0.000000,0.000000,0.000000,0.000000,0.000000,0.000000,0.000000,0.000000,0.000000,0.000000,0.000000,0.000000,0.000000,0.000000,0.000000,0.000000,0.000000,0.000000,0.000000,0.000000,0.000000,0.000000,0.000000,0.000000,0.000000,0.000000,0.000000,0,0,0,0,0,0,0,0,0,0,0,0,4161,-1,19,0
5.863954,9770,13,1,1,2,60,0,0,0,0,0,0,-0.015000,0.000304,-0.780786,-0.011199,-0.001214,-1.035525,-0.002246,0.000262,1.570537,0.000010,0.000803,-0.000001,4171,4171,4144,4144,0,0,0,0.000000,0.000000,0.000000,0.000000,0.000000,0.000000,0.000000,0.000000,0,0,0.000000,0.000000,0.000000,0.000000,0.000000,0.000000,0.000000,0.000000,0.000000,0.000000,0.000000,0.000000,0,0.000000,0.000000,0.000000,0.000000,0.000000,0.000000,0.000000,0.000000,0.000000,0.000000,0.000000,0.000000,0.000000,0.000000,0.000000,0.000000,0.000000,0.000000,0.000000,0.000000,0.000000,0.000000,0.000000,0.000000,0.000000,0.000000,0.000000,0.000000,0.000000,0.000000,0.000000,0.000000,0,0,0,0,0,0,0,0,0,0,0,0,4158,0,19,0
5.873724,9770,13,1,1,2,60,0,0,0,0,0,0,-0.015111,0.000292,-0.791126,-0.010985,-0.001239,-1.032805,-0.002248,0.000269,1.570537,-0.000275,0.000741,-0.000002,4166,4166,4139,4139,0,0,0,0.000000,0.000000,0.000000,0.000000,0.000000,0.000000,0.000000,0.000000,0,0,0.000000,0.000000,0.000000,0.000000,0.000000,0.000000,0.000000,0.000000,0.000000,0.000000,0.000000,0.000000,0,0.000000,0.000000,0.000000,0.000000,0.000000,0.000000,0.000000,0.000000,0.000000,0.000000,0.000000,0.000000,0.000000,0.000000,0.000000,0.000000,0.000000,0.000000,0.000000,0.000000,0.000000,0.000000,0.000000,0.000000,0.000000,0.000000,0.000000,0.000000,0.000000,0.000000,0.000000,0.000000,0,0,0,0,0,0,0,0,0,0,0,0,4153,0,19,0
5.883494,9770,13,1,1,2,60,0,0,0,0,0,0,-0.015220,0.000280,-0.801439,-0.010771,-0.001265,-1.029950,-0.002252,0.000276,1.570537,-0.000451,0.000608,-0.000003,4156,4156,4129,4129,0,0,0,0.000000,0.000000,0.000000,0.000000,0.000000,0.000000,0.000000,0.000000,0,0,0.000000,0.000000,0.000000,0.000000,0.000000,0.000000,0.000000,0.000000,0.000000,0.000000,0.000000,0.000000,0,0.000000,0.000000,0.000000,0.000000,0.000000,0.000000,0.000000,0.000000,0.000000,0.000000,0.000000,0.000000,0.000000,0.000000,0.000000,0.000000,0.000000,0.000000,0.000000,0.000000,0.000000,0.000000,0.000000,0.000000,0.000000,0.000000,0.000000,0.000000,0.000000,0.000000,0.000000,0.000000,0,0,0,0,0,0,0,0,0,0,0,0,4143,0,19,0
5.893264,9770,13,1,1,2,60,0,0,0,0,0,0,-0.015326,0.000267,-0.811722,-0.010557,-0.001292,-1.026950,-0.002257,0.000281,1.570537,-0.000558,0.000436,-0.000003,4154,4154,4127,4127,0,0,0,0.000000,0.000000,0.000000,0.000000,0.000000,0.000000,0.000000,0.000000,0,0,0.000000,0.000000,0.000000,0.000000,0.000000,0.000000,0.000000,0.000000,0.000000,0.000000,0.000000,0.000000,0,0.000000,0.000000,0.000000,0.000000,0.000000,0.000000,0.000000,0.000000,0.000000,0.000000,0.000000,0.000000,0.000000,0.000000,0.000000,0.000000,0.000000,0.000000,0.000000,0.000000,0.000000,0.000000,0.000000,0.000000,0.000000,0.000000,0.000000,0.000000,0.000000,0.000000,0.000000,0.000000,0,0,0,0,0,0,0,0,0,0,0,0,4141,0,19,0
5.903034,9770,13,1,1,2,60,0,0,0,0,0,0,-0.015431,0.000254,-0.821974,-0.010343,-0.001319,-1.023844,-0.002263,0.000284,1.570537,-0.000624,0.000241,-0.000003,4153,4153,4126,4126,0,0,0,0.000000,0.000000,0.000000,0.000000,0.000000,0.000000,0.000000,0.000000,0,0,0.000000,0.000000,0.000000,0.000000,0.000000,0.000000,0.000000,0.000000,0.000000,0.000000,0.000000,0.000000,0,0.000000,0.000000,0.000000,0.000000,0.000000,0.000000,0.000000,0.000000,0.000000,0.000000,0.000000,0.000000,0.000000,0.000000,0.000000,0.000000,0.000000,0.000000,0.000000,0.000000,0.000000,0.000000,0.000000,0.000000,0.000000,0.000000,0.000000,0.000000,0.000000,0.000000,0.000000,0.000000,0,0,0,0,0,0,0,0,0,0,0,0,4140,0,19,0
5.912804,9770,13,1,1,2,60,0,0,0,0,0,0,-0.015533,0.000240,-0.832195,-0.010128,-0.001346,-1.020661,-0.002269,0.000286,1.570537,-0.000665,0.000033,-0.000003,4154,4154,4125,4125,0,0,0,0.000000,0.000000,0.000000,0.000000,0.000000,0.000000,0.000000,0.000000,0,0,0.000000,0.000000,0.000000,0.000000,0.000000,0.000000,0.000000,0.000000,0.000000,0.000000,0.000000,0.000000,0,0.000000,0.000000,0.000000,0.000000,0.000000,0.000000,0.000000,0.000000,0.000000,0.000000,0.000000,0.000000,0.000000,0.000000,0.000000,0.000000,0.000000,0.000000,0.000000,0.000000,0.000000,0.000000,0.000000,0.000000,0.000000,0.000000,0.000000,0.000000,0.000000,0.000000,0.000000,0.000000,0,0,0,0,0,0,0,0,0,0,0,0,4140,0,20,0
5.922574,9770,13,1,1,2,60,0,0,0,0,0,0,-0.015633,0.000227,-0.842384,-0.009912,-0.001373,-1.017408,-0.002276,0.000285,1.570537,-0.000690,-0.000066,-0.000004,4142,4142,4113,4113,0,0,0,0.000000,0.000000,0.000000,0.000000,0.000000,0.000000,0.000000,0.000000,0,0,0.000000,0.000000,0.000000,0.000000,0.000000,0.000000,0.000000,0.000000,0.000000,0.000000,0.000000,0.000000,0,0.000000,0.000000,0.000000,0.000000,0.000000,0.000000,0.000000,0.000000,0.000000,0.000000,0.000000,0.000000,0.000000,0.000000,0.000000,0.000000,0.000000,0.000000,0.000000,0.000000,0.000000,0.000000,0.000000,0.000000,0.000000,0.000000,0.000000,0.000000,0.000000,0.000000,0.000000,0.000000,0,0,0,0,0,0,0,0,0,0,0,0,4128,0,20,0
5.932344,9770,13,1,1,2,60,0,0,0,0,0,0,-0.015731,0.000213,-0.852540,-0.009697,-0.001400,-1.014042,-0.002283,0.000285,1.570537,-0.000799,-0.000070,-0.000003,4139,4141,4114,4112,0,0,0,0.000000,0.000000,0.000000,0.000000,0.000000,0.000000,0.000000,0.000000,0,0,0.000000,0.000000,0.000000,0.000000,0.000000,0.000000,0.000000,0.000000,0.000000,0.000000,0.000000,0.000000,0,0.000000,0.000000,0.000000,0.000000,0.000000,0.000000,0.000000,0.000000,0.000000,0.000000,0.000000,0.000000,0.000000,0.000000,0.000000,0.000000,0.000000,0.000000,0.000000,0.000000,0.000000,0.000000,0.000000,0.000000,0.000000,0.000000,0.000000,0.000000,0.000000,0.000000,0.000000,0.000000,0,0,0,0,0,0,0,0,0,0,0,0,4127,-1,19,0
5.942114,9770,13,1,1,2,60,0,0,0,0,0,0,-0.015827,0.000199,-0.862661,-0.009480,-0.001427,-1.010576,-0.002293,0.000284,1.570537,-0.001126,-0.000148,-0.000003,4296,4298,4271,4269,0,0,0,0.000000,0.000000,0.000000,0.000000,0.000000,0.000000,0.000000,0.000000,0,0,0.000000,0.000000,0.000000,0.000000,0.000000,0.000000,0.000000,0.000000,0.000000,0.000000,0.000000,0.000000,0,0.000000,0.000000,0.000000,0.000000,0.000000,0.000000,0.000000,0.000000,0.000000,0.000000,0.000000,0.000000,0.000000,0.000000,0.000000,0.000000,0.000000,0.000000,0.000000,0.000000,0.000000,0.000000,0.000000,0.000000,0.000000,0.000000,0.000000,0.000000,0.000000,0.000000,0.000000,0.000000,0,0,0,0,0,0,0,0,0,0,0,0,4284,-1,19,0
5.951884,9770,13,1,1,2,60,0,0,0,0,0,0,-0.015920,0.000184,-0.872750,-0.009262,-0.001454,-1.007762,-0.002307,0.000281,1.570537,-0.001496,-0.000332,-0.000003,4286,4286,4259,4259,0,0,0,0.000000,0.000000,0.000000,0.000000,0.000000,0.000000,0.000000,0.000000,0,0,0.000000,0.000000,0.000000,0.000000,0.000000,0.000000,0.000000,0.000000,0.000000,0.000000,0.000000,0.000000,0,0.000000,0.000000,0.000000,0.000000,0.000000,0.000000,0.000000,0.000000,0.000000,0.000000,0.000000,0.000000,0.000000,0.000000,0.000000,0.000000,0.000000,0.000000,0.000000,0.000000,0.000000,0.000000,0.000000,0.000000,0.000000,0.000000,0.000000,0.000000,0.000000,0.000000,0.000000,0.000000,0,0,0,0,0,0,0,0,0,0,0,0,4273,0,19,0
5.961654,9770,13,1,1,2,60,0,0,0,0,0,0,-0.016012,0.000170,-0.882817,-0.009039,-0.001481,-1.005931,-0.002323,0.000276,1.570537,-0.001728,-0.000585,-0.000003,4276,4276,4247,4247,0,0,0,0.000000,0.000000,0.000000,0.000000,0.000000,0.000000,0.000000,0.000000,0,0,0.000000,0.000000,0.000000,0.000000,0.000000,0.000000,0.000000,0.000000,0.000000,0.000000,0.000000,0.000000,0,0.000000,0.000000,0.000000,0.000000,0.000000,0.000000,0.000000,0.000000,0.000000,0.000000,0.000000,0.000000,0.000000,0.000000,0.000000,0.000000,0.000000,0.000000,0.000000,0.000000,0.000000,0.000000,0.000000,0.000000,0.000000,0.000000,0.000000,0.000000,0.000000,0.000000,0.000000,0.000000,0,0,0,0,0,0,0,0,0,0,0,0,4262,0,20,0
5.971424,9770,13,1,1,2,60,0,0,0,0,0,0,-0.016101,0.000155,-0.892869,-0.008814,-0.001507,-1.004598,-0.002341,0.000270,1.570537,-0.001870,-0.000715,-0.000003,4253,4253,4224,4224,0,0,0,0.000000,0.000000,0.000000,0.000000,0.000000,0.000000,0.000000,0.000000,0,0,0.000000,0.000000,0.000000,0.000000,0.000000,0.000000,0.000000,0.000000,0.000000,0.000000,0.000000,0.000000,0,0.000000,0.000000,0.000000,0.000000,0.000000,0.000000,0.000000,0.000000,0.000000,0.000000,0.000000,0.000000,0.000000,0.000000,0.000000,0.000000,0.000000,0.000000,0.000000,0.000000,0.000000,0.000000,0.000000,0.000000,0.000000,0.000000,0.000000,0.000000,0.000000,0.000000,0.000000,0.000000,0,0,0,0,0,0,0,0,0,0,0,0,4239,0,20,0
5.981194,9770,13,1,1,2,60,0,0,0,0,0,0,-0.016188,0.000139,-0.902908,-0.008586,-0.001533,-1.003409,-0.002360,0.000262,1.570537,-0.001957,-0.000744,-0.000004,4241,4241,4212,4212,0,0,0,0.000000,0.000000,0.000000,0.000000,0.000000,0.000000,0.000000,0.000000,0,0,0.000000,0.000000,0.000000,0.000000,0.000000,0.000000,0.000000,0.000000,0.000000,0.000000,0.000000,0.000000,0,0.000000,0.000000,0.000000,0.000000,0.000000,0.000000,0.000000,0.000000,0.000000,0.000000,0.000000,0.000000,0.000000,0.000000,0.000000,0.000000,0.000000,0.000000,0.000000,0.000000,0.000000,0.000000,0.000000,0.000000,0.000000,0.000000,0.000000,0.000000,0.000000,0.000000,0.000000,0.000000,0,0,0,0,0,0,0,0,0,0,0,0,4227,0,20,0
5.990964,9770,13,1,1,2,60,0,0,0,0,0,0,-0.016272,0.000124,-0.912936,-0.008357,-0.001558,-1.002166,-0.002380,0.000255,1.570537,-0.002010,-0.000698,-0.000004,4228,4228,4199,4199,0,0,0,0.000000,0.000000,0.000000,0.000000,0.000000,0.000000,0.000000,0.000000,0,0,0.000000,0.000000,0.000000,0.000000,0.000000,0.000000,0.000000,0.000000,0.000000,0.000000,0.000000,0.000000,0,0.000000,0.000000,0.000000,0.000000,0.000000,0.000000,0.000000,0.000000,0.000000,0.000000,0.000000,0.000000,0.000000,0.000000,0.000000,0.000000,0.000000,0.000000,0.000000,0.000000,0.000000,0.000000,0.000000,0.000000,0.000000,0.000000,0.000000,0.000000,0.000000,0.000000,0.000000,0.000000,0,0,0,0,0,0,0,0,0,0,0,0,4214,0,21,0
6.000734,9770,13,1,1,2,60,0,0,0,0,0,0,-0.016355,0.000108,-0.922950,-0.008126,-0.001583,-1.000788,-0.002400,0.000249,1.570537,-0.002043,-0.000599,-0.000004,4215,4215,4186,4186,0,0,0,0.000000,0.000000,0.000000,0.000000,0.000000,0.000000,0.000000,0.000000,0,0,0.000000,0.000000,0.000000,0.000000,0.000000,0.000000,0.000000,0.000000,0.000000,0.000000,0.000000,0.000000,0,0.000000,0.000000,0.000000,0.000000,0.000000,0.000000,0.000000,0.000000,0.000000,0.000000,0.000000,0.000000,0.000000,0.000000,0.000000,0.000000,0.000000,0.000000,0.000000,0.000000,0.000000,0.000000,0.000000,0.000000,0.000000,0.000000,0.000000,0.000000,0.000000,0.000000,0.000000,0.000000,0,0,0,0,0,0,0,0,0,0,0,0,4201,0,21,0
6.010504,9770,13,1,1,2,60,0,0,0,0,0,0,-0.016435,0.000092,-0.932949,-0.007894,-0.001607,-0.999222,-0.002421,0.000243,1.570537,-0.002063,-0.000459,-0.000004,4203,4203,4174,4174,0,0,0,0.000000,0.000000,0.000000,0.000000,0.000000,0.000000,0.000000,0.000000,0,0,0.000000,0.000000,0.000000,0.000000,0.000000,0.000000,0.000000,0.000000,0.000000,0.000000,0.000000,0.000000,0,0.000000,0.000000,0.000000,0.000000,0.000000,0.000000,0.000000,0.000000,0.000000,0.000000,0.000000,0.000000,0.000000,0.000000,0.000000,0.000000,0.000000,0.000000,0.000000,0.000000,0.000000,0.000000,0.000000,0.000000,0.000000,0.000000,0.000000,0.000000,0.000000,0.000000,0.000000,0.000000,0,0,0,0,0,0,0,0,0,0,0,0,4189,0,20,0
6.020274,9770,13,1,1,2,60,0,0,0,0,0,0,-0.016512,0.000076,-0.942932,-0.007660,-0.001630,-0.997426,-0.002442,0.000240,1.570537,-0.002076,-0.000283,-0.000004,4186,4186,4157,4157,0,0,0,0.000000,0.000000,0.000000,0.000000,0.000000,0.000000,0.000000,0.000000,0,0,0.000000,0.000000,0.000000,0.000000,0.000000,0.000000,0.000000,0.000000,0.000000,0.000000,0.000000,0.000000,0,0.000000,0.000000,0.000000,0.000000,0.000000,0.000000,0.000000,0.000000,0.000000,0.000000,0.000000,0.000000,0.000000,0.000000,0.000000,0.000000,0.000000,0.000000,0.000000,0.000000,0.000000,0.000000,0.000000,0.000000,0.000000,0.000000,0.000000,0.000000,0.000000,0.000000,0.000000,0.000000,0,0,0,0,0,0,0,0,0,0,0,0,4172,0,20,0
6.030044,9770,13,1,1,2,60,0,0,0,0,0,0,-0.016588,0.000060,-0.952895,-0.007425,-0.001653,-0.995354,-0.002462,0.000238,1.570537,-0.002083,-0.000076,-0.000004,4171,4171,4142,4142,0,0,0,0.000000,0.000000,0.000000,0.000000,0.000000,0.000000,0.000000,0.000000,0,0,0.000000,0.000000,0.000000,0.000000,0.000000,0.000000,0.000000,0.000000,0.000000,0.000000,0.000000,0.000000,0,0.000000,0.000000,0.000000,0.000000,0.000000,0.000000,0.000000,0.000000,0.000000,0.000000,0.000000,0.000000,0.000000,0.000000,0.000000,0.000000,0.000000,0.000000,0.000000,0.000000,0.000000,0.000000,0.000000,0.000000,0.000000,0.000000,0.000000,0.000000,0.000000,0.000000,0.000000,0.000000,0,0,0,0,0,0,0,0,0,0,0,0,4157,0,20,0
6.039814,9770,13,1,1,2,60,0,0,0,0,0,0,-0.016661,0.000043,-0.962836,-0.007189,-0.001676,-0.992984,-0.002483,0.000239,1.570537,-0.002088,0.000142,-0.000004,4160,4160,4133,4133,0,0,0,0.000000,0.000000,0.000000,0.000000,0.000000,0.000000,0.000000,0.000000,0,0,0.000000,0.000000,0.000000,0.000000,0.000000,0.000000,0.000000,0.000000,0.000000,0.000000,0.000000,0.000000,0,0.000000,0.000000,0.000000,0.000000,0.000000,0.000000,0.000000,0.000000,0.000000,0.000000,0.000000,0.000000,0.000000,0.000000,0.000000,0.000000,0.000000,0.000000,0.000000,0.000000,0.000000,0.000000,0.000000,0.000000,0.000000,0.000000,0.000000,0.000000,0.000000,0.000000,0.000000,0.000000,0,0,0,0,0,0,0,0,0,0,0,0,4147,0,19,0
6.049584,9770,13,1,1,2,60,0,0,0,0,0,0,-0.016731,0.000026,-0.972751,-0.006951,-0.001699,-0.990325,-0.002504,0.000241,1.570537,-0.002091,0.000214,-0.000004,4156,4156,4127,4127,0,0,0,0.000000,0.000000,0.000000,0.000000,0.000000,0.000000,0.000000,0.000000,0,0,0.000000,0.000000,0.000000,0.000000,0.000000,0.000000,0.000000,0.000000,0.000000,0.000000,0.000000,0.000000,0,0.000000,0.000000,0.000000,0.000000,0.000000,0.000000,0.000000,0.000000,0.000000,0.000000,0.000000,0.000000,0.000000,0.000000,0.000000,0.000000,0.000000,0.000000,0.000000,0.000000,0.000000,0.000000,0.000000,0.000000,0.000000,0.000000,0.000000,0.000000,0.000000,0.000000,0.000000,0.000000,0,0,0,0,0,0,0,0,0,0,0,0,4142,0,20,0
6.059354,9770,13,1,1,2,60,0,0,0,0,0,0,-0.016799,0.000009,-0.982639,-0.006712,-0.001722,-0.987417,-0.002525,0.000243,1.570537,-0.002080,0.000275,-0.000004,4139,4138,4110,4111,0,0,0,0.000000,0.000000,0.000000,0.000000,0.000000,0.000000,0.000000,0.000000,0,0,0.000000,0.000000,0.000000,0.000000,0.000000,0.000000,0.000000,0.000000,0.000000,0.000000,0.000000,0.000000,0,0.000000,0.000000,0.000000,0.000000,0.000000,0.000000,0.000000,0.000000,0.000000,0.000000,0.000000,0.000000,0.000000,0.000000,0.000000,0.000000,0.000000,0.000000,0.000000,0.000000,0.000000,0.000000,0.000000,0.000000,0.000000,0.000000,0.000000,0.000000,0.000000,0.000000,0.000000,0.000000,0,0,0,0,0,0,0,0,0,0,0,0,4125,1,20,0
6.069124,9770,13,1,1,2,60,0,0,0,0,0,0,-0.016865,-0.000008,-0.992496,-0.006472,-0.001745,-0.984241,-0.002545,0.000246,1.570537,-0.001915,0.000318,-0.000004,4124,4122,4095,4097,0,0,0,0.000000,0.000000,0.000000,0.000000,0.000000,0.000000,0.000000,0.000000,0,0,0.000000,0.000000,0.000000,0.000000,0.000000,0.000000,0.000000,0.000000,0.000000,0.000000,0.000000,0.000000,0,0.000000,0.000000,0.000000,0.000000,0.000000,0.000000,0.000000,0.000000,0.000000,0.000000,0.000000,0.000000,0.000000,0.000000,0.000000,0.000000,0.000000,0.000000,0.000000,0.000000,0.000000,0.000000,0.000000,0.000000,0.000000,0.000000,0.000000,0.000000,0.000000,0.000000,0.000000,0.000000,0,0,0,0,0,0,0,0,0,0,0,0,4110,1,19,0
6.078894,9770,13,1,1,2,60,0,0,0,0,0,0,-0.016929,-0.000026,-1.002319,-0.006230,-0.001768,-0.980762,-0.002562,0.000249,1.570537,-0.001551,0.000279,-0.000005,4116,4114,4087,4089,0,0,0,0.000000,0.000000,0.000000,0.000000,0.000000,0.000000,0.000000,0.000000,0,0,0.000000,0.000000,0.000000,0.000000,0.000000,0.000000,0.000000,0.000000,0.000000,0.000000,0.000000,0.000000,0,0.000000,0.000000,0.000000,0.000000,0.000000,0.000000,0.000000,0.000000,0.000000,0.000000,0.000000,0.000000,0.000000,0.000000,0.000000,0.000000,0.000000,0.000000,0.000000,0.000000,0.000000,0.000000,0.000000,0.000000,0.000000,0.000000,0.000000,0.000000,0.000000,0.000000,0.000000,0.000000,0,0,0,0,0,0,0,0,0,0,0,0,4102,1,19,0
6.088664,9770,13,1,1,2,60,0,0,0,0,0,0,-0.016990,-0.000044,-1.012106,-0.005988,-0.001792,-0.977016,-0.002575,0.000251,1.570536,-0.001064,0.000193,-0.000005,4110,4108,4081,4083,0,0,0,0.000000,0.000000,0.000000,0.000000,0.000000,0.000000,0.000000,0.000000,0,0,0.000000,0.000000,0.000000,0.000000,0.000000,0.000000,0.000000,0.000000,0.000000,0.000000,0.000000,0.000000,0,0.000000,0.000000,0.000000,0.000000,0.000000,0.000000,0.000000,0.000000,0.000000,0.000000,0.000000,0.000000,0.000000,0.000000,0.000000,0.000000,0.000000,0.000000,0.000000,0.000000,0.000000,0.000000,0.000000,0.000000,0.000000,0.000000,0.000000,0.000000,0.000000,0.000000,0.000000,0.000000,0,0,0,0,0,0,0,0,0,0,0,0,4096,1,19,0
6.098434,9770,13,1,1,2,60,0,0,0,0,0,0,-0.017048,-0.000062,-1.021855,-0.005746,-0.001816,-0.973036,-0.002583,0.000253,1.570536,-0.000526,0.000085,-0.000005,4098,4098,4071,4071,0,0,0,0.000000,0.000000,0.000000,0.000000,0.000000,0.000000,0.000000,0.000000,0,0,0.000000,0.000000,0.000000,0.000000,0.000000,0.000000,0.000000,0.000000,0.000000,0.000000,0.000000,0.000000,0,0.000000,0.000000,0.000000,0.000000,0.000000,0.000000,0.000000,0.000000,0.000000,0.000000,0.000000,0.000000,0.000000,0.000000,0.000000,0.000000,0.000000,0.000000,0.000000,0.000000,0.000000,0.000000,0.000000,0.000000,0.000000,0.000000,0.000000,0.000000,0.000000,0.000000,0.000000,0.000000,0,0,0,0,0,0,0,0,0,0,0,0,4085,0,19,0
6.108204,9770,13,1,1,2,60,0,0,0,0,0,0,-0.017104,-0.000080,-1.031562,-0.005503,-0.001839,-0.968838,-0.002586,0.000253,1.570536,-0.000155,0.000046,-0.000004,4087,4087,4058,4058,0,0,0,0.000000,0.000000,0.000000,0.000000,0.000000,0.000000,0.000000,0.000000,0,0,0.000000,0.000000,0.000000,0.000000,0.000000,0.000000,0.000000,0.000000,0.000000,0.000000,0.000000,0.000000,0,0.000000,0.000000,0.000000,0.000000,0.000000,0.000000,0.000000,0.000000,0.000000,0.000000,0.000000,0.000000,0.000000,0.000000,0.000000,0.000000,0.000000,0.000000,0.000000,0.000000,0.000000,0.000000,0.000000,0.000000,0.000000,0.000000,0.000000,0.000000,0.000000,0.000000,0.000000,0.000000,0,0,0,0,0,0,0,0,0,0,0,0,4073,0,20,0
6.117974,9770,13,1,1,2,60,0,0,0,0,0,0,-0.017158,-0.000099,-1.041227,-0.005261,-0.001863,-0.964413,-0.002586,0.000254,1.570536,0.000073,0.000169,-0.000004,4079,4079,4052,4052,0,0,0,0.000000,0.000000,0.000000,0.000000,0.000000,0.000000,0.000000,0.000000,0,0,0.000000,0.000000,0.000000,0.000000,0.000000,0.000000,0.000000,0.000000,0.000000,0.000000,0.000000,0.000000,0,0.000000,0.000000,0.000000,0.000000,0.000000,0.000000,0.000000,0.000000,0.000000,0.000000,0.000000,0.000000,0.000000,0.000000,0.000000,0.000000,0.000000,0.000000,0.000000,0.000000,0.000000,0.000000,0.000000,0.000000,0.000000,0.000000,0.000000,0.000000,0.000000,0.000000,0.000000,0.000000,0,0,0,0,0,0,0,0,0,0,0,0,4066,0,19,0
6.127744,9770,13,1,1,2,60,0,0,0,0,0,0,-0.017209,-0.000117,-1.050845,-0.005020,-0.001887,-0.959747,-0.002584,0.000256,1.570536,0.000307,0.000244,-0.000004,4061,4059,4032,4034,0,0,0,0.000000,0.000000,0.000000,0.000000,0.000000,0.000000,0.000000,0.000000,0,0,0.000000,0.000000,0.000000,0.000000,0.000000,0.000000,0.000000,0.000000,0.000000,0.000000,0.000000,0.000000,0,0.000000,0.000000,0.000000,0.000000,0.000000,0.000000,0.000000,0.000000,0.000000,0.000000,0.000000,0.000000,0.000000,0.000000,0.000000,0.000000,0.000000,0.000000,0.000000,0.000000,0.000000,0.000000,0.000000,0.000000,0.000000,0.000000,0.000000,0.000000,0.000000,0.000000,0.000000,0.000000,0,0,0,0,0,0,0,0,0,0,0,0,4047,1,19,0
6.137514,9770,13,1,1,2,60,0,0,0,0,0,0,-0.017258,-0.000136,-1.060416,-0.004780,-0.001911,-0.954800,-0.002579,0.000259,1.570536,0.000711,0.000267,-0.000005,4057,4055,4028,4030,0,0,0,0.000000,0.000000,0.000000,0.000000,0.000000,0.000000,0.000000,0.000000,0,0,0.000000,0.000000,0.000000,0.000000,0.000000,0.000000,0.000000,0.000000,0.000000,0.000000,0.000000,0.000000,0,0.000000,0.000000,0.000000,0.000000,0.000000,0.000000,0.000000,0.000000,0.000000,0.000000,0.000000,0.000000,0.000000,0.000000,0.000000,0.000000,0.000000,0.000000,0.000000,0.000000,0.000000,0.000000,0.000000,0.000000,0.000000,0.000000,0.000000,0.000000,0.000000,0.000000,0.000000,0.000000,0,0,0,0,0,0,0,0,0,0,0,0,4043,1,19,0
6.147284,9770,13,1,1,2,60,0,0,0,0,0,0,-0.017305,-0.000156,-1.069935,-0.004541,-0.001935,-0.949625,-0.002569,0.000262,1.570537,0.001199,0.000263,0.000077,4052,4050,4023,4025,0,0,0,0.000000,0.000000,0.000000,0.000000,0.000000,0.000000,0.000000,0.000000,0,0,0.000000,0.000000,0.000000,0.000000,0.000000,0.000000,0.000000,0.000000,0.000000,0.000000,0.000000,0.000000,0,0.000000,0.000000,0.000000,0.000000,0.000000,0.000000,0.000000,0.000000,0.000000,0.000000,0.000000,0.000000,0.000000,0.000000,0.000000,0.000000,0.000000,0.000000,0.000000,0.000000,0.000000,0.000000,0.000000,0.000000,0.000000,0.000000,0.000000,0.000000,0.000000,0.000000,0.000000,0.000000,0,0,0,0,0,0,0,0,0,0,0,0,4038,1,19,0
6.157054,9770,13,1,1,2,60,0,0,0,0,0,0,-0.017349,-0.000175,-1.079402,-0.004303,-0.001960,-0.944263,-0.002555,0.000264,1.570537,0.001727,0.000246,0.000050,4040,4040,4013,4013,0,0,0,0.000000,0.000000,0.000000,0.000000,0.000000,0.000000,0.000000,0.000000,0,0,0.000000,0.000000,0.000000,0.000000,0.000000,0.000000,0.000000,0.000000,0.000000,0.000000,0.000000,0.000000,0,0.000000,0.000000,0.000000,0.000000,0.000000,0.000000,0.000000,0.000000,0.000000,0.000000,0.000000,0.000000,0.000000,0.000000,0.000000,0.000000,0.000000,0.000000,0.000000,0.000000,0.000000,0.000000,0.000000,0.000000,0.000000,0.000000,0.000000,0.000000,0.000000,0.000000,0.000000,0.000000,0,0,0,0,0,0,0,0,0,0,0,0,4027,0,19,0
6.166824,9770,13,1,1,2,60,0,0,0,0,0,0,-0.017390,-0.000195,-1.088815,-0.004068,-0.001984,-0.938717,-0.002535,0.000267,1.570538,0.002126,0.000226,0.000034,4035,4035,4008,4008,0,0,0,0.000000,0.000000,0.000000,0.000000,0.000000,0.000000,0.000000,0.000000,0,0,0.000000,0.000000,0.000000,0.000000,0.000000,0.000000,0.000000,0.000000,0.000000,0.000000,0.000000,0.000000,0,0.000000,0.000000,0.000000,0.000000,0.000000,0.000000,0.000000,0.000000,0.000000,0.000000,0.000000,0.000000,0.000000,0.000000,0.000000,0.000000,0.000000,0.000000,0.000000,0.000000,0.000000,0.000000,0.000000,0.000000,0.000000,0.000000,0.000000,0.000000,0.000000,0.000000,0.000000,0.000000,0,0,0,0,0,0,0,0,0,0,0,0,4022,0,19,0
6.176594,9770,13,1,1,2,60,0,0,0,0,0,0,-0.017430,-0.000215,-1.098171,-0.003835,-0.002009,-0.932998,-0.002512,0.000269,1.570538,0.002370,0.000210,0.000024,4030,4030,4003,4003,0,0,0,0.000000,0.000000,0.000000,0.000000,0.000000,0.000000,0.000000,0.000000,0,0,0.000000,0.000000,0.000000,0.000000,0.000000,0.000000,0.000000,0.000000,0.000000,0.000000,0.000000,0.000000,0,0.000000,0.000000,0.000000,0.000000,0.000000,0.000000,0.000000,0.000000,0.000000,0.000000,0.000000,0.000000,0.000000,0.000000,0.000000,0.000000,0.000000,0.000000,0.000000,0.000000,0.000000,0.000000,0.000000,0.000000,0.000000,0.000000,0.000000,0.000000,0.000000,0.000000,0.000000,0.000000,0,0,0,0,0,0,0,0,0,0,0,0,4017,0,19,0
6.186364,9770,13,1,1,2,60,0,0,0,0,0,0,-0.017467,-0.000235,-1.107468,-0.003604,-0.002034,-0.927113,-0.002488,0.000271,1.570538,0.002520,0.000202,0.000018,4013,4013,3986,3986,0,0,0,0.000000,0.000000,0.000000,0.000000,0.000000,0.000000,0.000000,0.000000,0,0,0.000000,0.000000,0.000000,0.000000,0.000000,0.000000,0.000000,0.000000,0.000000,0.000000,0.000000,0.000000,0,0.000000,0.000000,0.000000,0.000000,0.000000,0.000000,0.000000,0.000000,0.000000,0.000000,0.000000,0.000000,0.000000,0.000000,0.000000,0.000000,0.000000,0.000000,0.000000,0.000000,0.000000,0.000000,0.000000,0.000000,0.000000,0.000000,0.000000,0.000000,0.000000,0.000000,0.000000,0.000000,0,0,0,0,0,0,0,0,0,0,0,0,4000,0,19,0
6.196134,9770,13,1,1,2,60,0,0,0,0,0,0,-0.017502,-0.000256,-1.116706,-0.003377,-0.002059,-0.921008,-0.002462,0.000273,1.570538,0.002612,0.000207,0.000015,4005,4004,3978,3979,0,0,0,0.000000,0.000000,0.000000,0.000000,0.000000,0.000000,0.000000,0.000000,0,0,0.000000,0.000000,0.000000,0.000000,0.000000,0.000000,0.000000,0.000000,0.000000,0.000000,0.000000,0.000000,0,0.000000,0.000000,0.000000,0.000000,0.000000,0.000000,0.000000,0.000000,0.000000,0.000000,0.000000,0.000000,0.000000,0.000000,0.000000,0.000000,0.000000,0.000000,0.000000,0.000000,0.000000,0.000000,0.000000,0.000000,0.000000,0.000000,0.000000,0.000000,0.000000,0.000000,0.000000,0.000000,0,0,0,0,0,0,0,0,0,0,0,0,3992,1,18,0
6.205904,9770,13,1,1,2,60,0,0,0,0,0,0,-0.017534,-0.000276,-1.125882,-0.003152,-0.002084,-0.914698,-0.002435,0.000275,1.570539,0.002740,0.000168,0.000012,4005,4004,3978,3979,0,0,0,0.000000,0.000000,0.000000,0.000000,0.000000,0.000000,0.000000,0.000000,0,0,0.000000,0.000000,0.000000,0.000000,0.000000,0.000000,0.000000,0.000000,0.000000,0.000000,0.000000,0.000000,0,0.000000,0.000000,0.000000,0.000000,0.000000,0.000000,0.000000,0.000000,0.000000,0.000000,0.000000,0.000000,0.000000,0.000000,0.000000,0.000000,0.000000,0.000000,0.000000,0.000000,0.000000,0.000000,0.000000,0.000000,0.000000,0.000000,0.000000,0.000000,0.000000,0.000000,0.000000,0.000000,0,0,0,0,0,0,0,0,0,0,0,0,3992,1,18,0
6.215674,9770,13,1,1,2,60,0,0,0,0,0,0,-0.017565,-0.000297,-1.134993,-0.002931,-0.002110,-0.908232,-0.002407,0.000276,1.570539,0.002954,0.000059,0.000011,3999,3997,3970,3972,0,0,0,0.000000,0.000000,0.000000,0.000000,0.000000,0.000000,0.000000,0.000000,0,0,0.000000,0.000000,0.000000,0.000000,0.000000,0.000000,0.000000,0.000000,0.000000,0.000000,0.000000,0.000000,0,0.000000,0.000000,0.000000,0.000000,0.000000,0.000000,0.000000,0.000000,0.000000,0.000000,0.000000,0.000000,0.000000,0.000000,0.000000,0.000000,0.000000,0.000000,0.000000,0.000000,0.000000,0.000000,0.000000,0.000000,0.000000,0.000000,0.000000,0.000000,0.000000,0.000000,0.000000,0.000000,0,0,0,0,0,0,0,0,0,0,0,0,3985,1,19,0
6.225444,9770,13,1,1,2,60,0,0,0,0,0,0,-0.017593,-0.000318,-1.144039,-0.002712,-0.002135,-0.901616,-0.002375,0.000276,1.570539,0.003258,-0.000016,0.000010,3989,3989,3962,3962,0,0,0,0.000000,0.000000,0.000000,0.000000,0.000000,0.000000,0.000000,0.000000,0,0,0.000000,0.000000,0.000000,0.000000,0.000000,0.000000,0.000000,0.000000,0.000000,0.000000,0.000000,0.000000,0,0.000000,0.000000,0.000000,0.000000,0.000000,0.000000,0.000000,0.000000,0.000000,0.000000,0.000000,0.000000,0.000000,0.000000,0.000000,0.000000,0.000000,0.000000,0.000000,0.000000,0.000000,0.000000,0.000000,0.000000,0.000000,0.000000,0.000000,0.000000,0.000000,0.000000,0.000000,0.000000,0,0,0,0,0,0,0,0,0,0,0,0,3976,0,19,0
6.235214,9770,13,1,1,2,60,0,0,0,0,0,0,-0.017619,-0.000340,-1.153018,-0.002497,-0.002160,-0.894851,-0.002342,0.000276,1.570539,0.003462,-0.000034,0.000009,3990,3990,3963,3963,0,0,0,0.000000,0.000000,0.000000,0.000000,0.000000,0.000000,0.000000,0.000000,0,0,0.000000,0.000000,0.000000,0.000000,0.000000,0.000000,0.000000,0.000000,0.000000,0.000000,0.000000,0.000000,0,0.000000,0.000000,0.000000,0.000000,0.000000,0.000000,0.000000,0.000000,0.000000,0.000000,0.000000,0.000000,0.000000,0.000000,0.000000,0.000000,0.000000,0.000000,0.000000,0.000000,0.000000,0.000000,0.000000,0.000000,0.000000,0.000000,0.000000,0.000000,0.000000,0.000000,0.000000,0.000000,0,0,0,0,0,0,0,0,0,0,0,0,3977,0,19,0
6.244984,9770,13,1,1,2,60,0,0,0,0,0,0,-0.017642,-0.000362,-1.161929,-0.002285,-0.002185,-0.887973,-0.002306,0.000275,1.570539,0.003587,-0.000017,0.000009,3984,3984,3957,3957,0,0,0,0.000000,0.000000,0.000000,0.000000,0.000000,0.000000,0.000000,0.000000,0,0,0.000000,0.000000,0.000000,0.000000,0.000000,0.000000,0.000000,0.000000,0.000000,0.000000,0.000000,0.000000,0,0.000000,0.000000,0.000000,0.000000,0.000000,0.000000,0.000000,0.000000,0.000000,0.000000,0.000000,0.000000,0.000000,0.000000,0.000000,0.000000,0.000000,0.000000,0.000000,0.000000,0.000000,0.000000,0.000000,0.000000,0.000000,0.000000,0.000000,0.000000,0.000000,0.000000,0.000000,0.000000,0,0,0,0,0,0,0,0,0,0,0,0,3971,0,19,0
6.254754,9770,13,1,1,2,60,0,0,0,0,0,0,-0.017664,-0.000384,-1.170770,-0.002076,-0.002210,-0.880952,-0.002270,0.000275,1.570539,0.003664,0.000009,0.000009,3973,3973,3948,3948,0,0,0,0.000000,0.000000,0.000000,0.000000,0.000000,0.000000,0.000000,0.000000,0,0,0.000000,0.000000,0.000000,0.000000,0.000000,0.000000,0.000000,0.000000,0.000000,0.000000,0.000000,0.000000,0,0.000000,0.000000,0.000000,0.000000,0.000000,0.000000,0.000000,0.000000,0.000000,0.000000,0.000000,0.000000,0.000000,0.000000,0.000000,0.000000,0.000000,0.000000,0.000000,0.000000,0.000000,0.000000,0.000000,0.000000,0.000000,0.000000,0.000000,0.000000,0.000000,0.000000,0.000000,0.000000,0,0,0,0,0,0,0,0,0,0,0,0,3961,0,18,0
6.264524,9770,13,1,1,2,60,0,0,0,0,0,0,-0.017684,-0.000406,-1.179540,-0.001872,-0.002235,-0.873760,-0.002233,0.000275,1.570539,0.003711,-0.000114,0.000009,3967,3967,3940,3940,0,0,0,0.000000,0.000000,0.000000,0.000000,0.000000,0.000000,0.000000,0.000000,0,0,0.000000,0.000000,0.000000,0.000000,0.000000,0.000000,0.000000,0.000000,0.000000,0.000000,0.000000,0.000000,0,0.000000,0.000000,0.000000,0.000000,0.000000,0.000000,0.000000,0.000000,0.000000,0.000000,0.000000,0.000000,0.000000,0.000000,0.000000,0.000000,0.000000,0.000000,0.000000,0.000000,0.000000,0.000000,0.000000,0.000000,0.000000,0.000000,0.000000,0.000000,0.000000,0.000000,0.000000,0.000000,0,0,0,0,0,0,0,0,0,0,0,0,3954,0,19,0
6.274294,9770,13,1,1,2,60,0,0,0,0,0,0,-0.017701,-0.000428,-1.188238,-0.001671,-0.002260,-0.866427,-0.002196,0.000273,1.570539,0.003740,-0.000242,0.000009,3962,3962,3935,3935,0,0,0,0.000000,0.000000,0.000000,0.000000,0.000000,0.000000,0.000000,0.000000,0,0,0.000000,0.000000,0.000000,0.000000,0.000000,0.000000,0.000000,0.000000,0.000000,0.000000,0.000000,0.000000,0,0.000000,0.000000,0.000000,0.000000,0.000000,0.000000,0.000000,0.000000,0.000000,0.000000,0.000000,0.000000,0.000000,0.000000,0.000000,0.000000,0.000000,0.000000,0.000000,0.000000,0.000000,0.000000,0.000000,0.000000,0.000000,0.000000,0.000000,0.000000,0.000000,0.000000,0.000000,0.000000,0,0,0,0,0,0,0,0,0,0,0,0,3949,0,19,0
6.284064,9770,13,1,1,2,60,0,0,0,0,0,0,-0.017717,-0.000451,-1.196861,-0.001473,-0.002285,-0.858974,-0.002158,0.000270,1.570539,0.003764,-0.000273,0.000009,3962,3960,3933,3935,0,0,0,0.000000,0.000000,0.000000,0.000000,0.000000,0.000000,0.000000,0.000000,0,0,0.000000,0.000000,0.000000,0.000000,0.000000,0.000000,0.000000,0.000000,0.000000,0.000000,0.000000,0.000000,0,0.000000,0.000000,0.000000,0.000000,0.000000,0.000000,0.000000,0.000000,0.000000,0.000000,0.000000,0.000000,0.000000,0.000000,0.000000,0.000000,0.000000,0.000000,0.000000,0.000000,0.000000,0.000000,0.000000,0.000000,0.000000,0.000000,0.000000,0.000000,0.000000,0.000000,0.000000,0.000000,0,0,0,0,0,0,0,0,0,0,0,0,3948,1,19,0
6.293834,9770,13,1,1,2,60,0,0,0,0,0,0,-0.017731,-0.000474,-1.205409,-0.001280,-0.002309,-0.851427,-0.002120,0.000268,1.570539,0.003968,-0.000243,0.000008,3957,3955,3928,3930,0,0,0,0.000000,0.000000,0.000000,0.000000,0.000000,0.000000,0.000000,0.000000,0,0,0.000000,0.000000,0.000000,0.000000,0.000000,0.000000,0.000000,0.000000,0.000000,0.000000,0.000000,0.000000,0,0.000000,0.000000,0.000000,0.000000,0.000000,0.000000,0.000000,0.000000,0.000000,0.000000,0.000000,0.000000,0.000000,0.000000,0.000000,0.000000,0.000000,0.000000,0.000000,0.000000,0.000000,0.000000,0.000000,0.000000,0.000000,0.000000,0.000000,0.000000,0.000000,0.000000,0.000000,0.000000,0,0,0,0,0,0,0,0,0,0,0,0,3943,1,19,0
6.303604,9770,13,1,1,2,60,0,0,0,0,0,0,-0.017742,-0.000497,-1.213882,-0.001090,-0.002333,-0.843786,-0.002078,0.000266,1.570539,0.004333,-0.000173,0.000008,3953,3953,3926,3926,0,0,0,0.000000,0.000000,0.000000,0.000000,0.000000,0.000000,0.000000,0.000000,0,0,0.000000,0.000000,0.000000,0.000000,0.000000,0.000000,0.000000,0.000000,0.000000,0.000000,0.000000,0.000000,0,0.000000,0.000000,0.000000,0.000000,0.000000,0.000000,0.000000,0.000000,0.000000,0.000000,0.000000,0.000000,0.000000,0.000000,0.000000,0.000000,0.000000,0.000000,0.000000,0.000000,0.000000,0.000000,0.000000,0.000000,0.000000,0.000000,0.000000,0.000000,0.000000,0.000000,0.000000,0.000000,0,0,0,0,0,0,0,0,0,0,0,0,3940,0,19,0
6.313374,9770,13,1,1,2,60,0,0,0,0,0,0,-0.017752,-0.000521,-1.222277,-0.000904,-0.002357,-0.836056,-0.002033,0.000264,1.570539,0.004597,-0.000095,0.000008,3939,3939,3914,3914,0,0,0,0.000000,0.000000,0.000000,0.000000,0.000000,0.000000,0.000000,0.000000,0,0,0.000000,0.000000,0.000000,0.000000,0.000000,0.000000,0.000000,0.000000,0.000000,0.000000,0.000000,0.000000,0,0.000000,0.000000,0.000000,0.000000,0.000000,0.000000,0.000000,0.000000,0.000000,0.000000,0.000000,0.000000,0.000000,0.000000,0.000000,0.000000,0.000000,0.000000,0.000000,0.000000,0.000000,0.000000,0.000000,0.000000,0.000000,0.000000,0.000000,0.000000,0.000000,0.000000,0.000000,0.000000,0,0,0,0,0,0,0,0,0,0,0,0,3927,0,18,0
6.323144,9770,13,1,1,2,60,0,0,0,0,0,0,-0.017760,-0.000545,-1.230594,-0.000723,-0.002381,-0.828183,-0.001986,0.000263,1.570540,0.004760,-0.000165,0.000009,3941,3941,3916,3916,0,0,0,0.000000,0.000000,0.000000,0.000000,0.000000,0.000000,0.000000,0.000000,0,0,0.000000,0.000000,0.000000,0.000000,0.000000,0.000000,0.000000,0.000000,0.000000,0.000000,0.000000,0.000000,0,0.000000,0.000000,0.000000,0.000000,0.000000,0.000000,0.000000,0.000000,0.000000,0.000000,0.000000,0.000000,0.000000,0.000000,0.000000,0.000000,0.000000,0.000000,0.000000,0.000000,0.000000,0.000000,0.000000,0.000000,0.000000,0.000000,0.000000,0.000000,0.000000,0.000000,0.000000,0.000000,0,0,0,0,0,0,0,0,0,0,0,0,3929,0,18,0
6.332914,9770,13,1,1,2,60,0,0,0,0,0,0,-0.017767,-0.000568,-1.238832,-0.000546,-0.002405,-0.820197,-0.001938,0.000261,1.570540,0.004859,-0.000314,0.000009,3943,3943,3916,3916,0,0,0,0.000000,0.000000,0.000000,0.000000,0.000000,0.000000,0.000000,0.000000,0,0,0.000000,0.000000,0.000000,0.000000,0.000000,0.000000,0.000000,0.000000,0.000000,0.000000,0.000000,0.000000,0,0.000000,0.000000,0.000000,0.000000,0.000000,0.000000,0.000000,0.000000,0.000000,0.000000,0.000000,0.000000,0.000000,0.000000,0.000000,0.000000,0.000000,0.000000,0.000000,0.000000,0.000000,0.000000,0.000000,0.000000,0.000000,0.000000,0.000000,0.000000,0.000000,0.000000,0.000000,0.000000,0,0,0,0,0,0,0,0,0,0,0,0,3930,0,19,0
6.342684,9770,13,1,1,2,60,0,0,0,0,0,0,-0.017771,-0.000593,-1.246990,-0.000374,-0.002428,-0.812118,-0.001889,0.000257,1.570540,0.004920,-0.000353,0.000009,3929,3929,3902,3902,0,0,0,0.000000,0.000000,0.000000,0.000000,0.000000,0.000000,0.000000,0.000000,0,0,0.000000,0.000000,0.000000,0.000000,0.000000,0.000000,0.000000,0.000000,0.000000,0.000000,0.000000,0.000000,0,0.000000,0.000000,0.000000,0.000000,0.000000,0.000000,0.000000,0.000000,0.000000,0.000000,0.000000,0.000000,0.000000,0.000000,0.000000,0.000000,0.000000,0.000000,0.000000,0.000000,0.000000,0.000000,0.000000,0.000000,0.000000,0.000000,0.000000,0.000000,0.000000,0.000000,0.000000,0.000000,0,0,0,0,0,0,0,0,0,0,0,0,3916,0,19,0
6.352454,9770,13,1,1,2,60,0,0,0,0,0,0,-0.017774,-0.000617,-1.255066,-0.000206,-0.002451,-0.803932,-0.001840,0.000254,1.570540,0.004958,-0.000308,0.000009,3930,3930,3903,3903,0,0,0,0.000000,0.000000,0.000000,0.000000,0.000000,0.000000,0.000000,0.000000,0,0,0.000000,0.000000,0.000000,0.000000,0.000000,0.000000,0.000000,0.000000,0.000000,0.000000,0.000000,0.000000,0,0.000000,0.000000,0.000000,0.000000,0.000000,0.000000,0.000000,0.000000,0.000000,0.000000,0.000000,0.000000,0.000000,0.000000,0.000000,0.000000,0.000000,0.000000,0.000000,0.000000,0.000000,0.000000,0.000000,0.000000,0.000000,0.000000,0.000000,0.000000,0.000000,0.000000,0.000000,0.000000,0,0,0,0,0,0,0,0,0,0,0,0,3917,0,19,0
6.362224,9770,13,1,1,2,60,0,0,0,0,0,0,-0.017775,-0.000642,-1.263060,-0.000043,-0.002474,-0.795671,-0.001790,0.000251,1.570540,0.004981,-0.000209,0.000009,3932,3932,3905,3905,0,0,0,0.000000,0.000000,0.000000,0.000000,0.000000,0.000000,0.000000,0.000000,0,0,0.000000,0.000000,0.000000,0.000000,0.000000,0.000000,0.000000,0.000000,0.000000,0.000000,0.000000,0.000000,0,0.000000,0.000000,0.000000,0.000000,0.000000,0.000000,0.000000,0.000000,0.000000,0.000000,0.000000,0.000000,0.000000,0.000000,0.000000,0.000000,0.000000,0.000000,0.000000,0.000000,0.000000,0.000000,0.000000,0.000000,0.000000,0.000000,0.000000,0.000000,0.000000,0.000000,0.000000,0.000000,0,0,0,0,0,0,0,0,0,0,0,0,3919,0,19,0
6.371994,9770,13,1,1,2,60,0,0,0,0,0,0,-0.017775,-0.000667,-1.270971,0.000116,-0.002497,-0.787354,-0.001740,0.000250,1.570540,0.004995,-0.000121,0.000009,3917,3917,3892,3892,0,0,0,0.000000,0.000000,0.000000,0.000000,0.000000,0.000000,0.000000,0.000000,0,0,0.000000,0.000000,0.000000,0.000000,0.000000,0.000000,0.000000,0.000000,0.000000,0.000000,0.000000,0.000000,0,0.000000,0.000000,0.000000,0.000000,0.000000,0.000000,0.000000,0.000000,0.000000,0.000000,0.000000,0.000000,0.000000,0.000000,0.000000,0.000000,0.000000,0.000000,0.000000,0.000000,0.000000,0.000000,0.000000,0.000000,0.000000,0.000000,0.000000,0.000000,0.000000,0.000000,0.000000,0.000000,0,0,0,0,0,0,0,0,0,0,0,0,3905,0,18,0
6.381764,9770,13,1,1,2,60,0,0,0,0,0,0,-0.017773,-0.000692,-1.278799,0.000269,-0.002519,-0.778941,-0.001690,0.000248,1.570540,0.005004,-0.000234,0.000009,3914,3914,3891,3891,0,0,0,0.000000,0.000000,0.000000,0.000000,0.000000,0.000000,0.000000,0.000000,0,0,0.000000,0.000000,0.000000,0.000000,0.000000,0.000000,0.000000,0.000000,0.000000,0.000000,0.000000,0.000000,0,0.000000,0.000000,0.000000,0.000000,0.000000,0.000000,0.000000,0.000000,0.000000,0.000000,0.000000,0.000000,0.000000,0.000000,0.000000,0.000000,0.000000,0.000000,0.000000,0.000000,0.000000,0.000000,0.000000,0.000000,0.000000,0.000000,0.000000,0.000000,0.000000,0.000000,0.000000,0.000000,0,0,0,0,0,0,0,0,0,0,0,0,3903,0,16,0
6.391534,9770,13,1,1,2,60,0,0,0,0,0,0,-0.017769,-0.000717,-1.286541,0.000419,-0.002541,-0.770420,-0.001640,0.000244,1.570540,0.005009,-0.000635,0.000009,3915,3915,3892,3892,0,0,0,0.000000,0.000000,0.000000,0.000000,0.000000,0.000000,0.000000,0.000000,0,0,0.000000,0.000000,0.000000,0.000000,0.000000,0.000000,0.000000,0.000000,0.000000,0.000000,0.000000,0.000000,0,0.000000,0.000000,0.000000,0.000000,0.000000,0.000000,0.000000,0.000000,0.000000,0.000000,0.000000,0.000000,0.000000,0.000000,0.000000,0.000000,0.000000,0.000000,0.000000,0.000000,0.000000,0.000000,0.000000,0.000000,0.000000,0.000000,0.000000,0.000000,0.000000,0.000000,0.000000,0.000000,0,0,0,0,0,0,0,0,0,0,0,0,3904,0,16,0
6.401304,9770,13,1,1,2,60,0,0,0,0,0,0,-0.017764,-0.000743,-1.294198,0.000563,-0.002563,-0.761827,-0.001590,0.000235,1.570540,0.005012,-0.001183,0.000009,3911,3911,3886,3886,0,0,0,0.000000,0.000000,0.000000,0.000000,0.000000,0.000000,0.000000,0.000000,0,0,0.000000,0.000000,0.000000,0.000000,0.000000,0.000000,0.000000,0.000000,0.000000,0.000000,0.000000,0.000000,0,0.000000,0.000000,0.000000,0.000000,0.000000,0.000000,0.000000,0.000000,0.000000,0.000000,0.000000,0.000000,0.000000,0.000000,0.000000,0.000000,0.000000,0.000000,0.000000,0.000000,0.000000,0.000000,0.000000,0.000000,0.000000,0.000000,0.000000,0.000000,0.000000,0.000000,0.000000,0.000000,0,0,0,0,0,0,0,0,0,0,0,0,3899,0,17,0
6.411074,9770,13,1,1,2,60,0,0,0,0,0,0,-0.017758,-0.000768,-1.301769,0.000703,-0.002583,-0.753172,-0.001540,0.000220,1.570540,0.005014,-0.001664,0.000009,3912,3912,3887,3887,0,0,0,0.000000,0.000000,0.000000,0.000000,0.000000,0.000000,0.000000,0.000000,0,0,0.000000,0.000000,0.000000,0.000000,0.000000,0.000000,0.000000,0.000000,0.000000,0.000000,0.000000,0.000000,0,0.000000,0.000000,0.000000,0.000000,0.000000,0.000000,0.000000,0.000000,0.000000,0.000000,0.000000,0.000000,0.000000,0.000000,0.000000,0.000000,0.000000,0.000000,0.000000,0.000000,0.000000,0.000000,0.000000,0.000000,0.000000,0.000000,0.000000,0.000000,0.000000,0.000000,0.000000,0.000000,0,0,0,0,0,0,0,0,0,0,0,0,3900,0,18,0
6.420844,9770,13,1,1,2,60,0,0,0,0,0,0,-0.017750,-0.000794,-1.309253,0.000839,-0.002602,-0.744469,-0.001490,0.000201,1.570541,0.005016,-0.002089,0.000009,3915,3915,3888,3888,0,0,0,0.000000,0.000000,0.000000,0.000000,0.000000,0.000000,0.000000,0.000000,0,0,0.000000,0.000000,0.000000,0.000000,0.000000,0.000000,0.000000,0.000000,0.000000,0.000000,0.000000,0.000000,0,0.000000,0.000000,0.000000,0.000000,0.000000,0.000000,0.000000,0.000000,0.000000,0.000000,0.000000,0.000000,0.000000,0.000000,0.000000,0.000000,0.000000,0.000000,0.000000,0.000000,0.000000,0.000000,0.000000,0.000000,0.000000,0.000000,0.000000,0.000000,0.000000,0.000000,0.000000,0.000000,0,0,0,0,0,0,0,0,0,0,0,0,3902,0,19,0
6.430614,9770,13,1,1,2,60,0,0,0,0,0,0,-0.017741,-0.000820,-1.316649,0.000970,-0.002619,-0.735726,-0.001439,0.000178,1.570541,0.005016,-0.002364,0.000009,3916,3916,3889,3889,0,0,0,0.000000,0.000000,0.000000,0.000000,0.000000,0.000000,0.000000,0.000000,0,0,0.000000,0.000000,0.000000,0.000000,0.000000,0.000000,0.000000,0.000000,0.000000,0.000000,0.000000,0.000000,0,0.000000,0.000000,0.000000,0.000000,0.000000,0.000000,0.000000,0.000000,0.000000,0.000000,0.000000,0.000000,0.000000,0.000000,0.000000,0.000000,0.000000,0.000000,0.000000,0.000000,0.000000,0.000000,0.000000,0.000000,0.000000,0.000000,0.000000,0.000000,0.000000,0.000000,0.000000,0.000000,0,0,0,0,0,0,0,0,0,0,0,0,3903,0,19,0
6.440384,9770,13,1,1,2,60,0,0,0,0,0,0,-0.017730,-0.000847,-1.323958,0.001096,-0.002634,-0.726934,-0.001389,0.000154,1.570541,0.005017,-0.002426,0.000009,3902,3902,3873,3873,0,0,0,0.000000,0.000000,0.000000,0.000000,0.000000,0.000000,0.000000,0.000000,0,0,0.000000,0.000000,0.000000,0.000000,0.000000,0.000000,0.000000,0.000000,0.000000,0.000000,0.000000,0.000000,0,0.000000,0.000000,0.000000,0.000000,0.000000,0.000000,0.000000,0.000000,0.000000,0.000000,0.000000,0.000000,0.000000,0.000000,0.000000,0.000000,0.000000,0.000000,0.000000,0.000000,0.000000,0.000000,0.000000,0.000000,0.000000,0.000000,0.000000,0.000000,0.000000,0.000000,0.000000,0.000000,0,0,0,0,0,0,0,0,0,0,0,0,3888,0,20,0
6.450154,9770,13,1,1,2,60,0,0,0,0,0,0,-0.017719,-0.000873,-1.331179,0.001218,-0.002647,-0.718046,-0.001339,0.000131,1.570541,0.005017,-0.002193,0.000009,3902,3902,3873,3873,0,0,0,0.000000,0.000000,0.000000,0.000000,0.000000,0.000000,0.000000,0.000000,0,0,0.000000,0.000000,0.000000,0.000000,0.000000,0.000000,0.000000,0.000000,0.000000,0.000000,0.000000,0.000000,0,0.000000,0.000000,0.000000,0.000000,0.000000,0.000000,0.000000,0.000000,0.000000,0.000000,0.000000,0.000000,0.000000,0.000000,0.000000,0.000000,0.000000,0.000000,0.000000,0.000000,0.000000,0.000000,0.000000,0.000000,0.000000,0.000000,0.000000,0.000000,0.000000,0.000000,0.000000,0.000000,0,0,0,0,0,0,0,0,0,0,0,0,3888,0,20,0
6.459924,9770,13,1,1,2,60,0,0,0,0,0,0,-0.017706,-0.000900,-1.338310,0.001335,-0.002658,-0.709095,-0.001289,0.000111,1.570541,0.005017,-0.001746,0.000009,3902,3902,3875,3875,0,0,0,0.000000,0.000000,0.000000,0.000000,0.000000,0.000000,0.000000,0.000000,0,0,0.000000,0.000000,0.000000,0.000000,0.000000,0.000000,0.000000,0.000000,0.000000,0.000000,0.000000,0.000000,0,0.000000,0.000000,0.000000,0.000000,0.000000,0.000000,0.000000,0.000000,0.000000,0.000000,0.000000,0.000000,0.000000,0.000000,0.000000,0.000000,0.000000,0.000000,0.000000,0.000000,0.000000,0.000000,0.000000,0.000000,0.000000,0.000000,0.000000,0.000000,0.000000,0.000000,0.000000,0.000000,0,0,0,0,0,0,0,0,0,0,0,0,3889,0,19,0
6.469694,9770,13,1,1,2,60,0,0,0,0,0,0,-0.017692,-0.000926,-1.345352,0.001448,-0.002667,-0.700103,-0.001239,0.000097,1.570541,0.005017,-0.001281,0.000009,3904,3904,3877,3877,0,0,0,0.000000,0.000000,0.000000,0.000000,0.000000,0.000000,0.000000,0.000000,0,0,0.000000,0.000000,0.000000,0.000000,0.000000,0.000000,0.000000,0.000000,0.000000,0.000000,0.000000,0.000000,0,0.000000,0.000000,0.000000,0.000000,0.000000,0.000000,0.000000,0.000000,0.000000,0.000000,0.000000,0.000000,0.000000,0.000000,0.000000,0.000000,0.000000,0.000000,0.000000,0.000000,0.000000,0.000000,0.000000,0.000000,0.000000,0.000000,0.000000,0.000000,0.000000,0.000000,0.000000,0.000000,0,0,0,0,0,0,0,0,0,0,0,0,3891,0,19,0
6.479464,9770,13,1,1,2,60,0,0,0,0,0,0,-0.017677,-0.000953,-1.352303,0.001556,-0.002675,-0.691096,-0.001189,0.000086,1.570541,0.005017,-0.000905,0.000009,3898,3898,3871,3871,0,0,0,0.000000,0.000000,0.000000,0.000000,0.000000,0.000000,0.000000,0.000000,0,0,0.000000,0.000000,0.000000,0.000000,0.000000,0.000000,0.000000,0.000000,0.000000,0.000000,0.000000,0.000000,0,0.000000,0.000000,0.000000,0.000000,0.000000,0.000000,0.000000,0.000000,0.000000,0.000000,0.000000,0.000000,0.000000,0.000000,0.000000,0.000000,0.000000,0.000000,0.000000,0.000000,0.000000,0.000000,0.000000,0.000000,0.000000,0.000000,0.000000,0.000000,0.000000,0.000000,0.000000,0.000000,0,0,0,0,0,0,0,0,0,0,0,0,3885,0,19,0
6.489234,9770,13,1,1,2,60,0,0,0,0,0,0,-0.017661,-0.000980,-1.359165,0.001660,-0.002683,-0.682070,-0.001138,0.000078,1.570541,0.005017,-0.000658,0.000009,3900,3900,3875,3875,0,0,0,0.000000,0.000000,0.000000,0.000000,0.000000,0.000000,0.000000,0.000000,0,0,0.000000,0.000000,0.000000,0.000000,0.000000,0.000000,0.000000,0.000000,0.000000,0.000000,0.000000,0.000000,0,0.000000,0.000000,0.000000,0.000000,0.000000,0.000000,0.000000,0.000000,0.000000,0.000000,0.000000,0.000000,0.000000,0.000000,0.000000,0.000000,0.000000,0.000000,0.000000,0.000000,0.000000,0.000000,0.000000,0.000000,0.000000,0.000000,0.000000,0.000000,0.000000,0.000000,0.000000,0.000000,0,0,0,0,0,0,0,0,0,0,0,0,3888,0,18,0
6.499004,9770,13,1,1,2,60,0,0,0,0,0,0,-0.017644,-0.001007,-1.365936,0.001759,-0.002689,-0.673028,-0.001088,0.000072,1.570542,0.005005,-0.000614,0.000009,3893,3894,3868,3867,0,0,0,0.000000,0.000000,0.000000,0.000000,0.000000,0.000000,0.000000,0.000000,0,0,0.000000,0.000000,0.000000,0.000000,0.000000,0.000000,0.000000,0.000000,0.000000,0.000000,0.000000,0.000000,0,0.000000,0.000000,0.000000,0.000000,0.000000,0.000000,0.000000,0.000000,0.000000,0.000000,0.000000,0.000000,0.000000,0.000000,0.000000,0.000000,0.000000,0.000000,0.000000,0.000000,0.000000,0.000000,0.000000,0.000000,0.000000,0.000000,0.000000,0.000000,0.000000,0.000000,0.000000,0.000000,0,0,0,0,0,0,0,0,0,0,0,0,3881,-1,18,0
6.508774,9770,13,1,1,2,60,0,0,0,0,0,0,-0.017625,-0.001033,-1.372616,0.001854,-0.002696,-0.663932,-0.001039,0.000066,1.570542,0.004886,-0.000615,0.000009,3895,3896,3870,3869,0,0,0,0.000000,0.000000,0.000000,0.000000,0.000000,0.000000,0.000000,0.000000,0,0,0.000000,0.000000,0.000000,0.000000,0.000000,0.000000,0.000000,0.000000,0.000000,0.000000,0.000000,0.000000,0,0.000000,0.000000,0.000000,0.000000,0.000000,0.000000,0.000000,0.000000,0.000000,0.000000,0.000000,0.000000,0.000000,0.000000,0.000000,0.000000,0.000000,0.000000,0.000000,0.000000,0.000000,0.000000,0.000000,0.000000,0.000000,0.000000,0.000000,0.000000,0.000000,0.000000,0.000000,0.000000,0,0,0,0,0,0,0,0,0,0,0,0,3883,-1,18,0
6.518544,9770,13,1,1,2,60,0,0,0,0,0,0,-0.017606,-0.001060,-1.379205,0.001944,-0.002701,-0.654791,-0.000991,0.000060,1.570542,0.004680,-0.000625,0.000009,3895,3896,3870,3869,0,0,0,0.000000,0.000000,0.000000,0.000000,0.000000,0.000000,0.000000,0.000000,0,0,0.000000,0.000000,0.000000,0.000000,0.000000,0.000000,0.000000,0.000000,0.000000,0.000000,0.000000,0.000000,0,0.000000,0.000000,0.000000,0.000000,0.000000,0.000000,0.000000,0.000000,0.000000,0.000000,0.000000,0.000000,0.000000,0.000000,0.000000,0.000000,0.000000,0.000000,0.000000,0.000000,0.000000,0.000000,0.000000,0.000000,0.000000,0.000000,0.000000,0.000000,0.000000,0.000000,0.000000,0.000000,0,0,0,0,0,0,0,0,0,0,0,0,3883,-1,18,0
6.528314,9770,13,1,1,2,60,0,0,0,0,0,0,-0.017586,-0.001087,-1.385702,0.002030,-0.002706,-0.645630,-0.000946,0.000054,1.570542,0.004422,-0.000642,0.000010,3896,3897,3871,3870,0,0,0,0.000000,0.000000,0.000000,0.000000,0.000000,0.000000,0.000000,0.000000,0,0,0.000000,0.000000,0.000000,0.000000,0.000000,0.000000,0.000000,0.000000,0.000000,0.000000,0.000000,0.000000,0,0.000000,0.000000,0.000000,0.000000,0.000000,0.000000,0.000000,0.000000,0.000000,0.000000,0.000000,0.000000,0.000000,0.000000,0.000000,0.000000,0.000000,0.000000,0.000000,0.000000,0.000000,0.000000,0.000000,0.000000,0.000000,0.000000,0.000000,0.000000,0.000000,0.000000,0.000000,0.000000,0,0,0,0,0,0,0,0,0,0,0,0,3884,-1,18,0
6.538084,9770,13,1,1,2,60,0,0,0,0,0,0,-0.017566,-0.001115,-1.392108,0.002113,-0.002711,-0.636468,-0.000903,0.000047,1.570542,0.004132,-0.000664,0.000010,3897,3898,3872,3871,0,0,0,0.000000,0.000000,0.000000,0.000000,0.000000,0.000000,0.000000,0.000000,0,0,0.000000,0.000000,0.000000,0.000000,0.000000,0.000000,0.000000,0.000000,0.000000,0.000000,0.000000,0.000000,0,0.000000,0.000000,0.000000,0.000000,0.000000,0.000000,0.000000,0.000000,0.000000,0.000000,0.000000,0.000000,0.000000,0.000000,0.000000,0.000000,0.000000,0.000000,0.000000,0.000000,0.000000,0.000000,0.000000,0.000000,0.000000,0.000000,0.000000,0.000000,0.000000,0.000000,0.000000,0.000000,0,0,0,0,0,0,0,0,0,0,0,0,3885,-1,18,0
6.547854,9770,13,1,1,2,60,0,0,0,0,0,0,-0.017544,-0.001142,-1.398423,0.002191,-0.002715,-0.627309,-0.000863,0.000040,1.570542,0.003822,-0.000689,0.000010,3895,3896,3870,3869,0,0,0,0.000000,0.000000,0.000000,0.000000,0.000000,0.000000,0.000000,0.000000,0,0,0.000000,0.000000,0.000000,0.000000,0.000000,0.000000,0.000000,0.000000,0.000000,0.000000,0.000000,0.000000,0,0.000000,0.000000,0.000000,0.000000,0.000000,0.000000,0.000000,0.000000,0.000000,0.000000,0.000000,0.000000,0.000000,0.000000,0.000000,0.000000,0.000000,0.000000,0.000000,0.000000,0.000000,0.000000,0.000000,0.000000,0.000000,0.000000,0.000000,0.000000,0.000000,0.000000,0.000000,0.000000,0,0,0,0,0,0,0,0,0,0,0,0,3883,-1,18,0
6.557624,9770,13,1,1,2,60,0,0,0,0,0,0,-0.017522,-0.001169,-1.404645,0.002266,-0.002718,-0.618158,-0.000827,0.000033,1.570542,0.003472,-0.000694,0.000010,3894,3896,3869,3867,0,0,0,0.000000,0.000000,0.000000,0.000000,0.000000,0.000000,0.000000,0.000000,0,0,0.000000,0.000000,0.000000,0.000000,0.000000,0.000000,0.000000,0.000000,0.000000,0.000000,0.000000,0.000000,0,0.000000,0.000000,0.000000,0.000000,0.000000,0.000000,0.000000,0.000000,0.000000,0.000000,0.000000,0.000000,0.000000,0.000000,0.000000,0.000000,0.000000,0.000000,0.000000,0.000000,0.000000,0.000000,0.000000,0.000000,0.000000,0.000000,0.000000,0.000000,0.000000,0.000000,0.000000,0.000000,0,0,0,0,0,0,0,0,0,0,0,0,3882,-1,19,0
6.567394,9770,13,1,1,2,60,0,0,0,0,0,0,-0.017499,-0.001196,-1.410777,0.002339,-0.002721,-0.608981,-0.000795,0.000027,1.570542,0.003002,-0.000608,0.000010,3886,3888,3861,3859,0,0,0,0.000000,0.000000,0.000000,0.000000,0.000000,0.000000,0.000000,0.000000,0,0,0.000000,0.000000,0.000000,0.000000,0.000000,0.000000,0.000000,0.000000,0.000000,0.000000,0.000000,0.000000,0,0.000000,0.000000,0.000000,0.000000,0.000000,0.000000,0.000000,0.000000,0.000000,0.000000,0.000000,0.000000,0.000000,0.000000,0.000000,0.000000,0.000000,0.000000,0.000000,0.000000,0.000000,0.000000,0.000000,0.000000,0.000000,0.000000,0.000000,0.000000,0.000000,0.000000,0.000000,0.000000,0,0,0,0,0,0,0,0,0,0,0,0,3874,-1,19,0
6.577164,9770,13,1,1,2,60,0,0,0,0,0,0,-0.017475,-0.001223,-1.416816,0.002408,-0.002723,-0.599745,-0.000768,0.000021,1.570542,0.002475,-0.000460,0.000010,3890,3890,3865,3865,0,0,0,0.000000,0.000000,0.000000,0.000000,0.000000,0.000000,0.000000,0.000000,0,0,0.000000,0.000000,0.000000,0.000000,0.000000,0.000000,0.000000,0.000000,0.000000,0.000000,0.000000,0.000000,0,0.000000,0.000000,0.000000,0.000000,0.000000,0.000000,0.000000,0.000000,0.000000,0.000000,0.000000,0.000000,0.000000,0.000000,0.000000,0.000000,0.000000,0.000000,0.000000,0.000000,0.000000,0.000000,0.000000,0.000000,0.000000,0.000000,0.000000,0.000000,0.000000,0.000000,0.000000,0.000000,0,0,0,0,0,0,0,0,0,0,0,0,3878,0,18,0
6.586934,9770,13,1,1,2,60,0,0,0,0,0,0,-0.017451,-0.001251,-1.422762,0.002475,-0.002725,-0.590487,-0.000745,0.000017,1.570542,0.002110,-0.000422,0.000010,3892,3892,3867,3867,0,0,0,0.000000,0.000000,0.000000,0.000000,0.000000,0.000000,0.000000,0.000000,0,0,0.000000,0.000000,0.000000,0.000000,0.000000,0.000000,0.000000,0.000000,0.000000,0.000000,0.000000,0.000000,0,0.000000,0.000000,0.000000,0.000000,0.000000,0.000000,0.000000,0.000000,0.000000,0.000000,0.000000,0.000000,0.000000,0.000000,0.000000,0.000000,0.000000,0.000000,0.000000,0.000000,0.000000,0.000000,0.000000,0.000000,0.000000,0.000000,0.000000,0.000000,0.000000,0.000000,0.000000,0.000000,0,0,0,0,0,0,0,0,0,0,0,0,3880,0,18,0
6.596704,9770,13,1,1,2,60,0,0,0,0,0,0,-0.017425,-0.001278,-1.428616,0.002540,-0.002726,-0.581231,-0.000725,0.000013,1.570543,0.001887,-0.000494,0.000009,3896,3896,3869,3869,0,0,0,0.000000,0.000000,0.000000,0.000000,0.000000,0.000000,0.000000,0.000000,0,0,0.000000,0.000000,0.000000,0.000000,0.000000,0.000000,0.000000,0.000000,0.000000,0.000000,0.000000,0.000000,0,0.000000,0.000000,0.000000,0.000000,0.000000,0.000000,0.000000,0.000000,0.000000,0.000000,0.000000,0.000000,0.000000,0.000000,0.000000,0.000000,0.000000,0.000000,0.000000,0.000000,0.000000,0.000000,0.000000,0.000000,0.000000,0.000000,0.000000,0.000000,0.000000,0.000000,0.000000,0.000000,0,0,0,0,0,0,0,0,0,0,0,0,3883,0,19,0
6.606474,9770,13,1,1,2,60,0,0,0,0,0,0,-0.017400,-0.001305,-1.434378,0.002604,-0.002727,-0.571989,-0.000707,0.000008,1.570543,0.001750,-0.000475,0.000009,3896,3896,3869,3869,0,0,0,0.000000,0.000000,0.000000,0.000000,0.000000,0.000000,0.000000,0.000000,0,0,0.000000,0.000000,0.000000,0.000000,0.000000,0.000000,0.000000,0.000000,0.000000,0.000000,0.000000,0.000000,0,0.000000,0.000000,0.000000,0.000000,0.000000,0.000000,0.000000,0.000000,0.000000,0.000000,0.000000,0.000000,0.000000,0.000000,0.000000,0.000000,0.000000,0.000000,0.000000,0.000000,0.000000,0.000000,0.000000,0.000000,0.000000,0.000000,0.000000,0.000000,0.000000,0.000000,0.000000,0.000000,0,0,0,0,0,0,0,0,0,0,0,0,3883,0,19,0
6.616244,9770,13,1,1,2,60,0,0,0,0,0,0,-0.017373,-0.001332,-1.440047,0.002666,-0.002727,-0.562773,-0.000690,0.000003,1.570543,0.001666,-0.000368,0.000009,3900,3900,3873,3873,0,0,0,0.000000,0.000000,0.000000,0.000000,0.000000,0.000000,0.000000,0.000000,0,0,0.000000,0.000000,0.000000,0.000000,0.000000,0.000000,0.000000,0.000000,0.000000,0.000000,0.000000,0.000000,0,0.000000,0.000000,0.000000,0.000000,0.000000,0.000000,0.000000,0.000000,0.000000,0.000000,0.000000,0.000000,0.000000,0.000000,0.000000,0.000000,0.000000,0.000000,0.000000,0.000000,0.000000,0.000000,0.000000,0.000000,0.000000,0.000000,0.000000,0.000000,0.000000,0.000000,0.000000,0.000000,0,0,0,0,0,0,0,0,0,0,0,0,3887,0,19,0
6.626014,9770,13,1,1,2,60,0,0,0,0,0,0,-0.017346,-0.001360,-1.445624,0.002727,-0.002728,-0.553581,-0.000674,0.000001,1.570543,0.001614,-0.000207,0.000009,3895,3895,3870,3870,0,0,0,0.000000,0.000000,0.000000,0.000000,0.000000,0.000000,0.000000,0.000000,0,0,0.000000,0.000000,0.000000,0.000000,0.000000,0.000000,0.000000,0.000000,0.000000,0.000000,0.000000,0.000000,0,0.000000,0.000000,0.000000,0.000000,0.000000,0.000000,0.000000,0.000000,0.000000,0.000000,0.000000,0.000000,0.000000,0.000000,0.000000,0.000000,0.000000,0.000000,0.000000,0.000000,0.000000,0.000000,0.000000,0.000000,0.000000,0.000000,0.000000,0.000000,0.000000,0.000000,0.000000,0.000000,0,0,0,0,0,0,0,0,0,0,0,0,3883,0,18,0
6.635784,9770,13,1,1,2,60,0,0,0,0,0,0,-0.017319,-0.001387,-1.451109,0.002786,-0.002728,-0.544373,-0.000658,-0.000001,1.570543,0.001582,-0.000126,0.000009,3890,3890,3865,3865,0,0,0,0.000000,0.000000,0.000000,0.000000,0.000000,0.000000,0.000000,0.000000,0,0,0.000000,0.000000,0.000000,0.000000,0.000000,0.000000,0.000000,0.000000,0.000000,0.000000,0.000000,0.000000,0,0.000000,0.000000,0.000000,0.000000,0.000000,0.000000,0.000000,0.000000,0.000000,0.000000,0.000000,0.000000,0.000000,0.000000,0.000000,0.000000,0.000000,0.000000,0.000000,0.000000,0.000000,0.000000,0.000000,0.000000,0.000000,0.000000,0.000000,0.000000,0.000000,0.000000,0.000000,0.000000,0,0,0,0,0,0,0,0,0,0,0,0,3878,0,18,0
6.645554,9770,13,1,1,2,60,0,0,0,0,0,0,-0.017291,-0.001414,-1.456502,0.002844,-0.002728,-0.535151,-0.000642,-0.000002,1.570543,0.001516,-0.000176,-0.000121,3893,3895,3869,3869,0,0,0,0.000000,0.000000,0.000000,0.000000,0.000000,0.000000,0.000000,0.000000,0,0,0.000000,0.000000,0.000000,0.000000,0.000000,0.000000,0.000000,0.000000,0.000000,0.000000,0.000000,0.000000,0,0.000000,0.000000,0.000000,0.000000,0.000000,0.000000,0.000000,0.000000,0.000000,0.000000,0.000000,0.000000,0.000000,0.000000,0.000000,0.000000,0.000000,0.000000,0.000000,0.000000,0.000000,0.000000,0.000000,0.000000,0.000000,0.000000,0.000000,0.000000,0.000000,0.000000,0.000000,0.000000,0,0,0,0,0,0,0,0,0,0,0,0,3882,-1,18,-1
6.655324,9770,13,1,1,2,60,0,0,0,0,0,0,-0.017262,-0.001441,-1.461803,0.002900,-0.002727,-0.525942,-0.000628,-0.000005,1.570541,0.001332,-0.000274,-0.000188,3895,3897,3870,3868,0,0,0,0.000000,0.000000,0.000000,0.000000,0.000000,0.000000,0.000000,0.000000,0,0,0.000000,0.000000,0.000000,0.000000,0.000000,0.000000,0.000000,0.000000,0.000000,0.000000,0.000000,0.000000,0,0.000000,0.000000,0.000000,0.000000,0.000000,0.000000,0.000000,0.000000,0.000000,0.000000,0.000000,0.000000,0.000000,0.000000,0.000000,0.000000,0.000000,0.000000,0.000000,0.000000,0.000000,0.000000,0.000000,0.000000,0.000000,0.000000,0.000000,0.000000,0.000000,0.000000,0.000000,0.000000,0,0,0,0,0,0,0,0,0,0,0,0,3883,-1,19,0
6.665094,9770,13,1,1,2,60,0,0,0,0,0,0,-0.017232,-0.001469,-1.467012,0.002955,-0.002727,-0.516765,-0.000617,-0.000007,1.570539,0.000976,-0.000255,-0.000126,3897,3899,3872,3870,0,0,0,0.000000,0.000000,0.000000,0.000000,0.000000,0.000000,0.000000,0.000000,0,0,0.000000,0.000000,0.000000,0.000000,0.000000,0.000000,0.000000,0.000000,0.000000,0.000000,0.000000,0.000000,0,0.000000,0.000000,0.000000,0.000000,0.000000,0.000000,0.000000,0.000000,0.000000,0.000000,0.000000,0.000000,0.000000,0.000000,0.000000,0.000000,0.000000,0.000000,0.000000,0.000000,0.000000,0.000000,0.000000,0.000000,0.000000,0.000000,0.000000,0.000000,0.000000,0.000000,0.000000,0.000000,0,0,0,0,0,0,0,0,0,0,0,0,3885,-1,19,0
6.674864,9770,13,1,1,2,60,0,0,0,0,0,0,-0.017203,-0.001496,-1.472129,0.003010,-0.002726,-0.507621,-0.000609,-0.000009,1.570538,0.000588,-0.000150,-0.000088,3902,3902,3875,3875,0,0,0,0.000000,0.000000,0.000000,0.000000,0.000000,0.000000,0.000000,0.000000,0,0,0.000000,0.000000,0.000000,0.000000,0.000000,0.000000,0.000000,0.000000,0.000000,0.000000,0.000000,0.000000,0,0.000000,0.000000,0.000000,0.000000,0.000000,0.000000,0.000000,0.000000,0.000000,0.000000,0.000000,0.000000,0.000000,0.000000,0.000000,0.000000,0.000000,0.000000,0.000000,0.000000,0.000000,0.000000,0.000000,0.000000,0.000000,0.000000,0.000000,0.000000,0.000000,0.000000,0.000000,0.000000,0,0,0,0,0,0,0,0,0,0,0,0,3889,0,19,0
6.684634,9770,13,1,1,2,60,0,0,0,0,0,0,-0.017172,-0.001523,-1.477155,0.003064,-0.002725,-0.498522,-0.000605,-0.000010,1.570537,0.000345,0.000000,-0.000065,3894,3894,3869,3869,0,0,0,0.000000,0.000000,0.000000,0.000000,0.000000,0.000000,0.000000,0.000000,0,0,0.000000,0.000000,0.000000,0.000000,0.000000,0.000000,0.000000,0.000000,0.000000,0.000000,0.000000,0.000000,0,0.000000,0.000000,0.000000,0.000000,0.000000,0.000000,0.000000,0.000000,0.000000,0.000000,0.000000,0.000000,0.000000,0.000000,0.000000,0.000000,0.000000,0.000000,0.000000,0.000000,0.000000,0.000000,0.000000,0.000000,0.000000,0.000000,0.000000,0.000000,0.000000,0.000000,0.000000,0.000000,0,0,0,0,0,0,0,0,0,0,0,0,3882,0,18,0
6.694404,9770,13,1,1,2,60,0,0,0,0,0,0,-0.017141,-0.001550,-1.482090,0.003118,-0.002724,-0.489432,-0.000602,-0.000010,1.570537,0.000195,0.000033,-0.000051,3898,3898,3873,3873,0,0,0,0.000000,0.000000,0.000000,0.000000,0.000000,0.000000,0.000000,0.000000,0,0,0.000000,0.000000,0.000000,0.000000,0.000000,0.000000,0.000000,0.000000,0.000000,0.000000,0.000000,0.000000,0,0.000000,0.000000,0.000000,0.000000,0.000000,0.000000,0.000000,0.000000,0.000000,0.000000,0.000000,0.000000,0.000000,0.000000,0.000000,0.000000,0.000000,0.000000,0.000000,0.000000,0.000000,0.000000,0.000000,0.000000,0.000000,0.000000,0.000000,0.000000,0.000000,0.000000,0.000000,0.000000,0,0,0,0,0,0,0,0,0,0,0,0,3886,0,18,0
6.704174,9770,13,1,1,2,60,0,0,0,0,0,0,-0.017110,-0.001578,-1.486935,0.003171,-0.002723,-0.480334,-0.000601,-0.000010,1.570536,0.000104,-0.000067,-0.000042,3901,3901,3874,3874,0,0,0,0.000000,0.000000,0.000000,0.000000,0.000000,0.000000,0.000000,0.000000,0,0,0.000000,0.000000,0.000000,0.000000,0.000000,0.000000,0.000000,0.000000,0.000000,0.000000,0.000000,0.000000,0,0.000000,0.000000,0.000000,0.000000,0.000000,0.000000,0.000000,0.000000,0.000000,0.000000,0.000000,0.000000,0.000000,0.000000,0.000000,0.000000,0.000000,0.000000,0.000000,0.000000,0.000000,0.000000,0.000000,0.000000,0.000000,0.000000,0.000000,0.000000,0.000000,0.000000,0.000000,0.000000,0,0,0,0,0,0,0,0,0,0,0,0,3888,0,19,0
6.713944,9770,13,1,1,2,60,0,0,0,0,0,0,-0.017078,-0.001605,-1.491688,0.003224,-0.002723,-0.471248,-0.000600,-0.000011,1.570536,0.000048,-0.000134,-0.000037,3905,3905,3878,3878,0,0,0,0.000000,0.000000,0.000000,0.000000,0.000000,0.000000,0.000000,0.000000,0,0,0.000000,0.000000,0.000000,0.000000,0.000000,0.000000,0.000000,0.000000,0.000000,0.000000,0.000000,0.000000,0,0.000000,0.000000,0.000000,0.000000,0.000000,0.000000,0.000000,0.000000,0.000000,0.000000,0.000000,0.000000,0.000000,0.000000,0.000000,0.000000,0.000000,0.000000,0.000000,0.000000,0.000000,0.000000,0.000000,0.000000,0.000000,0.000000,0.000000,0.000000,0.000000,0.000000,0.000000,0.000000,0,0,0,0,0,0,0,0,0,0,0,0,3892,0,19,0
6.723714,9770,13,1,1,2,60,0,0,0,0,0,0,-0.017045,-0.001632,-1.496351,0.003278,-0.002721,-0.462197,-0.000600,-0.000012,1.570536,0.000014,-0.000086,-0.000034,3909,3909,3882,3882,0,0,0,0.000000,0.000000,0.000000,0.000000,0.000000,0.000000,0.000000,0.000000,0,0,0.000000,0.000000,0.000000,0.000000,0.000000,0.000000,0.000000,0.000000,0.000000,0.000000,0.000000,0.000000,0,0.000000,0.000000,0.000000,0.000000,0.000000,0.000000,0.000000,0.000000,0.000000,0.000000,0.000000,0.000000,0.000000,0.000000,0.000000,0.000000,0.000000,0.000000,0.000000,0.000000,0.000000,0.000000,0.000000,0.000000,0.000000,0.000000,0.000000,0.000000,0.000000,0.000000,0.000000,0.000000,0,0,0,0,0,0,0,0,0,0,0,0,3896,0,19,0
6.733484,9770,13,1,1,2,60,0,0,0,0,0,0,-0.017012,-0.001659,-1.500923,0.003331,-0.002720,-0.453196,-0.000600,-0.000013,1.570535,-0.000007,0.000032,-0.000032,3912,3912,3885,3885,0,0,0,0.000000,0.000000,0.000000,0.000000,0.000000,0.000000,0.000000,0.000000,0,0,0.000000,0.000000,0.000000,0.000000,0.000000,0.000000,0.000000,0.000000,0.000000,0.000000,0.000000,0.000000,0,0.000000,0.000000,0.000000,0.000000,0.000000,0.000000,0.000000,0.000000,0.000000,0.000000,0.000000,0.000000,0.000000,0.000000,0.000000,0.000000,0.000000,0.000000,0.000000,0.000000,0.000000,0.000000,0.000000,0.000000,0.000000,0.000000,0.000000,0.000000,0.000000,0.000000,0.000000,0.000000,0,0,0,0,0,0,0,0,0,0,0,0,3899,0,19,0
6.743254,9770,13,1,1,2,60,0,0,0,0,0,0,-0.016979,-0.001687,-1.505406,0.003384,-0.002719,-0.444252,-0.000600,-0.000011,1.570535,-0.000020,0.000146,-0.000031,3914,3914,3889,3889,0,0,0,0.000000,0.000000,0.000000,0.000000,0.000000,0.000000,0.000000,0.000000,0,0,0.000000,0.000000,0.000000,0.000000,0.000000,0.000000,0.000000,0.000000,0.000000,0.000000,0.000000,0.000000,0,0.000000,0.000000,0.000000,0.000000,0.000000,0.000000,0.000000,0.000000,0.000000,0.000000,0.000000,0.000000,0.000000,0.000000,0.000000,0.000000,0.000000,0.000000,0.000000,0.000000,0.000000,0.000000,0.000000,0.000000,0.000000,0.000000,0.000000,0.000000,0.000000,0.000000,0.000000,0.000000,0,0,0,0,0,0,0,0,0,0,0,0,3902,0,18,0
6.753024,9770,13,1,1,2,60,0,0,0,0,0,0,-0.016944,-0.001714,-1.509799,0.003438,-0.002718,-0.435342,-0.000600,-0.000010,1.570535,-0.000028,0.000102,-0.000030,3908,3908,3883,3883,0,0,0,0.000000,0.000000,0.000000,0.000000,0.000000,0.000000,0.000000,0.000000,0,0,0.000000,0.000000,0.000000,0.000000,0.000000,0.000000,0.000000,0.000000,0.000000,0.000000,0.000000,0.000000,0,0.000000,0.000000,0.000000,0.000000,0.000000,0.000000,0.000000,0.000000,0.000000,0.000000,0.000000,0.000000,0.000000,0.000000,0.000000,0.000000,0.000000,0.000000,0.000000,0.000000,0.000000,0.000000,0.000000,0.000000,0.000000,0.000000,0.000000,0.000000,0.000000,0.000000,0.000000,0.000000,0,0,0,0,0,0,0,0,0,0,0,0,3896,0,18,0
6.762794,9770,13,1,1,2,60,0,0,0,0,0,0,-0.016910,-0.001741,-1.514104,0.003491,-0.002717,-0.426425,-0.000600,-0.000010,1.570534,-0.000033,-0.000045,-0.000029,3906,3906,3879,3879,0,0,0,0.000000,0.000000,0.000000,0.000000,0.000000,0.000000,0.000000,0.000000,0,0,0.000000,0.000000,0.000000,0.000000,0.000000,0.000000,0.000000,0.000000,0.000000,0.000000,0.000000,0.000000,0,0.000000,0.000000,0.000000,0.000000,0.000000,0.000000,0.000000,0.000000,0.000000,0.000000,0.000000,0.000000,0.000000,0.000000,0.000000,0.000000,0.000000,0.000000,0.000000,0.000000,0.000000,0.000000,0.000000,0.000000,0.000000,0.000000,0.000000,0.000000,0.000000,0.000000,0.000000,0.000000,0,0,0,0,0,0,0,0,0,0,0,0,3893,0,19,0
6.772564,9770,13,1,1,2,60,0,0,0,0,0,0,-0.016875,-0.001768,-1.518319,0.003545,-0.002717,-0.417513,-0.000601,-0.000011,1.570534,-0.000036,-0.000109,-0.000029,3909,3909,3882,3882,0,0,0,0.000000,0.000000,0.000000,0.000000,0.000000,0.000000,0.000000,0.000000,0,0,0.000000,0.000000,0.000000,0.000000,0.000000,0.000000,0.000000,0.000000,0.000000,0.000000,0.000000,0.000000,0,0.000000,0.000000,0.000000,0.000000,0.000000,0.000000,0.000000,0.000000,0.000000,0.000000,0.000000,0.000000,0.000000,0.000000,0.000000,0.000000,0.000000,0.000000,0.000000,0.000000,0.000000,0.000000,0.000000,0.000000,0.000000,0.000000,0.000000,0.000000,0.000000,0.000000,0.000000,0.000000,0,0,0,0,0,0,0,0,0,0,0,0,3896,0,19,0
6.782334,9770,13,1,1,2,60,0,0,0,0,0,0,-0.016839,-0.001795,-1.522445,0.003598,-0.002716,-0.408629,-0.000601,-0.000012,1.570534,-0.000038,-0.000063,-0.000029,3913,3913,3886,3886,0,0,0,0.000000,0.000000,0.000000,0.000000,0.000000,0.000000,0.000000,0.000000,0,0,0.000000,0.000000,0.000000,0.000000,0.000000,0.000000,0.000000,0.000000,0.000000,0.000000,0.000000,0.000000,0,0.000000,0.000000,0.000000,0.000000,0.000000,0.000000,0.000000,0.000000,0.000000,0.000000,0.000000,0.000000,0.000000,0.000000,0.000000,0.000000,0.000000,0.000000,0.000000,0.000000,0.000000,0.000000,0.000000,0.000000,0.000000,0.000000,0.000000,0.000000,0.000000,0.000000,0.000000,0.000000,0,0,0,0,0,0,0,0,0,0,0,0,3900,0,19,0
6.792104,9770,13,1,1,2,60,0,0,0,0,0,0,-0.016803,-0.001822,-1.526483,0.003652,-0.002715,-0.399787,-0.000601,-0.000012,1.570533,-0.000039,0.000048,-0.000029,3916,3916,3889,3889,0,0,0,0.000000,0.000000,0.000000,0.000000,0.000000,0.000000,0.000000,0.000000,0,0,0.000000,0.000000,0.000000,0.000000,0.000000,0.000000,0.000000,0.000000,0.000000,0.000000,0.000000,0.000000,0,0.000000,0.000000,0.000000,0.000000,0.000000,0.000000,0.000000,0.000000,0.000000,0.000000,0.000000,0.000000,0.000000,0.000000,0.000000,0.000000,0.000000,0.000000,0.000000,0.000000,0.000000,0.000000,0.000000,0.000000,0.000000,0.000000,0.000000,0.000000,0.000000,0.000000,0.000000,0.000000,0,0,0,0,0,0,0,0,0,0,0,0,3903,0,19,0
6.801874,9770,13,1,1,2,60,0,0,0,0,0,0,-0.016766,-0.001850,-1.530432,0.003706,-0.002714,-0.391000,-0.000602,-0.000011,1.570533,-0.000040,0.000177,-0.000029,3918,3918,3893,3893,0,0,0,0.000000,0.000000,0.000000,0.000000,0.000000,0.000000,0.000000,0.000000,0,0,0.000000,0.000000,0.000000,0.000000,0.000000,0.000000,0.000000,0.000000,0.000000,0.000000,0.000000,0.000000,0,0.000000,0.000000,0.000000,0.000000,0.000000,0.000000,0.000000,0.000000,0.000000,0.000000,0.000000,0.000000,0.000000,0.000000,0.000000,0.000000,0.000000,0.000000,0.000000,0.000000,0.000000,0.000000,0.000000,0.000000,0.000000,0.000000,0.000000,0.000000,0.000000,0.000000,0.000000,0.000000,0,0,0,0,0,0,0,0,0,0,0,0,3906,0,18,0
6.811644,9770,13,1,1,2,60,0,0,0,0,0,0,-0.016728,-0.001877,-1.534294,0.003759,-0.002713,-0.382277,-0.000602,-0.000009,1.570533,-0.000041,0.000154,-0.000029,3916,3916,3891,3891,0,0,0,0.000000,0.000000,0.000000,0.000000,0.000000,0.000000,0.000000,0.000000,0,0,0.000000,0.000000,0.000000,0.000000,0.000000,0.000000,0.000000,0.000000,0.000000,0.000000,0.000000,0.000000,0,0.000000,0.000000,0.000000,0.000000,0.000000,0.000000,0.000000,0.000000,0.000000,0.000000,0.000000,0.000000,0.000000,0.000000,0.000000,0.000000,0.000000,0.000000,0.000000,0.000000,0.000000,0.000000,0.000000,0.000000,0.000000,0.000000,0.000000,0.000000,0.000000,0.000000,0.000000,0.000000,0,0,0,0,0,0,0,0,0,0,0,0,3904,0,18,0
6.821414,9770,13,1,1,2,60,0,0,0,0,0,0,-0.016691,-0.001904,-1.538069,0.003813,-0.002712,-0.373563,-0.000603,-0.000008,1.570533,-0.000041,0.000012,-0.000029,3919,3919,3892,3892,0,0,0,0.000000,0.000000,0.000000,0.000000,0.000000,0.000000,0.000000,0.000000,0,0,0.000000,0.000000,0.000000,0.000000,0.000000,0.000000,0.000000,0.000000,0.000000,0.000000,0.000000,0.000000,0,0.000000,0.000000,0.000000,0.000000,0.000000,0.000000,0.000000,0.000000,0.000000,0.000000,0.000000,0.000000,0.000000,0.000000,0.000000,0.000000,0.000000,0.000000,0.000000,0.000000,0.000000,0.000000,0.000000,0.000000,0.000000,0.000000,0.000000,0.000000,0.000000,0.000000,0.000000,0.000000,0,0,0,0,0,0,0,0,0,0,0,0,3906,0,19,0
6.831184,9770,13,1,1,2,60,0,0,0,0,0,0,-0.016652,-0.001931,-1.541757,0.003867,-0.002711,-0.364855,-0.000603,-0.000008,1.570532,-0.000042,-0.000054,-0.000029,3922,3922,3895,3895,0,0,0,0.000000,0.000000,0.000000,0.000000,0.000000,0.000000,0.000000,0.000000,0,0,0.000000,0.000000,0.000000,0.000000,0.000000,0.000000,0.000000,0.000000,0.000000,0.000000,0.000000,0.000000,0,0.000000,0.000000,0.000000,0.000000,0.000000,0.000000,0.000000,0.000000,0.000000,0.000000,0.000000,0.000000,0.000000,0.000000,0.000000,0.000000,0.000000,0.000000,0.000000,0.000000,0.000000,0.000000,0.000000,0.000000,0.000000,0.000000,0.000000,0.000000,0.000000,0.000000,0.000000,0.000000,0,0,0,0,0,0,0,0,0,0,0,0,3909,0,19,0
6.840954,9770,13,1,1,2,60,0,0,0,0,0,0,-0.016613,-0.001958,-1.545358,0.003921,-0.002711,-0.356184,-0.000603,-0.000009,1.570532,-0.000042,-0.000017,-0.000029,3925,3925,3898,3898,0,0,0,0.000000,0.000000,0.000000,0.000000,0.000000,0.000000,0.000000,0.000000,0,0,0.000000,0.000000,0.000000,0.000000,0.000000,0.000000,0.000000,0.000000,0.000000,0.000000,0.000000,0.000000,0,0.000000,0.000000,0.000000,0.000000,0.000000,0.000000,0.000000,0.000000,0.000000,0.000000,0.000000,0.000000,0.000000,0.000000,0.000000,0.000000,0.000000,0.000000,0.000000,0.000000,0.000000,0.000000,0.000000,0.000000,0.000000,0.000000,0.000000,0.000000,0.000000,0.000000,0.000000,0.000000,0,0,0,0,0,0,0,0,0,0,0,0,3912,0,19,0
6.850724,9770,13,1,1,2,60,0,0,0,0,0,0,-0.016574,-0.001985,-1.548872,0.003975,-0.002710,-0.347564,-0.000604,-0.000008,1.570532,-0.000042,0.000081,-0.000029,3928,3928,3901,3901,0,0,0,0.000000,0.000000,0.000000,0.000000,0.000000,0.000000,0.000000,0.000000,0,0,0.000000,0.000000,0.000000,0.000000,0.000000,0.000000,0.000000,0.000000,0.000000,0.000000,0.000000,0.000000,0,0.000000,0.000000,0.000000,0.000000,0.000000,0.000000,0.000000,0.000000,0.000000,0.000000,0.000000,0.000000,0.000000,0.000000,0.000000,0.000000,0.000000,0.000000,0.000000,0.000000,0.000000,0.000000,0.000000,0.000000,0.000000,0.000000,0.000000,0.000000,0.000000,0.000000,0.000000,0.000000,0,0,0,0,0,0,0,0,0,0,0,0,3915,0,19,0
6.860494,9770,13,1,1,2,60,0,0,0,0,0,0,-0.016534,-0.002012,-1.552301,0.004029,-0.002709,-0.339008,-0.000604,-0.000007,1.570531,-0.000042,0.000171,-0.000029,3933,3933,3908,3908,0,0,0,0.000000,0.000000,0.000000,0.000000,0.000000,0.000000,0.000000,0.000000,0,0,0.000000,0.000000,0.000000,0.000000,0.000000,0.000000,0.000000,0.000000,0.000000,0.000000,0.000000,0.000000,0,0.000000,0.000000,0.000000,0.000000,0.000000,0.000000,0.000000,0.000000,0.000000,0.000000,0.000000,0.000000,0.000000,0.000000,0.000000,0.000000,0.000000,0.000000,0.000000,0.000000,0.000000,0.000000,0.000000,0.000000,0.000000,0.000000,0.000000,0.000000,0.000000,0.000000,0.000000,0.000000,0,0,0,0,0,0,0,0,0,0,0,0,3921,0,18,0
6.870264,9770,13,1,1,2,60,0,0,0,0,0,0,-0.016493,-0.002039,-1.555644,0.004083,-0.002709,-0.330515,-0.000605,-0.000006,1.570531,-0.000042,0.000097,-0.000029,3928,3928,3903,3903,0,0,0,0.000000,0.000000,0.000000,0.000000,0.000000,0.000000,0.000000,0.000000,0,0,0.000000,0.000000,0.000000,0.000000,0.000000,0.000000,0.000000,0.000000,0.000000,0.000000,0.000000,0.000000,0,0.000000,0.000000,0.000000,0.000000,0.000000,0.000000,0.000000,0.000000,0.000000,0.000000,0.000000,0.000000,0.000000,0.000000,0.000000,0.000000,0.000000,0.000000,0.000000,0.000000,0.000000,0.000000,0.000000,0.000000,0.000000,0.000000,0.000000,0.000000,0.000000,0.000000,0.000000,0.000000,0,0,0,0,0,0,0,0,0,0,0,0,3916,0,18,0
6.880034,9770,19,1,1,2,60,0,0,0,0,0,0,-0.016452,-0.002066,-1.558903,0.004137,-0.002708,-0.322043,-0.000605,-0.000005,1.570531,-0.000043,-0.000045,-0.000029,7437,7437,7437,7437,1,0,2,1.470000,-1.530000,1.500000,1.472064,-1.513544,-0.058581,2.112160,7746.600098,7747,0,0.000000,0.000000,0.000000,0.000000,0.000000,0.000000,0.000000,0.000000,0.000000,0.000000,0.000000,0.000000,0,0.000000,0.000000,0.000000,0.000000,0.000000,0.000000,0.000000,0.000000,0.000000,0.000000,0.000000,0.000000,0.000000,0.000000,0.000000,0.000000,0.000000,0.000000,0.000000,0.000000,0.549320,0.549320,0.549320,0.549320,0.549320,0.549320,0.549320,0.549320,0.098640,0.098640,0.098640,0.098640,7747,7747,7747,7747,7747,7747,7747,7747,0,0,0,0,4191,0,27,0
6.889804,9770,19,1,1,2,60,0,0,0,0,0,0,-0.016410,-0.002093,-1.562111,0.004185,-0.002700,-0.319848,-0.000604,-0.000049,1.570531,0.000257,-0.007964,-0.000032,9600,9600,9600,9600,1,1,2,1.470000,-1.530000,1.500000,1.472091,-1.513586,-0.061791,2.112300,10000.000000,10000,0,0.000000,0.000000,0.000000,0.000000,0.000000,0.000000,0.000000,0.000000,0.000000,0.000000,0.000000,0.000000,0,-1.472091,-1.513585,-0.061791,-0.002701,-0.004180,-0.320067,-0.000604,-0.000042,-0.000266,-0.165321,-0.058433,-0.084822,0.098640,0.098640,0.098640,0.098640,1.530000,-1.470000,-0.000000,-1.570796,1.000000,1.000000,1.000000,1.000000,1.000000,1.000000,1.000000,1.000000,0.098640,0.098640,0.098640,0.098640,10000,10000,10000,10000,10000,10000,10000,10000,0,0,0,0,4195,0,36,-2
6.899574,9770,19,1,1,2,60,0,0,0,0,0,0,-0.016368,-0.002120,-1.565352,0.004239,-0.002681,-0.331028,-0.000600,-0.000177,1.570530,0.000573,-0.016851,-0.000035,9600,7932,7967,9600,1,2,2,1.470000,-1.530000,1.500000,1.472118,-1.513628,-0.065021,2.112446,9140.440430,9140,0,0.000000,0.000000,0.000000,0.000000,0.000000,0.000000,0.000000,0.000000,0.000000,0.000000,0.000000,0.000000,0,-1.472118,-1.513628,-0.065021,-0.002684,-0.004234,-0.328950,-0.000600,-0.000160,-0.000266,0.130786,-0.096572,0.171062,0.453298,0.453298,0.453298,0.453298,1.530000,-1.470000,-0.000000,-1.570796,1.000000,0.652544,0.659808,1.000000,1.000000,0.652544,0.659808,1.000000,0.453298,0.453298,0.453298,0.453298,10000,8263,8299,10000,10000,8263,8299,10000,9770,0,0,0,4194,0,48,-3
6.909344,9770,19,1,1,2,60,0,0,0,0,0,0,-0.016325,-0.002147,-1.568791,0.004280,-0.002640,-0.355127,0.000104,-0.000404,1.570530,0.169151,-0.028021,0.000059,8280,6665,7553,9600,1,3,2,1.470000,-1.530000,1.500000,1.472144,-1.513670,-0.068435,2.112603,8359.073242,8359,0,0.000000,0.000000,0.000000,0.000000,0.000000,0.000000,0.000000,0.000000,0.000000,0.000000,0.000000,0.000000,0,-1.472144,-1.513670,-0.068435,-0.002646,-0.004281,-0.352482,-0.000065,-0.000376,-0.000266,0.385206,-0.047532,0.002020,0.668408,0.394982,0.400698,0.668408,1.530000,-1.470000,-0.000000,-1.570796,0.725043,0.388533,0.573682,1.000000,0.725043,0.388533,0.573682,1.000000,0.668408,0.394982,0.400698,0.668408,8625,6943,7868,10000,8625,6943,7868,10000,9770,0,0,0,4170,-43,66,-5
6.919114,9770,19,1,1,2,60,0,0,0,0,0,0,-0.016283,-0.002173,-1.572476,0.004091,-0.002555,-0.378740,0.003840,-0.001122,1.570524,0.568274,-0.129194,-0.001389,7296,6868,7104,9600,1,4,2,1.470000,-1.530000,1.500000,1.472170,-1.513713,-0.072097,2.112773,8038.455566,8038,0,0.000000,0.000000,0.000000,0.000000,0.000000,0.000000,0.000000,0.000000,0.000000,0.000000,0.000000,0.000000,0,-1.472170,-1.513713,-0.072097,-0.002568,-0.004132,-0.376571,0.003271,-0.000992,-0.000271,0.889816,-0.227136,0.099023,0.582505,0.151851,0.301019,0.798879,1.530000,-1.470000,-0.000000,-1.570796,0.520020,0.430761,0.479984,1.000000,0.520020,0.430761,0.479984,1.000000,0.582505,0.151851,0.301019,0.798879,7600,7154,7400,10000,7600,7154,7400,10000,9770,0,0,0,4145,-177,177,-6
6.928884,9770,19,1,1,2,60,0,0,0,0,0,0,-0.016246,-0.002197,-1.576367,0.003237,-0.002311,-0.396754,0.012244,-0.003583,1.570452,1.069348,-0.358210,-0.009575,7059,7019,6872,9600,1,5,2,1.470000,-1.530000,1.500000,1.472195,-1.513750,-0.075970,2.112953,7955.458008,7955,0,0.000000,0.000000,0.000000,0.000000,0.000000,0.000000,0.000000,0.000000,0.000000,0.000000,0.000000,0.000000,0,-1.472195,-1.513750,-0.075970,-0.002348,-0.003367,-0.395203,0.011175,-0.003225,-0.000331,1.199393,-0.258925,-0.055445,0.369062,0.037616,0.166826,0.878014,1.530000,-1.470000,-0.000000,-1.570796,0.470545,0.462126,0.431696,1.000000,0.470545,0.462126,0.431696,1.000000,0.369062,0.037616,0.166826,0.878014,7353,7311,7158,10000,7353,7311,7158,10000,9770,0,0,0,4127,-378,473,-4
6.938654,9770,19,1,1,2,60,0,0,0,0,0,0,-0.016224,-0.002217,-1.580409,0.001222,-0.001670,-0.409607,0.025817,-0.008811,1.570169,1.593920,-0.666464,-0.026416,7151,7079,6475,9600,1,6,2,1.470000,-1.530000,1.500000,1.472216,-1.513775,-0.079999,2.113134,7891.952637,7892,0,0.000000,0.000000,0.000000,0.000000,0.000000,0.000000,0.000000,0.000000,0.000000,0.000000,0.000000,0.000000,0,-1.472216,-1.513775,-0.079999,-0.001760,-0.001490,-0.408504,0.024222,-0.008145,-0.000584,1.150289,-0.537517,0.003374,0.200668,-0.006990,0.047434,0.926012,1.530000,-1.470000,-0.000000,-1.570796,0.489817,0.474788,0.348956,1.000000,0.489817,0.474788,0.348956,1.000000,0.200668,-0.006990,0.047434,0.926012,7449,7374,6745,10000,7449,7374,6745,10000,9770,0,0,0,4117,-620,931,6
6.948424,9770,19,1,1,2,60,0,0,0,0,0,0,-0.016230,-0.002227,-1.584557,-0.002452,-0.000327,-0.418682,0.044757,-0.017275,1.569478,2.142624,-0.997088,-0.050331,6885,7578,6368,9501,1,7,2,1.470000,-1.530000,1.500000,1.472227,-1.513772,-0.084139,2.113300,7898.667969,7899,0,0.000000,0.000000,0.000000,0.000000,0.000000,0.000000,0.000000,0.000000,0.000000,0.000000,0.000000,0.000000,0,-1.472227,-1.513772,-0.084139,-0.000502,0.001996,-0.417910,0.042613,-0.016281,-0.001224,1.880593,-0.965301,-0.008964,0.113698,-0.024080,-0.090092,0.955124,1.530000,-1.470000,-0.000000,-1.570796,0.434344,0.578703,0.326567,0.979321,0.434344,0.578703,0.326567,0.979321,0.113698,-0.024080,-0.090092,0.955124,7172,7894,6633,9897,7172,7894,6633,9897,9770,0,0,0,4106,-900,1492,36
6.958194,9770,19,1,1,2,60,0,0,0,0,0,0,-0.016285,-0.002219,-1.588782,-0.008299,0.002036,-0.425169,0.069196,-0.028935,1.568145,2.678191,-1.310548,-0.080866,6372,8100,6538,8877,1,8,2,1.470000,-1.530000,1.500000,1.472221,-1.513723,-0.088356,2.113433,7783.145508,7783,0,0.000000,0.000000,0.000000,0.000000,0.000000,0.000000,0.000000,0.000000,0.000000,0.000000,0.000000,0.000000,0,-1.472221,-1.513723,-0.088356,0.001745,0.007602,-0.424608,0.066513,-0.027633,-0.002482,2.551300,-1.412779,0.017269,0.017294,0.047329,-0.191124,0.956508,1.530000,-1.470000,-0.000000,-1.570796,0.327639,0.687387,0.362015,0.849475,0.327639,0.687387,0.362015,0.849475,0.017294,0.047329,-0.191124,0.956508,6638,8437,6810,9247,6638,8437,6810,9247,9770,0,0,0,4110,-1207,2112,89
6.967964,9770,19,1,1,2,60,0,0,0,0,0,0,-0.016412,-0.002179,-1.593057,-0.016741,0.005688,-0.428969,0.098476,-0.043429,1.565918,3.092666,-1.580012,-0.116788,5881,8442,7088,8346,1,9,2,1.470000,-1.530000,1.500000,1.472185,-1.513605,-0.092628,2.113506,7749.392578,7749,0,0.000000,0.000000,0.000000,0.000000,0.000000,0.000000,0.000000,0.000000,0.000000,0.000000,0.000000,0.000000,0,-1.472185,-1.513605,-0.092628,0.005259,0.015772,-0.428718,0.095372,-0.041868,-0.004609,2.933546,-1.515580,-0.106572,-0.125148,0.176169,-0.224509,0.855167,1.530000,-1.470000,-0.000000,-1.570796,0.225291,0.758866,0.476579,0.738778,0.225291,0.758866,0.476579,0.738778,-0.125148,0.176169,-0.224509,0.855167,6126,8794,7383,8694,6126,8794,7383,8694,9770,0,0,0,4118,-1505,2748,174
6.977734,9770,19,1,1,2,60,0,0,0,0,0,0,-0.016639,-0.002095,-1.597354,-0.028040,0.010833,-0.429941,0.130857,-0.060228,1.562588,3.288987,-1.805370,-0.155174,5594,8613,7438,7768,1,10,2,1.470000,-1.530000,1.500000,1.472106,-1.513389,-0.096924,2.113489,7659.903809,7659,0,0.000000,0.000000,0.000000,0.000000,0.000000,0.000000,0.000000,0.000000,0.000000,0.000000,0.000000,0.000000,0,-1.472106,-1.513389,-0.096924,0.010246,0.026777,-0.429950,0.127545,-0.058457,-0.007821,3.255939,-1.791462,-0.185737,-0.292085,0.310563,-0.154603,0.706589,1.530000,-1.470000,-0.000000,-1.570796,0.165477,0.794332,0.549635,0.618479,0.165477,0.794332,0.549635,0.618479,-0.292085,0.310563,-0.154603,0.706589,5827,8972,7748,8092,5827,8972,7748,8092,9770,0,0,0,4129,-1753,3390,297
6.987504,9770,19,1,1,2,60,0,0,0,0,0,0,-0.016995,-0.001951,-1.601646,-0.042261,0.017633,-0.428327,0.163948,-0.078861,1.558024,3.230067,-1.989692,-0.193003,5552,8501,7548,7587,1,11,2,1.470000,-1.530000,1.500000,1.471969,-1.513047,-0.101218,2.113350,7600.795898,7600,0,0.000000,0.000000,0.000000,0.000000,0.000000,0.000000,0.000000,0.000000,0.000000,0.000000,0.000000,0.000000,0,-1.471969,-1.513047,-0.101218,0.016874,0.040710,-0.428593,0.160678,-0.076929,-0.012259,3.215658,-1.866378,-0.189498,-0.440408,0.419987,-0.054712,0.521804,1.530000,-1.470000,-0.000000,-1.570796,0.156577,0.770949,0.572472,0.580640,0.156577,0.770949,0.572472,0.580640,-0.440408,0.419987,-0.054712,0.521804,5783,8855,7862,7903,5783,8855,7862,7903,9770,0,0,0,4157,-1919,4035,463
6.997274,9770,19,1,1,2,60,0,0,0,0,0,0,-0.017509,-0.001729,-1.605910,-0.059246,0.026214,-0.424363,0.195444,-0.098897,1.552191,2.964572,-2.141964,-0.228456,5623,8298,7403,7430,1,12,2,1.470000,-1.530000,1.500000,1.471755,-1.512550,-0.105485,2.113054,7488.104004,7488,0,0.000000,0.000000,0.000000,0.000000,0.000000,0.000000,0.000000,0.000000,0.000000,0.000000,0.000000,0.000000,0,-1.471756,-1.512550,-0.105485,0.025272,0.057430,-0.424851,0.192417,-0.096839,-0.017966,3.205707,-2.040673,-0.244406,-0.537374,0.467955,0.023847,0.379949,1.530000,-1.470000,-0.000000,-1.570796,0.171469,0.728759,0.542264,0.547991,0.171469,0.728759,0.542264,0.547991,-0.537374,0.467955,0.023847,0.379949,5857,8644,7711,7740,5857,8644,7711,7740,9770,0,0,0,4190,-2001,4500,674
7.007044,9770,19,1,1,2,60,0,0,0,0,0,0,-0.018206,-0.001411,-1.610120,-0.078590,0.036636,-0.417914,0.223818,-0.120035,1.545120,2.580794,-2.269252,-0.260901,6301,7711,6791,8222,1,13,2,1.470000,-1.530000,1.500000,1.471448,-1.511872,-0.109702,2.112570,7558.610352,7558,0,0.000000,0.000000,0.000000,0.000000,0.000000,0.000000,0.000000,0.000000,0.000000,0.000000,0.000000,0.000000,0,-1.471448,-1.511872,-0.109702,0.035510,0.076562,-0.418670,0.221147,-0.117880,-0.024916,2.191416,-2.070409,-0.261538,-0.584467,0.463848,0.047723,0.268217,1.530000,-1.470000,-0.000000,-1.570796,0.312804,0.606353,0.414726,0.713005,0.312804,0.606353,0.414726,0.713005,-0.584467,0.463848,0.047723,0.268217,6564,8032,7074,8565,6564,8032,7074,8565,9770,0,0,0,4234,-2016,4500,932
7.016814,9770,19,1,1,2,60,0,0,0,0,0,0,-0.019108,-0.000979,-1.614254,-0.099928,0.049001,-0.409415,0.248780,-0.142079,1.536876,2.252775,-2.388897,-0.291467,6452,7522,6323,8253,1,14,2,1.470000,-1.530000,1.500000,1.471028,-1.510992,-0.113844,2.111866,7434.846680,7434,0,0.000000,0.000000,0.000000,0.000000,0.000000,0.000000,0.000000,0.000000,0.000000,0.000000,0.000000,0.000000,0,-1.471028,-1.510992,-0.113844,0.047673,0.097711,-0.410334,0.246404,-0.139835,-0.033044,2.142119,-2.376881,-0.393606,-0.501809,0.365031,-0.038159,0.330304,1.530000,-1.470000,-0.000000,-1.570796,0.344259,0.567082,0.317128,0.719408,0.344259,0.567082,0.317128,0.719408,-0.501809,0.365031,-0.038159,0.330304,6721,7835,6586,8597,6721,7835,6586,8597,9770,0,0,0,4279,-2013,4500,1242
7.026584,9770,19,1,1,2,60,0,0,0,0,0,0,-0.020232,-0.000411,-1.618291,-0.122855,0.063338,-0.398803,0.271657,-0.164975,1.527476,2.076888,-2.500526,-0.321550,6412,7605,6243,8355,1,15,2,1.470000,-1.530000,1.500000,1.470475,-1.509890,-0.117893,2.110915,7451.625000,7451,0,0.000000,0.000000,0.000000,0.000000,0.000000,0.000000,0.000000,0.000000,0.000000,0.000000,0.000000,0.000000,0,-1.470475,-1.509890,-0.117893,0.061816,0.120501,-0.399967,0.269419,-0.162651,-0.042329,1.956468,-2.227300,-0.381346,-0.426921,0.274192,-0.167054,0.373000,1.530000,-1.470000,-0.000000,-1.570796,0.335793,0.584378,0.300590,0.740538,0.335793,0.584378,0.300590,0.740538,-0.426921,0.274192,-0.167054,0.373000,6679,7922,6503,8703,6679,7922,6503,8703,9770,0,0,0,4327,-2044,4500,1606
7.036354,9770,19,1,1,2,60,0,0,0,0,0,0,-0.021594,0.000310,-1.622212,-0.147177,0.079714,-0.386247,0.293894,-0.188571,1.516930,2.020230,-2.599310,-0.352206,6579,7740,5837,8166,1,16,2,1.470000,-1.530000,1.500000,1.469769,-1.508554,-0.121825,2.109691,7375.317383,7375,0,0.000000,0.000000,0.000000,0.000000,0.000000,0.000000,0.000000,0.000000,0.000000,0.000000,0.000000,0.000000,0,-1.469769,-1.508554,-0.121825,0.077980,0.144681,-0.387572,0.291667,-0.186184,-0.052760,1.884147,-2.654183,-0.299104,-0.388162,0.232706,-0.258247,0.415525,1.530000,-1.470000,-0.000000,-1.570796,0.370583,0.612454,0.216072,0.701145,0.370583,0.612454,0.216072,0.701145,-0.388162,0.232706,-0.258247,0.415525,6853,8062,6080,8506,6853,8062,6080,8506,9770,0,0,0,4384,-2116,4500,2029
7.046124,9770,19,1,1,2,60,0,0,0,0,0,0,-0.023205,0.001207,-1.625996,-0.172798,0.098167,-0.371813,0.316499,-0.212617,1.505245,2.043391,-2.660734,-0.384041,6362,7980,6022,7915,1,17,2,1.470000,-1.530000,1.500000,1.468891,-1.506968,-0.125625,2.108168,7364.572266,7364,0,0.000000,0.000000,0.000000,0.000000,0.000000,0.000000,0.000000,0.000000,0.000000,0.000000,0.000000,0.000000,0,-1.468891,-1.506967,-0.125625,0.096228,0.170181,-0.373345,0.314200,-0.210206,-0.064334,2.070082,-2.516918,-0.324656,-0.337275,0.229638,-0.380068,0.410317,1.530000,-1.470000,-0.000000,-1.570796,0.325404,0.662478,0.254699,0.649077,0.325404,0.662478,0.254699,0.649077,-0.337275,0.229638,-0.380068,0.410317,6627,8312,6273,8245,6627,8312,6273,8245,9770,0,0,0,4452,-2224,4500,2516
7.055894,9770,19,1,1,2,60,0,0,0,0,0,0,-0.025080,0.002300,-1.629626,-0.199669,0.118692,-0.355468,0.339987,-0.236605,1.492510,2.078759,-2.673069,-0.416760,6456,8048,5943,7707,1,18,2,1.470000,-1.530000,1.500000,1.467818,-1.505120,-0.129271,2.106321,7331.629395,7331,0,0.000000,0.000000,0.000000,0.000000,0.000000,0.000000,0.000000,0.000000,0.000000,0.000000,0.000000,0.000000,0,-1.467819,-1.505120,-0.129271,0.116545,0.196924,-0.357181,0.337601,-0.234222,-0.076968,1.980681,-2.839628,-0.493501,-0.341964,0.267142,-0.423560,0.366185,1.530000,-1.470000,-0.000000,-1.570796,0.345020,0.676507,0.238219,0.605557,0.345020,0.676507,0.238219,0.605557,-0.341964,0.267142,-0.423560,0.366185,6725,8383,6191,8028,6725,8383,6191,8028,9770,0,0,0,4526,-2354,4500,3072
7.065664,9770,19,1,1,2,60,0,0,0,0,0,0,-0.027230,0.003610,-1.633082,-0.227782,0.141262,-0.337262,0.364200,-0.260042,1.478849,2.086525,-2.635372,-0.449544,6540,7982,5965,7754,1,19,2,1.470000,-1.530000,1.500000,1.466532,-1.502998,-0.132745,2.104124,7354.802734,7354,0,0.000000,0.000000,0.000000,0.000000,0.000000,0.000000,0.000000,0.000000,0.000000,0.000000,0.000000,0.000000,0,-1.466532,-1.502997,-0.132745,0.138915,0.224915,-0.339165,0.361755,-0.257738,-0.090544,1.745077,-2.792131,-0.565428,-0.329372,0.300931,-0.462908,0.305170,1.530000,-1.470000,-0.000000,-1.570796,0.362631,0.662955,0.242768,0.615488,0.362631,0.662955,0.242768,0.615488,-0.329372,0.300931,-0.462908,0.305170,6813,8315,6214,8077,6813,8315,6214,8077,9770,0,0,0,4609,-2487,4500,3699
7.075434,9770,19,1,1,2,60,0,0,0,0,0,0,-0.029669,0.005156,-1.636347,-0.257175,0.165868,-0.317403,0.388898,-0.282460,1.464435,2.080014,-2.558765,-0.481739,6297,8062,6093,7522,1,20,2,1.470000,-1.530000,1.500000,1.465010,-1.500589,-0.136029,2.101553,7284.593750,7284,0,0.000000,0.000000,0.000000,0.000000,0.000000,0.000000,0.000000,0.000000,0.000000,0.000000,0.000000,0.000000,0,-1.465010,-1.500588,-0.136029,0.163316,0.254176,-0.319456,0.386410,-0.280273,-0.104891,1.953282,-2.686351,-0.432780,-0.307875,0.310759,-0.483194,0.275977,1.530000,-1.470000,-0.000000,-1.570796,0.311753,0.679525,0.269452,0.566946,0.311753,0.679525,0.269452,0.566946,-0.307875,0.310759,-0.483194,0.275977,6559,8398,6347,7835,6559,8398,6347,7835,9770,0,0,0,4709,-2623,4500,4400
7.085204,9770,19,1,1,2,60,0,0,0,0,0,0,-0.032408,0.006959,-1.639403,-0.287739,0.192356,-0.295746,0.413867,-0.303576,1.449412,2.040946,-2.459691,-0.513164,6237,8052,6155,7553,1,21,2,1.470000,-1.530000,1.500000,1.463234,-1.497880,-0.139108,2.098582,7290.644043,7290,0,0.000000,0.000000,0.000000,0.000000,0.000000,0.000000,0.000000,0.000000,0.000000,0.000000,0.000000,0.000000,0,-1.463234,-1.497880,-0.139108,0.189628,0.284635,-0.297999,0.411371,-0.301529,-0.119859,1.837203,-2.482238,-0.376814,-0.334875,0.329760,-0.474499,0.220071,1.530000,-1.470000,-0.000000,-1.570796,0.299303,0.677383,0.282234,0.573595,0.299303,0.677383,0.282234,0.573595,-0.334875,0.329760,-0.474499,0.220071,6497,8387,6411,7868,6497,8387,6411,7868,9770,0,0,0,4814,-2757,4500,4500
7.094974,9770,19,1,1,2,60,0,0,0,0,0,0,-0.035458,0.009036,-1.642233,-0.319389,0.220595,-0.272277,0.438640,-0.323240,1.433905,1.959534,-2.351695,-0.543969,6366,7940,6085,7576,1,22,2,1.470000,-1.530000,1.500000,1.461184,-1.494861,-0.141961,2.095191,7283.279297,7283,0,0.000000,0.000000,0.000000,0.000000,0.000000,0.000000,0.000000,0.000000,0.000000,0.000000,0.000000,0.000000,0,-1.461185,-1.494861,-0.141961,0.217694,0.316175,-0.274698,0.436183,-0.321340,-0.135321,1.726859,-2.488667,-0.555298,-0.361048,0.339599,-0.459166,0.191395,1.530000,-1.470000,-0.000000,-1.570796,0.326266,0.654192,0.267795,0.578369,0.326266,0.654192,0.267795,0.578369,-0.361048,0.339599,-0.459166,0.191395,6631,8271,6339,7892,6631,8271,6339,7892,9770,0,0,0,4888,-2877,4500,4500
7.104744,9770,19,1,1,2,60,0,0,0,0,0,0,-0.038831,0.011405,-1.644819,-0.352077,0.250511,-0.247157,0.462901,-0.341419,1.418010,1.864910,-2.240985,-0.573943,6130,8043,6342,7384,1,23,2,1.470000,-1.530000,1.500000,1.458845,-1.491521,-0.144572,2.091355,7265.168457,7265,0,0.000000,0.000000,0.000000,0.000000,0.000000,0.000000,0.000000,0.000000,0.000000,0.000000,0.000000,0.000000,0,-1.458845,-1.491521,-0.144572,0.247447,0.348764,-0.249741,0.460501,-0.339669,-0.151182,1.945121,-2.130397,-0.437026,-0.355704,0.327317,-0.461229,0.177758,1.530000,-1.470000,-0.000000,-1.570796,0.277010,0.675629,0.321153,0.538343,0.277010,0.675629,0.321153,0.538343,-0.355704,0.327317,-0.461229,0.177758,6385,8378,6606,7692,6385,8378,6606,7692,9770,0,0,0,4907,-2992,4500,4500
7.114514,9770,19,1,1,2,60,0,0,0,0,0,0,-0.042536,0.014082,-1.647145,-0.385678,0.281970,-0.220397,0.486457,-0.358117,1.401816,1.740011,-2.131746,-0.602781,6293,7942,6311,7294,1,24,2,1.470000,-1.530000,1.500000,1.456200,-1.487850,-0.146924,2.087056,7250.068359,7250,0,0.000000,0.000000,0.000000,0.000000,0.000000,0.000000,0.000000,0.000000,0.000000,0.000000,0.000000,0.000000,0,-1.456200,-1.487850,-0.146924,0.278758,0.382280,-0.223145,0.484147,-0.356512,-0.167349,1.842277,-2.246343,-0.814118,-0.391225,0.336737,-0.420492,0.137990,1.530000,-1.470000,-0.000000,-1.570796,0.311056,0.654571,0.314812,0.519616,0.311056,0.654571,0.314812,0.519616,-0.391225,0.336737,-0.420492,0.137990,6555,8273,6574,7598,6555,8273,6574,7598,9770,0,0,0,4937,-3096,4500,4500
7.124284,9770,19,1,1,2,60,0,0,0,0,0,0,-0.046581,0.017082,-1.649194,-0.420037,0.314825,-0.191995,0.508876,-0.373365,1.385415,1.583227,-2.020663,-0.629869,6592,7816,6249,7605,1,25,2,1.470000,-1.530000,1.500000,1.453233,-1.483839,-0.149002,2.082274,7360.099609,7360,0,0.000000,0.000000,0.000000,0.000000,0.000000,0.000000,0.000000,0.000000,0.000000,0.000000,0.000000,0.000000,0,-1.453233,-1.483839,-0.149002,0.311480,0.416571,-0.194907,0.506694,-0.371906,-0.183735,1.413934,-2.011752,-0.673769,-0.385978,0.325879,-0.400773,0.099132,1.530000,-1.470000,-0.000000,-1.570796,0.373438,0.628443,0.301825,0.584373,0.373438,0.628443,0.301825,0.584373,-0.385978,0.325879,-0.400773,0.099132,6867,8142,6509,7922,6867,8142,6509,7922,9770,0,0,0,4968,-3186,4500,4500
7.134054,9770,19,1,1,2,60,0,0,0,0,0,0,-0.050974,0.020418,-1.650952,-0.455266,0.349210,-0.162514,0.530046,-0.387176,1.368921,1.446981,-1.909749,-0.655200,6619,7773,6229,7721,1,26,2,1.470000,-1.530000,1.500000,1.449932,-1.479481,-0.150790,2.076994,7381.177734,7381,0,0.000000,0.000000,0.000000,0.000000,0.000000,0.000000,0.000000,0.000000,0.000000,0.000000,0.000000,0.000000,0,-1.449932,-1.479481,-0.150790,0.345699,0.451700,-0.165495,0.527976,-0.385858,-0.200224,1.337605,-1.859636,-0.661901,-0.333704,0.298733,-0.399033,0.126523,1.530000,-1.470000,-0.000000,-1.570796,0.379073,0.619468,0.297884,0.608518,0.379073,0.619468,0.297884,0.608518,-0.333704,0.298733,-0.399033,0.126523,6895,8097,6489,8043,6895,8097,6489,8043,9770,0,0,0,4991,-3274,4500,4500
7.143824,9770,19,1,1,2,60,0,0,0,0,0,0,-0.055725,0.024106,-1.652412,-0.491420,0.385204,-0.132328,0.550313,-0.399621,1.352400,1.355733,-1.806545,-0.679482,6919,7717,6076,7962,1,27,2,1.470000,-1.530000,1.500000,1.446279,-1.474766,-0.152280,2.071195,7467.055664,7467,0,0.000000,0.000000,0.000000,0.000000,0.000000,0.000000,0.000000,0.000000,0.000000,0.000000,0.000000,0.000000,0,-1.446279,-1.474766,-0.152280,0.381536,0.487767,-0.135381,0.548316,-0.398435,-0.216744,0.995291,-1.874559,-0.800114,-0.297564,0.275205,-0.401078,0.162137,1.530000,-1.470000,-0.000000,-1.570796,0.441414,0.607754,0.265734,0.658742,0.441414,0.607754,0.265734,0.658742,-0.297564,0.275205,-0.401078,0.162137,7207,8039,6329,8294,7207,8039,6329,8294,9770,0,0,0,5023,-3375,4500,4500
7.153594,9770,19,1,1,2,60,0,0,0,0,0,0,-0.060843,0.028164,-1.653567,-0.528555,0.422862,-0.101694,0.570172,-0.410785,1.335885,1.328955,-1.707917,-0.703339,6604,7988,6348,7662,1,28,2,1.470000,-1.530000,1.500000,1.442259,-1.469686,-0.153465,2.064858,7448.300781,7448,0,0.000000,0.000000,0.000000,0.000000,0.000000,0.000000,0.000000,0.000000,0.000000,0.000000,0.000000,0.000000,0,-1.442259,-1.469686,-0.153465,0.419020,0.524796,-0.104773,0.568185,-0.409725,-0.233262,1.410598,-1.588984,-0.685861,-0.226585,0.251715,-0.427619,0.223261,1.530000,-1.470000,-0.000000,-1.570796,0.375801,0.664112,0.322480,0.596247,0.375801,0.664112,0.322480,0.596247,-0.226585,0.251715,-0.427619,0.223261,6879,8321,6612,7981,6879,8321,6612,7981,9770,0,0,0,5055,-3496,4500,4500
7.163364,9770,19,1,1,2,60,0,0,0,0,0,0,-0.066337,0.032607,-1.654413,-0.566575,0.462042,-0.070490,0.590048,-0.420681,1.319434,1.312963,-1.606664,-0.727041,6603,8158,6387,7475,1,29,2,1.470000,-1.530000,1.500000,1.437855,-1.464230,-0.154343,2.057964,7453.810059,7453,0,0.000000,0.000000,0.000000,0.000000,0.000000,0.000000,0.000000,0.000000,0.000000,0.000000,0.000000,0.000000,0,-1.437855,-1.464230,-0.154343,0.458064,0.562740,-0.073648,0.588066,-0.419749,-0.249722,1.416401,-1.600113,-0.647298,-0.235167,0.281819,-0.399061,0.211155,1.530000,-1.470000,-0.000000,-1.570796,0.375581,0.699671,0.330630,0.557167,0.375581,0.699671,0.330630,0.557167,-0.235167,0.281819,-0.399061,0.211155,6878,8498,6653,7786,6878,8498,6653,7786,9770,0,0,0,5086,-3630,4500,4500
7.173134,9770,19,1,1,2,60,0,0,0,0,0,0,-0.072215,0.037449,-1.654942,-0.605297,0.502495,-0.038441,0.609586,-0.429248,1.303164,1.250452,-1.489123,-0.750543,6415,8362,6638,6853,1,30,2,1.470000,-1.530000,1.500000,1.433053,-1.458390,-0.154904,2.050498,7361.651367,7361,0,0.000000,0.000000,0.000000,0.000000,0.000000,0.000000,0.000000,0.000000,0.000000,0.000000,0.000000,0.000000,0,-1.433054,-1.458390,-0.154904,0.498397,0.601396,-0.041687,0.607665,-0.428456,-0.266019,1.869876,-1.679228,-0.846539,-0.240547,0.328061,-0.375327,0.173059,1.530000,-1.470000,-0.000000,-1.570796,0.336374,0.742068,0.383086,0.427793,0.336374,0.742068,0.383086,0.427793,-0.240547,0.328061,-0.375327,0.173059,6682,8710,6915,7139,6682,8710,6915,7139,9770,0,0,0,5121,-3756,4500,4500
7.182904,9770,19,1,1,2,60,0,0,0,0,0,0,-0.078483,0.042701,-1.655145,-0.644364,0.543796,-0.005095,0.627967,-0.436295,1.287320,1.092404,-1.336195,-0.772739,6840,8200,6763,7422,1,31,2,1.470000,-1.530000,1.500000,1.427843,-1.452162,-0.155140,2.042444,7610.829102,7610,0,0.000000,0.000000,0.000000,0.000000,0.000000,0.000000,0.000000,0.000000,0.000000,0.000000,0.000000,0.000000,0,-1.427843,-1.452161,-0.155140,0.539638,0.640451,-0.008496,0.626218,-0.435667,-0.281921,1.175112,-1.313631,-0.682751,-0.274662,0.389472,-0.319652,0.048144,1.530000,-1.470000,-0.000000,-1.570796,0.425088,0.708482,0.408987,0.546106,0.425088,0.708482,0.408987,0.546106,-0.274662,0.389472,-0.319652,0.048144,7125,8542,7045,7731,7125,8542,7045,7731,9770,0,0,0,5162,-3854,4500,4500
7.192674,9770,19,1,1,2,60,0,0,0,0,0,0,-0.085144,0.048371,-1.655010,-0.684148,0.586324,0.028678,0.644175,-0.441634,1.272196,0.884182,-1.166796,-0.793011,7208,7953,6466,7701,1,32,2,1.470000,-1.530000,1.500000,1.422215,-1.445540,-0.155038,2.033794,7637.325195,7637,0,0.000000,0.000000,0.000000,0.000000,0.000000,0.000000,0.000000,0.000000,0.000000,0.000000,0.000000,0.000000,0,-1.422215,-1.445540,-0.155038,0.582001,0.680124,0.025313,0.642660,-0.441176,-0.297124,0.928549,-1.447128,-0.765933,-0.225542,0.400289,-0.265500,0.065483,1.530000,-1.470000,-0.000000,-1.570796,0.501500,0.656796,0.347099,0.604465,0.501500,0.656796,0.347099,0.604465,-0.225542,0.400289,-0.265500,0.065483,7508,8284,6735,8022,7508,8284,6735,8022,9770,0,0,0,5194,-3925,4500,4500
7.202444,9770,19,1,1,2,60,0,0,0,0,0,0,-0.092209,0.054475,-1.654538,-0.724837,0.630305,0.062252,0.658213,-0.445302,1.257918,0.727538,-0.997040,-0.811754,7047,8011,6888,7937,1,33,2,1.470000,-1.530000,1.500000,1.416155,-1.438516,-0.154600,2.024531,7782.269531,7782,0,0.000000,0.000000,0.000000,0.000000,0.000000,0.000000,0.000000,0.000000,0.000000,0.000000,0.000000,0.000000,0,-1.416155,-1.438516,-0.154600,0.625851,0.720737,0.058897,0.656889,-0.445009,-0.311491,0.913238,-0.936499,-0.800004,-0.135618,0.366176,-0.281358,0.121925,1.530000,-1.470000,-0.000000,-1.570796,0.468237,0.668957,0.435009,0.653613,0.468237,0.668957,0.435009,0.653613,-0.135618,0.366176,-0.281358,0.121925,7341,8345,7175,8268,7341,8345,7175,8268,9770,0,0,0,5230,-4000,4500,4500
7.212214,9770,19,1,1,2,60,0,0,0,0,0,0,-0.099685,0.061027,-1.653733,-0.766478,0.675771,0.095319,0.670678,-0.447424,1.244507,0.622122,-0.850109,-0.829418,7383,7997,6747,8179,1,34,2,1.470000,-1.530000,1.500000,1.409649,-1.431081,-0.153829,2.014638,7892.352539,7892,0,0.000000,0.000000,0.000000,0.000000,0.000000,0.000000,0.000000,0.000000,0.000000,0.000000,0.000000,0.000000,0,-1.409649,-1.431081,-0.153829,0.671157,0.762270,0.092042,0.669491,-0.447272,-0.324983,0.639345,-0.939512,-0.865232,-0.107252,0.355056,-0.221796,0.194835,1.530000,-1.470000,-0.000000,-1.570796,0.538294,0.665954,0.405608,0.704025,0.538294,0.665954,0.405608,0.704025,-0.107252,0.355056,-0.221796,0.194835,7691,8330,7028,8520,7691,8330,7028,8520,9770,0,0,0,5264,-4089,4500,4500
7.221984,9770,19,1,1,2,60,0,0,0,0,0,0,-0.107585,0.068043,-1.652602,-0.809244,0.722874,0.127464,0.682041,-0.448269,1.231821,0.567906,-0.727932,-0.846552,7440,8195,6779,8145,1,35,2,1.470000,-1.530000,1.500000,1.402680,-1.423225,-0.152730,2.004097,7957.680664,7957,0,0.000000,0.000000,0.000000,0.000000,0.000000,0.000000,0.000000,0.000000,0.000000,0.000000,0.000000,0.000000,0,-1.402681,-1.423225,-0.152730,0.718095,0.804920,0.124289,0.680936,-0.448237,-0.337737,0.748684,-0.831468,-0.750096,-0.034916,0.345948,-0.208807,0.278728,1.530000,-1.470000,-0.000000,-1.570796,0.549903,0.707243,0.412132,0.696866,0.549903,0.707243,0.412132,0.696866,-0.034916,0.345948,-0.208807,0.278728,7750,8536,7061,8484,7750,8536,7061,8484,9770,0,0,0,5315,-4193,4500,4500
7.231754,9770,19,1,1,2,60,0,0,0,0,0,0,-0.115917,0.075538,-1.651155,-0.853093,0.771506,0.158681,0.692836,-0.447954,1.219820,0.555946,-0.606771,-0.863795,7496,8346,7038,8143,1,36,2,1.470000,-1.530000,1.500000,1.395234,-1.414936,-0.151314,1.992892,8078.671387,8078,0,0.000000,0.000000,0.000000,0.000000,0.000000,0.000000,0.000000,0.000000,0.000000,0.000000,0.000000,0.000000,0,-1.395234,-1.414936,-0.151314,0.766584,0.848665,0.155592,0.691774,-0.448038,-0.349809,0.729117,-0.702715,-0.913663,0.018093,0.372916,-0.195794,0.323979,1.530000,-1.470000,-0.000000,-1.570796,0.561580,0.738706,0.466235,0.696416,0.561580,0.738706,0.466235,0.696416,0.018093,0.372916,-0.195794,0.323979,7808,8694,7331,8482,7808,8694,7331,8482,9770,0,0,0,5348,-4316,4500,4500
7.241524,9770,19,1,1,2,60,0,0,0,0,0,0,-0.124695,0.083527,-1.649401,-0.898076,0.821617,0.188897,0.703217,-0.446457,1.208572,0.546213,-0.479524,-0.880907,7555,8470,7408,8181,1,37,2,1.470000,-1.530000,1.500000,1.387295,-1.406203,-0.149590,1.981003,8233.116211,8233,0,0.000000,0.000000,0.000000,0.000000,0.000000,0.000000,0.000000,0.000000,0.000000,0.000000,0.000000,0.000000,0,-1.387295,-1.406203,-0.149590,0.816545,0.893528,0.185918,0.702201,-0.446660,-0.361135,0.711145,-0.466090,-0.921076,0.059434,0.414032,-0.145326,0.351070,1.530000,-1.470000,-0.000000,-1.570796,0.574065,0.764565,0.543458,0.704405,0.574065,0.764565,0.543458,0.704405,0.059434,0.414032,-0.145326,0.351070,7870,8823,7717,8522,7870,8823,7717,8522,9770,0,0,0,5381,-4447,4500,4500
7.251294,9770,19,1,1,2,60,0,0,0,0,0,0,-0.133929,0.092026,-1.647352,-0.944420,0.873333,0.217788,0.713002,-0.443786,1.198127,0.508627,-0.354919,-0.896924,7776,8606,7304,7984,1,38,2,1.470000,-1.530000,1.500000,1.378847,-1.397015,-0.147570,1.968413,8247.640625,8247,0,0.000000,0.000000,0.000000,0.000000,0.000000,0.000000,0.000000,0.000000,0.000000,0.000000,0.000000,0.000000,0,-1.378847,-1.397015,-0.147570,0.868093,0.939725,0.214958,0.712060,-0.444104,-0.371661,0.784841,-0.674620,-0.923055,0.094333,0.459319,-0.053946,0.373789,1.530000,-1.470000,-0.000000,-1.570796,0.620091,0.793001,0.521653,0.663368,0.620091,0.793001,0.521653,0.663368,0.094333,0.459319,-0.053946,0.373789,8100,8965,7608,8317,8100,8965,7608,8317,9770,0,0,0,5418,-4500,4500,4500
7.261064,9770,19,1,1,2,60,0,0,0,0,0,0,-0.143634,0.101050,-1.645021,-0.991961,0.926356,0.245560,0.721822,-0.439940,1.188552,0.438685,-0.212028,-0.911536,7909,8609,7782,8459,1,39,2,1.470000,-1.530000,1.500000,1.369876,-1.387358,-0.145267,1.955102,8531.069336,8531,0,0.000000,0.000000,0.000000,0.000000,0.000000,0.000000,0.000000,0.000000,0.000000,0.000000,0.000000,0.000000,0,-1.369876,-1.387358,-0.145267,0.921012,0.987165,0.242818,0.720995,-0.440383,-0.381333,0.466009,-0.159673,-0.758928,0.151720,0.509165,-0.015681,0.355275,1.530000,-1.470000,-0.000000,-1.570796,0.647804,0.793612,0.621176,0.762263,0.647804,0.793612,0.621176,0.762263,0.151720,0.509165,-0.015681,0.355275,8239,8968,8106,8811,8239,8968,8106,8811,9770,0,0,0,5450,-4500,4500,4500
7.270834,9770,19,1,1,2,60,0,0,0,0,0,0,-0.153822,0.110613,-1.642420,-1.041072,0.980995,0.271593,0.729373,-0.434828,1.180000,0.354350,-0.069978,-0.924537,8156,8582,7771,8536,1,40,2,1.470000,-1.530000,1.500000,1.360368,-1.377219,-0.142692,1.941055,8605.857422,8605,0,0.000000,0.000000,0.000000,0.000000,0.000000,0.000000,0.000000,0.000000,0.000000,0.000000,0.000000,0.000000,0,-1.360368,-1.377219,-0.142692,0.975450,1.036080,0.269086,0.728676,-0.435392,-0.389985,0.444175,-0.280599,-0.958395,0.208336,0.539879,0.085848,0.421870,1.530000,-1.470000,-0.000000,-1.570796,0.699293,0.787962,0.618988,0.778443,0.699293,0.787962,0.618988,0.778443,0.208336,0.539879,0.085848,0.421870,8496,8940,8095,8892,8496,8940,8095,8892,9770,0,0,0,5475,-4500,4500,4500
7.280604,9770,19,1,1,2,60,0,0,0,0,0,0,-0.164511,0.120731,-1.639571,-1.091922,1.037323,0.295537,0.735688,-0.428601,1.172383,0.282080,0.056610,-0.935697,8594,8383,8012,9166,1,41,2,1.470000,-1.530000,1.500000,1.350306,-1.366581,-0.139867,1.926248,8894.664062,8894,0,0.000000,0.000000,0.000000,0.000000,0.000000,0.000000,0.000000,0.000000,0.000000,0.000000,0.000000,0.000000,0,-1.350306,-1.366581,-0.139867,1.031632,1.086772,0.293221,0.735106,-0.429271,-0.397692,-0.149522,0.087796,-0.941307,0.283193,0.554062,0.145706,0.474995,1.530000,-1.470000,-0.000000,-1.570796,0.790344,0.746441,0.669251,0.909695,0.790344,0.746441,0.669251,0.909695,0.283193,0.554062,0.145706,0.474995,8952,8732,8346,9548,8952,8732,8346,9548,9770,0,0,0,5507,-4500,4500,4500
7.290374,9770,19,1,1,2,60,0,0,0,0,0,0,-0.175720,0.131423,-1.636496,-1.144853,1.095600,0.316829,0.741213,-0.421431,1.165582,0.278369,0.152582,-0.944607,8186,8863,8668,8811,1,42,2,1.470000,-1.530000,1.500000,1.339672,-1.355425,-0.136813,1.910659,8991.399414,8991,0,0.000000,0.000000,0.000000,0.000000,0.000000,0.000000,0.000000,0.000000,0.000000,0.000000,0.000000,0.000000,0,-1.339672,-1.355425,-0.136813,1.089680,1.139459,0.314830,0.740668,-0.422182,-0.404563,0.575009,0.207715,-1.058125,0.400248,0.529989,0.221565,0.610504,1.530000,-1.470000,-0.000000,-1.570796,0.705357,0.846328,0.805893,0.835542,0.705357,0.846328,0.805893,0.835542,0.400248,0.529989,0.221565,0.610504,8527,9232,9029,9178,8527,9232,9029,9178,9770,0,0,0,5532,-4500,4500,4500
7.300144,9770,19,1,1,2,60,0,0,0,0,0,0,-0.187470,0.142709,-1.633224,-1.199992,1.155810,0.335309,0.746503,-0.413647,1.159321,0.257993,0.206372,-0.950885,8693,8953,8594,9021,1,43,2,1.470000,-1.530000,1.500000,1.328447,-1.343730,-0.133560,1.894260,9182.583008,9182,0,0.000000,0.000000,0.000000,0.000000,0.000000,0.000000,0.000000,0.000000,0.000000,0.000000,0.000000,0.000000,0,-1.328447,-1.343730,-0.133560,1.149722,1.194394,0.333566,0.745999,-0.414444,-0.410866,0.219047,0.142814,-0.977187,0.404366,0.593994,0.375105,0.634340,1.530000,-1.470000,-0.000000,-1.570796,0.811077,0.865244,0.790321,0.879425,0.811077,0.865244,0.790321,0.879425,0.404366,0.593994,0.375105,0.634340,9055,9326,8952,9397,9055,9326,8952,9397,9770,0,0,0,5561,-4500,4500,4500
7.309914,9770,19,1,1,2,60,0,0,0,0,0,0,-0.199783,0.154607,-1.629782,-1.257311,1.217830,0.351008,0.751092,-0.405483,1.153406,0.194207,0.247633,-0.954983,9164,8941,8554,9300,1,44,2,1.470000,-1.530000,1.500000,1.316611,-1.331474,-0.130134,1.877025,9364.306641,9364,0,0.000000,0.000000,0.000000,0.000000,0.000000,0.000000,0.000000,0.000000,0.000000,0.000000,0.000000,0.000000,0,-1.316611,-1.331474,-0.130134,1.211553,1.251486,0.349559,0.750670,-0.406315,-0.416815,-0.011033,0.136841,-0.957354,0.490059,0.647700,0.455977,0.683330,1.530000,-1.470000,-0.000000,-1.570796,0.909176,0.862705,0.782021,0.937543,0.909176,0.862705,0.782021,0.937543,0.490059,0.647700,0.455977,0.683330,9546,9314,8910,9688,9546,9314,8910,9688,9770,0,0,0,5580,-4500,4500,4500
7.319684,9770,19,1,1,2,60,0,0,0,0,0,0,-0.212682,0.167135,-1.626200,-1.316956,1.281773,0.363646,0.754987,-0.396927,1.147877,0.165902,0.302107,-0.957461,8886,9232,9409,9381,1,45,2,1.470000,-1.530000,1.500000,1.304146,-1.318635,-0.126564,1.858928,9611.372070,9611,0,0.000000,0.000000,0.000000,0.000000,0.000000,0.000000,0.000000,0.000000,0.000000,0.000000,0.000000,0.000000,0,-1.304146,-1.318635,-0.126564,1.275302,1.310894,0.362511,0.754615,-0.397803,-0.422388,0.176378,0.473322,-0.996358,0.619232,0.678276,0.498498,0.758780,1.530000,-1.470000,-0.000000,-1.570796,0.851203,0.923310,0.960227,0.954357,0.851203,0.923310,0.960227,0.954357,0.619232,0.678276,0.498498,0.758780,9256,9617,9801,9772,9256,9617,9801,9772,9770,0,0,0,5604,-4500,4500,4500
7.329454,9770,19,1,1,2,60,0,0,0,0,0,0,-0.226192,0.180315,-1.622511,-1.379233,1.347870,0.372762,0.758405,-0.387995,1.142749,0.117575,0.334788,-0.957446,8940,9498,9600,9462,1,46,2,1.470000,-1.530000,1.500000,1.291033,-1.305187,-0.122883,1.839940,9765.815430,9765,0,0.000000,0.000000,0.000000,0.000000,0.000000,0.000000,0.000000,0.000000,0.000000,0.000000,0.000000,0.000000,0,-1.291033,-1.305187,-0.122883,1.341169,1.372890,0.372006,0.758097,-0.388897,-0.427545,0.206758,0.486456,-0.881227,0.651959,0.744514,0.664525,0.817775,1.530000,-1.470000,-0.000000,-1.570796,0.862545,0.978846,1.000000,0.971262,0.862545,0.978846,1.000000,0.971262,0.651959,0.744514,0.664525,0.817775,9313,9894,10000,9856,9313,9894,10000,9856,9770,0,0,0,5618,-4500,4500,4500
7.339224,9770,19,1,1,2,60,0,0,0,0,0,0,-0.240340,0.194167,-1.618750,-1.444179,1.416108,0.378218,0.760806,-0.378981,1.137759,-0.011076,0.330952,-0.955166,9567,9111,9569,9600,1,47,2,1.470000,-1.530000,1.500000,1.277249,-1.291104,-0.119128,1.820029,9856.283203,9856,0,0.000000,0.000000,0.000000,0.000000,0.000000,0.000000,0.000000,0.000000,0.000000,0.000000,0.000000,0.000000,0,-1.277249,-1.291104,-0.119128,1.409205,1.437581,0.377820,0.760632,-0.379880,-0.432539,-0.387274,0.485140,-1.107015,0.680734,0.828393,0.796524,0.866859,1.530000,-1.470000,-0.000000,-1.570796,0.993113,0.898236,0.993679,1.000000,0.993113,0.898236,0.993679,1.000000,0.680734,0.828393,0.796524,0.866859,9966,9491,9968,10000,9966,9491,9968,10000,9770,0,0,0,5640,-4500,4500,4500
7.348994,9770,19,1,1,2,60,0,0,0,0,0,0,-0.255149,0.208712,-1.614953,-1.511284,1.486028,0.380448,0.761777,-0.370088,1.132730,-0.140871,0.311548,-0.949355,9600,9446,9470,9600,1,48,2,1.470000,-1.530000,1.500000,1.262774,-1.276362,-0.115334,1.799167,9926.316406,9926,0,0.000000,0.000000,0.000000,0.000000,0.000000,0.000000,0.000000,0.000000,0.000000,0.000000,0.000000,0.000000,0,-1.262774,-1.276362,-0.115334,1.478981,1.504499,0.380348,0.761734,-0.370969,-0.437560,-0.179779,0.369169,-0.818178,0.800935,0.815833,0.871611,0.919246,1.530000,-1.470000,-0.000000,-1.570796,1.000000,0.968009,0.973043,1.000000,1.000000,0.968009,0.973043,1.000000,0.800935,0.815833,0.871611,0.919246,10000,9840,9865,10000,10000,9840,9865,10000,9770,0,0,0,5641,-4500,4500,4500
7.358764,9770,19,1,1,2,60,0,0,0,0,0,0,-0.270639,0.223962,-1.611149,-1.579932,1.557123,0.379977,0.761619,-0.361347,1.127674,-0.240291,0.306940,-0.941281,9459,9600,9600,9600,1,49,2,1.470000,-1.530000,1.500000,1.247595,-1.260941,-0.111529,1.777331,9963.190430,9963,0,0.000000,0.000000,0.000000,0.000000,0.000000,0.000000,0.000000,0.000000,0.000000,0.000000,0.000000,0.000000,0,-1.247595,-1.260941,-0.111529,1.549977,1.573017,0.380128,0.761681,-0.362219,-0.442621,0.085841,0.267129,-0.993573,0.879261,0.863122,0.900915,0.951020,1.530000,-1.470000,-0.000000,-1.570796,0.970552,1.000000,1.000000,1.000000,0.970552,1.000000,1.000000,1.000000,0.879261,0.863122,0.900915,0.951020,9853,10000,10000,10000,9853,10000,10000,10000,9770,0,0,0,5649,-4500,4500,4500
7.368534,9770,19,1,1,2,60,0,0,0,0,0,0,-0.286820,0.239928,-1.607363,-1.649542,1.628902,0.377322,0.760343,-0.352614,1.122744,-0.353407,0.320962,-0.933256,9600,9600,9600,9600,1,50,2,1.470000,-1.530000,1.500000,1.231701,-1.244829,-0.107740,1.754507,10000.000000,10000,0,0.000000,0.000000,0.000000,0.000000,0.000000,0.000000,0.000000,0.000000,0.000000,0.000000,0.000000,0.000000,0,-1.231701,-1.244829,-0.107740,1.621708,1.642554,0.377671,0.760529,-0.353489,-0.447568,-0.319265,0.216879,-1.033815,0.903594,0.916979,0.939902,0.970292,1.530000,-1.470000,-0.000000,-1.570796,1.000000,1.000000,1.000000,1.000000,1.000000,1.000000,1.000000,1.000000,0.903594,0.916979,0.939902,0.970292,10000,10000,10000,10000,10000,10000,10000,10000,9770,0,0,0,5653,-4500,4500,4500
7.378304,9770,19,1,1,2,60,0,0,0,0,0,0,-0.303701,0.256613,-1.603613,-1.719631,1.700941,0.372857,0.757701,-0.343787,1.118031,-0.484794,0.349689,-0.925248,9337,9600,9600,9600,1,51,2,1.470000,-1.530000,1.500000,1.215088,-1.228019,-0.103986,1.730688,9931.498047,9931,0,0.000000,0.000000,0.000000,0.000000,0.000000,0.000000,0.000000,0.000000,0.000000,0.000000,0.000000,0.000000,0,-1.215088,-1.228019,-0.103986,1.693737,1.712613,0.373376,0.758031,-0.344677,-0.452307,-0.009781,0.484314,-0.900062,0.941527,0.949645,0.963549,0.981981,1.530000,-1.470000,-0.000000,-1.570796,0.945198,1.000000,1.000000,1.000000,0.945198,1.000000,1.000000,1.000000,0.941527,0.949645,0.963549,0.981981,9726,10000,10000,10000,9726,10000,10000,10000,9770,0,0,0,5658,-4500,4500,4500
7.388074,9770,19,1,1,2,60,0,0,0,0,0,0,-0.321282,0.274017,-1.599914,-1.789477,1.772574,0.367253,0.753514,-0.334797,1.113594,-0.637542,0.380547,-0.917683,9525,9600,9600,9600,1,52,2,1.470000,-1.530000,1.500000,1.197755,-1.210508,-0.100282,1.705873,9980.605469,9980,0,0.000000,0.000000,0.000000,0.000000,0.000000,0.000000,0.000000,0.000000,0.000000,0.000000,0.000000,0.000000,0,-1.197755,-1.210508,-0.100282,1.765447,1.782522,0.367847,0.754009,-0.335703,-0.456769,-0.347321,0.154208,-1.060318,0.921409,0.969458,0.977891,0.989071,1.530000,-1.470000,-0.000000,-1.570796,0.984484,1.000000,1.000000,1.000000,0.984484,1.000000,1.000000,1.000000,0.921409,0.969458,0.977891,0.989071,9922,10000,10000,10000,9922,10000,10000,10000,9770,0,0,0,5657,-4500,4500,4500
7.397844,9770,19,1,1,2,60,0,0,0,0,0,0,-0.339558,0.292134,-1.596277,-1.858728,1.843515,0.360632,0.747584,-0.325655,1.109401,-0.804196,0.413500,-0.910431,9600,9395,9600,9600,1,53,2,1.470000,-1.530000,1.500000,1.179710,-1.192301,-0.096638,1.680070,9946.580078,9946,0,0.000000,0.000000,0.000000,0.000000,0.000000,0.000000,0.000000,0.000000,0.000000,0.000000,0.000000,0.000000,0,-1.179710,-1.192301,-0.096638,1.836452,1.851832,0.361348,0.748258,-0.326577,-0.460988,-1.333942,0.381636,-0.785411,0.940122,0.981475,0.986591,0.993371,1.530000,-1.470000,-0.000000,-1.570796,1.000000,0.957264,1.000000,1.000000,1.000000,0.957264,1.000000,1.000000,0.940122,0.981475,0.986591,0.993371,10000,9786,10000,10000,10000,9786,10000,10000,9770,0,0,0,5654,-4500,4500,4500
7.407614,9770,19,1,1,2,60,0,0,0,0,0,0,-0.358522,0.310955,-1.592712,-1.927107,1.913550,0.353005,0.739920,-0.316334,1.105464,-0.958061,0.448182,-0.902204,9367,9324,9600,9600,1,54,2,1.470000,-1.530000,1.500000,1.160959,-1.173405,-0.093065,1.653289,9867.350586,9867,0,0.000000,0.000000,0.000000,0.000000,0.000000,0.000000,0.000000,0.000000,0.000000,0.000000,0.000000,0.000000,0,-1.160959,-1.173405,-0.093065,1.906597,1.920319,0.353808,0.740759,-0.317274,-0.464950,-1.118709,0.486628,-1.017983,0.963682,0.955134,0.991867,0.995979,1.530000,-1.470000,-0.000000,-1.570796,0.951388,0.942493,1.000000,1.000000,0.951388,0.942493,1.000000,1.000000,0.963682,0.955134,0.991867,0.995979,9757,9712,10000,10000,9757,9712,10000,10000,9770,0,0,0,5647,-4500,4500,4500
7.417384,9770,19,1,1,2,60,0,0,0,0,0,0,-0.378163,0.330469,-1.589227,-1.994059,1.982177,0.344826,0.730688,-0.306901,1.101719,-1.103839,0.466917,-0.893011,8903,9600,9600,9600,1,55,2,1.470000,-1.530000,1.500000,1.141513,-1.153831,-0.089572,1.625546,9818.519531,9818,0,0.000000,0.000000,0.000000,0.000000,0.000000,0.000000,0.000000,0.000000,0.000000,0.000000,0.000000,0.000000,0,-1.141513,-1.153831,-0.089572,1.975386,1.987438,0.345663,0.731680,-0.307844,-0.468707,-0.706248,0.464268,-0.731121,0.939717,0.927532,0.995067,0.997561,1.530000,-1.470000,-0.000000,-1.570796,0.854815,1.000000,1.000000,1.000000,0.854815,1.000000,1.000000,1.000000,0.939717,0.927532,0.995067,0.997561,9274,10000,10000,10000,9274,10000,10000,10000,9770,0,0,0,5648,-4500,4500,4500
7.427154,9770,19,1,1,2,60,0,0,0,0,0,0,-0.398463,0.350660,-1.585825,-2.059188,2.049104,0.336338,0.719779,-0.297528,1.097985,-1.292578,0.459022,-0.885405,9260,9600,9600,9600,1,56,2,1.470000,-1.530000,1.500000,1.121389,-1.133596,-0.086161,1.596864,9911.515625,9911,0,0.000000,0.000000,0.000000,0.000000,0.000000,0.000000,0.000000,0.000000,0.000000,0.000000,0.000000,0.000000,0,-1.121389,-1.133596,-0.086161,2.042488,2.052762,0.337205,0.720961,-0.298457,-0.472432,-1.161807,0.316250,-0.893004,0.849185,0.956046,0.997008,0.998521,1.530000,-1.470000,-0.000000,-1.570796,0.929212,1.000000,1.000000,1.000000,0.929212,1.000000,1.000000,1.000000,0.849185,0.956046,0.997008,0.998521,9646,10000,10000,10000,9646,10000,10000,10000,9770,0,0,0,5648,-4500,4500,4500
7.436924,9770,19,1,1,2,60,0,0,0,0,0,0,-0.419406,0.371513,-1.582513,-2.122697,2.114687,0.326798,0.706747,-0.288345,1.094102,-1.517581,0.445888,-0.879417,9328,9354,9600,9600,1,57,2,1.470000,-1.530000,1.500000,1.100602,-1.112717,-0.082839,1.567267,9865.467773,9865,0,0.000000,0.000000,0.000000,0.000000,0.000000,0.000000,0.000000,0.000000,0.000000,0.000000,0.000000,0.000000,0,-1.100602,-1.112717,-0.082839,2.108178,2.116413,0.327824,0.708153,-0.289256,-0.476300,-1.510854,0.405678,-0.775254,0.852820,0.973341,0.998185,0.999103,1.530000,-1.470000,-0.000000,-1.570796,0.943476,0.948898,1.000000,1.000000,0.943476,0.948898,1.000000,1.000000,0.852820,0.973341,0.998185,0.999103,9717,9744,10000,10000,9717,9744,10000,10000,9770,0,0,0,5643,-4500,4500,4500
7.446694,9770,19,1,1,2,60,0,0,0,0,0,0,-0.440974,0.393015,-1.579304,-2.184462,2.178960,0.315876,0.691484,-0.279344,1.090066,-1.736159,0.433214,-0.872849,9012,9023,9600,9600,1,58,2,1.470000,-1.530000,1.500000,1.079164,-1.091210,-0.079620,1.536774,9696.330078,9696,0,0.000000,0.000000,0.000000,0.000000,0.000000,0.000000,0.000000,0.000000,0.000000,0.000000,0.000000,0.000000,0,-1.079164,-1.091210,-0.079620,2.172599,2.178375,0.317027,0.693107,-0.280235,-0.480319,-1.709339,0.772293,-0.951321,0.866250,0.943616,0.998899,0.999456,1.530000,-1.470000,-0.000000,-1.570796,0.877319,0.879746,1.000000,1.000000,0.877319,0.879746,1.000000,1.000000,0.866250,0.943616,0.998899,0.999456,9387,9399,10000,10000,9387,9399,10000,10000,9770,0,0,0,5642,-4500,4500,4500
7.456464,9770,19,1,1,2,60,0,0,0,0,0,0,-0.463147,0.415149,-1.576208,-2.243659,2.241247,0.304411,0.674160,-0.270665,1.085772,-1.939576,0.388279,-0.864469,8958,8914,9600,9600,1,59,2,1.470000,-1.530000,1.500000,1.057093,-1.069097,-0.076512,1.505413,9653.974609,9654,0,0.000000,0.000000,0.000000,0.000000,0.000000,0.000000,0.000000,0.000000,0.000000,0.000000,0.000000,0.000000,0,-1.057093,-1.069097,-0.076512,2.235119,2.237871,0.305568,0.675979,-0.271508,-0.484575,-1.877699,0.423977,-0.869673,0.822334,0.871169,0.999332,0.999670,1.530000,-1.470000,-0.000000,-1.570796,0.866146,0.857034,1.000000,1.000000,0.866146,0.857034,1.000000,1.000000,0.822334,0.871169,0.999332,0.999670,9331,9285,10000,10000,9331,9285,10000,10000,9770,0,0,0,5626,-4500,4500,4500
7.466234,9770,19,1,1,2,60,0,0,0,0,0,0,-0.485895,0.437893,-1.573228,-2.299870,2.301318,0.292683,0.654964,-0.262673,1.080954,-2.132690,0.298723,-0.854112,8903,8773,9535,9600,1,60,2,1.470000,-1.530000,1.500000,1.034408,-1.046405,-0.073521,1.473217,9586.037109,9586,0,0.000000,0.000000,0.000000,0.000000,0.000000,0.000000,0.000000,0.000000,0.000000,0.000000,0.000000,0.000000,0,-1.034408,-1.046405,-0.073521,2.295403,2.294383,0.293881,0.656963,-0.263431,-0.489330,-2.098513,0.337636,-0.872293,0.786906,0.809354,0.999595,0.999800,1.530000,-1.470000,-0.000000,-1.570796,0.854775,0.827735,0.986320,1.000000,0.854775,0.827735,0.986320,1.000000,0.786906,0.809354,0.999595,0.999800,9274,9139,9932,10000,9274,9139,9932,10000,9770,0,0,0,5624,-4500,4500,4500
7.476004,9770,19,1,1,2,60,0,0,0,0,0,0,-0.509188,0.461227,-1.570368,-2.352947,2.359279,0.280540,0.634059,-0.255725,1.075391,-2.312683,0.173016,-0.842077,8873,8663,9206,9600,1,61,2,1.470000,-1.530000,1.500000,1.011132,-1.023165,-0.070648,1.440224,9464.470703,9464,0,0.000000,0.000000,0.000000,0.000000,0.000000,0.000000,0.000000,0.000000,0.000000,0.000000,0.000000,0.000000,0,-1.011132,-1.023165,-0.070648,2.353572,2.347784,0.281779,0.636221,-0.256364,-0.494811,-2.411430,0.159819,-0.821402,0.756468,0.748806,0.988989,0.999879,1.530000,-1.470000,-0.000000,-1.570796,0.848682,0.804890,0.918005,1.000000,0.848682,0.804890,0.918005,1.000000,0.756468,0.748806,0.988989,0.999879,9243,9024,9590,10000,9243,9024,9590,10000,9770,0,0,0,5620,-4500,4500,4500
7.485774,9770,19,1,1,2,60,0,0,0,0,0,0,-0.532993,0.485128,-1.567630,-2.402518,2.415041,0.268294,0.611693,-0.250080,1.068960,-2.460411,0.030651,-0.829938,8735,8811,9227,9600,1,62,2,1.470000,-1.530000,1.500000,0.987287,-0.999409,-0.067898,1.406472,9472.111328,9472,0,0.000000,0.000000,0.000000,0.000000,0.000000,0.000000,0.000000,0.000000,0.000000,0.000000,0.000000,0.000000,0,-0.987287,-0.999409,-0.067898,2.409561,2.397724,0.269521,0.613985,-0.250582,-0.501153,-2.415908,0.060634,-0.964927,0.733212,0.694103,0.928796,0.999926,1.530000,-1.470000,-0.000000,-1.570796,0.819747,0.835681,0.922261,1.000000,0.819747,0.835681,0.922261,1.000000,0.733212,0.694103,0.928796,0.999926,9099,9178,9611,10000,9099,9178,9611,10000,9770,0,0,0,5613,-4500,4500,4500
7.495544,9770,19,1,1,2,60,0,0,0,0,0,0,-0.557274,0.509576,-1.565015,-2.448547,2.468880,0.255671,0.588154,-0.245841,1.061659,-2.593127,-0.116474,-0.819123,8678,8996,9211,9600,1,63,2,1.470000,-1.530000,1.500000,0.962893,-0.975174,-0.065271,1.372001,9501.555664,9501,0,0.000000,0.000000,0.000000,0.000000,0.000000,0.000000,0.000000,0.000000,0.000000,0.000000,0.000000,0.000000,0,-0.962893,-0.975174,-0.065271,2.463568,2.444099,0.256970,0.590560,-0.246200,-0.508369,-2.398838,-0.169800,-1.104346,0.696337,0.685156,0.895637,0.999955,1.530000,-1.470000,-0.000000,-1.570796,0.808069,0.874127,0.919048,1.000000,0.808069,0.874127,0.919048,1.000000,0.696337,0.685156,0.895637,0.999955,9040,9371,9595,10000,9040,9371,9595,10000,9770,0,0,0,5602,-4500,4500,4500
7.505314,9770,19,1,1,2,60,0,0,0,0,0,0,-0.581997,0.534554,-1.562533,-2.491207,2.521305,0.241925,0.563387,-0.243058,1.053521,-2.743236,-0.260874,-0.810393,8556,9269,9271,9600,1,64,2,1.470000,-1.530000,1.500000,0.937967,-0.950494,-0.062775,1.336848,9555.900391,9556,0,0.000000,0.000000,0.000000,0.000000,0.000000,0.000000,0.000000,0.000000,0.000000,0.000000,0.000000,0.000000,0,-0.937967,-0.950494,-0.062775,2.516116,2.487092,0.243365,0.565926,-0.243271,-0.516426,-2.316321,-0.236033,-0.828542,0.664782,0.709983,0.872996,0.999973,1.530000,-1.470000,-0.000000,-1.570796,0.782322,0.930994,0.931405,1.000000,0.782322,0.930994,0.931405,1.000000,0.664782,0.709983,0.872996,0.999973,8912,9655,9657,10000,8912,9655,9657,10000,9770,0,0,0,5591,-4500,4500,4500
7.515084,9770,19,1,1,2,60,0,0,0,0,0,0,-0.607129,0.560051,-1.560198,-2.530550,2.572738,0.226360,0.537057,-0.241701,1.044631,-2.939342,-0.395524,-0.804471,8708,8877,9010,9600,1,65,2,1.470000,-1.530000,1.500000,0.912522,-0.925402,-0.060424,1.301044,9425.847656,9425,0,0.000000,0.000000,0.000000,0.000000,0.000000,0.000000,0.000000,0.000000,0.000000,0.000000,0.000000,0.000000,0,-0.912522,-0.925402,-0.060424,2.567632,2.526768,0.228011,0.539776,-0.241774,-0.525245,-2.821535,-0.267684,-0.896853,0.625381,0.769792,0.868988,0.999984,1.530000,-1.470000,-0.000000,-1.570796,0.814170,0.849411,0.877097,1.000000,0.814170,0.849411,0.877097,1.000000,0.625381,0.769792,0.868988,0.999984,9071,9247,9385,10000,9071,9247,9385,10000,9770,0,0,0,5578,-4500,4500,4500
7.524854,9770,19,1,1,2,60,0,0,0,0,0,0,-0.632633,0.586056,-1.558026,-2.566112,2.622948,0.209448,0.508810,-0.241723,1.035086,-3.141632,-0.520316,-0.800278,8789,8700,8603,9600,1,66,2,1.470000,-1.530000,1.500000,0.886567,-0.899933,-0.058236,1.264623,9294.445312,9294,0,0.000000,0.000000,0.000000,0.000000,0.000000,0.000000,0.000000,0.000000,0.000000,0.000000,0.000000,0.000000,0,-0.886567,-0.899933,-0.058236,2.617992,2.562741,0.211180,0.511717,-0.241660,-0.534730,-3.151181,-0.580755,-0.819167,0.626545,0.741868,0.823820,0.999990,1.530000,-1.470000,-0.000000,-1.570796,0.830923,0.812339,0.792294,1.000000,0.830923,0.812339,0.792294,1.000000,0.626545,0.741868,0.823820,0.999990,9155,9062,8961,10000,9155,9062,8961,10000,9770,0,0,0,5569,-4500,4500,4500
7.534624,9770,19,1,1,2,60,0,0,0,0,0,0,-0.658469,0.612553,-1.556027,-2.597297,2.671448,0.192222,0.478946,-0.243049,1.025009,-3.288576,-0.626273,-0.797692,8637,8952,8461,9600,1,67,2,1.470000,-1.530000,1.500000,0.860118,-0.874128,-0.056219,1.227625,9284.033203,9284,0,0.000000,0.000000,0.000000,0.000000,0.000000,0.000000,0.000000,0.000000,0.000000,0.000000,0.000000,0.000000,0,-0.860118,-0.874128,-0.056219,2.666678,2.594383,0.193950,0.481988,-0.242863,-0.544760,-3.050669,-0.870318,-0.687122,0.640434,0.695757,0.729689,0.999994,1.530000,-1.470000,-0.000000,-1.570796,0.799417,0.864921,0.762890,1.000000,0.799417,0.864921,0.762890,1.000000,0.640434,0.695757,0.729689,0.999994,8997,9325,8814,10000,8997,9325,8814,10000,9770,0,0,0,5552,-4500,4500,4500
7.544394,9770,19,1,1,2,60,0,0,0,0,0,0,-0.684593,0.639527,-1.554200,-2.623972,2.718281,0.174688,0.447979,-0.245486,1.014563,-3.396571,-0.703470,-0.798653,8580,8734,8548,9600,1,68,2,1.470000,-1.530000,1.500000,0.833192,-0.848031,-0.054375,1.190093,9235.121094,9235,0,0.000000,0.000000,0.000000,0.000000,0.000000,0.000000,0.000000,0.000000,0.000000,0.000000,0.000000,0.000000,0,-0.833192,-0.848031,-0.054375,2.713665,2.621505,0.176470,0.451119,-0.245200,-0.555176,-3.492397,-0.680276,-0.718164,0.624066,0.709169,0.649457,0.999997,1.530000,-1.470000,-0.000000,-1.570796,0.787691,0.819626,0.780779,1.000000,0.787691,0.819626,0.780779,1.000000,0.624066,0.709169,0.649457,0.999997,8938,9098,8904,10000,8938,9098,8904,10000,9770,0,0,0,5499,-4442,4500,4500
7.554164,9770,19,1,1,2,60,0,0,0,0,0,0,-0.710958,0.666960,-1.552552,-2.646134,2.763550,0.156651,0.416099,-0.248859,1.003872,-3.491144,-0.771526,-0.801804,8468,8722,8446,9600,1,69,2,1.470000,-1.530000,1.500000,0.805804,-0.821688,-0.052709,1.152072,9175.997070,9176,0,0.000000,0.000000,0.000000,0.000000,0.000000,0.000000,0.000000,0.000000,0.000000,0.000000,0.000000,0.000000,0,-0.805804,-0.821688,-0.052709,2.759092,2.644121,0.158480,0.419325,-0.248479,-0.565845,-3.606795,-0.891301,-0.742749,0.604910,0.681659,0.614872,0.999998,1.530000,-1.470000,-0.000000,-1.570796,0.764231,0.817018,0.759549,1.000000,0.764231,0.817018,0.759549,1.000000,0.604910,0.681659,0.614872,0.999998,8821,9085,8798,10000,8821,9085,8798,10000,9770,0,0,0,5410,-4379,4500,4500
7.563934,9770,19,1,1,2,60,0,0,0,0,0,0,-0.737520,0.694837,-1.551087,-2.663710,2.807196,0.138256,0.383409,-0.253207,0.992968,-3.579269,-0.845240,-0.805916,8229,8696,8676,9600,1,70,2,1.470000,-1.530000,1.500000,0.777970,-0.795144,-0.051225,1.113605,9166.904297,9167,0,0.000000,0.000000,0.000000,0.000000,0.000000,0.000000,0.000000,0.000000,0.000000,0.000000,0.000000,0.000000,0,-0.777971,-0.795144,-0.051225,2.802904,2.662160,0.140111,0.386713,-0.252726,-0.576729,-3.519753,-0.696121,-0.845437,0.574830,0.662921,0.577188,0.999999,1.530000,-1.470000,-0.000000,-1.570796,0.714374,0.811631,0.807518,1.000000,0.714374,0.811631,0.807518,1.000000,0.574830,0.662921,0.577188,0.999999,8572,9058,9038,10000,8572,9058,9038,10000,9770,0,0,0,5330,-4319,4500,4500
7.573704,9770,19,1,1,2,60,0,0,0,0,0,0,-0.764232,0.723141,-1.549807,-2.676664,2.849268,0.119417,0.349855,-0.258671,0.981853,-3.689371,-0.942158,-0.810011,8300,8665,8375,9600,1,71,2,1.470000,-1.530000,1.500000,0.749708,-0.768445,-0.049927,1.074738,9099.117188,9099,0,0.000000,0.000000,0.000000,0.000000,0.000000,0.000000,0.000000,0.000000,0.000000,0.000000,0.000000,0.000000,0,-0.749708,-0.768444,-0.049927,2.845129,2.675578,0.121329,0.353258,-0.258065,-0.587822,-3.762470,-1.017343,-0.786546,0.517351,0.647316,0.592080,0.999999,1.530000,-1.470000,-0.000000,-1.570796,0.729275,0.805196,0.744823,1.000000,0.729275,0.805196,0.744823,1.000000,0.517351,0.647316,0.592080,0.999999,8646,9026,8724,10000,8646,9026,8724,10000,9770,0,0,0,5255,-4251,4500,4500
7.583474,9770,19,1,1,2,60,0,0,0,0,0,0,-0.791048,0.751858,-1.548718,-2.684884,2.889723,0.100295,0.315218,-0.265502,0.970514,-3.812315,-1.053284,-0.814540,8416,8624,8236,9600,1,72,2,1.470000,-1.530000,1.500000,0.721032,-0.741637,-0.048819,1.035517,9082.152344,9082,0,0.000000,0.000000,0.000000,0.000000,0.000000,0.000000,0.000000,0.000000,0.000000,0.000000,0.000000,0.000000,0,-0.721032,-0.741637,-0.048819,2.885752,2.684278,0.102215,0.318731,-0.264755,-0.599140,-3.954656,-1.121013,-0.859161,0.494214,0.632787,0.551776,1.000000,1.530000,-1.470000,-0.000000,-1.570796,0.753340,0.796537,0.715845,1.000000,0.753340,0.796537,0.715845,1.000000,0.494214,0.632787,0.551776,1.000000,8767,8983,8579,10000,8767,8983,8579,10000,9770,0,0,0,5191,-4169,4500,4500
7.593244,9770,19,1,1,2,60,0,0,0,0,0,0,-0.817919,0.780970,-1.547821,-2.688241,2.928531,0.081016,0.279544,-0.273728,0.959029,-3.919870,-1.156183,-0.820421,8389,8674,8238,9600,1,73,2,1.470000,-1.530000,1.500000,0.691959,-0.714769,-0.047902,0.995990,9088.730469,9088,0,0.000000,0.000000,0.000000,0.000000,0.000000,0.000000,0.000000,0.000000,0.000000,0.000000,0.000000,0.000000,0,-0.691959,-0.714769,-0.047902,2.924723,2.688126,0.082954,0.283153,-0.272845,-0.610615,-3.963135,-1.154129,-0.808127,0.499119,0.617161,0.504526,1.000000,1.530000,-1.470000,-0.000000,-1.570796,0.747864,0.806915,0.716206,1.000000,0.747864,0.806915,0.716206,1.000000,0.499119,0.617161,0.504526,1.000000,8739,9035,8581,10000,8739,9035,8581,10000,9770,0,0,0,5129,-4084,4500,4500
7.603014,9770,19,1,1,2,60,0,0,0,0,0,0,-0.844797,0.810461,-1.547119,-2.686644,2.965765,0.061411,0.242976,-0.283263,0.947507,-4.016921,-1.247817,-0.827545,8162,8825,8461,9600,1,74,2,1.470000,-1.530000,1.500000,0.662504,-0.687890,-0.047180,0.956206,9127.261719,9127,0,0.000000,0.000000,0.000000,0.000000,0.000000,0.000000,0.000000,0.000000,0.000000,0.000000,0.000000,0.000000,0,-0.662505,-0.687890,-0.047180,2.962111,2.687029,0.063390,0.246672,-0.282253,-0.622138,-3.649504,-1.038644,-0.724947,0.497785,0.615850,0.476151,1.000000,1.530000,-1.470000,-0.000000,-1.570796,0.700342,0.838607,0.762861,1.000000,0.700342,0.838607,0.762861,1.000000,0.497785,0.615850,0.476151,1.000000,8502,9193,8814,10000,8502,9193,8814,10000,9770,0,0,0,5078,-3996,4500,4500
7.612784,9770,19,1,1,2,60,0,0,0,0,0,0,-0.871631,0.840317,-1.546615,-2.679972,3.001513,0.041206,0.205416,-0.294078,0.936037,-4.143641,-1.342795,-0.835377,8317,8567,8348,9600,1,75,2,1.470000,-1.530000,1.500000,0.632685,-0.661049,-0.046656,0.916216,9070.792969,9071,0,0.000000,0.000000,0.000000,0.000000,0.000000,0.000000,0.000000,0.000000,0.000000,0.000000,0.000000,0.000000,0,-0.632685,-0.661049,-0.046656,2.998005,2.680872,0.043257,0.209229,-0.292936,-0.633617,-4.035077,-1.024304,-0.959499,0.459579,0.639995,0.495655,1.000000,1.530000,-1.470000,-0.000000,-1.570796,0.732704,0.784752,0.739178,1.000000,0.732704,0.784752,0.739178,1.000000,0.459579,0.639995,0.495655,1.000000,8664,8924,8696,10000,8664,8924,8696,10000,9770,0,0,0,5030,-3894,4500,4500
7.622554,9770,19,1,1,2,60,0,0,0,0,0,0,-0.898370,0.870521,-1.546315,-2.668079,3.035605,0.020763,0.166538,-0.306278,0.924695,-4.286880,-1.446939,-0.842684,8446,8585,8038,9600,1,76,2,1.470000,-1.530000,1.500000,0.602515,-0.634298,-0.046336,0.876074,9028.494141,9028,0,0.000000,0.000000,0.000000,0.000000,0.000000,0.000000,0.000000,0.000000,0.000000,0.000000,0.000000,0.000000,0,-0.602515,-0.634298,-0.046336,3.032277,2.669507,0.022802,0.170486,-0.304993,-0.644976,-4.154119,-1.366005,-0.876913,0.461872,0.612259,0.488848,1.000000,1.530000,-1.470000,-0.000000,-1.570796,0.759676,0.788616,0.674503,1.000000,0.759676,0.788616,0.674503,1.000000,0.461872,0.612259,0.488848,1.000000,8798,8943,8373,10000,8798,8943,8373,10000,9770,0,0,0,4994,-3775,4500,4500
7.632324,9770,19,1,1,2,60,0,0,0,0,0,0,-0.924960,0.901056,-1.546219,-2.650843,3.067798,0.000727,0.126402,-0.319879,0.913591,-4.406448,-1.539583,-0.850497,8504,8570,7999,9600,1,77,2,1.470000,-1.530000,1.500000,0.572012,-0.607691,-0.046219,0.835836,9029.256836,9029,0,0.000000,0.000000,0.000000,0.000000,0.000000,0.000000,0.000000,0.000000,0.000000,0.000000,0.000000,0.000000,0,-0.572012,-0.607691,-0.046219,3.064667,2.652810,0.002703,0.130465,-0.318461,-0.656109,-4.247591,-1.359794,-0.833676,0.484489,0.598477,0.433825,1.000000,1.530000,-1.470000,-0.000000,-1.570796,0.771680,0.785312,0.666413,1.000000,0.771680,0.785312,0.666413,1.000000,0.484489,0.598477,0.433825,1.000000,8858,8927,8332,10000,8858,8927,8332,10000,9770,0,0,0,4971,-3650,4500,4500
7.642094,9770,19,1,1,2,60,0,0,0,0,0,0,-0.951348,0.931901,-1.546319,-2.628172,3.097996,-0.018688,0.085275,-0.334687,0.902848,-4.496327,-1.610398,-0.859620,8511,8646,7963,9600,1,78,2,1.470000,-1.530000,1.500000,0.541197,-0.581280,-0.046300,0.795565,9041.916016,9041,0,0.000000,0.000000,0.000000,0.000000,0.000000,0.000000,0.000000,0.000000,0.000000,0.000000,0.000000,0.000000,0,-0.541197,-0.581280,-0.046300,3.095067,2.630685,-0.016776,0.089425,-0.333158,-0.666894,-4.202514,-1.494352,-0.890706,0.507652,0.587518,0.394085,1.000000,1.530000,-1.470000,-0.000000,-1.570796,0.773244,0.801289,0.659000,1.000000,0.773244,0.801289,0.659000,1.000000,0.507652,0.587518,0.394085,1.000000,8866,9006,8295,10000,8866,9006,8295,10000,9770,0,0,0,4950,-3524,4500,4500
7.651864,9770,19,1,1,2,60,0,0,0,0,0,0,-0.977480,0.963038,-1.546609,-2.599994,3.126150,-0.037443,0.043354,-0.350495,0.892563,-4.569584,-1.661093,-0.870052,8546,8788,7896,9600,1,79,2,1.470000,-1.530000,1.500000,0.510088,-0.555120,-0.046572,0.755326,9070.003906,9070,0,0.000000,0.000000,0.000000,0.000000,0.000000,0.000000,0.000000,0.000000,0.000000,0.000000,0.000000,0.000000,0,-0.510088,-0.555120,-0.046572,3.123429,2.603060,-0.035601,0.047580,-0.348875,-0.677227,-4.085811,-1.720729,-0.961100,0.522933,0.593443,0.364147,1.000000,1.530000,-1.470000,-0.000000,-1.570796,0.780336,0.830746,0.644921,1.000000,0.780336,0.830746,0.644921,1.000000,0.522933,0.593443,0.364147,1.000000,8902,9154,8225,10000,8902,9154,8225,10000,9770,0,0,0,4946,-3396,4500,4500
7.661634,9770,19,1,1,2,60,0,0,0,0,0,0,-1.003299,0.994444,-1.547084,-2.566244,3.152201,-0.055515,0.000701,-0.367071,0.882809,-4.639157,-1.686807,-0.882521,8872,8393,7609,9600,1,80,2,1.470000,-1.530000,1.500000,0.478708,-0.529268,-0.047028,0.715190,8977.681641,8977,0,0.000000,0.000000,0.000000,0.000000,0.000000,0.000000,0.000000,0.000000,0.000000,0.000000,0.000000,0.000000,0,-0.478708,-0.529268,-0.047028,3.149694,2.569870,-0.053743,0.005000,-0.365387,-0.687037,-4.913478,-1.634120,-0.903835,0.537782,0.620218,0.334911,1.000000,1.530000,-1.470000,-0.000000,-1.570796,0.848452,0.748523,0.585171,1.000000,0.848452,0.748523,0.585171,1.000000,0.537782,0.620218,0.334911,1.000000,9242,8743,7926,10000,9242,8743,7926,10000,9770,0,0,0,4956,-3262,4500,4500
7.671404,9770,19,1,1,2,60,0,0,0,0,0,0,-1.028750,1.026099,-1.547732,-2.527107,3.175866,-0.072155,-0.042511,-0.384125,0.873624,-4.661849,-1.683100,-0.896071,8757,8360,7574,9600,1,81,2,1.470000,-1.530000,1.500000,0.447077,-0.503777,-0.047660,0.675234,8929.979492,8930,0,0.000000,0.000000,0.000000,0.000000,0.000000,0.000000,0.000000,0.000000,0.000000,0.000000,0.000000,0.000000,0,-0.447077,-0.503777,-0.047660,3.173615,2.531255,-0.070578,-0.038183,-0.382407,-0.696280,-4.801370,-1.755492,-0.969115,0.600392,0.571754,0.270158,1.000000,1.530000,-1.470000,-0.000000,-1.570796,0.824366,0.741698,0.577919,1.000000,0.824366,0.741698,0.577919,1.000000,0.600392,0.571754,0.270158,1.000000,9122,8708,7890,10000,9122,8708,7890,10000,9770,0,0,0,4971,-3131,4500,4500
7.681174,9770,19,1,1,2,60,0,0,0,0,0,0,-1.053782,1.057975,-1.548535,-2.482919,3.196896,-0.086589,-0.085676,-0.401384,0.865022,-4.625973,-1.660591,-0.909846,8532,8412,7727,9600,1,82,2,1.470000,-1.530000,1.500000,0.415222,-0.478701,-0.048448,0.635540,8924.804688,8924,0,0.000000,0.000000,0.000000,0.000000,0.000000,0.000000,0.000000,0.000000,0.000000,0.000000,0.000000,0.000000,0,-0.415222,-0.478701,-0.048448,3.194913,2.487557,-0.085253,-0.081376,-0.399654,-0.704940,-4.562634,-1.633945,-0.836231,0.619412,0.536988,0.225177,1.000000,1.530000,-1.470000,-0.000000,-1.570796,0.777662,0.752321,0.609860,1.000000,0.777662,0.752321,0.609860,1.000000,0.619412,0.536988,0.225177,1.000000,8888,8762,8049,10000,8888,8762,8049,10000,9770,0,0,0,5015,-3015,4500,4500
7.690944,9770,19,1,1,2,60,0,0,0,0,0,0,-1.078346,1.090047,-1.549469,-2.433931,3.215234,-0.098615,-0.128461,-0.418759,0.856998,-4.576728,-1.641305,-0.923594,8476,8393,7799,9600,1,83,2,1.470000,-1.530000,1.500000,0.383168,-0.454088,-0.049370,0.596197,8923.934570,8924,0,0.000000,0.000000,0.000000,0.000000,0.000000,0.000000,0.000000,0.000000,0.000000,0.000000,0.000000,0.000000,0,-0.383168,-0.454088,-0.049370,3.213521,2.439040,-0.097521,-0.124199,-0.417015,-0.713022,-4.449657,-1.576688,-0.993203,0.594196,0.524261,0.223030,1.000000,1.530000,-1.470000,-0.000000,-1.570796,0.765820,0.748563,0.624765,1.000000,0.765820,0.748563,0.624765,1.000000,0.594196,0.524261,0.223030,1.000000,8829,8743,8124,10000,8829,8743,8124,10000,9770,0,0,0,5057,-2904,4500,4500
7.700714,9770,19,1,1,2,60,0,0,0,0,0,0,-1.102394,1.122288,-1.550510,-2.380336,3.230881,-0.108244,-0.170926,-0.436339,0.849568,-4.538289,-1.636778,-0.936766,8713,8223,7474,9600,1,84,2,1.470000,-1.530000,1.500000,0.350943,-0.429986,-0.050402,0.557306,8856.664062,8856,0,0.000000,0.000000,0.000000,0.000000,0.000000,0.000000,0.000000,0.000000,0.000000,0.000000,0.000000,0.000000,0,-0.350943,-0.429986,-0.050402,3.229437,2.385898,-0.107388,-0.166690,-0.434568,-0.720513,-4.897980,-1.700754,-0.961220,0.569582,0.513584,0.233457,1.000000,1.530000,-1.470000,-0.000000,-1.570796,0.815135,0.713157,0.557039,1.000000,0.815135,0.713157,0.557039,1.000000,0.569582,0.513584,0.233457,1.000000,9076,8566,7785,10000,9076,8566,7785,10000,9770,0,0,0,5121,-2787,4500,4500
7.710484,9770,19,1,1,2,60,0,0,0,0,0,0,-1.125883,1.154670,-1.551633,-2.322458,3.243790,-0.115173,-0.213072,-0.454183,0.842758,-4.475513,-1.630362,-0.949790,8496,8292,7676,9600,1,85,2,1.470000,-1.530000,1.500000,0.318574,-0.406440,-0.051518,0.518977,8870.741211,8870,0,0.000000,0.000000,0.000000,0.000000,0.000000,0.000000,0.000000,0.000000,0.000000,0.000000,0.000000,0.000000,0,-0.318574,-0.406440,-0.051518,3.242623,2.328429,-0.114610,-0.208883,-0.452390,-0.727385,-4.467714,-1.557911,-0.825966,0.593461,0.479246,0.186485,1.000000,1.530000,-1.470000,-0.000000,-1.570796,0.769995,0.727430,0.599168,1.000000,0.769995,0.727430,0.599168,1.000000,0.593461,0.479246,0.186485,1.000000,8850,8637,7996,10000,8850,8637,7996,10000,9770,0,0,0,5209,-2671,4500,4500
7.720254,9770,19,1,1,2,60,0,0,0,0,0,0,-1.148770,1.187166,-1.552810,-2.260528,3.253979,-0.119336,-0.254620,-0.472222,0.836568,-4.395912,-1.625015,-0.962656,8553,8247,7585,9600,1,86,2,1.470000,-1.530000,1.500000,0.286088,-0.383491,-0.052690,0.481339,8850.301758,8850,0,0.000000,0.000000,0.000000,0.000000,0.000000,0.000000,0.000000,0.000000,0.000000,0.000000,0.000000,0.000000,0,-0.286088,-0.383491,-0.052690,3.253081,2.266900,-0.119039,-0.250492,-0.470408,-0.733638,-4.614367,-1.511419,-0.704852,0.572421,0.469650,0.191148,1.000000,1.530000,-1.470000,-0.000000,-1.570796,0.781790,0.718269,0.580183,1.000000,0.781790,0.718269,0.580183,1.000000,0.572421,0.469650,0.191148,1.000000,8909,8591,7901,10000,8909,8591,7901,10000,9770,0,0,0,5279,-2559,4500,4500
7.730024,9770,19,1,1,2,60,0,0,0,0,0,0,-1.171016,1.219749,-1.554013,-2.194734,3.261495,-0.120754,-0.295557,-0.490491,0.831021,-4.311308,-1.624367,-0.975291,8484,8347,7663,9600,1,87,2,1.470000,-1.530000,1.500000,0.253512,-0.361178,-0.053892,0.444548,8878.584961,8878,0,0.000000,0.000000,0.000000,0.000000,0.000000,0.000000,0.000000,0.000000,0.000000,0.000000,0.000000,0.000000,0,-0.253512,-0.361178,-0.053892,3.260863,2.201481,-0.120737,-0.291492,-0.488654,-0.739250,-4.305250,-1.558522,-0.824500,0.568942,0.456622,0.179036,1.000000,1.530000,-1.470000,-0.000000,-1.570796,0.767505,0.738972,0.596391,1.000000,0.767505,0.738972,0.596391,1.000000,0.568942,0.456622,0.179036,1.000000,8838,8695,7982,10000,8838,8695,7982,10000,9770,0,0,0,5277,-2445,4500,4500
7.739794,9770,19,1,1,2,60,0,0,0,0,0,0,-1.192584,1.252393,-1.555216,-2.125191,3.266392,-0.119527,-0.335857,-0.508981,0.826131,-4.227166,-1.624429,-0.988034,8548,8252,7738,9600,1,88,2,1.470000,-1.530000,1.500000,0.220873,-0.339541,-0.055097,0.408789,8889.887695,8890,0,0.000000,0.000000,0.000000,0.000000,0.000000,0.000000,0.000000,0.000000,0.000000,0.000000,0.000000,0.000000,0,-0.220873,-0.339541,-0.055097,3.266018,2.132312,-0.119765,-0.331853,-0.507122,-0.744206,-4.248910,-1.443137,-0.997835,0.555591,0.465011,0.184445,1.000000,1.530000,-1.470000,-0.000000,-1.570796,0.780728,0.719194,0.611989,1.000000,0.780728,0.719194,0.611989,1.000000,0.555591,0.465011,0.184445,1.000000,8904,8596,8060,10000,8904,8596,8060,10000,9770,0,0,0,5275,-2324,4500,4500
7.749564,9770,19,1,1,2,60,0,0,0,0,0,0,-1.213436,1.285072,-1.556393,-2.052000,3.268712,-0.115750,-0.375592,-0.527687,0.821917,-4.144891,-1.628056,-1.000116,8820,8147,7418,9600,1,89,2,1.470000,-1.530000,1.500000,0.188196,-0.318615,-0.056277,0.374300,8850.094727,8850,0,0.000000,0.000000,0.000000,0.000000,0.000000,0.000000,0.000000,0.000000,0.000000,0.000000,0.000000,0.000000,0,-0.188196,-0.318615,-0.056277,3.268595,2.059478,-0.116244,-0.371644,-0.525806,-0.748489,-4.557891,-1.598557,-0.908070,0.557898,0.454535,0.200000,1.000000,1.530000,-1.470000,-0.000000,-1.570796,0.837313,0.697288,0.545475,1.000000,0.837313,0.697288,0.545475,1.000000,0.557898,0.454535,0.200000,1.000000,9187,8486,7727,10000,9187,8486,7727,10000,9770,0,0,0,5284,-2197,4500,4500
7.759334,9770,19,1,1,2,60,0,0,0,0,0,0,-1.233538,1.317760,-1.557516,-1.975488,3.268477,-0.109196,-0.414631,-0.546555,0.818385,-4.026492,-1.617721,-1.011900,8776,8233,7578,9600,1,90,2,1.470000,-1.530000,1.500000,0.155508,-0.298437,-0.057407,0.341384,8902.769531,8903,0,0.000000,0.000000,0.000000,0.000000,0.000000,0.000000,0.000000,0.000000,0.000000,0.000000,0.000000,0.000000,0,-0.155508,-0.298437,-0.057407,3.268614,1.983279,-0.109983,-0.410773,-0.544667,-0.752086,-4.176736,-1.607619,-1.014510,0.603827,0.430943,0.157092,1.000000,1.530000,-1.470000,-0.000000,-1.570796,0.828302,0.715186,0.578727,1.000000,0.828302,0.715186,0.578727,1.000000,0.603827,0.430943,0.157092,1.000000,9142,8576,7894,10000,9142,8576,7894,10000,9770,0,0,0,5297,-2075,4500,4500
7.769104,9770,19,1,1,2,60,0,0,0,0,0,0,-1.252857,1.350432,-1.558560,-1.895766,3.265753,-0.099961,-0.452516,-0.565380,0.815436,-3.874151,-1.589326,-1.023674,8755,8399,7729,9600,1,91,2,1.470000,-1.530000,1.500000,0.122834,-0.279038,-0.058460,0.310432,8980.019531,8980,0,0.000000,0.000000,0.000000,0.000000,0.000000,0.000000,0.000000,0.000000,0.000000,0.000000,0.000000,0.000000,0,-0.122834,-0.279038,-0.058460,3.266135,1.903882,-0.100999,-0.448787,-0.563504,-0.755090,-3.800958,-1.623851,-1.000417,0.624593,0.430719,0.157234,1.000000,1.530000,-1.470000,-0.000000,-1.570796,0.823922,0.749817,0.610276,1.000000,0.823922,0.749817,0.610276,1.000000,0.624593,0.430719,0.157234,1.000000,9120,8749,8051,10000,9120,8749,8051,10000,9770,0,0,0,5302,-1964,4500,4500
7.778874,9770,19,1,1,2,60,0,0,0,0,0,0,-1.271361,1.383063,-1.559498,-1.812690,3.260613,-0.088451,-0.489079,-0.584034,0.812978,-3.722662,-1.550568,-1.035302,9116,8388,7468,9600,1,92,2,1.470000,-1.530000,1.500000,0.090197,-0.260452,-0.059409,0.281958,9003.193359,9003,0,0.000000,0.000000,0.000000,0.000000,0.000000,0.000000,0.000000,0.000000,0.000000,0.000000,0.000000,0.000000,0,-0.090197,-0.260452,-0.059409,3.261235,1.821147,-0.089700,-0.485480,-0.582179,-0.757592,-4.015434,-1.789258,-1.048669,0.633742,0.457835,0.182148,1.000000,1.530000,-1.470000,-0.000000,-1.570796,0.899187,0.747491,0.555877,1.000000,0.899187,0.747491,0.555877,1.000000,0.633742,0.457835,0.182148,1.000000,9496,8737,7779,10000,9496,8737,7779,10000,9770,0,0,0,5307,-1854,4500,4500
7.788644,9770,19,1,1,2,60,0,0,0,0,0,0,-1.289015,1.415630,-1.560309,-1.726333,3.253108,-0.074801,-0.524211,-0.602346,0.810864,-3.550177,-1.481097,-1.047516,9068,8339,7736,9600,1,93,2,1.470000,-1.530000,1.500000,0.057623,-0.242711,-0.060234,0.256627,9047.430664,9047,0,0.000000,0.000000,0.000000,0.000000,0.000000,0.000000,0.000000,0.000000,0.000000,0.000000,0.000000,0.000000,0,-0.057623,-0.242711,-0.060234,3.253964,1.735106,-0.076265,-0.520776,-0.600540,-0.759728,-3.713534,-1.596452,-1.127858,0.698519,0.472451,0.154450,1.000000,1.530000,-1.470000,-0.000000,-1.570796,0.889204,0.737111,0.611630,1.000000,0.889204,0.737111,0.611630,1.000000,0.698519,0.472451,0.154450,1.000000,9446,8686,8058,10000,9446,8686,8058,10000,9770,0,0,0,5325,-1750,4500,4500
7.798414,9770,19,1,1,2,60,0,0,0,0,0,0,-1.305789,1.448109,-1.560972,-1.636925,3.243282,-0.059033,-0.557464,-0.620038,0.808825,-3.352361,-1.387964,-1.059204,8837,8386,8084,9600,1,94,2,1.470000,-1.530000,1.500000,0.025134,-0.225847,-0.060913,0.235264,9090.316406,9090,0,0.000000,0.000000,0.000000,0.000000,0.000000,0.000000,0.000000,0.000000,0.000000,0.000000,0.000000,0.000000,0,-0.025134,-0.225847,-0.060913,3.244367,1.645994,-0.060706,-0.554231,-0.618300,-0.761766,-3.263373,-1.332940,-0.915943,0.729953,0.473148,0.181524,1.000000,1.530000,-1.470000,-0.000000,-1.570796,0.841085,0.747033,0.684135,1.000000,0.841085,0.747033,0.684135,1.000000,0.729953,0.473148,0.181524,1.000000,9205,8735,8421,10000,9205,8735,8421,10000,9770,0,0,0,5345,-1656,4500,4500
7.808184,9770,19,1,1,2,60,0,0,0,0,0,0,-1.321654,1.480477,-1.561466,-1.544720,3.231189,-0.041202,-0.588751,-0.637079,0.806757,-3.172257,-1.306370,-1.068678,9600,9600,7920,9600,1,95,3,3.000000,-0.060000,1.500000,1.522754,1.260109,-0.061425,1.977480,9562.472656,9562,0,0.000000,0.000000,0.000000,0.000000,0.000000,0.000000,0.000000,0.000000,0.000000,0.000000,0.000000,0.000000,0,-1.260109,-1.522754,-0.061425,-1.554057,3.232498,-0.043079,-0.585701,-0.635400,0.806963,-2.841935,-1.293937,-1.210723,0.711152,0.481379,0.255003,1.000000,1.530000,-1.470000,-0.000000,-1.570796,1.000000,1.000000,0.649979,1.000000,1.000000,1.000000,0.649979,1.000000,0.711152,0.481379,0.255003,1.000000,10000,10000,8250,10000,10000,10000,8250,10000,9770,0,0,0,5357,-1562,4500,4500
7.817954,9770,19,1,1,2,60,0,0,0,0,0,0,-1.336573,1.512711,-1.561778,-1.447880,3.216687,-0.023084,-0.618305,-0.653361,0.804462,-3.036120,-1.160366,-1.080689,9600,9600,7019,9600,1,96,3,3.000000,-0.060000,1.500000,1.490505,1.275125,-0.061755,1.962489,9327.633789,9327,0,0.000000,0.000000,0.000000,0.000000,0.000000,0.000000,0.000000,0.000000,0.000000,0.000000,0.000000,0.000000,0,-1.275125,-1.490505,-0.061755,-1.457819,3.218253,-0.024867,-0.615430,-0.651789,0.804727,-2.894452,-1.274209,-1.061572,0.824805,0.685440,0.272691,1.000000,1.530000,-1.470000,-0.000000,-1.570796,1.000000,1.000000,0.462107,1.000000,1.000000,1.000000,0.462107,1.000000,0.824805,0.685440,0.272691,1.000000,10000,10000,7311,10000,10000,10000,7311,10000,9770,0,0,0,5378,-1455,4500,4500
7.827724,9770,19,1,1,2,60,0,0,0,0,0,0,-1.350499,1.544787,-1.561907,-1.346969,3.199755,-0.004317,-0.645751,-0.668025,0.800924,-2.895139,-0.881722,-1.101298,9600,9600,7041,9600,1,97,3,3.000000,-0.060000,1.500000,1.458413,1.289152,-0.061902,1.947489,9333.498047,9333,0,0.000000,0.000000,0.000000,0.000000,0.000000,0.000000,0.000000,0.000000,0.000000,0.000000,0.000000,0.000000,0,-1.289152,-1.458413,-0.061902,-1.357174,3.201555,-0.006271,-0.643132,-0.666659,0.801371,-3.257282,-1.033427,-1.056763,0.893739,0.809210,0.135576,1.000000,1.530000,-1.470000,-0.000000,-1.570796,1.000000,1.000000,0.466799,1.000000,1.000000,1.000000,0.466799,1.000000,0.893739,0.809210,0.135576,1.000000,10000,10000,7334,10000,10000,10000,7334,10000,9770,0,0,0,5401,-1346,4500,4500
7.837494,9770,19,1,1,2,60,0,0,0,0,0,0,-1.363403,1.576680,-1.561839,-1.243757,3.180422,0.016135,-0.670012,-0.680218,0.794913,-2.721283,-0.498168,-1.129559,9600,8890,7588,9600,1,98,3,3.000000,-0.060000,1.500000,1.426500,1.302159,-0.061855,1.932446,9290.910156,9291,0,0.000000,0.000000,0.000000,0.000000,0.000000,0.000000,0.000000,0.000000,0.000000,0.000000,0.000000,0.000000,0,-1.302159,-1.426500,-0.061855,-1.254162,3.182467,0.014017,-0.667758,-0.679127,0.795656,-2.770219,-0.509169,-1.171254,0.935549,0.884280,0.056103,1.000000,1.530000,-1.470000,-0.000000,-1.570796,1.000000,0.851930,0.580798,1.000000,1.000000,0.851930,0.580798,1.000000,0.935549,0.884280,0.056103,1.000000,10000,9260,7904,10000,10000,9260,7904,10000,9770,0,0,0,5414,-1248,4500,4500
7.847264,9770,19,1,1,2,60,0,0,0,0,0,0,-1.375267,1.608367,-1.561557,-1.139340,3.158627,0.038386,-0.690225,-0.689563,0.785644,-2.508361,-0.095827,-1.156937,9600,8290,7875,9600,1,99,3,3.000000,-0.060000,1.500000,1.394792,1.314127,-0.061595,1.917334,9209.488281,9209,0,0.000000,0.000000,0.000000,0.000000,0.000000,0.000000,0.000000,0.000000,0.000000,0.000000,0.000000,0.000000,0,-1.314127,-1.394792,-0.061595,-1.149807,3.160918,0.036081,-0.688402,-0.688753,0.786721,-2.411890,-0.323170,-1.102386,0.960909,0.813290,0.097612,1.000000,1.530000,-1.470000,-0.000000,-1.570796,1.000000,0.727028,0.640563,1.000000,1.000000,0.727028,0.640563,1.000000,0.960909,0.813290,0.097612,1.000000,10000,8635,8203,10000,10000,8635,8203,10000,9770,0,0,0,5439,-1168,4500,4500
7.857034,9770,19,1,1,2,60,0,0,0,0,0,0,-1.386086,1.639822,-1.561041,-1.034983,3.134426,0.062562,-0.705889,-0.696300,0.773156,-2.237006,0.252717,-1.176384,9600,7801,8183,9600,1,100,3,3.000000,-0.060000,1.500000,1.363313,1.325051,-0.061104,1.902134,9162.544922,9162,0,0.000000,0.000000,0.000000,0.000000,0.000000,0.000000,0.000000,0.000000,0.000000,0.000000,0.000000,0.000000,0,-1.325051,-1.363313,-0.061104,-1.045395,3.136951,0.060064,-0.704537,-0.695730,0.774537,-2.405260,0.210033,-1.102477,0.976290,0.671942,0.169819,1.000000,1.530000,-1.470000,-0.000000,-1.570796,1.000000,0.625292,0.704744,1.000000,1.000000,0.625292,0.704744,1.000000,0.976290,0.671942,0.169819,1.000000,10000,8126,8524,10000,10000,8126,8524,10000,9770,0,0,0,5455,-1114,4500,4500
7.866804,9770,19,1,1,2,60,0,0,0,0,0,0,-1.395865,1.671022,-1.560275,-0.931411,3.107960,0.088420,-0.716721,-0.700954,0.758004,-1.902638,0.516384,-1.185298,9600,7705,8518,9600,1,101,3,3.000000,-0.060000,1.500000,1.332086,1.334934,-0.060363,1.886834,9224.580078,9224,0,0.000000,0.000000,0.000000,0.000000,0.000000,0.000000,0.000000,0.000000,0.000000,0.000000,0.000000,0.000000,0,-1.334934,-1.332086,-0.060363,-0.941727,3.110704,0.085774,-0.715858,-0.700566,0.759617,-1.993968,0.523029,-1.188590,0.985619,0.506150,0.264121,1.000000,1.530000,-1.470000,-0.000000,-1.570796,1.000000,0.605146,0.774518,1.000000,1.000000,0.605146,0.774518,1.000000,0.985619,0.506150,0.264121,1.000000,10000,8026,8873,10000,10000,8026,8873,10000,9770,0,0,0,5489,-1091,4500,4500
7.876574,9770,19,1,1,2,60,0,0,0,0,0,0,-1.404612,1.701946,-1.559244,-0.828413,3.079325,0.115147,-0.722712,-0.704109,0.740967,-1.531593,0.693250,-1.183910,9600,7829,8893,9600,1,102,3,3.000000,-0.060000,1.500000,1.301133,1.343784,-0.059359,1.871424,9354.816406,9354,0,0.000000,0.000000,0.000000,0.000000,0.000000,0.000000,0.000000,0.000000,0.000000,0.000000,0.000000,0.000000,0,-1.343784,-1.301133,-0.059359,-0.838697,3.082283,0.112459,-0.722324,-0.703846,0.742733,-1.413162,0.702786,-1.283623,0.991278,0.389739,0.376227,1.000000,1.530000,-1.470000,-0.000000,-1.570796,1.000000,0.630960,0.852893,1.000000,1.000000,0.630960,0.852893,1.000000,0.991278,0.389739,0.376227,1.000000,10000,8155,9264,10000,10000,8155,9264,10000,9770,0,0,0,5522,-1096,4500,4500
7.886344,9770,19,1,1,2,60,0,0,0,0,0,0,-1.412329,1.732572,-1.557946,-0.725198,3.048558,0.141642,-0.724226,-0.706254,0.722791,-1.168190,0.797282,-1.173938,9600,7862,9219,9600,1,103,3,3.000000,-0.060000,1.500000,1.270477,1.351604,-0.058088,1.855888,9448.267578,9448,0,0.000000,0.000000,0.000000,0.000000,0.000000,0.000000,0.000000,0.000000,0.000000,0.000000,0.000000,0.000000,0,-1.351604,-1.270477,-0.058088,-0.735540,3.051726,0.139024,-0.724258,-0.706073,0.724641,-1.043963,0.928692,-1.080286,0.994710,0.339446,0.505898,1.000000,1.530000,-1.470000,-0.000000,-1.570796,1.000000,0.638081,0.920533,1.000000,1.000000,0.638081,0.920533,1.000000,0.994710,0.339446,0.505898,1.000000,10000,8190,9603,10000,10000,8190,9603,10000,9770,0,0,0,5551,-1116,4500,4500
7.896114,9770,19,1,1,2,60,0,0,0,0,0,0,-1.419010,1.762879,-1.556388,-0.621247,3.015773,0.167101,-0.721955,-0.707783,0.704125,-0.842535,0.838391,-1.156660,9600,7983,9363,9600,1,104,3,3.000000,-0.060000,1.500000,1.240137,1.358389,-0.056556,1.840206,9517.161133,9517,0,0.000000,0.000000,0.000000,0.000000,0.000000,0.000000,0.000000,0.000000,0.000000,0.000000,0.000000,0.000000,0,-1.358389,-1.240137,-0.056556,-0.631674,3.019135,0.164611,-0.722329,-0.707647,0.705996,-0.595537,0.859118,-1.156434,0.996791,0.314546,0.637776,1.000000,1.530000,-1.470000,-0.000000,-1.570796,1.000000,0.663144,0.950584,1.000000,1.000000,0.663144,0.950584,1.000000,0.996791,0.314546,0.637776,1.000000,10000,8316,9753,10000,10000,8316,9753,10000,9770,0,0,0,5578,-1137,4500,4500
7.905884,9770,19,1,1,2,60,0,0,0,0,0,0,-1.424647,1.792848,-1.554584,-0.516477,2.981210,0.191135,-0.716708,-0.709027,0.685522,-0.564526,0.830764,-1.133858,9600,7977,9465,9600,1,105,3,3.000000,-0.060000,1.500000,1.210134,1.364130,-0.054775,1.824356,9541.876953,9542,0,0.000000,0.000000,0.000000,0.000000,0.000000,0.000000,0.000000,0.000000,0.000000,0.000000,0.000000,0.000000,0,-1.364130,-1.210134,-0.054775,-0.526984,2.984737,0.188798,-0.717345,-0.708908,0.687367,-0.386901,0.804907,-1.348432,0.998054,0.319166,0.741413,1.000000,1.530000,-1.470000,-0.000000,-1.570796,1.000000,0.661801,0.971700,1.000000,1.000000,0.661801,0.971700,1.000000,0.998054,0.319166,0.741413,1.000000,10000,8309,9859,10000,10000,8309,9859,10000,9770,0,0,0,5594,-1151,4500,4500
7.915654,9770,19,1,1,2,60,0,0,0,0,0,0,-1.429233,1.822463,-1.552547,-0.411121,2.945205,0.213681,-0.709207,-0.710229,0.667381,-0.328868,0.787279,-1.107151,9600,8049,9371,9600,1,106,3,3.000000,-0.060000,1.500000,1.180482,1.368822,-0.052761,1.808313,9536.145508,9536,0,0.000000,0.000000,0.000000,0.000000,0.000000,0.000000,0.000000,0.000000,0.000000,0.000000,0.000000,0.000000,0,-1.368822,-1.180482,-0.052761,-0.421672,2.948859,0.211490,-0.710041,-0.710105,0.669165,-0.261659,0.684187,-1.040563,0.998820,0.320911,0.820889,1.000000,1.530000,-1.470000,-0.000000,-1.570796,1.000000,0.676715,0.952201,1.000000,1.000000,0.676715,0.952201,1.000000,0.998820,0.320911,0.820889,1.000000,10000,8384,9761,10000,10000,8384,9761,10000,9770,0,0,0,5623,-1157,4500,4500
7.925424,9770,19,1,1,2,60,0,0,0,0,0,0,-1.432763,1.851712,-1.550293,-0.305619,2.908161,0.234914,-0.699967,-0.711558,0.649965,-0.119755,0.724865,-1.078540,9600,7980,9564,9600,1,107,3,3.000000,-0.060000,1.500000,1.151196,1.372458,-0.050528,1.792051,9568.910156,9568,0,0.000000,0.000000,0.000000,0.000000,0.000000,0.000000,0.000000,0.000000,0.000000,0.000000,0.000000,0.000000,0,-1.372458,-1.151196,-0.050528,-0.316165,2.911901,0.232844,-0.700961,-0.711417,0.651670,-0.105330,0.836494,-1.065737,0.999284,0.333707,0.853749,1.000000,1.530000,-1.470000,-0.000000,-1.570796,1.000000,0.662688,0.992440,1.000000,1.000000,0.662688,0.992440,1.000000,0.999284,0.333707,0.853749,1.000000,10000,8313,9962,10000,10000,8313,9962,10000,9770,0,0,0,5651,-1157,4500,4500
7.935194,9770,19,1,1,2,60,0,0,0,0,0,0,-1.435239,1.880586,-1.547833,-0.200121,2.870401,0.254850,-0.689290,-0.713113,0.633409,0.068666,0.644947,-1.048268,9600,8142,9600,9600,1,108,3,3.000000,-0.060000,1.500000,1.122284,1.375039,-0.048088,1.775547,9620.287109,9620,0,0.000000,0.000000,0.000000,0.000000,0.000000,0.000000,0.000000,0.000000,0.000000,0.000000,0.000000,0.000000,0,-1.375039,-1.122284,-0.048088,-0.210670,2.874201,0.252916,-0.690413,-0.712943,0.635020,0.252872,0.837440,-1.070219,0.999566,0.330428,0.905345,1.000000,1.530000,-1.470000,-0.000000,-1.570796,1.000000,0.696229,1.000000,1.000000,1.000000,0.696229,1.000000,1.000000,0.999566,0.330428,0.905345,1.000000,10000,8481,10000,10000,10000,8481,10000,10000,9770,0,0,0,5664,-1153,4500,4500
7.944964,9770,19,1,1,2,60,0,0,0,0,0,0,-1.436660,1.909080,-1.545182,-0.094477,2.832152,0.273333,-0.677508,-0.715018,0.617866,0.231156,0.551606,-1.016767,9600,8049,9061,9600,1,109,3,3.000000,-0.060000,1.500000,1.093752,1.376565,-0.045455,1.758776,9455.787109,9455,0,0.000000,0.000000,0.000000,0.000000,0.000000,0.000000,0.000000,0.000000,0.000000,0.000000,0.000000,0.000000,0,-1.376565,-1.093752,-0.045455,-0.105049,2.835991,0.271551,-0.678727,-0.714809,0.619373,-0.140751,0.392783,-1.072440,0.999737,0.354836,0.942589,1.000000,1.530000,-1.470000,-0.000000,-1.570796,1.000000,0.676778,0.887852,1.000000,1.000000,0.676778,0.887852,1.000000,0.999737,0.354836,0.942589,1.000000,10000,8384,9439,10000,10000,8384,9439,10000,9770,0,0,0,5688,-1143,4500,4500
7.954734,9770,19,1,1,2,60,0,0,0,0,0,0,-1.437027,1.937191,-1.542351,0.010402,2.793974,0.291078,-0.664712,-0.717278,0.603313,0.406638,0.472508,-0.987107,9600,8594,9600,9600,1,110,3,3.000000,-0.060000,1.500000,1.065603,1.377037,-0.042642,1.741711,9737.940430,9738,0,0.000000,0.000000,0.000000,0.000000,0.000000,0.000000,0.000000,0.000000,0.000000,0.000000,0.000000,0.000000,0,-1.377037,-1.065603,-0.042642,-0.000025,2.797772,0.289316,-0.666050,-0.717040,0.604730,0.537404,0.536042,-0.934272,0.999840,0.354332,0.876925,1.000000,1.530000,-1.470000,-0.000000,-1.570796,1.000000,0.790352,1.000000,1.000000,1.000000,0.790352,1.000000,1.000000,0.999840,0.354332,0.876925,1.000000,10000,8952,10000,10000,10000,8952,10000,10000,9770,0,0,0,5716,-1136,4500,4500
7.964504,9770,19,1,1,2,60,0,0,0,0,0,0,-1.436346,1.964921,-1.539348,0.115427,2.755843,0.307377,-0.650677,-0.719746,0.589531,0.559853,0.413715,-0.959635,9600,8604,9600,9600,1,111,3,3.000000,-0.060000,1.500000,1.037834,1.376461,-0.039656,1.724331,9740.476562,9740,0,0.000000,0.000000,0.000000,0.000000,0.000000,0.000000,0.000000,0.000000,0.000000,0.000000,0.000000,0.000000,0,-1.376461,-1.037834,-0.039656,0.104875,2.759661,0.305847,-0.652125,-0.719494,0.590879,0.507282,0.574916,-0.794094,0.999903,0.443403,0.925351,1.000000,1.530000,-1.470000,-0.000000,-1.570796,1.000000,0.792381,1.000000,1.000000,1.000000,0.792381,1.000000,1.000000,0.999903,0.443403,0.925351,1.000000,10000,8962,10000,10000,10000,8962,10000,10000,9770,0,0,0,5727,-1131,4500,4500
7.974274,9770,19,1,1,2,60,0,0,0,0,0,0,-1.434610,1.992270,-1.536195,0.221346,2.717758,0.321606,-0.635801,-0.722316,0.576370,0.660903,0.367508,-0.933296,9600,8795,9600,9600,1,112,3,3.000000,-0.060000,1.500000,1.010448,1.374831,-0.036516,1.706604,9790.223633,9790,0,0.000000,0.000000,0.000000,0.000000,0.000000,0.000000,0.000000,0.000000,0.000000,0.000000,0.000000,0.000000,0,-1.374831,-1.010448,-0.036516,0.210729,2.721554,0.320265,-0.637315,-0.722057,0.577661,0.743131,0.574440,-0.854207,0.999941,0.499023,0.954723,1.000000,1.530000,-1.470000,-0.000000,-1.570796,1.000000,0.832179,1.000000,1.000000,1.000000,0.832179,1.000000,1.000000,0.999941,0.499023,0.954723,1.000000,10000,9161,10000,10000,10000,9161,10000,10000,9770,0,0,0,5758,-1112,4500,4500
7.984044,9770,19,1,1,2,60,0,0,0,0,0,0,-1.431811,2.019240,-1.532909,0.327902,2.679975,0.333943,-0.620442,-0.724891,0.563701,0.720736,0.337922,-0.908487,9600,8712,9589,9600,1,113,3,3.000000,-0.060000,1.500000,0.983440,1.372139,-0.033243,1.688497,9765.773438,9766,0,0.000000,0.000000,0.000000,0.000000,0.000000,0.000000,0.000000,0.000000,0.000000,0.000000,0.000000,0.000000,0,-1.372139,-0.983440,-0.033243,0.317222,2.683735,0.332791,-0.621991,-0.724637,0.564951,0.498512,0.444100,-0.816256,0.999964,0.564077,0.972538,1.000000,1.530000,-1.470000,-0.000000,-1.570796,1.000000,0.814919,0.997700,1.000000,1.000000,0.814919,0.997700,1.000000,0.999964,0.564077,0.972538,1.000000,10000,9075,9989,10000,10000,9075,9989,10000,9770,0,0,0,5770,-1081,4500,4500
7.993814,9770,19,1,1,2,60,0,0,0,0,0,0,-1.427944,2.045834,-1.529510,0.434739,2.642722,0.344660,-0.604855,-0.727354,0.551378,0.754284,0.322158,-0.884961,9600,8866,9462,9600,1,114,3,3.000000,-0.060000,1.500000,0.956809,1.368379,-0.029854,1.669980,9772.747070,9772,0,0.000000,0.000000,0.000000,0.000000,0.000000,0.000000,0.000000,0.000000,0.000000,0.000000,0.000000,0.000000,0,-1.368379,-0.956809,-0.029854,0.424055,2.646417,0.343651,-0.606420,-0.727115,0.552597,0.572128,0.255927,-0.944642,0.999979,0.589952,0.981534,1.000000,1.530000,-1.470000,-0.000000,-1.570796,1.000000,0.847091,0.971107,1.000000,1.000000,0.847091,0.971107,1.000000,0.999979,0.589952,0.981534,1.000000,10000,9235,9856,10000,10000,9235,9856,10000,9770,0,0,0,5780,-1040,4500,4500
8.003584,9770,19,1,1,2,60,0,0,0,0,0,0,-1.423009,2.072060,-1.526010,0.541519,2.606170,0.354031,-0.589133,-0.729598,0.539279,0.775433,0.325573,-0.863290,9600,9267,9592,9600,1,115,3,3.000000,-0.060000,1.500000,0.930547,1.363551,-0.026364,1.651025,9911.108398,9911,0,0.000000,0.000000,0.000000,0.000000,0.000000,0.000000,0.000000,0.000000,0.000000,0.000000,0.000000,0.000000,0,-1.363551,-0.930547,-0.026364,0.530848,2.609791,0.353151,-0.590712,-0.729388,0.540484,0.880172,0.101928,-0.935592,0.999987,0.630963,0.966063,1.000000,1.530000,-1.470000,-0.000000,-1.570796,1.000000,0.930521,0.998365,1.000000,1.000000,0.930521,0.998365,1.000000,0.999987,0.630963,0.966063,1.000000,10000,9653,9992,10000,10000,9653,9992,10000,9770,0,0,0,5798,-994,4500,4500
8.013354,9770,19,1,1,2,60,0,0,0,0,0,0,-1.417005,2.097923,-1.522427,0.648774,2.570197,0.361599,-0.573346,-0.731421,0.527189,0.761389,0.360873,-0.844482,9600,9597,9600,9600,1,116,3,3.000000,-0.060000,1.500000,0.904647,1.357654,-0.022788,1.631603,9999.191406,9999,0,0.000000,0.000000,0.000000,0.000000,0.000000,0.000000,0.000000,0.000000,0.000000,0.000000,0.000000,0.000000,0,-1.357654,-0.904647,-0.022788,0.638014,2.573772,0.360936,-0.574920,-0.731265,0.528405,1.186774,0.403473,-0.739675,0.999992,0.721493,0.978130,1.000000,1.530000,-1.470000,-0.000000,-1.570796,1.000000,0.999353,1.000000,1.000000,1.000000,0.999353,1.000000,1.000000,0.999992,0.721493,0.978130,1.000000,10000,9997,10000,10000,10000,9997,10000,10000,9770,0,0,0,5806,-938,4500,4500
8.023124,9770,19,1,1,2,60,0,0,0,0,0,0,-1.409922,2.123429,-1.518780,0.757018,2.534625,0.366874,-0.557816,-0.732523,0.514822,0.688683,0.438696,-0.829272,9600,9600,9600,9600,1,117,3,3.000000,-0.060000,1.500000,0.879106,1.350680,-0.019147,1.611685,10000.000000,10000,0,0.000000,0.000000,0.000000,0.000000,0.000000,0.000000,0.000000,0.000000,0.000000,0.000000,0.000000,0.000000,0,-1.350680,-0.879106,-0.019147,0.746153,2.538166,0.366450,-0.559346,-0.732455,0.516081,1.014237,0.158419,-0.748260,0.999995,0.830568,0.986735,1.000000,1.530000,-1.470000,-0.000000,-1.570796,1.000000,1.000000,1.000000,1.000000,1.000000,1.000000,1.000000,1.000000,0.999995,0.830568,0.986735,1.000000,10000,10000,10000,10000,10000,10000,10000,10000,9770,0,0,0,5826,-863,4500,4500
8.032894,9770,19,1,1,2,60,0,0,0,0,0,0,-1.401754,2.148582,-1.515092,0.865916,2.499418,0.370021,-0.542907,-0.732563,0.501879,0.567796,0.554399,-0.817163,9600,9222,9600,9600,1,118,3,3.000000,-0.060000,1.500000,0.853918,1.342620,-0.015462,1.591239,9901.425781,9901,0,0.000000,0.000000,0.000000,0.000000,0.000000,0.000000,0.000000,0.000000,0.000000,0.000000,0.000000,0.000000,0,-1.342620,-0.853918,-0.015462,0.855015,2.502923,0.369791,-0.544362,-0.732615,0.503205,0.417245,0.414275,-0.843186,0.999997,0.897234,0.991954,1.000000,1.530000,-1.470000,-0.000000,-1.570796,1.000000,0.921141,1.000000,1.000000,1.000000,0.921141,1.000000,1.000000,0.999997,0.897234,0.991954,1.000000,10000,9606,10000,10000,10000,9606,10000,10000,9770,0,0,0,5831,-767,4500,4500
8.042664,9770,19,1,1,2,60,0,0,0,0,0,0,-1.392497,2.173384,-1.511381,0.974381,2.464652,0.371815,-0.528821,-0.731342,0.488229,0.439589,0.678594,-0.805611,9600,8857,9600,9600,1,119,3,3.000000,-0.060000,1.500000,0.829081,1.333472,-0.011753,1.570242,9806.616211,9806,0,0.000000,0.000000,0.000000,0.000000,0.000000,0.000000,0.000000,0.000000,0.000000,0.000000,0.000000,0.000000,0,-1.333472,-0.829081,-0.011753,0.963580,2.468109,0.371678,-0.530193,-0.731521,0.489623,0.383346,0.820781,-0.989749,0.999998,0.875612,0.995120,1.000000,1.530000,-1.470000,-0.000000,-1.570796,1.000000,0.845293,1.000000,1.000000,1.000000,0.845293,1.000000,1.000000,0.999998,0.875612,0.995120,1.000000,10000,9226,10000,10000,10000,9226,10000,10000,9770,0,0,0,5833,-661,4500,4500
8.052434,9770,19,1,1,2,60,0,0,0,0,0,0,-1.382164,2.197842,-1.507656,1.081347,2.430370,0.373033,-0.515502,-0.728929,0.474002,0.343226,0.781842,-0.792166,9600,8633,9600,9600,1,120,3,3.000000,-0.060000,1.500000,0.804589,1.323245,-0.008029,1.548678,9748.367188,9748,0,0.000000,0.000000,0.000000,0.000000,0.000000,0.000000,0.000000,0.000000,0.000000,0.000000,0.000000,0.000000,0,-1.323245,-0.804589,-0.008029,1.070730,2.433779,0.372929,-0.516805,-0.729218,0.475444,0.177346,0.720544,-0.645668,0.999999,0.802810,0.997040,1.000000,1.530000,-1.470000,-0.000000,-1.570796,1.000000,0.798694,1.000000,1.000000,1.000000,0.798694,1.000000,1.000000,0.999999,0.802810,0.997040,1.000000,10000,8993,10000,10000,10000,8993,10000,10000,9770,0,0,0,5837,-559,4500,4500
8.062204,9770,19,1,1,2,60,0,0,0,0,0,0,-1.370771,2.221959,-1.503920,1.186338,2.396508,0.373993,-0.502720,-0.725555,0.459471,0.293489,0.852976,-0.775973,9600,8846,9600,9600,1,121,3,3.000000,-0.060000,1.500000,0.780438,1.311957,-0.004294,1.526543,9803.625000,9803,0,0.000000,0.000000,0.000000,0.000000,0.000000,0.000000,0.000000,0.000000,0.000000,0.000000,0.000000,0.000000,0,-1.311957,-0.780438,-0.004294,1.175928,2.399879,0.373910,-0.503982,-0.725928,0.460929,0.449010,0.800640,-0.721010,1.000000,0.721983,0.998205,1.000000,1.530000,-1.470000,-0.000000,-1.570796,1.000000,0.842900,1.000000,1.000000,1.000000,0.842900,1.000000,1.000000,1.000000,0.721983,0.998205,1.000000,10000,9215,10000,10000,10000,9215,10000,10000,9770,0,0,0,5839,-470,4500,4500
8.071974,9770,19,1,1,2,60,0,0,0,0,0,0,-1.358338,2.245739,-1.500178,1.289724,2.362846,0.374298,-0.490253,-0.721436,0.444865,0.270179,0.908013,-0.758452,9600,8999,9600,9600,1,122,3,3.000000,-0.060000,1.500000,0.756624,1.299628,-0.000552,1.503833,9843.451172,9843,0,0.000000,0.000000,0.000000,0.000000,0.000000,0.000000,0.000000,0.000000,0.000000,0.000000,0.000000,0.000000,0,-1.299628,-0.756624,-0.000552,1.279444,2.366209,0.374311,-0.491488,-0.721880,0.446326,0.473731,0.897063,-0.632265,1.000000,0.707746,0.998911,1.000000,1.530000,-1.470000,-0.000000,-1.570796,1.000000,0.874761,1.000000,1.000000,1.000000,0.874761,1.000000,1.000000,1.000000,0.707746,0.998911,1.000000,10000,9374,10000,10000,10000,9374,10000,10000,9770,0,0,0,5853,-393,4500,4500
8.081744,9770,19,1,1,2,60,0,0,0,0,0,0,-1.344877,2.269182,-1.496439,1.391995,2.329177,0.373434,-0.478036,-0.716606,0.430243,0.248311,0.966833,-0.741294,9600,8990,9600,9600,1,123,3,3.000000,-0.060000,1.500000,0.733147,1.286269,0.003188,1.480542,9841.171875,9841,0,0.000000,0.000000,0.000000,0.000000,0.000000,0.000000,0.000000,0.000000,0.000000,0.000000,0.000000,0.000000,0,-1.286269,-0.733147,0.003188,1.381814,2.332547,0.373579,-0.479246,-0.717123,0.431707,0.328047,1.002276,-0.859464,1.000000,0.724184,0.999339,1.000000,1.530000,-1.470000,-0.000000,-1.570796,1.000000,0.872938,1.000000,1.000000,1.000000,0.872938,1.000000,1.000000,1.000000,0.724184,0.999339,1.000000,10000,9365,10000,10000,10000,9365,10000,10000,9770,0,0,0,5856,-320,4500,4500
8.091514,9770,19,1,1,2,60,0,0,0,0,0,0,-1.330400,2.292288,-1.492715,1.493157,2.295434,0.371298,-0.466090,-0.711004,0.415584,0.223523,1.033100,-0.724801,9600,8889,9600,9600,1,124,3,3.000000,-0.060000,1.500000,0.710007,1.271893,0.006914,1.456664,9814.818359,9814,0,0.000000,0.000000,0.000000,0.000000,0.000000,0.000000,0.000000,0.000000,0.000000,0.000000,0.000000,0.000000,0,-1.271893,-0.710007,0.006914,1.483095,2.298812,0.371567,-0.467272,-0.711600,0.417052,0.100442,1.122929,-0.613113,1.000000,0.732718,0.999599,1.000000,1.530000,-1.470000,-0.000000,-1.570796,1.000000,0.851855,1.000000,1.000000,1.000000,0.851855,1.000000,1.000000,1.000000,0.732718,0.999599,1.000000,10000,9259,10000,10000,10000,9259,10000,10000,9770,0,0,0,5858,-248,4500,4500
8.101284,9770,19,1,1,2,60,0,0,0,0,0,0,-1.314918,2.315057,-1.489019,1.592927,2.261626,0.368044,-0.454413,-0.704593,0.400886,0.203965,1.100486,-0.708456,9600,9319,9600,9600,1,125,3,3.000000,-0.060000,1.500000,0.687205,1.256511,0.010613,1.432195,9926.727539,9926,0,0.000000,0.000000,0.000000,0.000000,0.000000,0.000000,0.000000,0.000000,0.000000,0.000000,0.000000,0.000000,0,-1.256511,-0.687205,0.010613,1.583019,2.265009,0.368417,-0.455570,-0.705270,0.402357,0.534214,1.066946,-0.796731,1.000000,0.721305,0.999757,1.000000,1.530000,-1.470000,-0.000000,-1.570796,1.000000,0.941382,1.000000,1.000000,1.000000,0.941382,1.000000,1.000000,1.000000,0.721305,0.999757,1.000000,10000,9707,10000,10000,10000,9707,10000,10000,9770,0,0,0,5863,-179,4500,4500
8.111054,9770,19,1,1,2,60,0,0,0,0,0,0,-1.298446,2.337486,-1.485364,1.691648,2.227578,0.363219,-0.443024,-0.697318,0.386137,0.169690,1.184863,-0.693547,9600,8722,9600,9600,1,126,3,3.000000,-0.060000,1.500000,0.664742,1.240137,0.014273,1.407134,9771.191406,9771,0,0.000000,0.000000,0.000000,0.000000,0.000000,0.000000,0.000000,0.000000,0.000000,0.000000,0.000000,0.000000,0,-1.240137,-0.664742,0.014273,1.681813,2.230999,0.363787,-0.444145,-0.698091,0.387618,-0.285324,1.206708,-0.670186,1.000000,0.784834,0.999853,1.000000,1.530000,-1.470000,-0.000000,-1.570796,1.000000,0.816954,1.000000,1.000000,1.000000,0.816954,1.000000,1.000000,1.000000,0.784834,0.999853,1.000000,10000,9085,10000,10000,10000,9085,10000,10000,9770,0,0,0,5861,-108,4500,4500
8.120824,9770,19,1,1,2,60,0,0,0,0,0,0,-1.280993,2.359574,-1.481764,1.788700,2.193385,0.357291,-0.432002,-0.689058,0.371276,0.143735,1.268175,-0.678599,9600,8982,9600,9600,1,127,3,3.000000,-0.060000,1.500000,0.642620,1.222782,0.017879,1.381476,9839.030273,9839,0,0.000000,0.000000,0.000000,0.000000,0.000000,0.000000,0.000000,0.000000,0.000000,0.000000,0.000000,0.000000,0,-1.222782,-0.642620,0.017879,1.779097,2.196805,0.357909,-0.433092,-0.689925,0.372764,0.043551,1.259699,-0.554609,1.000000,0.725449,0.999911,1.000000,1.530000,-1.470000,-0.000000,-1.570796,1.000000,0.871224,1.000000,1.000000,1.000000,0.871224,1.000000,1.000000,1.000000,0.725449,0.999911,1.000000,10000,9356,10000,10000,10000,9356,10000,10000,9770,0,0,0,5861,-37,4500,4500
8.130594,9770,19,1,1,2,60,0,0,0,0,0,0,-1.262582,2.381319,-1.478228,1.883835,2.159041,0.350366,-0.421224,-0.679902,0.356405,0.132170,1.345434,-0.663220,9600,8919,9600,9600,1,128,3,3.000000,-0.060000,1.500000,0.620840,1.204466,0.021422,1.355227,9822.793945,9822,0,0.000000,0.000000,0.000000,0.000000,0.000000,0.000000,0.000000,0.000000,0.000000,0.000000,0.000000,0.000000,0,-1.204466,-0.620840,0.021422,1.874396,2.162488,0.351119,-0.422292,-0.680858,0.357892,-0.053388,1.313579,-0.530259,1.000000,0.732138,0.999946,1.000000,1.530000,-1.470000,-0.000000,-1.570796,1.000000,0.858235,1.000000,1.000000,1.000000,0.858235,1.000000,1.000000,1.000000,0.732138,0.999946,1.000000,10000,9291,10000,10000,10000,9291,10000,10000,9770,0,0,0,5859,26,4500,4500
8.140364,9770,19,1,1,2,60,0,0,0,0,0,0,-1.243228,2.402719,-1.474768,1.977180,2.124446,0.342178,-0.410665,-0.669840,0.341543,0.124227,1.425134,-0.648095,9444,9187,9600,9600,1,129,3,3.000000,-0.060000,1.500000,0.599405,1.185206,0.024890,1.328390,9851.677734,9851,0,0.000000,0.000000,0.000000,0.000000,0.000000,0.000000,0.000000,0.000000,0.000000,0.000000,0.000000,0.000000,0,-1.185206,-0.599405,0.024890,1.967932,2.127917,0.343052,-0.411712,-0.670888,0.343028,0.171502,1.439979,-0.507791,1.000000,0.725973,0.999967,1.000000,1.530000,-1.470000,-0.000000,-1.570796,0.967367,0.913975,1.000000,1.000000,0.967367,0.913975,1.000000,1.000000,1.000000,0.725973,0.999967,1.000000,9837,9570,10000,10000,9837,9570,10000,10000,9770,0,0,0,5857,88,4500,4500
8.150134,9770,19,1,1,2,60,0,0,0,0,0,0,-1.222952,2.423772,-1.471398,2.068699,2.089547,0.332621,-0.400381,-0.658848,0.326699,0.099112,1.509937,-0.634310,9600,9338,9600,9600,1,130,3,3.000000,-0.060000,1.500000,0.578318,1.165021,0.028270,1.300970,9931.701172,9931,0,0.000000,0.000000,0.000000,0.000000,0.000000,0.000000,0.000000,0.000000,0.000000,0.000000,0.000000,0.000000,0,-1.165021,-0.578318,0.028270,2.059629,2.093053,0.333643,-0.401390,-0.659991,0.328184,0.223231,1.346962,-0.654049,0.974320,0.766098,0.999980,1.000000,1.530000,-1.470000,-0.000000,-1.570796,1.000000,0.945361,1.000000,1.000000,1.000000,0.945361,1.000000,1.000000,0.974320,0.766098,0.999980,1.000000,10000,9727,10000,10000,10000,9727,10000,10000,9770,0,0,0,5846,151,4500,4500
8.159904,9770,19,1,1,2,60,0,0,0,0,0,0,-1.201769,2.444473,-1.468132,2.158675,2.054161,0.321196,-0.390607,-0.646816,0.311815,0.049276,1.615829,-0.622484,9493,9056,9600,9600,1,131,3,3.000000,-0.060000,1.500000,0.557581,1.143927,0.031546,1.272973,9830.529297,9830,0,0.000000,0.000000,0.000000,0.000000,0.000000,0.000000,0.000000,0.000000,0.000000,0.000000,0.000000,0.000000,0,-1.143927,-0.557581,0.031546,2.149744,2.057726,0.322432,-0.391557,-0.648073,0.313308,-0.079659,1.756313,-0.493442,0.984424,0.815133,0.999988,1.000000,1.530000,-1.470000,-0.000000,-1.570796,0.977809,0.886614,1.000000,1.000000,0.977809,0.886614,1.000000,1.000000,0.984424,0.815133,0.999988,1.000000,9889,9433,10000,10000,9889,9433,10000,10000,9770,0,0,0,5842,223,4500,4500
8.169674,9770,19,1,1,2,60,0,0,0,0,0,0,-1.179696,2.464818,-1.464991,2.246594,2.018334,0.308279,-0.381455,-0.633586,0.296815,-0.004851,1.728576,-0.611358,9555,8920,9600,9600,1,132,3,3.000000,-0.060000,1.500000,0.537200,1.121943,0.034701,1.244405,9811.447266,9811,0,0.000000,0.000000,0.000000,0.000000,0.000000,0.000000,0.000000,0.000000,0.000000,0.000000,0.000000,0.000000,0,-1.121943,-0.537200,0.034701,2.237916,2.021933,0.309619,-0.382341,-0.634962,0.298319,-0.160568,1.649295,-0.572220,0.973089,0.798645,0.999993,1.000000,1.530000,-1.470000,-0.000000,-1.570796,0.990667,0.858491,1.000000,1.000000,0.990667,0.858491,1.000000,1.000000,0.973089,0.798645,0.999993,1.000000,9953,9292,10000,10000,9953,9292,10000,10000,9770,0,0,0,5837,299,4500,4500
8.179444,9770,19,1,1,2,60,0,0,0,0,0,0,-1.156759,2.484803,-1.461984,2.331913,1.982127,0.294308,-0.372902,-0.619206,0.281752,-0.043405,1.832231,-0.599685,9259,9013,9600,9600,1,133,3,3.000000,-0.060000,1.500000,0.517179,1.099091,0.037722,1.215277,9758.413086,9758,0,0.000000,0.000000,0.000000,0.000000,0.000000,0.000000,0.000000,0.000000,0.000000,0.000000,0.000000,0.000000,0,-1.099091,-0.517179,0.037722,2.323500,1.985767,0.295755,-0.373734,-0.620694,0.283259,-0.019230,1.695836,-0.549817,0.976334,0.766513,0.999995,1.000000,1.530000,-1.470000,-0.000000,-1.570796,0.929026,0.877704,1.000000,1.000000,0.929026,0.877704,1.000000,1.000000,0.976334,0.766513,0.999995,1.000000,9645,9389,10000,10000,9645,9389,10000,10000,9770,0,0,0,5820,371,4500,4500
8.189214,9770,19,1,1,2,60,0,0,0,0,0,0,-1.132984,2.504423,-1.459122,2.414359,1.945529,0.279466,-0.364910,-0.603788,0.266704,-0.085250,1.920398,-0.588291,8961,8917,9600,9600,1,134,3,3.000000,-0.060000,1.500000,0.497523,1.075398,0.040599,1.185605,9655.769531,9655,0,0.000000,0.000000,0.000000,0.000000,0.000000,0.000000,0.000000,0.000000,0.000000,0.000000,0.000000,0.000000,0,-1.075398,-0.497523,0.040599,2.406249,1.949208,0.280987,-0.365678,-0.605372,0.268206,-0.067788,1.945734,-0.595789,0.929793,0.762144,0.999997,1.000000,1.530000,-1.470000,-0.000000,-1.570796,0.866752,0.857864,1.000000,1.000000,0.866752,0.857864,1.000000,1.000000,0.929793,0.762144,0.999997,1.000000,9334,9289,10000,10000,9334,9289,10000,10000,9770,0,0,0,5813,441,4500,4500
8.198984,9770,19,1,1,2,60,0,0,0,0,0,0,-1.108402,2.523676,-1.456411,2.493475,1.908625,0.264263,-0.357736,-0.587561,0.251774,-0.153411,1.977141,-0.578057,8921,8822,9600,9600,1,135,3,3.000000,-0.060000,1.500000,0.478233,1.050896,0.043325,1.155407,9620.892578,9620,0,0.000000,0.000000,0.000000,0.000000,0.000000,0.000000,0.000000,0.000000,0.000000,0.000000,0.000000,0.000000,0,-1.050896,-0.478233,0.043325,2.485719,1.912329,0.265793,-0.358406,-0.589211,0.253258,-0.064616,2.023860,-0.790309,0.852559,0.743881,0.999998,1.000000,1.530000,-1.470000,-0.000000,-1.570796,0.858638,0.838075,1.000000,1.000000,0.858638,0.838075,1.000000,1.000000,0.852559,0.743881,0.999998,1.000000,9293,9190,10000,10000,9293,9190,10000,10000,9770,0,0,0,5804,520,4500,4500
8.208754,9770,19,1,1,2,60,0,0,0,0,0,0,-1.083049,2.542557,-1.453852,2.569142,1.871381,0.248858,-0.351704,-0.570872,0.237090,-0.240913,1.999258,-0.568570,9121,8756,9600,9600,1,136,3,3.000000,-0.060000,1.500000,0.459314,1.025618,0.045899,1.124708,9655.484375,9655,0,0.000000,0.000000,0.000000,0.000000,0.000000,0.000000,0.000000,0.000000,0.000000,0.000000,0.000000,0.000000,0,-1.025618,-0.459314,0.045899,2.561724,1.875126,0.250415,-0.352250,-0.572552,0.238545,-0.255951,1.945834,-0.563893,0.799330,0.717231,0.999999,1.000000,1.530000,-1.470000,-0.000000,-1.570796,0.900257,0.824130,1.000000,1.000000,0.900257,0.824130,1.000000,1.000000,0.799330,0.717231,0.999999,1.000000,9501,9121,10000,10000,9501,9121,10000,10000,9770,0,0,0,5794,607,4500,4500
8.218524,9770,19,1,1,2,60,0,0,0,0,0,0,-1.056956,2.561064,-1.451452,2.641732,1.833566,0.232780,-0.346924,-0.553982,0.222733,-0.323407,2.004375,-0.558889,9108,8802,9600,9600,1,137,3,3.000000,-0.060000,1.500000,0.440770,0.999597,0.048316,1.093530,9663.911133,9664,0,0.000000,0.000000,0.000000,0.000000,0.000000,0.000000,0.000000,0.000000,0.000000,0.000000,0.000000,0.000000,0,-0.999597,-0.440770,0.048316,2.634601,1.837380,0.234431,-0.347349,-0.555676,0.224154,-0.335922,1.891170,-0.598165,0.799796,0.690093,1.000000,1.000000,1.530000,-1.470000,-0.000000,-1.570796,0.897330,0.833799,1.000000,1.000000,0.897330,0.833799,1.000000,1.000000,0.799796,0.690093,1.000000,1.000000,9487,9169,10000,10000,9487,9169,10000,10000,9770,0,0,0,5776,696,4500,4500
8.228294,9770,19,1,1,2,60,0,0,0,0,0,0,-1.030152,2.579188,-1.449217,2.711539,1.794973,0.215664,-0.343282,-0.536980,0.208706,-0.395691,2.006496,-0.548961,8751,8721,9600,9600,1,138,3,3.000000,-0.060000,1.500000,0.422607,0.972864,0.050567,1.061893,9550.026367,9550,0,0.000000,0.000000,0.000000,0.000000,0.000000,0.000000,0.000000,0.000000,0.000000,0.000000,0.000000,0.000000,0,-0.972864,-0.422607,0.050567,2.704681,1.798871,0.217425,-0.343598,-0.538684,0.210095,-0.449932,2.103402,-0.423957,0.797775,0.681242,1.000000,1.000000,1.530000,-1.470000,-0.000000,-1.570796,0.823188,0.816833,1.000000,1.000000,0.823188,0.816833,1.000000,1.000000,0.797775,0.681242,1.000000,1.000000,9116,9084,10000,10000,9116,9084,10000,10000,9770,0,0,0,5765,784,4500,4500
8.238064,9770,19,1,1,2,60,0,0,0,0,0,0,-1.002667,2.596922,-1.447157,2.778266,1.755674,0.198075,-0.340765,-0.519958,0.195008,-0.477424,1.990891,-0.539503,9012,8484,9600,9600,1,139,3,3.000000,-0.060000,1.500000,0.404834,0.945445,0.052645,1.029820,9556.328125,9556,0,0.000000,0.000000,0.000000,0.000000,0.000000,0.000000,0.000000,0.000000,0.000000,0.000000,0.000000,0.000000,0,-0.945445,-0.404834,0.052645,2.771739,1.759634,0.199839,-0.340961,-0.521654,0.196361,-0.782800,1.926493,-0.631072,0.738205,0.662522,1.000000,1.000000,1.530000,-1.470000,-0.000000,-1.570796,0.877455,0.767607,1.000000,1.000000,0.877455,0.767607,1.000000,1.000000,0.738205,0.662522,1.000000,1.000000,9387,8838,10000,10000,9387,8838,10000,10000,9770,0,0,0,5760,876,4500,4500
8.247834,9770,19,1,1,2,60,0,0,0,0,0,0,-0.974532,2.614259,-1.445274,2.841883,1.715649,0.180193,-0.339437,-0.503146,0.181690,-0.548613,1.954988,-0.529498,8742,8595,9600,9600,1,140,3,3.000000,-0.060000,1.500000,0.387456,0.917374,0.054546,0.997333,9514.892578,9514,0,0.000000,0.000000,0.000000,0.000000,0.000000,0.000000,0.000000,0.000000,0.000000,0.000000,0.000000,0.000000,0,-0.917374,-0.387456,0.054546,2.835653,1.719689,0.182004,-0.339523,-0.504813,0.183004,-0.696545,1.969268,-0.334304,0.744778,0.612430,1.000000,1.000000,1.530000,-1.470000,-0.000000,-1.570796,0.821221,0.790693,1.000000,1.000000,0.821221,0.790693,1.000000,1.000000,0.744778,0.612430,1.000000,1.000000,9106,8953,10000,10000,9106,8953,10000,10000,9770,0,0,0,5748,968,4500,4500
8.257604,9770,19,1,1,2,60,0,0,0,0,0,0,-0.945777,2.631192,-1.443572,2.902526,1.674808,0.162000,-0.339148,-0.486711,0.168788,-0.614772,1.902663,-0.519254,8567,8466,9600,9600,1,141,3,3.000000,-0.060000,1.500000,0.370483,0.888680,0.056266,0.964456,9435.886719,9435,0,0.000000,0.000000,0.000000,0.000000,0.000000,0.000000,0.000000,0.000000,0.000000,0.000000,0.000000,0.000000,0,-0.888680,-0.370483,0.056266,2.896593,1.678930,0.163830,-0.339129,-0.488332,0.170059,-0.795718,2.117146,-0.542370,0.704512,0.600215,1.000000,1.000000,1.530000,-1.470000,-0.000000,-1.570796,0.784825,0.763884,1.000000,1.000000,0.784825,0.763884,1.000000,1.000000,0.704512,0.600215,1.000000,1.000000,8924,8819,10000,10000,8924,8819,10000,10000,9770,0,0,0,5728,1059,4500,4500
8.267374,9770,19,1,1,2,60,0,0,0,0,0,0,-0.916433,2.647712,-1.442052,2.960114,1.633207,0.143914,-0.339983,-0.470861,0.156342,-0.692991,1.824901,-0.509446,8851,8417,9600,9600,1,142,3,3.000000,-0.060000,1.500000,0.353922,0.859393,0.057804,0.931213,9497.095703,9497,0,0.000000,0.000000,0.000000,0.000000,0.000000,0.000000,0.000000,0.000000,0.000000,0.000000,0.000000,0.000000,0,-0.859393,-0.353922,0.057804,2.954491,1.637401,0.145711,-0.339846,-0.472412,0.157564,-1.034618,1.869758,-0.484896,0.651448,0.571710,1.000000,1.000000,1.530000,-1.470000,-0.000000,-1.570796,0.844012,0.753665,1.000000,1.000000,0.844012,0.753665,1.000000,1.000000,0.651448,0.571710,1.000000,1.000000,9220,8768,10000,10000,9220,8768,10000,10000,9770,0,0,0,5715,1155,4500,4500
8.277144,9770,19,1,1,2,60,0,0,0,0,0,0,-0.886528,2.663811,-1.440713,3.014978,1.590672,0.125623,-0.341978,-0.455814,0.144398,-0.763046,1.734777,-0.499293,8542,8704,9600,9600,1,143,3,3.000000,-0.060000,1.500000,0.337780,0.829543,0.059162,0.897628,9491.358398,9491,0,0.000000,0.000000,0.000000,0.000000,0.000000,0.000000,0.000000,0.000000,0.000000,0.000000,0.000000,0.000000,0,-0.829543,-0.337780,0.059162,3.009601,1.594975,0.127477,-0.341732,-0.457281,0.145570,-0.698003,1.920568,-0.493843,0.665840,0.546378,1.000000,1.000000,1.530000,-1.470000,-0.000000,-1.570796,0.779688,0.813398,1.000000,1.000000,0.779688,0.813398,1.000000,1.000000,0.665840,0.546378,1.000000,1.000000,8898,9067,10000,10000,8898,9067,10000,10000,9770,0,0,0,5706,1252,4500,4500
8.286914,9770,19,1,1,2,60,0,0,0,0,0,0,-0.856088,2.679478,-1.439560,3.067441,1.547010,0.106849,-0.345064,-0.441611,0.132939,-0.845827,1.644324,-0.489961,8893,8624,9600,9600,1,144,3,3.000000,-0.060000,1.500000,0.322069,0.799155,0.060334,0.863723,9561.976562,9561,0,0.000000,0.000000,0.000000,0.000000,0.000000,0.000000,0.000000,0.000000,0.000000,0.000000,0.000000,0.000000,0,-0.799155,-0.322069,0.060334,3.062299,1.551429,0.108745,-0.344699,-0.442993,0.134064,-1.044626,1.717839,-0.685082,0.623950,0.578020,1.000000,1.000000,1.530000,-1.470000,-0.000000,-1.570796,0.852882,0.796699,1.000000,1.000000,0.852882,0.796699,1.000000,1.000000,0.623950,0.578020,1.000000,1.000000,9264,8983,10000,10000,9264,8983,10000,10000,9770,0,0,0,5684,1353,4500,4500
8.296684,9770,19,1,1,2,60,0,0,0,0,0,0,-0.825135,2.694702,-1.438598,3.117791,1.502016,0.087296,-0.349376,-0.428221,0.121908,-0.934977,1.565827,-0.481330,8610,8849,9600,9600,1,145,3,3.000000,-0.060000,1.500000,0.306800,0.768252,0.061315,0.829516,9546.871094,9546,0,0.000000,0.000000,0.000000,0.000000,0.000000,0.000000,0.000000,0.000000,0.000000,0.000000,0.000000,0.000000,0,-0.768252,-0.306800,0.061315,3.112844,1.506581,0.089295,-0.348893,-0.429527,0.122994,-0.834032,1.834275,-0.376548,0.656141,0.584071,1.000000,1.000000,1.530000,-1.470000,-0.000000,-1.570796,0.793811,0.843686,1.000000,1.000000,0.793811,0.843686,1.000000,1.000000,0.656141,0.584071,1.000000,1.000000,8969,9218,10000,10000,8969,9218,10000,10000,9770,0,0,0,5671,1461,4500,4500
8.306454,9770,19,1,1,2,60,0,0,0,0,0,0,-0.793689,2.709468,-1.437836,3.166137,1.455571,0.067004,-0.354889,-0.415507,0.111219,-1.037909,1.501431,-0.473776,8700,8988,9600,9600,1,146,3,3.000000,-0.060000,1.500000,0.291988,0.736855,0.062097,0.795027,9606.136719,9606,0,0.000000,0.000000,0.000000,0.000000,0.000000,0.000000,0.000000,0.000000,0.000000,0.000000,0.000000,0.000000,0,-0.736855,-0.291988,0.062097,3.161395,1.460281,0.069055,-0.354278,-0.416751,0.112275,-0.747987,1.637634,-0.463171,0.629180,0.624717,1.000000,1.000000,1.530000,-1.470000,-0.000000,-1.570796,0.812512,0.872397,1.000000,1.000000,0.812512,0.872397,1.000000,1.000000,0.629180,0.624717,1.000000,1.000000,9063,9362,10000,10000,9063,9362,10000,10000,9770,0,0,0,5648,1576,4500,4500
8.316224,9770,19,1,1,2,60,0,0,0,0,0,0,-0.761771,2.723761,-1.437281,3.212586,1.407510,0.045955,-0.361815,-0.403352,0.100783,-1.168790,1.454955,-0.468017,8754,8949,9600,9600,1,147,3,3.000000,-0.060000,1.500000,0.277647,0.704983,0.062673,0.760274,9610.248047,9610,0,0.000000,0.000000,0.000000,0.000000,0.000000,0.000000,0.000000,0.000000,0.000000,0.000000,0.000000,0.000000,0,-0.704983,-0.277647,0.062673,3.208024,1.412395,0.048097,-0.361053,-0.404548,0.101819,-0.799777,1.646730,-0.659796,0.627545,0.671964,1.000000,1.000000,1.530000,-1.470000,-0.000000,-1.570796,0.823737,0.864462,1.000000,1.000000,0.823737,0.864462,1.000000,1.000000,0.627545,0.671964,1.000000,1.000000,9119,9322,10000,10000,9119,9322,10000,10000,9770,0,0,0,5641,1704,4500,4500
8.325994,9770,19,1,1,2,60,0,0,0,0,0,0,-0.729398,2.737563,-1.436941,3.257179,1.357669,0.024200,-0.370306,-0.391581,0.090486,-1.313226,1.428267,-0.463400,8739,8645,9600,9600,1,148,3,3.000000,-0.060000,1.500000,0.263794,0.672655,0.063035,0.725276,9526.823242,9527,0,0.000000,0.000000,0.000000,0.000000,0.000000,0.000000,0.000000,0.000000,0.000000,0.000000,0.000000,0.000000,0,-0.672655,-0.263794,0.063035,3.252806,1.362736,0.026398,-0.369385,-0.392746,0.091512,-1.142380,1.807215,-0.349240,0.635386,0.694376,1.000000,1.000000,1.530000,-1.470000,-0.000000,-1.570796,0.820549,0.800910,1.000000,1.000000,0.820549,0.800910,1.000000,1.000000,0.635386,0.694376,1.000000,1.000000,9103,9005,10000,10000,9103,9005,10000,10000,9770,0,0,0,5615,1843,4500,4500
8.335764,9770,19,1,1,2,60,0,0,0,0,0,0,-0.696591,2.750858,-1.436818,3.299643,1.306160,0.002495,-0.380345,-0.380106,0.080262,-1.447038,1.402336,-0.458514,9077,8474,9600,9600,1,149,3,3.000000,-0.060000,1.500000,0.250448,0.639890,0.063179,0.690055,9570.404297,9570,0,0.000000,0.000000,0.000000,0.000000,0.000000,0.000000,0.000000,0.000000,0.000000,0.000000,0.000000,0.000000,0,-0.639890,-0.250448,0.063179,3.295499,1.311384,0.004645,-0.379276,-0.381238,0.081281,-1.556970,1.511696,-0.393620,0.637633,0.657958,1.000000,1.000000,1.530000,-1.470000,-0.000000,-1.570796,0.890909,0.765415,1.000000,1.000000,0.890909,0.765415,1.000000,1.000000,0.637633,0.657958,1.000000,1.000000,9455,8827,10000,10000,9455,8827,10000,10000,9770,0,0,0,5601,1986,4500,4500
8.345534,9770,19,1,1,2,60,0,0,0,0,0,0,-0.663371,2.763628,-1.436912,3.339962,1.252883,-0.019023,-0.391652,-0.368965,0.070122,-1.538041,1.376162,-0.451829,8913,8758,9600,9600,1,150,3,3.000000,-0.060000,1.500000,0.237625,0.606711,0.063107,0.654634,9601.777344,9601,0,0.000000,0.000000,0.000000,0.000000,0.000000,0.000000,0.000000,0.000000,0.000000,0.000000,0.000000,0.000000,0,-0.606711,-0.237625,0.063107,3.336023,1.258297,-0.016872,-0.390479,-0.370065,0.071132,-1.438008,1.230507,-0.389900,0.694366,0.607937,1.000000,1.000000,1.530000,-1.470000,-0.000000,-1.570796,0.856793,0.824629,1.000000,1.000000,0.856793,0.824629,1.000000,1.000000,0.694366,0.607937,1.000000,1.000000,9284,9123,10000,10000,9284,9123,10000,10000,9770,0,0,0,5586,2122,4500,4500
8.355304,9770,19,1,1,2,60,0,0,0,0,0,0,-0.629759,2.775855,-1.437221,3.378292,1.197574,-0.040637,-0.403827,-0.358099,0.060043,-1.607239,1.360836,-0.444480,8878,8652,9600,9600,1,151,3,3.000000,-0.060000,1.500000,0.225343,0.573137,0.062820,0.619041,9565.166992,9565,0,0.000000,0.000000,0.000000,0.000000,0.000000,0.000000,0.000000,0.000000,0.000000,0.000000,0.000000,0.000000,0,-0.573137,-0.225343,0.062820,3.374547,1.203200,-0.038471,-0.402573,-0.359176,0.061049,-1.831584,1.253789,-0.468662,0.701928,0.624195,1.000000,1.000000,1.530000,-1.470000,-0.000000,-1.570796,0.849560,0.802573,1.000000,1.000000,0.849560,0.802573,1.000000,1.000000,0.701928,0.624195,1.000000,1.000000,9248,9013,10000,10000,9248,9013,10000,10000,9770,0,0,0,5555,2250,4500,4500
8.365074,9770,19,1,1,2,60,0,0,0,0,0,0,-0.595775,2.787517,-1.437745,3.414555,1.140245,-0.062068,-0.416796,-0.347427,0.049977,-1.674490,1.350780,-0.437323,8431,8706,9600,9600,1,152,3,3.000000,-0.060000,1.500000,0.213624,0.539189,0.062317,0.583304,9462.672852,9462,0,0.000000,0.000000,0.000000,0.000000,0.000000,0.000000,0.000000,0.000000,0.000000,0.000000,0.000000,0.000000,0,-0.539189,-0.213624,0.062317,3.411025,1.146066,-0.059944,-0.415465,-0.348486,0.050984,-1.636613,1.457644,-0.258639,0.700823,0.616700,1.000000,1.000000,1.530000,-1.470000,-0.000000,-1.570796,0.756314,0.813824,1.000000,1.000000,0.756314,0.813824,1.000000,1.000000,0.700823,0.616700,1.000000,1.000000,8782,9069,10000,10000,8782,9069,10000,10000,9770,0,0,0,5537,2380,4500,4500
8.374844,9770,19,1,1,2,60,0,0,0,0,0,0,-0.561441,2.798595,-1.438480,3.448500,1.081173,-0.082500,-0.430626,-0.337009,0.039939,-1.762370,1.324551,-0.431123,8506,8425,9600,9600,1,153,3,3.000000,-0.060000,1.500000,0.202486,0.504889,0.061603,0.547456,9408.978516,9409,0,0.000000,0.000000,0.000000,0.000000,0.000000,0.000000,0.000000,0.000000,0.000000,0.000000,0.000000,0.000000,0,-0.504889,-0.202486,0.061603,3.445213,1.087154,-0.080517,-0.429194,-0.338033,0.040940,-1.900207,1.503581,-0.371793,0.626775,0.621008,1.000000,1.000000,1.530000,-1.470000,-0.000000,-1.570796,0.772033,0.755150,1.000000,1.000000,0.772033,0.755150,1.000000,1.000000,0.626775,0.621008,1.000000,1.000000,8860,8776,10000,10000,8860,8776,10000,10000,9770,0,0,0,5515,2516,4500,4500
8.384614,9770,19,1,1,2,60,0,0,0,0,0,0,-0.526780,2.809075,-1.439410,3.480019,1.020523,-0.101425,-0.445567,-0.327078,0.030022,-1.861306,1.270155,-0.425268,8523,8613,9600,9600,1,154,3,3.000000,-0.060000,1.500000,0.191946,0.470260,0.060691,0.511538,9462.582031,9462,0,0.000000,0.000000,0.000000,0.000000,0.000000,0.000000,0.000000,0.000000,0.000000,0.000000,0.000000,0.000000,0,-0.470260,-0.191946,0.060691,3.476974,1.026661,-0.099600,-0.444022,-0.328042,0.031005,-1.675730,1.228730,-0.410428,0.594231,0.577448,1.000000,1.000000,1.530000,-1.470000,-0.000000,-1.570796,0.775570,0.794496,1.000000,1.000000,0.775570,0.794496,1.000000,1.000000,0.594231,0.577448,1.000000,1.000000,8878,8972,10000,10000,8878,8972,10000,10000,9770,0,0,0,5502,2660,4500,4500
8.394384,9770,19,1,1,2,60,0,0,0,0,0,0,-0.491817,2.818938,-1.440523,3.509327,0.958002,-0.119225,-0.461657,-0.317843,0.020327,-1.962432,1.202426,-0.419542,8550,8564,9600,9600,1,155,3,3.000000,-0.060000,1.500000,0.182020,0.435326,0.059596,0.475597,9456.744141,9456,0,0.000000,0.000000,0.000000,0.000000,0.000000,0.000000,0.000000,0.000000,0.000000,0.000000,0.000000,0.000000,0,-0.435326,-0.182020,0.059596,3.506489,0.964349,-0.117482,-0.459995,-0.318733,0.021285,-1.893338,1.310366,-0.316867,0.577276,0.581990,1.000000,1.000000,1.530000,-1.470000,-0.000000,-1.570796,0.781121,0.784274,1.000000,1.000000,0.781121,0.784274,1.000000,1.000000,0.577276,0.581990,1.000000,1.000000,8906,8921,10000,10000,8906,8921,10000,10000,9770,0,0,0,5482,2809,4500,4500
8.404154,9770,19,1,1,2,60,0,0,0,0,0,0,-0.456572,2.828164,-1.441809,3.536598,0.893351,-0.136148,-0.478940,-0.309351,0.010879,-2.066239,1.132554,-0.414123,8425,8628,9600,9600,1,156,3,3.000000,-0.060000,1.500000,0.172729,0.400109,0.058327,0.439687,9440.829102,9440,0,0.000000,0.000000,0.000000,0.000000,0.000000,0.000000,0.000000,0.000000,0.000000,0.000000,0.000000,0.000000,0,-0.400109,-0.172729,0.058327,3.533961,0.899915,-0.134498,-0.477158,-0.310166,0.011812,-1.796739,1.282381,-0.320760,0.571361,0.576701,1.000000,1.000000,1.530000,-1.470000,-0.000000,-1.570796,0.755298,0.797366,1.000000,1.000000,0.755298,0.797366,1.000000,1.000000,0.571361,0.576701,1.000000,1.000000,8776,8987,10000,10000,8776,8987,10000,10000,9770,0,0,0,5468,2965,4500,4500
8.413924,9770,19,1,1,2,60,0,0,0,0,0,0,-0.421066,2.836732,-1.443259,3.561880,0.826517,-0.152015,-0.497442,-0.301630,0.001698,-2.177405,1.059281,-0.409216,8677,8539,9521,9600,1,157,3,3.000000,-0.060000,1.500000,0.164095,0.364627,0.056893,0.403878,9463.261719,9463,0,0.000000,0.000000,0.000000,0.000000,0.000000,0.000000,0.000000,0.000000,0.000000,0.000000,0.000000,0.000000,0,-0.364627,-0.164095,0.056893,3.559439,0.833300,-0.150481,-0.495534,-0.302366,0.002604,-2.123769,1.098418,-0.432089,0.547452,0.583795,1.000000,1.000000,1.530000,-1.470000,-0.000000,-1.570796,0.807857,0.779088,0.983664,1.000000,0.807857,0.779088,0.983664,1.000000,0.547452,0.583795,1.000000,1.000000,9039,8895,9918,10000,9039,8895,9918,10000,9770,0,0,0,5448,3128,4500,4500
8.423694,9770,19,1,1,2,60,0,0,0,0,0,0,-0.385317,2.844619,-1.444861,3.585254,0.757362,-0.166803,-0.517173,-0.294675,-0.007211,-2.277566,0.993041,-0.404630,8677,8556,9459,9600,1,158,3,3.000000,-0.060000,1.500000,0.156139,0.328902,0.055306,0.368259,9451.283203,9451,0,0.000000,0.000000,0.000000,0.000000,0.000000,0.000000,0.000000,0.000000,0.000000,0.000000,0.000000,0.000000,0,-0.328902,-0.156139,0.055306,3.583000,0.764386,-0.165372,-0.515151,-0.295338,-0.006331,-2.288328,1.020030,-0.383253,0.574311,0.573715,0.987145,1.000000,1.530000,-1.470000,-0.000000,-1.570796,0.807860,0.782627,0.970540,1.000000,0.807860,0.782627,0.970540,1.000000,0.574311,0.573715,0.987145,1.000000,9039,8913,9853,10000,9039,8913,9853,10000,9770,0,0,0,5438,3296,4500,4500
8.433464,9770,19,1,1,2,60,0,0,0,0,0,0,-0.349344,2.851801,-1.446605,3.606774,0.685810,-0.180400,-0.537883,-0.288371,-0.015903,-2.352944,0.941979,-0.400397,8319,8670,9600,9600,1,159,3,3.000000,-0.060000,1.500000,0.148885,0.292951,0.053576,0.332952,9424.235352,9424,0,0.000000,0.000000,0.000000,0.000000,0.000000,0.000000,0.000000,0.000000,0.000000,0.000000,0.000000,0.000000,0,-0.292951,-0.148885,0.053576,3.604705,0.693073,-0.179099,-0.535775,-0.288976,-0.015042,-1.949058,1.014183,-0.505080,0.590604,0.570386,0.969020,1.000000,1.530000,-1.470000,-0.000000,-1.570796,0.733194,0.806195,1.000000,1.000000,0.733194,0.806195,1.000000,1.000000,0.590604,0.570386,0.969020,1.000000,8666,9031,10000,10000,8666,9031,10000,10000,9770,0,0,0,5427,3460,4500,4500
8.443234,9770,19,1,1,2,60,0,0,0,0,0,0,-0.313167,2.858254,-1.448477,3.626441,0.611903,-0.192531,-0.559472,-0.282656,-0.024409,-2.441082,0.887346,-0.396960,8630,8703,9364,9600,1,160,3,3.000000,-0.060000,1.500000,0.142358,0.256793,0.051716,0.298132,9452.630859,9452,0,0.000000,0.000000,0.000000,0.000000,0.000000,0.000000,0.000000,0.000000,0.000000,0.000000,0.000000,0.000000,0,-0.256793,-0.142358,0.051716,3.624557,0.619400,-0.191389,-0.557266,-0.283199,-0.023569,-2.239089,0.728947,-0.486186,0.541729,0.586913,0.981210,1.000000,1.530000,-1.470000,-0.000000,-1.570796,0.797956,0.813254,0.950895,1.000000,0.797956,0.813254,0.950895,1.000000,0.541729,0.586913,0.981210,1.000000,8990,9066,9754,10000,8990,9066,9754,10000,9770,0,0,0,5408,3629,4500,4500
8.453004,9770,19,1,1,2,60,0,0,0,0,0,0,-0.276803,2.863955,-1.450462,3.644304,0.535540,-0.203155,-0.582100,-0.277548,-0.032713,-2.530888,0.844005,-0.394880,8804,8789,9137,9600,1,161,3,3.000000,-0.060000,1.500000,0.136580,0.220447,0.049741,0.264055,9461.125000,9461,0,0.000000,0.000000,0.000000,0.000000,0.000000,0.000000,0.000000,0.000000,0.000000,0.000000,0.000000,0.000000,0,-0.220447,-0.136580,0.049741,3.642597,0.543292,-0.202160,-0.579795,-0.278036,-0.031888,-2.546617,0.610934,-0.235403,0.563048,0.602492,0.949960,1.000000,1.530000,-1.470000,-0.000000,-1.570796,0.834293,0.830922,0.903686,1.000000,0.834293,0.830922,0.903686,1.000000,0.563048,0.602492,0.949960,1.000000,9171,9155,9518,10000,9171,9155,9518,10000,9770,0,0,0,5398,3806,4500,4500
8.462774,9770,19,1,1,2,60,0,0,0,0,0,0,-0.240270,2.868879,-1.452545,3.660394,0.456610,-0.212252,-0.605496,-0.272794,-0.040996,-2.586011,0.844299,-0.395023,8721,8605,9134,9600,1,162,3,3.000000,-0.060000,1.500000,0.131578,0.183930,0.047668,0.231117,9390.663086,9390,0,0.000000,0.000000,0.000000,0.000000,0.000000,0.000000,0.000000,0.000000,0.000000,0.000000,0.000000,0.000000,0,-0.183930,-0.131578,0.047668,3.658865,0.464619,-0.211414,-0.603136,-0.273265,-0.040160,-2.811087,0.659178,-0.404687,0.604574,0.625845,0.893856,1.000000,1.530000,-1.470000,-0.000000,-1.570796,0.816872,0.792723,0.902936,1.000000,0.816872,0.792723,0.902936,1.000000,0.604574,0.625845,0.893856,1.000000,9084,8964,9515,10000,9084,8964,9515,10000,9770,0,0,0,5392,3977,4500,4500
8.472544,9770,19,1,1,2,60,0,0,0,0,0,0,-0.203586,2.873000,-1.454708,3.674612,0.375376,-0.219385,-0.629200,-0.268076,-0.049511,-2.602155,0.874510,-0.396836,8242,8410,9329,9600,1,163,3,3.000000,-0.060000,1.500000,0.127375,0.147261,0.045511,0.199953,9265.834961,9265,0,0.000000,0.000000,0.000000,0.000000,0.000000,0.000000,0.000000,0.000000,0.000000,0.000000,0.000000,0.000000,0,-0.147261,-0.127375,0.045511,3.673277,0.383595,-0.218770,-0.626827,-0.268551,-0.048645,-2.774266,0.899002,-0.238118,0.616051,0.609950,0.859237,1.000000,1.530000,-1.470000,-0.000000,-1.570796,0.717073,0.751918,0.943676,1.000000,0.717073,0.751918,0.943676,1.000000,0.616051,0.609950,0.859237,1.000000,8585,8760,9718,10000,8585,8760,9718,10000,9770,0,0,0,5382,4137,4500,4500
8.482314,9770,19,1,1,2,60,0,0,0,0,0,0,-0.166771,2.876299,-1.456929,3.686788,0.292445,-0.223819,-0.652967,-0.263389,-0.058282,-2.613655,0.880526,-0.398926,8099,8109,9271,9600,1,164,3,3.000000,-0.060000,1.500000,0.123994,0.110458,0.043295,0.171609,9134.926758,9135,0,0.000000,0.000000,0.000000,0.000000,0.000000,0.000000,0.000000,0.000000,0.000000,0.000000,0.000000,0.000000,0,-0.110458,-0.123994,0.043295,3.685664,0.300804,-0.223506,-0.650583,-0.263847,-0.057401,-2.853568,0.924665,-0.462882,0.544477,0.568198,0.870299,1.000000,1.530000,-1.470000,-0.000000,-1.570796,0.687153,0.689339,0.931450,1.000000,0.687153,0.689339,0.931450,1.000000,0.544477,0.568198,0.870299,1.000000,8436,8447,9657,10000,8436,8447,9657,10000,9770,0,0,0,5379,4293,4500,4500
8.492084,9770,19,1,1,2,60,0,0,0,0,0,0,-0.129846,2.878762,-1.459176,3.696831,0.208433,-0.224911,-0.676925,-0.259098,-0.067023,-2.626577,0.832632,-0.400542,7690,8034,9455,9600,1,165,3,3.000000,-0.060000,1.500000,0.121447,0.073543,0.041049,0.147793,9057.048828,9057,0,0.000000,0.000000,0.000000,0.000000,0.000000,0.000000,0.000000,0.000000,0.000000,0.000000,0.000000,0.000000,0,-0.073543,-0.121447,0.041049,3.695921,0.216877,-0.224955,-0.674520,-0.259497,-0.066161,-2.427399,1.038630,-0.417120,0.477520,0.493627,0.867388,1.000000,1.530000,-1.470000,-0.000000,-1.570796,0.602091,0.673796,0.969751,1.000000,0.602091,0.673796,0.969751,1.000000,0.477520,0.493627,0.867388,1.000000,8010,8369,9849,10000,8010,8369,9849,10000,9770,0,0,0,5376,4451,4500,4500
8.501854,9770,19,1,1,2,60,0,0,0,0,0,0,-0.092832,2.880380,-1.461415,3.704823,0.123556,-0.222528,-0.701219,-0.255667,-0.075314,-2.656793,0.715887,-0.401398,8227,7957,8937,9600,1,166,3,3.000000,-0.060000,1.500000,0.119743,0.036537,0.038808,0.131070,9042.031250,9042,0,0.000000,0.000000,0.000000,0.000000,0.000000,0.000000,0.000000,0.000000,0.000000,0.000000,0.000000,0.000000,0,-0.036537,-0.119743,0.038808,3.704110,0.132088,-0.222914,-0.698763,-0.255956,-0.074520,-2.971944,0.816741,-0.337796,0.369970,0.436167,0.895763,1.000000,1.530000,-1.470000,-0.000000,-1.570796,0.713960,0.657825,0.861840,1.000000,0.713960,0.657825,0.861840,1.000000,0.369970,0.436167,0.895763,1.000000,8570,8289,9309,10000,8570,8289,9309,10000,9770,0,0,0,5375,4500,4500,4500
8.511624,9770,19,1,1,2,60,0,0,0,0,0,0,-0.055749,2.881144,-1.463612,3.710968,0.037676,-0.216903,-0.725974,-0.253468,-0.082773,-2.657933,0.578345,-0.402760,9600,9600,8454,9600,1,167,4,1.530000,1.470000,1.500000,-1.351107,1.529460,0.036605,2.041097,9701.529297,9701,0,0.000000,0.000000,0.000000,0.000000,0.000000,0.000000,0.000000,0.000000,0.000000,0.000000,0.000000,0.000000,0,-1.351107,-1.529460,0.036605,-0.046317,3.710430,-0.217602,-0.723494,-0.253634,1.488731,-2.751255,0.467457,-0.353059,0.392772,0.388747,0.828053,1.000000,1.530000,-1.470000,-0.000000,-1.570796,1.000000,1.000000,0.761224,1.000000,1.000000,1.000000,0.761224,1.000000,0.392772,0.388747,0.828053,1.000000,10000,10000,8806,10000,10000,10000,8806,10000,9770,0,0,0,5379,4500,4500,4500
8.521394,9770,19,1,1,2,60,0,0,0,0,0,0,-0.018612,2.881032,-1.465747,3.715788,-0.052134,-0.211126,-0.750477,-0.252010,-0.089808,-2.590946,0.592396,-0.409093,9600,9600,7984,9600,1,168,4,1.530000,1.470000,1.500000,-1.351084,1.492328,0.034464,2.013370,9579.314453,9579,0,0.000000,0.000000,0.000000,0.000000,0.000000,0.000000,0.000000,0.000000,0.000000,0.000000,0.000000,0.000000,0,-1.351084,-1.492328,0.034464,0.042896,3.715356,-0.211630,-0.748067,-0.252165,1.481714,-2.213073,0.476295,-0.429975,0.631698,0.629257,0.707807,1.000000,1.530000,-1.470000,-0.000000,-1.570796,1.000000,1.000000,0.663451,1.000000,1.000000,1.000000,0.663451,1.000000,0.631698,0.629257,0.707807,1.000000,10000,10000,8317,10000,10000,10000,8317,10000,9770,0,0,0,5380,4500,4500,4500
8.531164,9770,19,1,1,2,60,0,0,0,0,0,0,0.018567,2.879994,-1.467831,3.719304,-0.146654,-0.205943,-0.773666,-0.249816,-0.097916,-2.450795,0.816856,-0.422937,9600,9255,8467,9600,1,169,4,1.530000,1.470000,1.500000,-1.350141,1.455153,0.032375,1.985295,9615.435547,9615,0,0.000000,0.000000,0.000000,0.000000,0.000000,0.000000,0.000000,0.000000,0.000000,0.000000,0.000000,0.000000,0,-1.350140,-1.455153,0.032375,0.137039,3.719024,-0.206481,-0.771438,-0.250106,1.473782,-2.475953,0.913060,-0.607566,0.776613,0.775133,0.557933,1.000000,1.530000,-1.470000,-0.000000,-1.570796,1.000000,0.928284,0.764064,1.000000,1.000000,0.928284,0.764064,1.000000,0.776613,0.775133,0.557933,1.000000,10000,9641,8820,10000,10000,9641,8820,10000,9770,0,0,0,5384,4500,4500,4500
8.540934,9770,19,1,1,2,60,0,0,0,0,0,0,0.055771,2.877991,-1.469859,3.721083,-0.244604,-0.200325,-0.794571,-0.245820,-0.108335,-2.254655,1.151981,-0.439623,9600,8023,8842,9600,1,170,4,1.530000,1.470000,1.500000,-1.348236,1.417950,0.030341,1.956845,9391.765625,9391,0,0.000000,0.000000,0.000000,0.000000,0.000000,0.000000,0.000000,0.000000,0.000000,0.000000,0.000000,0.000000,0,-1.348236,-1.417950,0.030341,0.234674,3.720996,-0.200913,-0.792600,-0.246314,1.463626,-2.228846,1.255220,-0.519909,0.864509,0.807175,0.546206,1.000000,1.530000,-1.470000,-0.000000,-1.570796,1.000000,0.671484,0.841928,1.000000,1.000000,0.671484,0.841928,1.000000,0.864509,0.807175,0.546206,1.000000,10000,8357,9210,10000,10000,8357,9210,10000,9770,0,0,0,5386,4500,4454,4500
8.550704,9770,19,1,1,2,60,0,0,0,0,0,0,0.092981,2.874998,-1.471825,3.720600,-0.344128,-0.193107,-0.812548,-0.239801,-0.121406,-1.980370,1.466889,-0.451085,9600,7616,8895,9600,1,171,4,1.530000,1.470000,1.500000,-1.345342,1.380739,0.028368,1.928002,9299.733398,9299,0,0.000000,0.000000,0.000000,0.000000,0.000000,0.000000,0.000000,0.000000,0.000000,0.000000,0.000000,0.000000,0,-1.345342,-1.380739,0.028368,0.334153,3.720763,-0.193926,-0.810904,-0.240484,1.450806,-2.019672,1.514592,-0.591878,0.917821,0.624524,0.600367,1.000000,1.530000,-1.470000,-0.000000,-1.570796,1.000000,0.586519,0.853268,1.000000,1.000000,0.586519,0.853268,1.000000,0.917821,0.624524,0.600367,1.000000,10000,7933,9266,10000,10000,7933,9266,10000,9770,0,0,0,5391,4500,3673,4500
8.560474,9770,19,1,1,2,60,0,0,0,0,0,0,0.130173,2.871009,-1.473706,3.717502,-0.443732,-0.183641,-0.826823,-0.232172,-0.136660,-1.610596,1.706924,-0.454832,9499,7771,9042,9600,1,172,4,1.530000,1.470000,1.500000,-1.341453,1.343545,0.026478,1.898765,9352.132812,9352,0,0.000000,0.000000,0.000000,0.000000,0.000000,0.000000,0.000000,0.000000,0.000000,0.000000,0.000000,0.000000,0,-1.341453,-1.343545,0.026478,0.433779,3.717934,-0.184677,-0.825583,-0.232994,1.435743,-1.571697,1.680204,-0.422429,0.950156,0.446878,0.642141,1.000000,1.530000,-1.470000,-0.000000,-1.570796,0.978968,0.618962,0.883777,1.000000,0.978968,0.618962,0.883777,1.000000,0.950156,0.446878,0.642141,1.000000,9895,8095,9419,10000,9895,8095,9419,10000,9770,0,0,0,5408,4500,2964,4500
8.570244,9770,19,1,1,2,60,0,0,0,0,0,0,0.167318,2.866024,-1.475483,3.711653,-0.543410,-0.172690,-0.836836,-0.223348,-0.153536,-1.192796,1.886173,-0.453135,8860,8285,9600,9600,1,173,4,1.530000,1.470000,1.500000,-1.336567,1.306394,0.024690,1.869140,9464.770508,9464,0,0.000000,0.000000,0.000000,0.000000,0.000000,0.000000,0.000000,0.000000,0.000000,0.000000,0.000000,0.000000,0,-1.336567,-1.306394,0.024690,0.533433,3.712364,-0.173826,-0.836031,-0.224276,1.419008,-0.513099,1.918239,-0.521843,0.953217,0.364661,0.691487,1.000000,1.530000,-1.470000,-0.000000,-1.570796,0.845882,0.725934,1.000000,1.000000,0.845882,0.725934,1.000000,1.000000,0.953217,0.364661,0.691487,1.000000,9229,8630,10000,10000,9229,8630,10000,10000,9770,0,0,0,5416,4500,2325,4500
8.580014,9770,19,1,1,2,60,0,0,0,0,0,0,0.204389,2.860039,-1.477147,3.702969,-0.643619,-0.161396,-0.842853,-0.213672,-0.171516,-0.846535,1.995661,-0.448467,9191,7823,9600,9600,1,174,4,1.530000,1.470000,1.500000,-1.330683,1.269314,0.023014,1.839131,9430.869141,9430,0,0.000000,0.000000,0.000000,0.000000,0.000000,0.000000,0.000000,0.000000,0.000000,0.000000,0.000000,0.000000,0,-1.330683,-1.269314,0.023014,0.633570,3.703967,-0.162519,-0.842396,-0.214665,1.401110,-0.974443,2.230064,-0.475484,0.850343,0.398974,0.812877,1.000000,1.530000,-1.470000,-0.000000,-1.570796,0.914825,0.629870,1.000000,1.000000,0.914825,0.629870,1.000000,1.000000,0.850343,0.398974,0.812877,1.000000,9574,8149,10000,10000,9574,8149,10000,10000,9770,0,0,0,5415,4500,1786,4500
8.589784,9770,19,1,1,2,60,0,0,0,0,0,0,0.241357,2.853050,-1.478700,3.691422,-0.744145,-0.150252,-0.845927,-0.203557,-0.189999,-0.564548,2.038335,-0.440383,9258,8025,9600,9600,1,175,4,1.530000,1.470000,1.500000,-1.323794,1.232334,0.021450,1.808739,9500.748047,9500,0,0.000000,0.000000,0.000000,0.000000,0.000000,0.000000,0.000000,0.000000,0.000000,0.000000,0.000000,0.000000,0,-1.323794,-1.232334,0.021450,0.734095,3.692705,-0.151358,-0.845739,-0.204579,1.382654,-0.545006,2.060620,-0.485718,0.842202,0.344190,0.886504,1.000000,1.530000,-1.470000,-0.000000,-1.570796,0.928834,0.671764,1.000000,1.000000,0.928834,0.671764,1.000000,1.000000,0.842202,0.344190,0.886504,1.000000,9644,8359,10000,10000,9644,8359,10000,10000,9770,0,0,0,5432,4500,1336,4500
8.599554,9770,19,1,1,2,60,0,0,0,0,0,0,0.278195,2.845055,-1.480143,3.677037,-0.844792,-0.139627,-0.846445,-0.193257,-0.208559,-0.300143,2.048475,-0.429317,8832,8235,9600,9600,1,176,4,1.530000,1.470000,1.500000,-1.315900,1.195482,0.019996,1.777968,9444.394531,9444,0,0.000000,0.000000,0.000000,0.000000,0.000000,0.000000,0.000000,0.000000,0.000000,0.000000,0.000000,0.000000,0,-1.315900,-1.195482,0.019996,0.834724,3.678602,-0.140655,-0.846502,-0.194293,1.364091,-0.041316,2.136143,-0.468524,0.848287,0.343930,0.931161,1.000000,1.530000,-1.470000,-0.000000,-1.570796,0.839974,0.715542,1.000000,1.000000,0.839974,0.715542,1.000000,1.000000,0.848287,0.343930,0.931161,1.000000,9200,8578,10000,10000,9200,8578,10000,10000,9770,0,0,0,5439,4500,945,4500
8.609324,9770,19,1,1,2,60,0,0,0,0,0,0,0.314873,2.836055,-1.481483,3.659907,-0.945018,-0.129473,-0.844747,-0.182871,-0.226985,-0.081436,2.035522,-0.418074,8833,8543,9600,9600,1,177,4,1.530000,1.470000,1.500000,-1.307000,1.158787,0.018646,1.746821,9525.164062,9525,0,0.000000,0.000000,0.000000,0.000000,0.000000,0.000000,0.000000,0.000000,0.000000,0.000000,0.000000,0.000000,0,-1.307000,-1.158787,0.018646,0.935035,3.661739,-0.130474,-0.844999,-0.183910,1.345642,0.236996,2.055386,-0.482528,0.782051,0.378222,0.958247,1.000000,1.530000,-1.470000,-0.000000,-1.570796,0.840273,0.779859,1.000000,1.000000,0.840273,0.779859,1.000000,1.000000,0.782051,0.378222,0.958247,1.000000,9201,8899,10000,10000,9201,8899,10000,10000,9770,0,0,0,5444,4500,588,4500
8.619094,9770,19,1,1,2,60,0,0,0,0,0,0,0.351366,2.826056,-1.482725,3.640113,-1.044666,-0.120008,-0.841448,-0.172497,-0.245123,0.074444,2.013657,-0.408409,9148,8525,9600,9600,1,178,4,1.530000,1.470000,1.500000,-1.297101,1.122275,0.017395,1.715306,9602.341797,9602,0,0.000000,0.000000,0.000000,0.000000,0.000000,0.000000,0.000000,0.000000,0.000000,0.000000,0.000000,0.000000,0,-1.297101,-1.122275,0.017395,1.034723,3.642211,-0.120911,-0.841833,-0.173534,1.327474,0.136177,2.034385,-0.249308,0.742112,0.449635,0.974676,1.000000,1.530000,-1.470000,-0.000000,-1.570796,0.905781,0.776092,1.000000,1.000000,0.905781,0.776092,1.000000,1.000000,0.742112,0.449635,0.974676,1.000000,9529,8880,10000,10000,9529,8880,10000,10000,9770,0,0,0,5461,4500,247,4500
8.628864,9770,19,1,1,2,60,0,0,0,0,0,0,0.387645,2.815063,-1.483879,3.617665,-1.144055,-0.111833,-0.837025,-0.162083,-0.263016,0.200525,2.008184,-0.399496,9362,8556,9600,9600,1,179,4,1.530000,1.470000,1.500000,-1.286207,1.085972,0.016233,1.683427,9666.345703,9666,0,0.000000,0.000000,0.000000,0.000000,0.000000,0.000000,0.000000,0.000000,0.000000,0.000000,0.000000,0.000000,0,-1.286207,-1.085972,0.016233,1.134129,3.620028,-0.112586,-0.837514,-0.163131,1.309563,0.188803,1.786700,-0.356583,0.769438,0.489985,0.984640,1.000000,1.530000,-1.470000,-0.000000,-1.570796,0.950381,0.782696,1.000000,1.000000,0.950381,0.782696,1.000000,1.000000,0.769438,0.489985,0.984640,1.000000,9752,8913,10000,10000,9752,8913,10000,10000,9770,0,0,0,5467,4500,-111,4500
8.638634,9770,19,1,1,2,60,0,0,0,0,0,0,0.423686,2.803077,-1.484960,3.592555,-1.243256,-0.105305,-0.831527,-0.151445,-0.280841,0.331507,2.032544,-0.390128,8955,8517,9600,9600,1,180,4,1.530000,1.470000,1.500000,-1.274320,1.049906,0.015145,1.651189,9550.073242,9550,0,0.000000,0.000000,0.000000,0.000000,0.000000,0.000000,0.000000,0.000000,0.000000,0.000000,0.000000,0.000000,0,-1.274320,-1.049906,0.015145,1.233352,3.595185,-0.105882,-0.832129,-0.152526,1.291741,0.354828,2.010218,-0.591894,0.821110,0.519655,0.990684,1.000000,1.530000,-1.470000,-0.000000,-1.570796,0.865596,0.774463,1.000000,1.000000,0.865596,0.774463,1.000000,1.000000,0.821110,0.519655,0.990684,1.000000,9328,8872,10000,10000,9328,8872,10000,10000,9770,0,0,0,5469,4500,-514,4500
8.648404,9770,19,1,1,2,60,0,0,0,0,0,0,0.459462,2.790103,-1.485983,3.564934,-1.341359,-0.099853,-0.824913,-0.140418,-0.298743,0.454682,2.063568,-0.380970,8835,8451,9600,9600,1,181,4,1.530000,1.470000,1.500000,-1.261444,1.014103,0.014117,1.618594,9501.729492,9501,0,0.000000,0.000000,0.000000,0.000000,0.000000,0.000000,0.000000,0.000000,0.000000,0.000000,0.000000,0.000000,0,-1.261444,-1.014103,0.014117,1.331627,3.567804,-0.100369,-0.825619,-0.141537,1.273846,0.319931,2.152873,-0.390570,0.785730,0.531172,0.994350,1.000000,1.530000,-1.470000,-0.000000,-1.570796,0.840698,0.760685,1.000000,1.000000,0.840698,0.760685,1.000000,1.000000,0.785730,0.531172,0.994350,1.000000,9203,8803,10000,10000,9203,8803,10000,10000,9770,0,0,0,5477,4500,-947,4500
8.658174,9770,19,1,1,2,60,0,0,0,0,0,0,0.494948,2.776159,-1.486954,3.534989,-1.437499,-0.094908,-0.817376,-0.129047,-0.316644,0.558576,2.077979,-0.372583,8525,8908,9600,9600,1,182,4,1.530000,1.470000,1.500000,-1.247596,0.978587,0.013141,1.585655,9539.862305,9539,0,0.000000,0.000000,0.000000,0.000000,0.000000,0.000000,0.000000,0.000000,0.000000,0.000000,0.000000,0.000000,0,-1.247596,-0.978587,0.013141,1.427980,3.538085,-0.095380,-0.818165,-0.130196,1.255939,0.922273,2.177800,-0.337995,0.744678,0.527316,0.996573,1.000000,1.530000,-1.470000,-0.000000,-1.570796,0.776095,0.855795,1.000000,1.000000,0.776095,0.855795,1.000000,1.000000,0.744678,0.527316,0.996573,1.000000,8880,9279,10000,10000,8880,9279,10000,10000,9770,0,0,0,5481,4500,-1373,4500
8.667944,9770,19,1,1,2,60,0,0,0,0,0,0,0.530123,2.761264,-1.487879,3.502731,-1.531717,-0.090660,-0.809248,-0.117431,-0.334432,0.612628,2.082792,-0.366410,9093,8546,9600,9600,1,183,4,1.530000,1.470000,1.500000,-1.232796,0.943380,0.012212,1.552386,9593.552734,9593,0,0.000000,0.000000,0.000000,0.000000,0.000000,0.000000,0.000000,0.000000,0.000000,0.000000,0.000000,0.000000,0,-1.232796,-0.943380,0.012212,1.522375,3.506062,-0.091045,-0.810069,-0.118602,1.238137,0.422931,2.096907,-0.500599,0.668939,0.599822,0.997921,1.000000,1.530000,-1.470000,-0.000000,-1.570796,0.894423,0.780419,1.000000,1.000000,0.894423,0.780419,1.000000,1.000000,0.668939,0.599822,0.997921,1.000000,9472,8902,10000,10000,9472,8902,10000,10000,9770,0,0,0,5495,4500,-1805,4500
8.677714,9770,19,1,1,2,60,0,0,0,0,0,0,0.564961,2.745436,-1.488767,3.468087,-1.624346,-0.087598,-0.800930,-0.105576,-0.352117,0.658482,2.095529,-0.360643,8535,8740,9600,9600,1,184,4,1.530000,1.470000,1.500000,-1.217061,0.908507,0.011320,1.518799,9498.845703,9498,0,0.000000,0.000000,0.000000,0.000000,0.000000,0.000000,0.000000,0.000000,0.000000,0.000000,0.000000,0.000000,0,-1.217061,-0.908507,0.011320,1.615152,3.471660,-0.087843,-0.801776,-0.106775,1.220445,0.838043,2.355802,-0.420394,0.716119,0.584484,0.998739,1.000000,1.530000,-1.470000,-0.000000,-1.570796,0.778255,0.820821,1.000000,1.000000,0.778255,0.820821,1.000000,1.000000,0.716119,0.584484,0.998739,1.000000,8891,9104,10000,10000,8891,9104,10000,10000,9770,0,0,0,5487,4500,-2253,4500
8.687484,9770,19,1,1,2,60,0,0,0,0,0,0,0.599441,2.728693,-1.489631,3.431187,-1.714969,-0.085397,-0.792358,-0.093439,-0.369732,0.695810,2.104414,-0.355276,8788,8688,9600,9600,1,185,4,1.530000,1.470000,1.500000,-1.200408,0.873990,0.010455,1.484906,9550.964844,9551,0,0.000000,0.000000,0.000000,0.000000,0.000000,0.000000,0.000000,0.000000,0.000000,0.000000,0.000000,0.000000,0,-1.200408,-0.873990,0.010455,1.706012,3.434973,-0.085593,-0.793219,-0.094663,1.202821,0.686765,2.097701,-0.286370,0.653318,0.606974,0.999236,1.000000,1.530000,-1.470000,-0.000000,-1.570796,0.830705,0.810067,1.000000,1.000000,0.830705,0.810067,1.000000,1.000000,0.653318,0.606974,0.999236,1.000000,9154,9050,10000,10000,9154,9050,10000,10000,9770,0,0,0,5489,4500,-2716,4500
8.697254,9770,19,1,1,2,60,0,0,0,0,0,0,0.633540,2.711054,-1.490476,3.392070,-1.803493,-0.084033,-0.783750,-0.081083,-0.387222,0.719150,2.109321,-0.350542,8977,8427,9600,9600,1,186,4,1.530000,1.470000,1.500000,-1.182858,0.839852,0.009608,1.450723,9532.152344,9532,0,0.000000,0.000000,0.000000,0.000000,0.000000,0.000000,0.000000,0.000000,0.000000,0.000000,0.000000,0.000000,0,-1.182858,-0.839852,0.009608,1.794728,3.396084,-0.084122,-0.784612,-0.082328,1.185318,0.340772,2.117632,-0.375966,0.656502,0.612152,0.999536,1.000000,1.530000,-1.470000,-0.000000,-1.570796,0.870175,0.755547,1.000000,1.000000,0.870175,0.755547,1.000000,1.000000,0.656502,0.612152,0.999536,1.000000,9351,8778,10000,10000,9351,8778,10000,10000,9770,0,0,0,5491,4500,-3179,4500
8.707024,9770,19,1,1,2,60,0,0,0,0,0,0,0.667235,2.692542,-1.491314,3.350739,-1.889956,-0.083646,-0.775020,-0.068496,-0.404592,0.768903,2.115401,-0.344628,8547,8520,9600,9600,1,187,4,1.530000,1.470000,1.500000,-1.164432,0.806116,0.008770,1.416263,9444.295898,9444,0,0.000000,0.000000,0.000000,0.000000,0.000000,0.000000,0.000000,0.000000,0.000000,0.000000,0.000000,0.000000,0,-1.164432,-0.806116,0.008770,1.881407,3.354970,-0.083643,-0.775909,-0.069765,1.167936,0.566258,2.152650,-0.399290,0.689493,0.572389,0.999719,1.000000,1.530000,-1.470000,-0.000000,-1.570796,0.780515,0.774922,1.000000,1.000000,0.780515,0.774922,1.000000,1.000000,0.689493,0.572389,0.999719,1.000000,8903,8875,10000,10000,8903,8875,10000,10000,9770,0,0,0,5492,4500,-3659,4500
8.716794,9770,19,1,1,2,60,0,0,0,0,0,0,0.700506,2.673179,-1.492151,3.307410,-1.973881,-0.083772,-0.765937,-0.055714,-0.421787,0.825879,2.106644,-0.338429,8564,8468,9600,9600,1,188,4,1.530000,1.470000,1.500000,-1.145153,0.772802,0.007933,1.381543,9435.486328,9435,0,0.000000,0.000000,0.000000,0.000000,0.000000,0.000000,0.000000,0.000000,0.000000,0.000000,0.000000,0.000000,0,-1.145153,-0.772802,0.007933,1.965613,3.311828,-0.083746,-0.766859,-0.056997,1.150717,0.445075,2.098601,-0.619060,0.638947,0.563518,0.999829,1.000000,1.530000,-1.470000,-0.000000,-1.570796,0.784136,0.764253,1.000000,1.000000,0.784136,0.764253,1.000000,1.000000,0.638947,0.563518,0.999829,1.000000,8921,8821,10000,10000,8921,8821,10000,10000,9770,0,0,0,5492,4500,-4132,4500
8.726564,9770,19,1,1,2,60,0,0,0,0,0,0,0.733333,2.652991,-1.492991,3.262221,-2.055089,-0.084261,-0.756577,-0.042879,-0.438669,0.874425,2.078293,-0.332710,8228,9164,9600,9600,1,189,4,1.530000,1.470000,1.500000,-1.125046,0.739930,0.007093,1.346579,9529.337891,9529,0,0.000000,0.000000,0.000000,0.000000,0.000000,0.000000,0.000000,0.000000,0.000000,0.000000,0.000000,0.000000,0,-1.125046,-0.739930,0.007093,2.047086,3.266823,-0.084190,-0.757524,-0.044161,1.133798,1.126596,2.056607,-0.440599,0.611138,0.549742,0.999897,1.000000,1.530000,-1.470000,-0.000000,-1.570796,0.714203,0.909267,1.000000,1.000000,0.714203,0.909267,1.000000,1.000000,0.611138,0.549742,0.999897,1.000000,8571,9546,10000,10000,8571,9546,10000,10000,9770,0,0,0,5490,4500,-4500,4500
8.736334,9770,19,1,1,2,60,0,0,0,0,0,0,0.765697,2.632004,-1.493840,3.214999,-2.134074,-0.085689,-0.747178,-0.030070,-0.455183,0.871582,2.052421,-0.329385,8727,9086,9600,9600,1,190,4,1.530000,1.470000,1.500000,-1.104138,0.707518,0.006245,1.311389,9638.832031,9639,0,0.000000,0.000000,0.000000,0.000000,0.000000,0.000000,0.000000,0.000000,0.000000,0.000000,0.000000,0.000000,0,-1.104138,-0.707518,0.006245,2.126262,3.219818,-0.085490,-0.748100,-0.031351,1.117251,0.847337,2.005011,-0.422278,0.539239,0.655503,0.999937,1.000000,1.530000,-1.470000,-0.000000,-1.570796,0.818124,0.892942,1.000000,1.000000,0.818124,0.892942,1.000000,1.000000,0.539239,0.655503,0.999937,1.000000,9091,9465,10000,10000,9091,9465,10000,10000,9770,0,0,0,5489,4500,-4500,4500
8.746104,9770,19,1,1,2,60,0,0,0,0,0,0,0.797576,2.610237,-1.494713,3.165464,-2.211433,-0.088804,-0.738291,-0.017178,-0.471481,0.832206,2.056593,-0.327763,8772,9069,9600,9600,1,191,4,1.530000,1.470000,1.500000,-1.082448,0.675589,0.005376,1.275987,9645.997070,9646,0,0.000000,0.000000,0.000000,0.000000,0.000000,0.000000,0.000000,0.000000,0.000000,0.000000,0.000000,0.000000,0,-1.082448,-0.675589,0.005376,2.203766,3.170525,-0.088409,-0.739152,-0.018478,1.100943,0.947470,2.060867,-0.568108,0.577409,0.706804,0.999962,1.000000,1.530000,-1.470000,-0.000000,-1.570796,0.827421,0.889376,1.000000,1.000000,0.827421,0.889376,1.000000,1.000000,0.577409,0.706804,0.999962,1.000000,9137,9447,10000,10000,9137,9447,10000,10000,9770,0,0,0,5488,4500,-4500,4500
8.755874,9770,19,1,1,2,60,0,0,0,0,0,0,0.828948,2.587704,-1.495626,3.113579,-2.287154,-0.093619,-0.730005,-0.003967,-0.487805,0.795097,2.092865,-0.326113,8801,8705,9600,9600,1,192,4,1.530000,1.470000,1.500000,-1.059992,0.644166,0.004468,1.240384,9559.131836,9559,0,0.000000,0.000000,0.000000,0.000000,0.000000,0.000000,0.000000,0.000000,0.000000,0.000000,0.000000,0.000000,0,-1.059992,-0.644166,0.004468,2.279665,3.118870,-0.093072,-0.730807,-0.005309,1.084630,0.646387,2.090435,-0.362731,0.607877,0.735113,0.999977,1.000000,1.530000,-1.470000,-0.000000,-1.570796,0.833673,0.813633,1.000000,1.000000,0.833673,0.813633,1.000000,1.000000,0.607877,0.735113,0.999977,1.000000,9168,9068,10000,10000,9168,9068,10000,10000,9770,0,0,0,5489,4500,-4500,4500
8.765644,9770,19,1,1,2,60,0,0,0,0,0,0,0.859788,2.564427,-1.496593,3.059646,-2.360613,-0.099339,-0.722196,0.009708,-0.504290,0.783518,2.135883,-0.323480,8691,8982,9600,9600,1,193,4,1.530000,1.470000,1.500000,-1.036787,0.613271,0.003506,1.204592,9602.126953,9602,0,0.000000,0.000000,0.000000,0.000000,0.000000,0.000000,0.000000,0.000000,0.000000,0.000000,0.000000,0.000000,0,-1.036787,-0.613271,0.003506,2.353383,3.065124,-0.098745,-0.722964,0.008320,1.068161,0.836595,1.785876,-0.263513,0.631276,0.692679,0.999986,1.000000,1.530000,-1.470000,-0.000000,-1.570796,0.810507,0.871194,1.000000,1.000000,0.810507,0.871194,1.000000,1.000000,0.631276,0.692679,0.999986,1.000000,9053,9356,10000,10000,9053,9356,10000,10000,9770,0,0,0,5482,4500,-4500,4500
8.775414,9770,19,1,1,2,60,0,0,0,0,0,0,0.890079,2.540428,-1.497621,3.003699,-2.431649,-0.105752,-0.714632,0.023852,-0.520932,0.783776,2.180857,-0.320503,8431,8845,9600,9600,1,194,4,1.530000,1.470000,1.500000,-1.012860,0.582925,0.002485,1.168628,9498.996094,9499,0,0.000000,0.000000,0.000000,0.000000,0.000000,0.000000,0.000000,0.000000,0.000000,0.000000,0.000000,0.000000,0,-1.012860,-0.582925,0.002485,2.424650,3.009388,-0.105074,-0.715377,0.022415,1.051537,0.683663,1.969064,-0.190356,0.627238,0.712238,0.999991,1.000000,1.530000,-1.470000,-0.000000,-1.570796,0.756317,0.842880,1.000000,1.000000,0.756317,0.842880,1.000000,1.000000,0.627238,0.712238,0.999991,1.000000,8782,9214,10000,10000,8782,9214,10000,10000,9770,0,0,0,5478,4500,-4500,4500
8.785184,9770,19,1,1,2,60,0,0,0,0,0,0,0.919799,2.515733,-1.498716,2.945894,-2.499967,-0.112437,-0.707363,0.038454,-0.537728,0.773666,2.216072,-0.318259,7990,8882,9600,9600,1,195,4,1.530000,1.470000,1.500000,-0.988233,0.553147,0.001397,1.132510,9393.728516,9393,0,0.000000,0.000000,0.000000,0.000000,0.000000,0.000000,0.000000,0.000000,0.000000,0.000000,0.000000,0.000000,0,-0.988233,-0.553147,0.001397,2.493268,2.951751,-0.111772,-0.708073,0.036977,1.034752,1.001215,2.222533,-0.342096,0.582145,0.701820,0.999995,1.000000,1.530000,-1.470000,-0.000000,-1.570796,0.664632,0.850351,1.000000,1.000000,0.664632,0.850351,1.000000,1.000000,0.582145,0.701820,0.999995,1.000000,8323,9252,10000,10000,8323,9252,10000,10000,9770,0,0,0,5456,4500,-4500,4500
8.794954,9770,19,1,1,2,60,0,0,0,0,0,0,0.948933,2.490373,-1.499875,2.886594,-2.565086,-0.118622,-0.700592,0.053324,-0.554540,0.731713,2.218451,-0.317874,8429,8599,9600,9600,1,196,4,1.530000,1.470000,1.500000,-0.962938,0.523953,0.000244,1.096256,9434.294922,9434,0,0.000000,0.000000,0.000000,0.000000,0.000000,0.000000,0.000000,0.000000,0.000000,0.000000,0.000000,0.000000,0,-0.962938,-0.523953,0.000244,2.558720,2.892588,-0.118033,-0.701236,0.051834,1.017932,0.686614,2.072592,-0.369989,0.482644,0.701380,0.999997,1.000000,1.530000,-1.470000,-0.000000,-1.570796,0.755946,0.791490,1.000000,1.000000,0.755946,0.791490,1.000000,1.000000,0.482644,0.701380,0.999997,1.000000,8780,8957,10000,10000,8780,8957,10000,10000,9770,0,0,0,5452,4500,-4500,4500
8.804724,9770,19,1,1,2,60,0,0,0,0,0,0,0.977466,2.464378,-1.501093,2.825740,-2.627182,-0.124464,-0.694533,0.068200,-0.571186,0.691770,2.196118,-0.317843,8300,8456,9600,9600,1,197,4,1.530000,1.470000,1.500000,-0.937005,0.495360,-0.000968,1.059887,9363.418945,9363,0,0.000000,0.000000,0.000000,0.000000,0.000000,0.000000,0.000000,0.000000,0.000000,0.000000,0.000000,0.000000,0,-0.937005,-0.495360,-0.000968,2.621097,2.831902,-0.123881,-0.695113,0.066716,1.001264,0.619791,2.179404,-0.255464,0.494152,0.654793,0.999998,1.000000,1.530000,-1.470000,-0.000000,-1.570796,0.729194,0.761541,1.000000,1.000000,0.729194,0.761541,1.000000,1.000000,0.494152,0.654793,0.999998,1.000000,8646,8808,10000,10000,8646,8808,10000,10000,9770,0,0,0,5445,4500,-4500,4500
8.814494,9770,19,1,1,2,60,0,0,0,0,0,0,1.005381,2.437778,-1.502368,2.763371,-2.686357,-0.129983,-0.688934,0.082919,-0.587545,0.680031,2.152111,-0.317011,8040,8495,9600,9600,1,198,4,1.530000,1.470000,1.500000,-0.910465,0.467382,-0.002238,1.023424,9305.846680,9306,0,0.000000,0.000000,0.000000,0.000000,0.000000,0.000000,0.000000,0.000000,0.000000,0.000000,0.000000,0.000000,0,-0.910465,-0.467382,-0.002238,2.680571,2.769671,-0.129451,-0.689481,0.081459,0.984870,0.699115,2.094187,-0.274014,0.480080,0.602969,0.999999,1.000000,1.530000,-1.470000,-0.000000,-1.570796,0.674932,0.769745,1.000000,1.000000,0.674932,0.769745,1.000000,1.000000,0.480080,0.602969,0.999999,1.000000,8375,8849,10000,10000,8375,8849,10000,10000,9770,0,0,0,5441,4500,-4500,4500
8.824264,9770,19,1,1,2,60,0,0,0,0,0,0,1.032666,2.410603,-1.503696,2.699711,-2.742545,-0.134890,-0.683596,0.097270,-0.603457,0.673235,2.079130,-0.316502,7885,8406,9600,9600,1,199,4,1.530000,1.470000,1.500000,-0.883346,0.440034,-0.003561,0.986885,9242.490234,9242,0,0.000000,0.000000,0.000000,0.000000,0.000000,0.000000,0.000000,0.000000,0.000000,0.000000,0.000000,0.000000,0,-0.883346,-0.440034,-0.003561,2.737057,2.706133,-0.134427,-0.684118,0.095858,0.968905,0.576440,2.221962,-0.281849,0.428844,0.577992,0.999999,1.000000,1.530000,-1.470000,-0.000000,-1.570796,0.642782,0.751211,1.000000,1.000000,0.642782,0.751211,1.000000,1.000000,0.428844,0.577992,0.999999,1.000000,8214,8756,10000,10000,8214,8756,10000,10000,9770,0,0,0,5438,4500,-4500,4500
8.834034,9770,19,1,1,2,60,0,0,0,0,0,0,1.059308,2.382883,-1.505068,2.634968,-2.795771,-0.139024,-0.678529,0.110998,-0.618742,0.658239,1.973373,-0.316973,7678,8748,9600,9600,1,200,4,1.530000,1.470000,1.500000,-0.855678,0.413327,-0.004929,0.950289,9277.870117,9277,0,0.000000,0.000000,0.000000,0.000000,0.000000,0.000000,0.000000,0.000000,0.000000,0.000000,0.000000,0.000000,0,-0.855678,-0.413327,-0.004929,2.790577,2.641488,-0.138644,-0.679022,0.109661,0.953549,1.056949,2.103367,-0.237123,0.372468,0.548257,1.000000,1.000000,1.530000,-1.470000,-0.000000,-1.570796,0.599627,0.822669,1.000000,1.000000,0.599627,0.822669,1.000000,1.000000,0.372468,0.548257,1.000000,1.000000,7998,9113,10000,10000,7998,9113,10000,10000,9770,0,0,0,5434,4500,-4500,4500
8.843804,9770,19,1,1,2,60,0,0,0,0,0,0,1.085296,2.354645,-1.506479,2.569066,-2.846373,-0.142712,-0.673863,0.123865,-0.633245,0.611942,1.847397,-0.319395,8564,8544,9600,9600,1,201,4,1.530000,1.470000,1.500000,-0.827491,0.387273,-0.006336,0.913653,9455.270508,9455,0,0.000000,0.000000,0.000000,0.000000,0.000000,0.000000,0.000000,0.000000,0.000000,0.000000,0.000000,0.000000,0,-0.827491,-0.387273,-0.006336,2.841418,2.575713,-0.142350,-0.674301,0.122621,0.938965,0.344157,1.704738,-0.364266,0.304313,0.586455,1.000000,1.000000,1.530000,-1.470000,-0.000000,-1.570796,0.784158,0.780059,1.000000,1.000000,0.784158,0.780059,1.000000,1.000000,0.304313,0.586455,1.000000,1.000000,8921,8900,10000,10000,8921,8900,10000,10000,9770,0,0,0,5431,4500,-4500,4500
8.853574,9770,19,1,1,2,60,0,0,0,0,0,0,1.110617,2.325912,-1.507929,2.501474,-2.895061,-0.147073,-0.669740,0.135838,-0.646978,0.580908,1.738698,-0.321377,8088,8748,9600,9600,1,202,4,1.530000,1.470000,1.500000,-0.798807,0.361885,-0.007782,0.876991,9384.409180,9384,0,0.000000,0.000000,0.000000,0.000000,0.000000,0.000000,0.000000,0.000000,0.000000,0.000000,0.000000,0.000000,0,-0.798807,-0.361885,-0.007782,2.890264,2.508319,-0.146584,-0.670139,0.134675,0.925162,0.653940,1.816123,-0.362691,0.408190,0.576092,1.000000,1.000000,1.530000,-1.470000,-0.000000,-1.570796,0.685020,0.822507,1.000000,1.000000,0.685020,0.822507,1.000000,1.000000,0.408190,0.576092,1.000000,1.000000,8425,9113,10000,10000,8425,9113,10000,10000,9770,0,0,0,5429,4500,-4500,4500
8.863344,9770,19,1,1,2,60,0,0,0,0,0,0,1.135252,2.296702,-1.509427,2.432276,-2.941946,-0.152118,-0.665859,0.147101,-0.660095,0.564230,1.648140,-0.322931,8370,8780,9600,9600,1,203,4,1.530000,1.470000,1.500000,-0.769644,0.337180,-0.009275,0.840314,9466.189453,9466,0,0.000000,0.000000,0.000000,0.000000,0.000000,0.000000,0.000000,0.000000,0.000000,0.000000,0.000000,0.000000,0,-0.769644,-0.337181,-0.009275,2.937345,2.439255,-0.151602,-0.666235,0.146005,0.911988,0.324514,1.477117,-0.216859,0.393179,0.603211,1.000000,1.000000,1.530000,-1.470000,-0.000000,-1.570796,0.743822,0.829130,1.000000,1.000000,0.743822,0.829130,1.000000,1.000000,0.393179,0.603211,1.000000,1.000000,8719,9146,10000,10000,8719,9146,10000,10000,9770,0,0,0,5427,4500,-4500,4500
8.873114,9770,19,1,1,2,60,0,0,0,0,0,0,1.159187,2.267033,-1.510979,2.361591,-2.987067,-0.157771,-0.662230,0.157747,-0.672685,0.547302,1.573658,-0.324714,7730,9193,9600,9600,1,204,4,1.530000,1.470000,1.500000,-0.740020,0.313174,-0.010821,0.803632,9406.985352,9407,0,0.000000,0.000000,0.000000,0.000000,0.000000,0.000000,0.000000,0.000000,0.000000,0.000000,0.000000,0.000000,0,-0.740020,-0.313175,-0.010821,2.982629,2.368729,-0.157171,-0.662584,0.156705,0.899350,0.950851,1.688943,-0.196260,0.430348,0.624871,1.000000,1.000000,1.530000,-1.470000,-0.000000,-1.570796,0.610395,0.915193,1.000000,1.000000,0.610395,0.915193,1.000000,1.000000,0.430348,0.624871,1.000000,1.000000,8052,9576,10000,10000,8052,9576,10000,10000,9770,0,0,0,5413,4500,-4500,4500
8.882884,9770,19,1,1,2,60,0,0,0,0,0,0,1.182408,2.236922,-1.512590,2.289585,-3.030425,-0.163828,-0.658988,0.167890,-0.684863,0.489400,1.509608,-0.328618,8044,9069,9600,9600,1,205,4,1.530000,1.470000,1.500000,-0.709953,0.289882,-0.012426,0.766954,9456.367188,9456,0,0.000000,0.000000,0.000000,0.000000,0.000000,0.000000,0.000000,0.000000,0.000000,0.000000,0.000000,0.000000,0,-0.709953,-0.289882,-0.012426,3.026171,2.296837,-0.163218,-0.659278,0.166898,0.887134,0.819268,1.512266,-0.254685,0.347893,0.705735,1.000000,1.000000,1.530000,-1.470000,-0.000000,-1.570796,0.675760,0.889334,1.000000,1.000000,0.675760,0.889334,1.000000,1.000000,0.347893,0.705735,1.000000,1.000000,8379,9447,10000,10000,8379,9447,10000,10000,9770,0,0,0,5400,4500,-4500,4500
8.892654,9770,19,1,1,2,60,0,0,0,0,0,0,1.204902,2.206388,-1.514262,2.216349,-3.072072,-0.170175,-0.656646,0.177557,-0.696700,0.393769,1.453569,-0.334529,8623,8580,9600,9600,1,206,4,1.530000,1.470000,1.500000,-0.679460,0.267314,-0.014092,0.730288,9479.767578,9479,0,0.000000,0.000000,0.000000,0.000000,0.000000,0.000000,0.000000,0.000000,0.000000,0.000000,0.000000,0.000000,0,-0.679460,-0.267314,-0.014092,3.067980,2.223730,-0.169525,-0.656834,0.176610,0.875267,0.167246,1.485461,-0.338506,0.349320,0.734432,1.000000,1.000000,1.530000,-1.470000,-0.000000,-1.570796,0.796314,0.787500,1.000000,1.000000,0.796314,0.787500,1.000000,1.000000,0.349320,0.734432,1.000000,1.000000,8982,8937,10000,10000,8982,8937,10000,10000,9770,0,0,0,5396,4500,-4500,4500
8.902424,9770,19,1,1,2,60,0,0,0,0,0,0,1.226657,2.175445,-1.516001,2.141886,-3.112123,-0.176872,-0.655152,0.186816,-0.708270,0.342772,1.408017,-0.338659,8107,8858,9600,9600,1,207,4,1.530000,1.470000,1.500000,-0.648557,0.245485,-0.015824,0.693642,9417.930664,9418,0,0.000000,0.000000,0.000000,0.000000,0.000000,0.000000,0.000000,0.000000,0.000000,0.000000,0.000000,0.000000,0,-0.648557,-0.245485,-0.015824,3.108189,2.149385,-0.176189,-0.655283,0.185906,0.863673,0.616464,1.354583,-0.167057,0.445054,0.671700,1.000000,1.000000,1.530000,-1.470000,-0.000000,-1.570796,0.689017,0.845327,1.000000,1.000000,0.689017,0.845327,1.000000,1.000000,0.445054,0.671700,1.000000,1.000000,8445,9227,10000,10000,8445,9227,10000,10000,9770,0,0,0,5389,4500,-4500,4500
8.912194,9770,19,1,1,2,60,0,0,0,0,0,0,1.247662,2.144111,-1.517806,2.066452,-3.150516,-0.183516,-0.654002,0.195715,-0.719596,0.318368,1.361130,-0.341942,7973,8606,9600,9600,1,208,4,1.530000,1.470000,1.500000,-0.617262,0.224405,-0.017623,0.657024,9317.397461,9317,0,0.000000,0.000000,0.000000,0.000000,0.000000,0.000000,0.000000,0.000000,0.000000,0.000000,0.000000,0.000000,0,-0.617262,-0.224405,-0.017623,3.146753,2.074032,-0.182865,-0.654103,0.194843,0.852321,0.220430,1.475785,-0.301158,0.418684,0.679158,1.000000,1.000000,1.530000,-1.470000,-0.000000,-1.570796,0.660957,0.792961,1.000000,1.000000,0.660957,0.792961,1.000000,1.000000,0.418684,0.679158,1.000000,1.000000,8305,8965,10000,10000,8305,8965,10000,10000,9770,0,0,0,5385,4500,-4500,4500
8.921964,9770,19,1,1,2,60,0,0,0,0,0,0,1.267909,2.112404,-1.519675,1.990541,-3.187062,-0.189420,-0.653157,0.204145,-0.730606,0.291354,1.291190,-0.345972,7553,8913,9600,9600,1,209,4,1.530000,1.470000,1.500000,-0.585591,0.204082,-0.019485,0.620440,9287.821289,9288,0,0.000000,0.000000,0.000000,0.000000,0.000000,0.000000,0.000000,0.000000,0.000000,0.000000,0.000000,0.000000,0,-0.585591,-0.204082,-0.019485,3.183491,1.998145,-0.188872,-0.653230,0.203330,0.841272,0.789221,1.418077,-0.313852,0.380608,0.642473,1.000000,1.000000,1.530000,-1.470000,-0.000000,-1.570796,0.573515,0.856742,1.000000,1.000000,0.573515,0.856742,1.000000,1.000000,0.380608,0.642473,1.000000,1.000000,7868,9284,10000,10000,7868,9284,10000,10000,9770,0,0,0,5381,4500,-4500,4500
8.931734,9770,19,1,1,2,60,0,0,0,0,0,0,1.287395,2.080340,-1.521597,1.914337,-3.221808,-0.194384,-0.652690,0.211866,-0.741132,0.233929,1.192479,-0.352109,8098,8529,9600,9600,1,210,4,1.530000,1.470000,1.500000,-0.553562,0.184519,-0.021403,0.583898,9329.736328,9329,0,0.000000,0.000000,0.000000,0.000000,0.000000,0.000000,0.000000,0.000000,0.000000,0.000000,0.000000,0.000000,0,-0.553562,-0.184519,-0.021403,3.218408,1.921974,-0.193924,-0.652709,0.211132,0.830691,0.175338,1.364198,-0.369989,0.288702,0.670413,1.000000,1.000000,1.530000,-1.470000,-0.000000,-1.570796,0.686924,0.776865,1.000000,1.000000,0.686924,0.776865,1.000000,1.000000,0.288702,0.670413,1.000000,1.000000,8435,8884,10000,10000,8435,8884,10000,10000,9770,0,0,0,5366,4500,-4500,4500
8.941504,9770,19,1,1,2,60,0,0,0,0,0,0,1.306118,2.047939,-1.523565,1.837662,-3.255041,-0.198804,-0.652804,0.218683,-0.751052,0.179652,1.077848,-0.358668,8189,8692,9600,9600,1,211,4,1.530000,1.470000,1.500000,-0.521194,0.165720,-0.023367,0.547405,9396.185547,9396,0,0.000000,0.000000,0.000000,0.000000,0.000000,0.000000,0.000000,0.000000,0.000000,0.000000,0.000000,0.000000,0,-0.521194,-0.165720,-0.023367,3.251778,1.845355,-0.198375,-0.652775,0.218045,0.820707,0.209090,1.205225,-0.297562,0.322204,0.624502,1.000000,1.000000,1.530000,-1.470000,-0.000000,-1.570796,0.706065,0.810884,1.000000,1.000000,0.706065,0.810884,1.000000,1.000000,0.322204,0.624502,1.000000,1.000000,8530,9054,10000,10000,8530,9054,10000,10000,9770,0,0,0,5363,4500,-4500,4500
8.951274,9770,19,1,1,2,60,0,0,0,0,0,0,1.324069,2.015211,-1.525578,1.760205,-3.287111,-0.203249,-0.653195,0.224550,-0.760321,0.155416,0.965714,-0.364162,8320,8576,9594,9600,1,212,4,1.530000,1.470000,1.500000,-0.488498,0.147691,-0.025374,0.510967,9398.403320,9398,0,0.000000,0.000000,0.000000,0.000000,0.000000,0.000000,0.000000,0.000000,0.000000,0.000000,0.000000,0.000000,0,-0.488498,-0.147691,-0.025374,3.283949,1.767991,-0.202793,-0.653151,0.224004,0.811374,-0.243308,1.129396,-0.321853,0.357587,0.623426,1.000000,1.000000,1.530000,-1.470000,-0.000000,-1.570796,0.733415,0.786592,0.998715,1.000000,0.733415,0.786592,0.998715,1.000000,0.357587,0.623426,1.000000,1.000000,8667,8933,9994,10000,8667,8933,9994,10000,9770,0,0,0,5357,4500,-4500,4500
8.961044,9770,19,1,1,2,60,0,0,0,0,0,0,1.341241,1.982168,-1.527635,1.681947,-3.318194,-0.207890,-0.653589,0.229530,-0.768974,0.160538,0.861468,-0.368569,7989,8897,9600,9600,1,213,4,1.530000,1.470000,1.500000,-0.455486,0.130441,-0.027428,0.474589,9397.655273,9397,0,0.000000,0.000000,0.000000,0.000000,0.000000,0.000000,0.000000,0.000000,0.000000,0.000000,0.000000,0.000000,0,-0.455486,-0.130441,-0.027428,3.315129,1.689803,-0.207420,-0.653559,0.229070,0.802661,-0.055074,1.011811,-0.364693,0.400571,0.603657,0.998989,1.000000,1.530000,-1.470000,-0.000000,-1.570796,0.664488,0.853637,1.000000,1.000000,0.664488,0.853637,1.000000,1.000000,0.400571,0.603657,0.998989,1.000000,8322,9268,10000,10000,8322,9268,10000,10000,9770,0,0,0,5352,4500,-4500,4500
8.970814,9770,19,1,1,2,60,0,0,0,0,0,0,1.357627,1.948819,-1.529740,1.603037,-3.348355,-0.212650,-0.653803,0.233673,-0.777038,0.161893,0.761449,-0.373423,8039,9337,9352,9600,1,214,4,1.530000,1.470000,1.500000,-0.422168,0.113976,-0.029528,0.438279,9460.592773,9460,0,0.000000,0.000000,0.000000,0.000000,0.000000,0.000000,0.000000,0.000000,0.000000,0.000000,0.000000,0.000000,0,-0.422168,-0.113976,-0.029528,3.345378,1.610954,-0.212170,-0.653784,0.233296,0.794539,0.094725,0.715724,-0.265711,0.372400,0.644427,0.999387,1.000000,1.530000,-1.470000,-0.000000,-1.570796,0.674883,0.945245,0.948346,1.000000,0.674883,0.945245,0.948346,1.000000,0.372400,0.644427,0.999387,1.000000,8374,9726,9742,10000,8374,9726,9742,10000,9770,0,0,0,5349,4500,-4500,4500
8.980584,9770,19,1,1,2,60,0,0,0,0,0,0,1.373220,1.915174,-1.531895,1.523386,-3.377761,-0.217735,-0.654083,0.237092,-0.784622,0.134069,0.693758,-0.381021,8253,9302,9210,9600,1,215,4,1.530000,1.470000,1.500000,-0.388551,0.098303,-0.031677,0.402044,9470.359375,9470,0,0.000000,0.000000,0.000000,0.000000,0.000000,0.000000,0.000000,0.000000,0.000000,0.000000,0.000000,0.000000,0,-0.388551,-0.098303,-0.031677,3.374850,1.531387,-0.217207,-0.654042,0.236774,0.786920,-0.152281,0.732192,-0.355995,0.363494,0.741245,0.958980,1.000000,1.530000,-1.470000,-0.000000,-1.570796,0.719489,0.937921,0.918877,1.000000,0.719489,0.937921,0.918877,1.000000,0.363494,0.741245,0.958980,1.000000,8597,9690,9594,10000,8597,9690,9594,10000,9770,0,0,0,5343,4500,-4500,4500
8.990354,9770,19,1,1,2,60,0,0,0,0,0,0,1.388012,1.881237,-1.534102,1.443005,-3.406500,-0.223197,-0.654675,0.240146,-0.792045,0.104115,0.678705,-0.391136,8094,9051,9443,9600,1,216,4,1.530000,1.470000,1.500000,-0.354644,0.083431,-0.033879,0.365897,9423.894531,9423,0,0.000000,0.000000,0.000000,0.000000,0.000000,0.000000,0.000000,0.000000,0.000000,0.000000,0.000000,0.000000,0,-0.354644,-0.083431,-0.033879,3.403657,1.451071,-0.222639,-0.654602,0.239846,0.779496,-0.084769,0.793805,-0.529189,0.393195,0.794205,0.911281,1.000000,1.530000,-1.470000,-0.000000,-1.570796,0.686152,0.885689,0.967274,1.000000,0.686152,0.885689,0.967274,1.000000,0.393195,0.794205,0.911281,1.000000,8431,9428,9836,10000,8431,9428,9836,10000,9770,0,0,0,5339,4500,-4500,4500
9.000124,9770,19,1,1,2,60,0,0,0,0,0,0,1.401998,1.847018,-1.536364,1.362190,-3.434482,-0.228679,-0.655559,0.243110,-0.799547,0.080542,0.676899,-0.401926,7957,9050,9468,9600,1,217,4,1.530000,1.470000,1.500000,-0.320452,0.069364,-0.036135,0.329859,9394.561523,9394,0,0.000000,0.000000,0.000000,0.000000,0.000000,0.000000,0.000000,0.000000,0.000000,0.000000,0.000000,0.000000,0,-0.320452,-0.069364,-0.036135,3.431720,1.370284,-0.228138,-0.655458,0.242818,0.772002,0.134214,0.699896,-0.405960,0.384975,0.785224,0.920436,1.000000,1.530000,-1.470000,-0.000000,-1.570796,0.657854,0.885489,0.972306,1.000000,0.657854,0.885489,0.972306,1.000000,0.384975,0.785224,0.920436,1.000000,8289,9427,9862,10000,8289,9427,9862,10000,9770,0,0,0,5319,4500,-4500,4500
9.009894,9770,19,1,1,2,60,0,0,0,0,0,0,1.415174,1.812523,-1.538680,1.281172,-3.461631,-0.233865,-0.656736,0.245912,-0.807078,0.049836,0.657298,-0.412955,8417,8918,9057,9600,1,218,4,1.530000,1.470000,1.500000,-0.285985,0.056107,-0.038446,0.293961,9372.919922,9373,0,0.000000,0.000000,0.000000,0.000000,0.000000,0.000000,0.000000,0.000000,0.000000,0.000000,0.000000,0.000000,0,-0.285985,-0.056107,-0.038446,3.458953,1.289281,-0.233362,-0.656603,0.245644,0.764470,-0.400264,0.536860,-0.460512,0.357721,0.779618,0.929948,1.000000,1.530000,-1.470000,-0.000000,-1.570796,0.753539,0.857913,0.886883,1.000000,0.753539,0.857913,0.886883,1.000000,0.357721,0.779618,0.929948,1.000000,8768,9290,9434,10000,8768,9290,9434,10000,9770,0,0,0,5316,4500,-4500,4500
9.019664,9770,19,1,1,2,60,0,0,0,0,0,0,1.427540,1.777761,-1.541044,1.200126,-3.487913,-0.238524,-0.658081,0.248499,-0.814598,0.060628,0.649718,-0.424134,7700,9083,9429,9600,1,219,4,1.530000,1.470000,1.500000,-0.251249,0.043660,-0.040806,0.258259,9326.107422,9326,0,0.000000,0.000000,0.000000,0.000000,0.000000,0.000000,0.000000,0.000000,0.000000,0.000000,0.000000,0.000000,0,-0.251249,-0.043660,-0.040806,3.485324,1.208230,-0.238084,-0.657956,0.248245,0.756955,0.127416,0.638036,-0.455663,0.416489,0.754518,0.868496,1.000000,1.530000,-1.470000,-0.000000,-1.570796,0.604255,0.892195,0.964436,1.000000,0.604255,0.892195,0.964436,1.000000,0.416489,0.754518,0.868496,1.000000,8021,9461,9822,10000,8021,9461,9822,10000,9770,0,0,0,5311,4500,-4500,4500
9.029434,9770,19,1,1,2,60,0,0,0,0,0,0,1.439096,1.742742,-1.543452,1.119135,-3.513316,-0.242562,-0.659247,0.250952,-0.822178,0.071077,0.632596,-0.436405,7692,8815,9127,9600,1,220,4,1.530000,1.470000,1.500000,-0.216255,0.032023,-0.043210,0.222843,9175.718750,9175,0,0.000000,0.000000,0.000000,0.000000,0.000000,0.000000,0.000000,0.000000,0.000000,0.000000,0.000000,0.000000,0,-0.216255,-0.032023,-0.043210,3.510814,1.127233,-0.242184,-0.659131,0.250719,0.749374,-0.032732,0.652255,-0.461175,0.334656,0.766271,0.892252,1.000000,1.530000,-1.470000,-0.000000,-1.570796,0.602670,0.836476,0.901428,1.000000,0.602670,0.836476,0.901428,1.000000,0.334656,0.766271,0.892252,1.000000,8013,9182,9507,10000,8013,9182,9507,10000,9770,0,0,0,5305,4500,-4500,4500
9.039204,9770,19,1,1,2,60,0,0,0,0,0,0,1.449844,1.707474,-1.545895,1.038722,-3.537666,-0.245349,-0.660424,0.253035,-0.829651,0.069117,0.584739,-0.450676,7637,8759,9092,9600,1,221,4,1.530000,1.470000,1.500000,-0.181012,0.021194,-0.045649,0.187878,9137.457031,9137,0,0.000000,0.000000,0.000000,0.000000,0.000000,0.000000,0.000000,0.000000,0.000000,0.000000,0.000000,0.000000,0,-0.181012,-0.021194,-0.045649,3.535281,1.046725,-0.245140,-0.660309,0.252850,0.741883,0.067361,0.688144,-0.381947,0.283774,0.729553,0.857078,1.000000,1.530000,-1.470000,-0.000000,-1.570796,0.591015,0.824733,0.894218,1.000000,0.591015,0.824733,0.894218,1.000000,0.283774,0.729553,0.857078,1.000000,7955,9124,9471,10000,7955,9124,9471,10000,9770,0,0,0,5303,4500,-4500,4500
9.048974,9770,19,1,1,2,60,0,0,0,0,0,0,1.459793,1.671968,-1.548356,0.959149,-3.560940,-0.246648,-0.661483,0.254540,-0.836871,0.082916,0.514505,-0.466693,8095,8709,8756,9600,1,222,4,1.530000,1.470000,1.500000,-0.145529,0.011166,-0.048110,0.153681,9156.275391,9156,0,0.000000,0.000000,0.000000,0.000000,0.000000,0.000000,0.000000,0.000000,0.000000,0.000000,0.000000,0.000000,0,-0.145529,-0.011166,-0.048110,3.558656,0.967075,-0.246573,-0.661387,0.254420,0.734632,-0.332343,0.426852,-0.438657,0.243741,0.698041,0.830070,1.000000,1.530000,-1.470000,-0.000000,-1.570796,0.686354,0.814448,0.824220,1.000000,0.686354,0.814448,0.824220,1.000000,0.243741,0.698041,0.830070,1.000000,8432,9072,9121,10000,8432,9072,9121,10000,9770,0,0,0,5300,4500,-4500,4500
9.058744,9770,19,1,1,2,60,0,0,0,0,0,0,1.468950,1.636235,-1.550825,0.880177,-3.583315,-0.246920,-0.662099,0.255396,-0.843796,0.149055,0.455385,-0.483517,7563,9053,9045,9600,1,223,4,1.530000,1.470000,1.500000,-0.109819,0.001930,-0.050578,0.120921,9182.645508,9182,0,0.000000,0.000000,0.000000,0.000000,0.000000,0.000000,0.000000,0.000000,0.000000,0.000000,0.000000,0.000000,0,-0.109819,-0.001930,-0.050578,3.581114,0.888054,-0.246925,-0.662075,0.255334,0.727684,0.202201,0.331522,-0.545872,0.294485,0.670834,0.758604,1.000000,1.530000,-1.470000,-0.000000,-1.570796,0.575569,0.886099,0.884449,1.000000,0.575569,0.886099,0.884449,1.000000,0.294485,0.670834,0.758604,1.000000,7878,9430,9422,10000,7878,9430,9422,10000,9770,0,0,0,5300,4500,-4500,4500
9.068514,9770,19,1,1,2,60,0,0,0,0,0,0,1.477319,1.600282,-1.553294,0.801418,-3.604981,-0.246817,-0.661886,0.255740,-0.850538,0.220069,0.404604,-0.501743,7212,9077,8716,9341,1,224,4,1.530000,1.470000,1.500000,-0.073887,-0.006517,-0.053047,0.091191,8943.960938,8944,0,0.000000,0.000000,0.000000,0.000000,0.000000,0.000000,0.000000,0.000000,0.000000,0.000000,0.000000,0.000000,0,-0.073887,0.006517,-0.053047,3.602843,0.809292,-0.246830,-0.661938,0.255729,0.720924,0.650806,0.242179,-0.472844,0.238082,0.710718,0.762654,1.000000,1.530000,-1.470000,-0.000000,-1.570796,0.502456,0.891057,0.815747,0.945910,0.502456,0.891057,0.815747,0.945910,0.238082,0.710718,0.762654,1.000000,7512,9455,9079,9730,7512,9455,9079,9730,9770,0,0,0,5297,4500,-4500,4500
9.078284,9770,19,1,1,2,60,0,0,0,0,0,0,1.484904,1.564118,-1.555756,0.723602,-3.625712,-0.245556,-0.661191,0.255573,-0.857123,0.241657,0.358632,-0.522428,7447,8391,8437,9431,1,225,4,1.530000,1.470000,1.500000,-0.037743,-0.014180,-0.055511,0.068608,8777.892578,8777,0,0.000000,0.000000,0.000000,0.000000,0.000000,0.000000,0.000000,0.000000,0.000000,0.000000,0.000000,0.000000,0,-0.037743,0.014180,-0.055511,3.623687,0.731318,-0.245759,-0.661267,0.255611,0.714328,0.188933,0.355918,-0.794779,0.146337,0.738810,0.711046,0.957434,1.530000,-1.470000,-0.000000,-1.570796,0.551353,0.748232,0.757869,0.964860,0.551353,0.748232,0.757869,0.964860,0.146337,0.738810,0.711046,0.957434,7757,8741,8789,9824,7757,8741,8789,9824,9770,0,0,0,5296,4500,-4500,4500
9.088054,9770,19,1,1,2,60,0,0,0,0,0,0,1.491721,1.527752,-1.558195,0.647721,-3.645223,-0.242044,-0.660219,0.254920,-0.863596,0.287223,0.309492,-0.544572,7464,8244,8506,9477,1,226,4,1.530000,1.470000,1.500000,-0.001397,-0.021073,-0.057953,0.061681,8773.865234,8773,0,0.000000,0.000000,0.000000,0.000000,0.000000,0.000000,0.000000,0.000000,0.000000,0.000000,0.000000,0.000000,0,-0.001397,0.021073,-0.057953,3.643326,0.655219,-0.242496,-0.660344,0.255010,0.707842,0.204715,0.299354,-0.485565,0.129170,0.643454,0.634198,0.946530,1.530000,-1.470000,-0.000000,-1.570796,0.555060,0.717635,0.771975,0.974423,0.555060,0.717635,0.771975,0.974423,0.129170,0.643454,0.634198,0.946530,7775,8588,8860,9872,7775,8588,8860,9872,9770,0,0,0,5298,4500,-4500,4500
9.097824,9770,19,1,1,2,60,0,0,0,0,0,0,1.497789,1.491198,-1.560587,0.573605,-3.663633,-0.236681,-0.658362,0.253662,-0.869868,0.397993,0.238124,-0.566986,9600,9600,8605,9600,1,227,5,-0.000000,-0.000000,1.500000,-1.494861,-1.497215,-0.060350,2.116579,9740.974609,9741,0,0.000000,0.000000,0.000000,0.000000,0.000000,0.000000,0.000000,0.000000,0.000000,0.000000,0.000000,0.000000,0,-1.497215,-1.494862,-0.060350,-0.580954,3.661834,-0.237273,-0.658606,0.253820,2.272339,0.478815,0.289348,-0.558318,0.121674,0.561540,0.598688,0.947441,1.470000,1.530000,-0.000000,1.570796,1.000000,1.000000,0.792780,1.000000,1.000000,1.000000,0.792780,1.000000,0.121674,0.561540,0.598688,0.947441,10000,10000,8964,10000,10000,10000,8964,10000,9770,0,0,0,5299,4500,-4500,4500
9.107594,9770,19,1,1,2,60,0,0,0,0,0,0,1.503110,1.454460,-1.562937,0.497379,-3.682226,-0.234672,-0.654980,0.252034,-0.876105,0.586821,0.269879,-0.585412,9600,9600,8221,8544,1,228,5,-0.000000,-0.000000,1.500000,-1.458142,-1.502612,-0.062702,2.094744,9366.013672,9366,0,0.000000,0.000000,0.000000,0.000000,0.000000,0.000000,0.000000,0.000000,0.000000,0.000000,0.000000,0.000000,0,-1.502612,-1.458142,-0.062702,-0.505193,3.680330,-0.234590,-0.655405,0.252176,2.266137,0.505000,0.319294,-0.668683,0.467268,0.734061,0.593522,0.968121,1.470000,1.530000,-0.000000,1.570796,1.000000,1.000000,0.712882,0.779929,1.000000,1.000000,0.712882,0.779929,0.467268,0.734061,0.593522,0.968121,10000,10000,8564,8900,10000,10000,8564,8900,9770,0,0,0,5291,4500,-4500,4500
9.117364,9770,19,1,1,2,60,0,0,0,0,0,0,1.507653,1.417535,-1.565292,0.419079,-3.700814,-0.236294,-0.649671,0.251515,-0.883377,0.814252,0.514145,-0.594350,9600,9600,8578,8484,1,229,5,-0.000000,-0.000000,1.500000,-1.421236,-1.507234,-0.065055,2.072654,9443.090820,9443,0,0.000000,0.000000,0.000000,0.000000,0.000000,0.000000,0.000000,0.000000,0.000000,0.000000,0.000000,0.000000,0,-1.507234,-1.421236,-0.065055,-0.426921,3.698992,-0.236068,-0.650284,0.251465,2.259025,0.960573,0.486983,-0.698677,0.676882,0.838700,0.527514,0.807482,1.470000,1.530000,-0.000000,1.570796,1.000000,1.000000,0.787083,0.767389,1.000000,1.000000,0.787083,0.767389,0.676882,0.838700,0.527514,0.807482,10000,10000,8935,8837,10000,10000,8935,8837,9770,0,0,0,5290,4432,-4500,4500
9.127134,9770,19,1,1,2,60,0,0,0,0,0,0,1.511411,1.380429,-1.567671,0.340271,-3.718451,-0.239635,-0.642698,0.253744,-0.892801,1.025584,0.919314,-0.593344,9600,9600,8868,9033,1,230,5,-0.000000,-0.000000,1.500000,-1.384147,-1.511070,-0.067432,2.050303,9661.952148,9661,0,0.000000,0.000000,0.000000,0.000000,0.000000,0.000000,0.000000,0.000000,0.000000,0.000000,0.000000,0.000000,0,-1.511070,-1.384147,-0.067432,-0.348180,3.716745,-0.239220,-0.643458,0.253364,2.249851,1.050925,0.932999,-0.600071,0.804019,0.902166,0.545870,0.700181,1.470000,1.530000,-0.000000,1.570796,1.000000,1.000000,0.847679,0.881883,1.000000,1.000000,0.847679,0.881883,0.804019,0.902166,0.545870,0.700181,10000,10000,9238,9409,10000,10000,9238,9409,9770,0,0,0,5286,4329,-4500,4500
9.136904,9770,19,1,1,2,60,0,0,0,0,0,0,1.514374,1.343153,-1.570098,0.260065,-3.734751,-0.245641,-0.634389,0.259648,-0.904927,1.232614,1.383619,-0.586972,9600,9600,8965,9600,1,231,5,-0.000000,-0.000000,1.500000,-1.346888,-1.514114,-0.069852,2.027690,9834.697266,9834,0,0.000000,0.000000,0.000000,0.000000,0.000000,0.000000,0.000000,0.000000,0.000000,0.000000,0.000000,0.000000,0,-1.514114,-1.346888,-0.069852,-0.268166,3.733198,-0.244907,-0.635279,0.258882,2.238004,0.511249,1.443689,-0.406326,0.881132,0.940661,0.604689,0.725200,1.470000,1.530000,-0.000000,1.570796,1.000000,1.000000,0.867758,1.000000,1.000000,1.000000,0.867758,1.000000,0.881132,0.940661,0.604689,0.725200,10000,10000,9339,10000,10000,10000,9339,10000,9770,0,0,0,5274,4216,-4500,4500
9.146674,9770,19,1,1,2,60,0,0,0,0,0,0,1.516523,1.305725,-1.572604,0.177622,-3.749152,-0.255090,-0.624656,0.269430,-0.919783,1.474563,1.835961,-0.580662,9324,9600,9571,9600,1,232,5,-0.000000,-0.000000,1.500000,-1.309474,-1.516346,-0.072348,2.004809,9920.756836,9920,0,0.000000,0.000000,0.000000,0.000000,0.000000,0.000000,0.000000,0.000000,0.000000,0.000000,0.000000,0.000000,0,-1.516345,-1.309474,-0.072348,-0.185969,3.747822,-0.253994,-0.625704,0.268281,2.223413,1.656274,1.771788,-0.425852,0.927903,0.964009,0.656166,0.833325,1.470000,1.530000,-0.000000,1.570796,0.942596,1.000000,0.994009,1.000000,0.942596,1.000000,0.994009,1.000000,0.927903,0.964009,0.656166,0.833325,9713,10000,9970,10000,9713,10000,9970,10000,9770,0,0,0,5265,4081,-4500,4500
9.156444,9770,19,1,1,2,60,0,0,0,0,0,0,1.517835,1.268166,-1.575222,0.092887,-3.760797,-0.267867,-0.613278,0.282835,-0.937078,1.712838,2.226574,-0.575293,9017,9600,9600,9600,1,233,5,-0.000000,-0.000000,1.500000,-1.271927,-1.517742,-0.074954,1.981655,9848.343750,9848,0,0.000000,0.000000,0.000000,0.000000,0.000000,0.000000,0.000000,0.000000,0.000000,0.000000,0.000000,0.000000,0,-1.517742,-1.271927,-0.074954,-0.101451,3.759784,-0.266459,-0.614483,0.281346,2.206339,1.969905,2.228354,-0.523066,0.911097,0.978170,0.786740,0.898907,1.470000,1.530000,-0.000000,1.570796,0.878675,1.000000,1.000000,1.000000,0.878675,1.000000,1.000000,1.000000,0.911097,0.978170,0.786740,0.898907,9393,10000,10000,10000,9393,10000,10000,10000,9770,0,0,0,5256,3931,-4500,4500
9.166214,9770,19,1,1,2,60,0,0,0,0,0,0,1.518291,1.230512,-1.577982,0.006702,-3.768713,-0.282770,-0.600587,0.299319,-0.956304,1.900785,2.539177,-0.571011,9324,9600,9600,9600,1,234,5,-0.000000,-0.000000,1.500000,-1.234280,-1.518284,-0.077699,1.958232,9928.095703,9928,0,0.000000,0.000000,0.000000,0.000000,0.000000,0.000000,0.000000,0.000000,0.000000,0.000000,0.000000,0.000000,0,-1.518284,-1.234280,-0.077699,-0.015360,3.768113,-0.281221,-0.601901,0.297548,2.187284,1.806993,2.366733,-0.497914,0.850602,0.986760,0.870651,0.938684,1.470000,1.530000,-0.000000,1.570796,0.942477,1.000000,1.000000,1.000000,0.942477,1.000000,1.000000,1.000000,0.850602,0.986760,0.870651,0.938684,9712,10000,10000,10000,9712,10000,10000,10000,9770,0,0,0,5237,3784,-4500,4500
9.175984,9770,19,1,1,2,60,0,0,0,0,0,0,1.517879,1.192801,-1.580899,-0.080546,-3.772193,-0.299230,-0.586982,0.318419,-0.977041,2.063653,2.807241,-0.566972,9243,9600,9600,9600,1,235,5,-0.000000,-0.000000,1.500000,-1.196574,-1.517959,-0.080599,1.934550,9906.901367,9907,0,0.000000,0.000000,0.000000,0.000000,0.000000,0.000000,0.000000,0.000000,0.000000,0.000000,0.000000,0.000000,0,-1.517959,-1.196574,-0.080599,0.071774,3.772060,-0.297517,-0.588379,0.316397,2.166687,1.593172,2.822357,-0.687797,0.864118,0.991970,0.921546,0.962810,1.470000,1.530000,-0.000000,1.570796,0.925521,1.000000,1.000000,1.000000,0.925521,1.000000,1.000000,1.000000,0.864118,0.991970,0.921546,0.962810,9628,10000,10000,10000,9628,10000,10000,10000,9770,0,0,0,5225,3637,-4500,4500
9.185754,9770,19,1,1,2,60,0,0,0,0,0,0,1.516590,1.155084,-1.583987,-0.168563,-3.770669,-0.316827,-0.572600,0.339960,-0.999078,2.220291,3.054205,-0.562590,8475,9600,9600,9600,1,236,5,-0.000000,-0.000000,1.500000,-1.158854,-1.516758,-0.083670,1.910628,9707.022461,9707,0,0.000000,0.000000,0.000000,0.000000,0.000000,0.000000,0.000000,0.000000,0.000000,0.000000,0.000000,0.000000,0,-1.516758,-1.158854,-0.083670,0.159741,3.771062,-0.315037,-0.574070,0.337700,2.144773,2.073960,3.124611,-0.442462,0.858973,0.995129,0.952415,0.977443,1.470000,1.530000,-0.000000,1.570796,0.765618,1.000000,1.000000,1.000000,0.765618,1.000000,1.000000,1.000000,0.858973,0.995129,0.952415,0.977443,8828,10000,10000,10000,8828,10000,10000,10000,9770,0,0,0,5199,3485,-4500,4500
9.195524,9770,19,1,1,2,60,0,0,0,0,0,0,1.514421,1.117411,-1.587250,-0.256140,-3.763650,-0.333900,-0.557699,0.363720,-1.022206,2.330972,3.253908,-0.560916,7853,9600,9600,9600,1,237,5,-0.000000,-0.000000,1.500000,-1.121174,-1.514678,-0.086916,1.886487,9545.031250,9545,0,0.000000,0.000000,0.000000,0.000000,0.000000,0.000000,0.000000,0.000000,0.000000,0.000000,0.000000,0.000000,0,-1.514677,-1.121174,-0.086916,0.247428,3.764608,-0.332253,-0.559196,0.361258,2.121740,2.568559,3.450679,-0.470698,0.730018,0.997046,0.971138,0.986318,1.470000,1.530000,-0.000000,1.570796,0.636025,1.000000,1.000000,1.000000,0.636025,1.000000,1.000000,1.000000,0.730018,0.997046,0.971138,0.986318,8180,10000,10000,10000,8180,10000,10000,10000,9770,0,0,0,5184,3334,-4500,4500
9.205294,9770,19,1,1,2,60,0,0,0,0,0,0,1.511385,1.079839,-1.590674,-0.342193,-3.750948,-0.348946,-0.542949,0.389155,-1.046080,2.356429,3.378783,-0.564916,8579,9600,9600,9600,1,238,5,-0.000000,-0.000000,1.500000,-1.083590,-1.511727,-0.090325,1.862162,9734.057617,9734,0,0.000000,0.000000,0.000000,0.000000,0.000000,0.000000,0.000000,0.000000,0.000000,0.000000,0.000000,0.000000,0,-1.511727,-1.083591,-0.090325,0.333663,3.752474,-0.347544,-0.544394,0.386555,2.097923,1.961993,3.120945,-0.587177,0.549822,0.998208,0.982494,0.991702,1.470000,1.530000,-0.000000,1.570796,0.787246,1.000000,1.000000,1.000000,0.787246,1.000000,1.000000,1.000000,0.549822,0.998208,0.982494,0.991702,8936,10000,10000,10000,8936,10000,10000,10000,9770,0,0,0,5161,3205,-4500,4500
9.215064,9770,19,1,1,2,60,0,0,0,0,0,0,1.507494,1.042427,-1.594240,-0.427409,-3.732474,-0.362849,-0.528971,0.415743,-1.070425,2.348156,3.472022,-0.571378,7963,9600,9600,9600,1,239,5,-0.000000,-0.000000,1.500000,-1.046159,-1.507922,-0.093877,1.837686,9573.867188,9573,0,0.000000,0.000000,0.000000,0.000000,0.000000,0.000000,0.000000,0.000000,0.000000,0.000000,0.000000,0.000000,0,-1.507922,-1.046159,-0.093877,0.418897,3.734586,-0.361474,-0.530330,0.413036,2.073623,2.314757,3.589035,-0.499269,0.559529,0.998913,0.989382,0.994967,1.470000,1.530000,-0.000000,1.570796,0.659093,1.000000,1.000000,1.000000,0.659093,1.000000,1.000000,1.000000,0.559529,0.998913,0.989382,0.994967,8295,10000,10000,10000,8295,10000,10000,10000,9770,0,0,0,5150,3088,-4500,4500
9.224834,9770,19,1,1,2,60,0,0,0,0,0,0,1.502755,1.005231,-1.597940,-0.511765,-3.708243,-0.375503,-0.515944,0.443325,-1.095197,2.316107,3.542791,-0.579741,7838,9600,9600,9600,1,240,5,-0.000000,-0.000000,1.500000,-1.008939,-1.503267,-0.097564,1.813088,9541.227539,9541,0,0.000000,0.000000,0.000000,0.000000,0.000000,0.000000,0.000000,0.000000,0.000000,0.000000,0.000000,0.000000,0,-1.503267,-1.008939,-0.097564,0.503386,3.710921,-0.374322,-0.517194,0.440531,2.048889,2.325845,3.507333,-0.522158,0.464568,0.999341,0.993560,0.996947,1.470000,1.530000,-0.000000,1.570796,0.632982,1.000000,1.000000,1.000000,0.632982,1.000000,1.000000,1.000000,0.464568,0.999341,0.993560,0.996947,8165,10000,10000,10000,8165,10000,10000,10000,9770,0,0,0,5133,2976,-4500,4500
9.234604,9770,19,1,1,2,60,0,0,0,0,0,0,1.497180,0.968308,-1.601755,-0.594810,-3.678414,-0.386202,-0.504232,0.471584,-1.120295,2.244593,3.579455,-0.591153,7531,9600,9600,9600,1,241,5,-0.000000,-0.000000,1.500000,-0.971986,-1.497775,-0.101369,1.788396,9461.312500,9461,0,0.000000,0.000000,0.000000,0.000000,0.000000,0.000000,0.000000,0.000000,0.000000,0.000000,0.000000,0.000000,0,-1.497775,-0.971986,-0.101369,0.586561,3.681645,-0.385219,-0.505334,0.468736,2.023820,2.556867,3.611296,-0.673728,0.386423,0.999600,0.996094,0.998148,1.470000,1.530000,-0.000000,1.570796,0.569050,1.000000,1.000000,1.000000,0.569050,1.000000,1.000000,1.000000,0.386423,0.999600,0.996094,0.998148,7845,10000,10000,10000,7845,10000,10000,10000,9770,0,0,0,5115,2874,-4500,4500
9.244374,9770,19,1,1,2,60,0,0,0,0,0,0,1.490782,0.931713,-1.605666,-0.676403,-3.643202,-0.394644,-0.494203,0.500182,-1.145638,2.132420,3.581522,-0.605759,7742,9600,9600,9600,1,242,5,-0.000000,-0.000000,1.500000,-0.935356,-1.491458,-0.105271,1.763638,9516.191406,9516,0,0.000000,0.000000,0.000000,0.000000,0.000000,0.000000,0.000000,0.000000,0.000000,0.000000,0.000000,0.000000,0,-1.491458,-0.935356,-0.105271,0.668310,3.646958,-0.393907,-0.495119,0.497317,1.998497,2.196418,3.504647,-0.578462,0.288716,0.999758,0.997631,0.998877,1.470000,1.530000,-0.000000,1.570796,0.612953,1.000000,1.000000,1.000000,0.612953,1.000000,1.000000,1.000000,0.288716,0.999758,0.997631,0.998877,8065,10000,10000,10000,8065,10000,10000,10000,9770,0,0,0,5098,2783,-4500,4500
9.254144,9770,19,1,1,2,60,0,0,0,0,0,0,1.483575,0.895499,-1.609649,-0.756786,-3.602748,-0.401027,-0.486187,0.528805,-1.171183,1.997026,3.562955,-0.622365,7776,9600,9600,9600,1,243,5,-0.000000,-0.000000,1.500000,-0.899102,-1.484332,-0.109248,1.738839,9525.099609,9525,0,0.000000,0.000000,0.000000,0.000000,0.000000,0.000000,0.000000,0.000000,0.000000,0.000000,0.000000,0.000000,0,-1.484331,-0.899102,-0.109248,0.748790,3.607027,-0.400470,-0.486893,0.525947,1.972974,1.965029,3.490761,-0.529848,0.264002,0.999853,0.998563,0.999319,1.470000,1.530000,-0.000000,1.570796,0.620080,1.000000,1.000000,1.000000,0.620080,1.000000,1.000000,1.000000,0.264002,0.999853,0.998563,0.999319,8100,10000,10000,10000,8100,10000,10000,10000,9770,0,0,0,5090,2702,-4500,4500
9.263914,9770,19,1,1,2,60,0,0,0,0,0,0,1.475569,0.859718,-1.613686,-0.836260,-3.557159,-0.405611,-0.480316,0.557306,-1.196979,1.856939,3.538234,-0.639649,7605,9576,9600,9600,1,244,5,-0.000000,-0.000000,1.500000,-0.863275,-1.476405,-0.113280,1.714015,9474.056641,9474,0,0.000000,0.000000,0.000000,0.000000,0.000000,0.000000,0.000000,0.000000,0.000000,0.000000,0.000000,0.000000,0,-1.476405,-0.863275,-0.113280,0.828351,3.561944,-0.405234,-0.480805,0.554464,1.947207,1.718780,3.694306,-0.702197,0.254621,0.999911,0.999128,0.999587,1.470000,1.530000,-0.000000,1.570796,0.584324,0.994922,1.000000,1.000000,0.584324,0.994922,1.000000,1.000000,0.254621,0.999911,0.999128,0.999587,7922,9975,10000,10000,7922,9975,10000,10000,9770,0,0,0,5085,2625,-4500,4500
9.273684,9770,19,1,1,2,60,0,0,0,0,0,0,1.466774,0.824420,-1.617758,-0.914727,-3.506726,-0.408110,-0.476677,0.585565,-1.223099,1.709402,3.502715,-0.657828,7419,9600,9600,9600,1,245,5,-0.000000,-0.000000,1.500000,-0.827927,-1.467689,-0.117350,1.689184,9431.975586,9432,0,0.000000,0.000000,0.000000,0.000000,0.000000,0.000000,0.000000,0.000000,0.000000,0.000000,0.000000,0.000000,0,-1.467689,-0.827927,-0.117350,0.906928,3.511978,-0.407962,-0.476937,0.582755,1.921122,1.885335,3.440297,-0.688088,0.220793,0.995950,0.999471,0.999749,1.470000,1.530000,-0.000000,1.570796,0.545580,1.000000,1.000000,1.000000,0.545580,1.000000,1.000000,1.000000,0.220793,0.995950,0.999471,0.999749,7728,10000,10000,10000,7728,10000,10000,10000,9770,0,0,0,5078,2547,-4500,4500
9.283454,9770,19,1,1,2,60,0,0,0,0,0,0,1.457201,0.789651,-1.621841,-0.992049,-3.451802,-0.408186,-0.475416,0.613391,-1.249578,1.543870,3.449129,-0.677597,7784,9600,9600,9600,1,246,5,-0.000000,-0.000000,1.500000,-0.793103,-1.458193,-0.121433,1.664357,9526.990234,9527,0,0.000000,0.000000,0.000000,0.000000,0.000000,0.000000,0.000000,0.000000,0.000000,0.000000,0.000000,0.000000,0,-1.458192,-0.793103,-0.121433,0.984367,3.457489,-0.408291,-0.475429,0.610634,1.894679,1.360896,3.119468,-0.668590,0.169787,0.997543,0.999679,0.999848,1.470000,1.530000,-0.000000,1.570796,0.621593,1.000000,1.000000,1.000000,0.621593,1.000000,1.000000,1.000000,0.169787,0.997543,0.999679,0.999848,8108,10000,10000,10000,8108,10000,10000,10000,9770,0,0,0,5074,2474,-4500,4500
9.293224,9770,19,1,1,2,60,0,0,0,0,0,0,1.446859,0.755456,-1.625914,-1.068604,-3.392437,-0.406176,-0.476684,0.640612,-1.276471,1.377608,3.392302,-0.697643,6900,9600,9600,9600,1,247,5,-0.000000,-0.000000,1.500000,-0.758848,-1.447927,-0.125507,1.639542,9296.877930,9297,0,0.000000,0.000000,0.000000,0.000000,0.000000,0.000000,0.000000,0.000000,0.000000,0.000000,0.000000,0.000000,0,-1.447927,-0.758849,-0.125507,1.060971,3.398574,-0.406460,-0.476444,0.637918,1.867833,2.159979,3.391218,-0.630004,0.198667,0.998510,0.999805,0.999908,1.470000,1.530000,-0.000000,1.570796,0.437503,1.000000,1.000000,1.000000,0.437503,1.000000,1.000000,1.000000,0.198667,0.998510,0.999805,0.999908,7188,10000,10000,10000,7188,10000,10000,10000,9770,0,0,0,5063,2404,-4500,4500
9.302994,9770,19,1,1,2,60,0,0,0,0,0,0,1.435757,0.721876,-1.629952,-1.143963,-3.329265,-0.401359,-0.480582,0.667092,-1.303844,1.183407,3.309798,-0.719936,7599,9052,9600,9600,1,248,5,-0.000000,-0.000000,1.500000,-0.725206,-1.436901,-0.129550,1.614742,9336.226562,9336,0,0.000000,0.000000,0.000000,0.000000,0.000000,0.000000,0.000000,0.000000,0.000000,0.000000,0.000000,0.000000,0,-1.436901,-0.725206,-0.129550,1.136497,3.335730,-0.401992,-0.480063,0.664489,1.840505,0.933154,3.439117,-0.838278,0.071316,0.999097,0.999882,0.999944,1.470000,1.530000,-0.000000,1.570796,0.583156,0.885825,1.000000,1.000000,0.583156,0.885825,1.000000,1.000000,0.071316,0.999097,0.999882,0.999944,7916,9429,10000,10000,7916,9429,10000,10000,9770,0,0,0,5063,2339,-4500,4500
9.312764,9770,19,1,1,2,60,0,0,0,0,0,0,1.423910,0.688946,-1.633924,-1.217891,-3.262844,-0.393357,-0.487226,0.692417,-1.331592,1.005227,3.188061,-0.742496,7491,8888,9600,9600,1,249,5,-0.000000,-0.000000,1.500000,-0.692209,-1.425127,-0.133530,1.589960,9265.275391,9265,0,0.000000,0.000000,0.000000,0.000000,0.000000,0.000000,0.000000,0.000000,0.000000,0.000000,0.000000,0.000000,0,-1.425127,-0.692209,-0.133530,1.210551,3.269629,-0.394287,-0.486454,0.689947,1.812788,0.894132,3.236749,-0.720015,0.108694,0.909603,0.999928,0.999966,1.470000,1.530000,-0.000000,1.570796,0.560656,0.851565,1.000000,1.000000,0.560656,0.851565,1.000000,1.000000,0.108694,0.909603,0.999928,0.999966,7803,9258,10000,10000,7803,9258,10000,10000,9770,0,0,0,5076,2274,-4500,4500
9.322534,9770,19,1,1,2,60,0,0,0,0,0,0,1.411330,0.656697,-1.637799,-1.290499,-3.193499,-0.382286,-0.495989,0.716223,-1.359539,0.881601,3.028883,-0.763190,7208,8691,9600,9600,1,250,5,-0.000000,-0.000000,1.500000,-0.659891,-1.412621,-0.137417,1.565195,9140.433594,9140,0,0.000000,0.000000,0.000000,0.000000,0.000000,0.000000,0.000000,0.000000,0.000000,0.000000,0.000000,0.000000,0,-1.412621,-0.659891,-0.137417,1.283296,3.200556,-0.383530,-0.495037,0.713922,1.784850,0.677469,3.295791,-0.697363,0.113659,0.828362,0.999957,0.999979,1.470000,1.530000,-0.000000,1.570796,0.501699,0.810648,1.000000,1.000000,0.501699,0.810648,1.000000,1.000000,0.113659,0.828362,0.999957,0.999979,7508,9053,10000,10000,7508,9053,10000,10000,9770,0,0,0,5082,2194,-4500,4500
9.332304,9770,19,1,1,2,60,0,0,0,0,0,0,1.398033,0.625155,-1.641545,-1.361544,-3.121846,-0.367891,-0.506209,0.738098,-1.387392,0.790965,2.818652,-0.783471,7188,9045,9600,9600,1,251,5,-0.000000,-0.000000,1.500000,-0.628276,-1.399395,-0.141178,1.540444,9227.291992,9227,0,0.000000,0.000000,0.000000,0.000000,0.000000,0.000000,0.000000,0.000000,0.000000,0.000000,0.000000,0.000000,0,-1.399395,-0.628277,-0.141178,1.354511,3.129103,-0.369479,-0.505139,0.736012,1.756970,0.694060,2.802962,-0.627384,0.070274,0.746888,0.999974,0.999987,1.470000,1.530000,-0.000000,1.570796,0.497361,0.884472,1.000000,1.000000,0.497361,0.884472,1.000000,1.000000,0.070274,0.746888,0.999974,0.999987,7487,9422,10000,10000,7487,9422,10000,10000,9770,0,0,0,5089,2100,-4500,4500
9.342074,9770,19,1,1,2,60,0,0,0,0,0,0,1.384032,0.594341,-1.645132,-1.431477,-3.047848,-0.350801,-0.517424,0.757629,-1.414792,0.699786,2.576251,-0.804546,6972,9332,9600,9600,1,252,5,-0.000000,-0.000000,1.500000,-0.597389,-1.385464,-0.144781,1.515700,9245.896484,9246,0,0.000000,0.000000,0.000000,0.000000,0.000000,0.000000,0.000000,0.000000,0.000000,0.000000,0.000000,0.000000,0,-1.385464,-0.597389,-0.144781,1.424514,3.055362,-0.352606,-0.516262,0.755787,1.729513,0.968496,2.565779,-0.895953,0.040547,0.755566,0.999984,0.999993,1.470000,1.530000,-0.000000,1.570796,0.452506,0.944211,1.000000,1.000000,0.452506,0.944211,1.000000,1.000000,0.040547,0.755566,0.999984,0.999993,7263,9721,10000,10000,7263,9721,10000,10000,9770,0,0,0,5097,2003,-4500,4500
9.351844,9770,19,1,1,2,60,0,0,0,0,0,0,1.369336,0.564281,-1.648537,-1.500875,-2.971313,-0.331781,-0.529635,0.774670,-1.441533,0.571623,2.326097,-0.827652,7284,8944,9600,9600,1,253,5,-0.000000,-0.000000,1.500000,-0.567253,-1.370836,-0.148205,1.490950,9225.945312,9226,0,0.000000,0.000000,0.000000,0.000000,0.000000,0.000000,0.000000,0.000000,0.000000,0.000000,0.000000,0.000000,0,-1.370836,-0.567253,-0.148205,1.493953,2.979077,-0.333761,-0.528361,0.773080,1.702700,0.317687,2.574094,-0.860406,-0.012782,0.807841,0.999990,0.999995,1.470000,1.530000,-0.000000,1.570796,0.517327,0.863429,1.000000,1.000000,0.517327,0.863429,1.000000,1.000000,-0.012782,0.807841,0.999990,0.999995,7587,9317,10000,10000,7587,9317,10000,10000,9770,0,0,0,5119,1914,-4500,4500
9.361614,9770,19,1,1,2,60,0,0,0,0,0,0,1.353948,0.535000,-1.651742,-1.569724,-2.892621,-0.310955,-0.542939,0.789151,-1.467443,0.437016,2.065392,-0.851216,7249,9103,9600,9600,1,254,5,-0.000000,-0.000000,1.500000,-0.537892,-1.355517,-0.151431,1.466181,9258.158203,9258,0,0.000000,0.000000,0.000000,0.000000,0.000000,0.000000,0.000000,0.000000,0.000000,0.000000,0.000000,0.000000,0,-1.355517,-0.537892,-0.151431,1.562866,2.900573,-0.313118,-0.541569,0.787821,1.676696,0.513729,2.076024,-0.874044,0.005882,0.775977,0.999994,0.999997,1.470000,1.530000,-0.000000,1.570796,0.510188,0.896339,1.000000,1.000000,0.510188,0.896339,1.000000,1.000000,0.005882,0.775977,0.999994,0.999997,7551,9482,10000,10000,7551,9482,10000,10000,9770,0,0,0,5135,1834,-4500,4500
9.371384,9770,19,1,1,2,60,0,0,0,0,0,0,1.337874,0.506515,-1.654729,-1.638149,-2.812038,-0.288568,-0.556987,0.800986,-1.492274,0.311517,1.796044,-0.874313,7341,9149,9199,9600,1,255,5,-0.000000,-0.000000,1.500000,-0.509327,-1.339512,-0.154441,1.441374,9189.882812,9189,0,0.000000,0.000000,0.000000,0.000000,0.000000,0.000000,0.000000,0.000000,0.000000,0.000000,0.000000,0.000000,0,-1.339512,-0.509327,-0.154441,1.631318,2.820178,-0.290867,-0.555556,0.799922,1.651747,0.252757,1.686221,-0.918324,0.011585,0.782548,0.999997,0.999998,1.470000,1.530000,-0.000000,1.570796,0.529469,0.905969,0.916469,1.000000,0.529469,0.905969,0.916469,1.000000,0.011585,0.782548,0.999997,0.999998,7647,9530,9582,10000,7647,9530,9582,10000,9770,0,0,0,5157,1752,-4500,4500
9.381154,9770,19,1,1,2,60,0,0,0,0,0,0,1.321118,0.478845,-1.657484,-1.706048,-2.730089,-0.264589,-0.571498,0.810226,-1.515874,0.207642,1.543835,-0.898152,6893,9427,9178,9600,1,256,5,-0.000000,-0.000000,1.500000,-0.481575,-1.322824,-0.157220,1.416509,9140.070312,9140,0,0.000000,0.000000,0.000000,0.000000,0.000000,0.000000,0.000000,0.000000,0.000000,0.000000,0.000000,0.000000,0,-1.322824,-0.481575,-0.157220,1.699287,2.738329,-0.267061,-0.570036,0.809412,1.628024,0.654959,1.565776,-0.848124,0.030217,0.794112,0.934264,0.999999,1.470000,1.530000,-0.000000,1.570796,0.435979,0.963995,0.912082,1.000000,0.435979,0.963995,0.912082,1.000000,0.030217,0.794112,0.934264,0.999999,7180,9820,9560,10000,7180,9820,9560,10000,9770,0,0,0,5180,1668,-4500,4500
9.390924,9770,19,1,1,2,60,0,0,0,0,0,0,1.303687,0.451998,-1.659991,-1.773319,-2.647277,-0.238985,-0.586263,0.817081,-1.538267,0.100576,1.311834,-0.924885,7323,9037,8618,9600,1,257,5,-0.000000,-0.000000,1.500000,-0.454646,-1.305461,-0.159752,1.391564,9004.631836,9004,0,0.000000,0.000000,0.000000,0.000000,0.000000,0.000000,0.000000,0.000000,0.000000,0.000000,0.000000,0.000000,0,-1.305461,-0.454646,-0.159752,1.766614,2.655592,-0.241611,-0.584771,0.816499,1.605510,-0.212481,1.370495,-0.827932,-0.032053,0.846789,0.890943,1.000000,1.470000,1.530000,-0.000000,1.570796,0.525605,0.882714,0.795387,1.000000,0.525605,0.882714,0.795387,1.000000,-0.032053,0.846789,0.890943,1.000000,7628,9414,8977,10000,7628,9414,8977,10000,9770,0,0,0,5191,1585,-4500,4500
9.400694,9770,19,1,1,2,60,0,0,0,0,0,0,1.285589,0.425982,-1.662231,-1.839556,-2.564415,-0.211456,-0.601204,0.821737,-1.559497,0.035911,1.107874,-0.954010,7313,8755,8450,9600,1,258,5,-0.000000,-0.000000,1.500000,-0.428546,-1.287428,-0.162019,1.366519,8884.849609,8885,0,0.000000,0.000000,0.000000,0.000000,0.000000,0.000000,0.000000,0.000000,0.000000,0.000000,0.000000,0.000000,0,-1.287428,-0.428546,-0.162019,1.832987,2.572685,-0.214300,-0.599720,0.821362,1.584170,-0.569365,1.134082,-1.087018,0.000708,0.814776,0.772835,1.000000,1.470000,1.530000,-0.000000,1.570796,0.523571,0.823989,0.760321,1.000000,0.523571,0.823989,0.760321,1.000000,0.000708,0.814776,0.772835,1.000000,7618,9120,8802,10000,7618,9120,8802,10000,9770,0,0,0,5217,1495,-4500,4500
9.410464,9770,19,1,1,2,60,0,0,0,0,0,0,1.266836,0.400790,-1.664184,-1.904326,-2.482271,-0.181742,-0.615553,0.824451,-1.579670,0.065153,0.925242,-0.983968,6714,8899,8590,9600,1,259,5,-0.000000,-0.000000,1.500000,-0.403272,-1.268740,-0.164002,1.341353,8802.864258,8803,0,0.000000,0.000000,0.000000,0.000000,0.000000,0.000000,0.000000,0.000000,0.000000,0.000000,0.000000,0.000000,0,-1.268740,-0.403273,-0.164002,1.897913,2.490450,-0.184804,-0.614172,0.824263,1.563892,-0.225688,1.107550,-1.061871,0.018978,0.749146,0.673605,1.000000,1.470000,1.530000,-0.000000,1.570796,0.398783,0.853961,0.789548,1.000000,0.398783,0.853961,0.789548,1.000000,0.018978,0.749146,0.673605,1.000000,6994,9270,8948,10000,6994,9270,8948,10000,9770,0,0,0,5248,1376,-4500,4500
9.420234,9770,19,1,1,2,60,0,0,0,0,0,0,1.247443,0.376415,-1.665829,-1.967690,-2.400925,-0.150126,-0.628531,0.825275,-1.598699,0.127219,0.728665,-1.016158,6328,9360,8412,9600,1,260,5,-0.000000,-0.000000,1.500000,-0.378816,-1.249411,-0.165679,1.316046,8776.246094,8776,0,0.000000,0.000000,0.000000,0.000000,0.000000,0.000000,0.000000,0.000000,0.000000,0.000000,0.000000,0.000000,0,-1.249411,-0.378816,-0.165679,1.961408,2.409032,-0.153357,-0.627303,0.825283,1.544737,0.278612,0.913218,-0.837038,-0.068141,0.732925,0.636419,1.000000,1.470000,1.530000,-0.000000,1.570796,0.318436,0.949930,0.752631,1.000000,0.318436,0.949930,0.752631,1.000000,-0.068141,0.732925,0.636419,1.000000,6592,9750,8763,10000,6592,9750,8763,10000,9770,0,0,0,5267,1237,-4500,4500
9.430004,9770,19,1,1,2,60,0,0,0,0,0,0,1.227423,0.352851,-1.667150,-2.030000,-2.320069,-0.117182,-0.640048,0.824086,-1.616360,0.151941,0.521762,-1.053221,6511,9323,7896,9600,1,261,5,-0.000000,-0.000000,1.500000,-0.355171,-1.229453,-0.167032,1.290581,8679.359375,8679,0,0.000000,0.000000,0.000000,0.000000,0.000000,0.000000,0.000000,0.000000,0.000000,0.000000,0.000000,0.000000,0,-1.229453,-0.355171,-0.167032,2.023805,2.328142,-0.120519,-0.638950,0.824296,1.526936,0.056436,0.657026,-0.848912,-0.184209,0.798609,0.584813,1.000000,1.470000,1.530000,-0.000000,1.570796,0.356424,0.942152,0.644912,1.000000,0.356424,0.942152,0.644912,1.000000,-0.184209,0.798609,0.584813,1.000000,6782,9711,8225,10000,6782,9711,8225,10000,9770,0,0,0,5299,1104,-4500,4500
9.439774,9770,19,1,1,2,60,0,0,0,0,0,0,1.206785,0.330092,-1.668135,-2.091241,-2.239849,-0.083124,-0.650440,0.820960,-1.632696,0.166476,0.340143,-1.095173,6421,9260,7737,9600,1,262,5,-0.000000,-0.000000,1.500000,-0.332332,-1.208876,-0.168052,1.264938,8598.513672,8598,0,0.000000,0.000000,0.000000,0.000000,0.000000,0.000000,0.000000,0.000000,0.000000,0.000000,0.000000,0.000000,0,-1.208876,-0.332332,-0.168052,2.085167,2.247837,-0.086576,-0.649449,0.821352,1.510478,0.257863,0.296865,-1.111191,-0.224714,0.832327,0.468743,1.000000,1.470000,1.530000,-0.000000,1.570796,0.337760,0.929151,0.611899,1.000000,0.337760,0.929151,0.611899,1.000000,-0.224714,0.832327,0.468743,1.000000,6689,9646,8059,10000,6689,9646,8059,10000,9770,0,0,0,5330,975,-4500,4500
9.449544,9770,19,1,1,2,60,0,0,0,0,0,0,1.185541,0.308131,-1.668774,-2.151262,-2.160571,-0.048009,-0.659737,0.816155,-1.647964,0.204196,0.187651,-1.140720,6191,9157,7729,9600,1,263,5,-0.000000,-0.000000,1.500000,-0.310291,-1.187693,-0.168726,1.239098,8509.640625,8509,0,0.000000,0.000000,0.000000,0.000000,0.000000,0.000000,0.000000,0.000000,0.000000,0.000000,0.000000,0.000000,0,-1.187693,-0.310291,-0.168726,2.145311,2.168458,-0.051559,-0.658859,0.816705,1.495113,0.462122,0.152497,-1.148035,-0.263968,0.842548,0.372365,1.000000,1.470000,1.530000,-0.000000,1.570796,0.289713,0.907702,0.610298,1.000000,0.289713,0.907702,0.610298,1.000000,-0.263968,0.842548,0.372365,1.000000,6449,9539,8051,10000,6449,9539,8051,10000,9770,0,0,0,5364,840,-4500,4500
9.459314,9770,19,1,1,2,60,0,0,0,0,0,0,1.163705,0.286956,-1.669057,-2.210020,-2.082367,-0.011989,-0.667821,0.809803,-1.662295,0.257131,0.039092,-1.189179,6132,8907,7600,9600,1,264,5,-0.000000,-0.000000,1.500000,-0.289038,-1.165915,-0.169045,1.213044,8395.440430,8395,0,0.000000,0.000000,0.000000,0.000000,0.000000,0.000000,0.000000,0.000000,0.000000,0.000000,0.000000,0.000000,0,-1.165915,-0.289038,-0.169045,2.204198,2.090142,-0.015623,-0.667072,0.810508,1.480688,0.279098,0.160930,-1.229994,-0.325588,0.831868,0.312648,1.000000,1.470000,1.530000,-0.000000,1.570796,0.277337,0.855637,0.583378,1.000000,0.277337,0.855637,0.583378,1.000000,-0.325588,0.831868,0.312648,1.000000,6387,9278,7917,10000,6387,9278,7917,10000,9770,0,0,0,5400,699,-4500,4500
9.469084,9770,19,1,1,2,60,0,0,0,0,0,0,1.141288,0.266556,-1.668974,-2.267339,-2.005505,0.024905,-0.674466,0.801847,-1.675610,0.333076,-0.125211,-1.239666,6000,8931,7380,9600,1,265,5,-0.000000,-0.000000,1.500000,-0.268562,-1.143555,-0.168999,1.186762,8310.197266,8310,0,0.000000,0.000000,0.000000,0.000000,0.000000,0.000000,0.000000,0.000000,0.000000,0.000000,0.000000,0.000000,0,-1.143555,-0.268562,-0.168999,2.261672,2.013129,0.021182,-0.673878,0.802718,1.467264,0.342407,-0.108330,-1.315735,-0.372701,0.784418,0.255244,1.000000,1.470000,1.530000,-0.000000,1.570796,0.250052,0.860591,0.537515,1.000000,0.250052,0.860591,0.537515,1.000000,-0.372701,0.784418,0.255244,1.000000,6250,9303,7688,10000,6250,9303,7688,10000,9770,0,0,0,5434,551,-4500,4500
9.478854,9770,19,1,1,2,60,0,0,0,0,0,0,1.118306,0.246917,-1.668519,-2.323140,-1.930120,0.062543,-0.679281,0.792171,-1.687767,0.436992,-0.302269,-1.292088,5879,9013,7190,9600,1,266,5,-0.000000,-0.000000,1.500000,-0.248847,-1.120629,-0.168581,1.160239,8250.715820,8250,0,0.000000,0.000000,0.000000,0.000000,0.000000,0.000000,0.000000,0.000000,0.000000,0.000000,0.000000,0.000000,0,-1.120629,-0.248847,-0.168581,2.317624,1.937597,0.058757,-0.678890,0.793217,1.454988,0.325916,-0.298517,-1.272200,-0.422748,0.759536,0.184335,1.000000,1.470000,1.530000,-0.000000,1.570796,0.224773,0.877780,0.498020,1.000000,0.224773,0.877780,0.498020,1.000000,-0.422748,0.759536,0.184335,1.000000,6124,9389,7490,10000,6124,9389,7490,10000,9770,0,0,0,5469,392,-4500,4500
9.488624,9770,19,1,1,2,60,0,0,0,0,0,0,1.094775,0.228024,-1.667684,-2.377516,-1.856117,0.100599,-0.682024,0.780740,-1.698746,0.558926,-0.479792,-1.346917,5484,9193,7321,9600,1,267,5,-0.000000,-0.000000,1.500000,-0.229880,-1.097152,-0.167785,1.133464,8228.687500,8228,0,0.000000,0.000000,0.000000,0.000000,0.000000,0.000000,0.000000,0.000000,0.000000,0.000000,0.000000,0.000000,0,-1.097152,-0.229880,-0.167785,2.372137,1.863462,0.096787,-0.681846,0.781961,1.443894,0.796016,-0.392147,-1.240984,-0.472996,0.757972,0.110247,1.000000,1.470000,1.530000,-0.000000,1.570796,0.142441,0.915271,0.525239,1.000000,0.142441,0.915271,0.525239,1.000000,-0.472996,0.757972,0.110247,1.000000,5712,9576,7626,10000,5712,9576,7626,10000,9770,0,0,0,5508,226,-4500,4500
9.498394,9770,19,1,1,2,60,0,0,0,0,0,0,1.070706,0.209865,-1.666469,-2.430718,-1.783193,0.138570,-0.682722,0.767548,-1.708597,0.662431,-0.662742,-1.404845,5399,9265,7169,9600,1,268,5,-0.000000,-0.000000,1.500000,-0.211648,-1.073137,-0.166607,1.106425,8185.570801,8185,0,0.000000,0.000000,0.000000,0.000000,0.000000,0.000000,0.000000,0.000000,0.000000,0.000000,0.000000,0.000000,0,-1.073137,-0.211648,-0.166607,2.425443,1.790446,0.134792,-0.682736,0.768949,1.433930,1.040161,-0.711312,-1.331275,-0.568264,0.786525,0.086729,1.000000,1.470000,1.530000,-0.000000,1.570796,0.124718,0.930217,0.493521,1.000000,0.124718,0.930217,0.493521,1.000000,-0.568264,0.786525,0.086729,1.000000,5624,9651,7468,10000,5624,9651,7468,10000,9770,0,0,0,5544,61,-4500,4500
9.508164,9770,19,1,1,2,60,0,0,0,0,0,0,1.046111,0.192429,-1.664876,-2.482879,-1.711217,0.176083,-0.681706,0.752537,-1.717339,0.734441,-0.849459,-1.465955,5545,9176,6927,9600,1,269,5,-0.000000,-0.000000,1.500000,-0.194141,-1.048594,-0.165053,1.079112,8137.417969,8137,0,0.000000,0.000000,0.000000,0.000000,0.000000,0.000000,0.000000,0.000000,0.000000,0.000000,0.000000,0.000000,0,-1.048594,-0.194141,-0.165053,2.477708,1.718372,0.172360,-0.681875,0.754120,1.425080,0.934590,-0.951516,-1.396734,-0.639993,0.815606,0.047505,1.000000,1.470000,1.530000,-0.000000,1.570796,0.155195,0.911524,0.443216,1.000000,0.155195,0.911524,0.443216,1.000000,-0.639993,0.815606,0.047505,1.000000,5776,9558,7216,10000,5776,9558,7216,10000,9770,0,0,0,5580,-91,-4500,4500
9.517934,9770,19,1,1,2,60,0,0,0,0,0,0,1.021001,0.175708,-1.662912,-2.533904,-1.640385,0.213031,-0.679229,0.735722,-1.725081,0.805492,-1.027959,-1.529054,5976,8938,6517,9600,1,270,5,-0.000000,-0.000000,1.500000,-0.177348,-1.023535,-0.163125,1.051516,8081.099121,8081,0,0.000000,0.000000,0.000000,0.000000,0.000000,0.000000,0.000000,0.000000,0.000000,0.000000,0.000000,0.000000,0,-1.023535,-0.177348,-0.163125,2.528853,1.647413,0.209366,-0.679541,0.737482,1.417246,0.323674,-1.208360,-1.656105,-0.659516,0.818534,-0.015872,1.000000,1.470000,1.530000,-0.000000,1.570796,0.244961,0.862066,0.357853,1.000000,0.244961,0.862066,0.357853,1.000000,-0.659516,0.818534,-0.015872,1.000000,6225,9310,6789,10000,6225,9310,6789,10000,9770,0,0,0,5618,-242,-4500,4500
9.527704,9770,19,1,1,2,60,0,0,0,0,0,0,0.995387,0.159687,-1.660581,-2.583564,-1.571056,0.249460,-0.675165,0.717222,-1.732025,0.930438,-1.184562,-1.592010,5604,9149,6762,9600,1,271,5,-0.000000,-0.000000,1.500000,-0.161258,-0.997971,-0.160830,1.023629,8103.198730,8103,0,0.000000,0.000000,0.000000,0.000000,0.000000,0.000000,0.000000,0.000000,0.000000,0.000000,0.000000,0.000000,0,-0.997971,-0.161258,-0.160830,2.578662,1.577917,0.245844,-0.675657,0.719142,1.410234,0.860360,-1.380120,-1.627428,-0.600717,0.781389,-0.121488,1.000000,1.470000,1.530000,-0.000000,1.570796,0.167628,0.906087,0.408844,1.000000,0.167628,0.906087,0.408844,1.000000,-0.600717,0.781389,-0.121488,1.000000,5838,9530,7044,10000,5838,9530,7044,10000,9770,0,0,0,5653,-403,-4500,4500
9.537474,9770,19,1,1,2,60,0,0,0,0,0,0,0.969284,0.144351,-1.657890,-2.632027,-1.503036,0.284968,-0.669161,0.697201,-1.738412,1.083983,-1.329044,-1.655029,5241,9166,7078,9600,1,272,5,-0.000000,-0.000000,1.500000,-0.145854,-0.971916,-0.158175,0.995447,8094.751953,8095,0,0.000000,0.000000,0.000000,0.000000,0.000000,0.000000,0.000000,0.000000,0.000000,0.000000,0.000000,0.000000,0,-0.971916,-0.145854,-0.158175,2.627226,1.509790,0.281474,-0.669848,0.699270,1.403799,1.107235,-1.128171,-1.599562,-0.625910,0.793502,-0.145420,1.000000,1.470000,1.530000,-0.000000,1.570796,0.091743,0.909500,0.474558,1.000000,0.091743,0.909500,0.474558,1.000000,-0.625910,0.793502,-0.145420,1.000000,5459,9548,7373,10000,5459,9548,7373,10000,9770,0,0,0,5692,-579,-4500,4500
9.547244,9770,19,1,1,2,60,0,0,0,0,0,0,0.942702,0.129690,-1.654851,-2.679492,-1.436055,0.319071,-0.661343,0.675627,-1.744304,1.207014,-1.491452,-1.719339,5058,9199,7143,9564,1,273,5,-0.000000,-0.000000,1.500000,-0.131126,-0.945382,-0.155170,0.966964,8063.305664,8063,0,0.000000,0.000000,0.000000,0.000000,0.000000,0.000000,0.000000,0.000000,0.000000,0.000000,0.000000,0.000000,0,-0.945382,-0.131126,-0.155170,2.674789,1.442706,0.315731,-0.662197,0.677861,1.397853,1.477240,-1.270839,-1.764028,-0.700906,0.803535,-0.108223,1.000000,1.470000,1.530000,-0.000000,1.570796,0.053756,0.916312,0.488254,0.992323,0.053756,0.916312,0.488254,0.992323,-0.700906,0.803535,-0.108223,1.000000,5269,9582,7441,9962,5269,9582,7441,9962,9770,0,0,0,5728,-747,-4500,4500
9.557014,9770,19,1,1,2,60,0,0,0,0,0,0,0.915651,0.115692,-1.651480,-2.725905,-1.370218,0.351606,-0.652089,0.652285,-1.749601,1.281485,-1.681552,-1.785065,5583,9178,6607,9565,1,274,5,-0.000000,-0.000000,1.500000,-0.117063,-0.918377,-0.151832,0.938175,8055.447266,8055,0,0.000000,0.000000,0.000000,0.000000,0.000000,0.000000,0.000000,0.000000,0.000000,0.000000,0.000000,0.000000,0,-0.918377,-0.117063,-0.151832,2.721313,1.376745,0.348426,-0.653066,0.654705,1.392492,1.093663,-1.662364,-1.829626,-0.776288,0.814980,-0.074884,0.993959,1.470000,1.530000,-0.000000,1.570796,0.163204,0.911910,0.376453,0.992791,0.163204,0.911910,0.376453,0.992791,-0.776288,0.814980,-0.074884,0.993959,5816,9560,6882,9964,5816,9560,6882,9964,9770,0,0,0,5757,1303,4500,4500
9.566784,9770,19,1,1,2,60,0,0,0,0,0,0,0.888142,0.102346,-1.647793,-2.771126,-1.305832,0.382577,-0.641710,0.627071,-1.754314,1.355075,-1.863372,-1.850901,5588,9292,6768,9509,1,275,5,-0.000000,-0.000000,1.500000,-0.103652,-0.890913,-0.148175,0.909080,8113.560059,8113,0,0.000000,0.000000,0.000000,0.000000,0.000000,0.000000,0.000000,0.000000,0.000000,0.000000,0.000000,0.000000,0,-0.890913,-0.103652,-0.148175,2.766660,1.312199,0.379552,-0.642799,0.629672,1.387731,1.395224,-1.845438,-1.904758,-0.735880,0.818458,-0.142643,0.990662,1.470000,1.530000,-0.000000,1.570796,0.164219,0.935819,0.409901,0.980909,0.164219,0.935819,0.409901,0.980909,-0.735880,0.818458,-0.142643,0.990662,5821,9679,7050,9905,5821,9679,7050,9905,9770,0,0,0,5791,1102,4500,4500
9.576554,9770,19,1,1,2,60,0,0,0,0,0,0,0.860188,0.089635,-1.643805,-2.815266,-1.242896,0.411668,-0.630224,0.600170,-1.758705,1.438771,-2.019289,-1.915722,5718,9361,6787,9512,1,276,5,-0.000000,-0.000000,1.500000,-0.090878,-0.863003,-0.144217,0.879677,8171.252930,8171,0,0.000000,0.000000,0.000000,0.000000,0.000000,0.000000,0.000000,0.000000,0.000000,0.000000,0.000000,0.000000,0,-0.863003,-0.090878,-0.144217,2.810896,1.249127,0.408855,-0.631418,0.602930,1.383319,1.472422,-1.969716,-1.910160,-0.710573,0.839383,-0.157420,0.979313,1.470000,1.530000,-0.000000,1.570796,0.191271,0.950192,0.413922,0.981617,0.191271,0.950192,0.413922,0.981617,-0.710573,0.839383,-0.157420,0.979313,5956,9751,7070,9908,5956,9751,7070,9908,9770,0,0,0,5824,912,4500,4500
9.586324,9770,19,1,1,2,60,0,0,0,0,0,0,0.831796,0.077546,-1.639539,-2.858521,-1.181286,0.438432,-0.617783,0.571773,-1.763017,1.517926,-2.153024,-1.979214,5966,9483,6599,9346,1,277,5,-0.000000,-0.000000,1.500000,-0.078727,-0.834655,-0.139978,0.849965,8175.818359,8175,0,0.000000,0.000000,0.000000,0.000000,0.000000,0.000000,0.000000,0.000000,0.000000,0.000000,0.000000,0.000000,0,-0.834655,-0.078727,-0.139978,2.854235,1.187385,0.435866,-0.619065,0.574674,1.379009,1.549315,-2.278035,-2.035948,-0.673935,0.863385,-0.163218,0.972987,1.470000,1.530000,-0.000000,1.570796,0.243081,0.975649,0.374868,0.947056,0.243081,0.975649,0.374868,0.947056,-0.673935,0.863385,-0.163218,0.972987,6215,9878,6874,9735,6215,9878,6874,9735,9770,0,0,0,5857,748,4500,4500
9.596094,9770,19,1,1,2,60,0,0,0,0,0,0,0.802978,0.066065,-1.635019,-2.900817,-1.121211,0.462824,-0.604560,0.542135,-1.767510,1.593525,-2.245769,-2.040401,5915,9589,6791,9204,1,278,5,-0.000000,-0.000000,1.500000,-0.067186,-0.805878,-0.135482,0.819945,8202.643555,8202,0,0.000000,0.000000,0.000000,0.000000,0.000000,0.000000,0.000000,0.000000,0.000000,0.000000,0.000000,0.000000,0,-0.805878,-0.067186,-0.135482,2.896635,1.127141,0.460488,-0.605911,0.545143,1.374550,1.848745,-2.366386,-2.018207,-0.610941,0.897976,-0.197468,0.941952,1.470000,1.530000,-0.000000,1.570796,0.232135,0.997778,0.414843,0.917358,0.232135,0.997778,0.414843,0.917358,-0.610941,0.897976,-0.197468,0.941952,6161,9989,7074,9587,6161,9989,7074,9587,9770,0,0,0,5887,611,4500,4500
9.605864,9770,19,1,1,2,60,0,0,0,0,0,0,0.773742,0.055175,-1.630268,-2.942070,-1.062868,0.484852,-0.590829,0.511665,-1.772520,1.644742,-2.293282,-2.098634,5908,9600,7016,9076,1,279,5,-0.000000,-0.000000,1.500000,-0.056238,-0.776684,-0.130752,0.789618,8229.085938,8229,0,0.000000,0.000000,0.000000,0.000000,0.000000,0.000000,0.000000,0.000000,0.000000,0.000000,0.000000,0.000000,0,-0.776684,-0.056238,-0.130752,2.937993,1.068621,0.482756,-0.592213,0.514739,1.369604,2.082283,-2.369854,-2.121058,-0.581348,0.936371,-0.186784,0.899758,1.470000,1.530000,-0.000000,1.570796,0.230801,1.000000,0.461585,0.890883,0.230801,1.000000,0.461585,0.890883,-0.581348,0.936371,-0.186784,0.899758,6154,10000,7308,9454,6154,10000,7308,9454,9770,0,0,0,5915,505,4500,4500
9.615634,9770,19,1,1,2,60,0,0,0,0,0,0,0.744099,0.044859,-1.625309,-2.982266,-1.006364,0.504489,-0.577047,0.480696,-1.778269,1.650163,-2.311533,-2.153627,6439,9506,6674,9209,1,280,5,-0.000000,-0.000000,1.500000,-0.045865,-0.747081,-0.125814,0.758988,8288.478516,8288,0,0.000000,0.000000,0.000000,0.000000,0.000000,0.000000,0.000000,0.000000,0.000000,0.000000,0.000000,0.000000,0,-0.747081,-0.045865,-0.125814,2.978295,1.011928,0.502631,-0.578413,0.483809,1.363935,1.580896,-2.365540,-2.085634,-0.564448,0.961407,-0.143520,0.853332,1.470000,1.530000,-0.000000,1.570796,0.341315,0.980420,0.390393,0.918654,0.341315,0.980420,0.390393,0.918654,-0.564448,0.961407,-0.143520,0.853332,6707,9902,6952,9593,6707,9902,6952,9593,9770,0,0,0,5932,436,4500,4500
9.625404,9770,19,1,1,2,60,0,0,0,0,0,0,0.714060,0.035097,-1.620168,-3.021452,-0.951755,0.521683,-0.563489,0.449496,-1.784885,1.660485,-2.297788,-2.205056,6542,9485,6724,9307,1,281,5,-0.000000,-0.000000,1.500000,-0.036049,-0.717081,-0.120689,0.728060,8348.321289,8348,0,0.000000,0.000000,0.000000,0.000000,0.000000,0.000000,0.000000,0.000000,0.000000,0.000000,0.000000,0.000000,0,-0.717081,-0.036049,-0.120689,3.017578,0.957129,0.520073,-0.564842,0.452617,1.357413,1.562326,-2.339001,-2.036715,-0.467231,0.961184,-0.173303,0.847027,1.470000,1.530000,-0.000000,1.570796,0.363059,0.975924,0.400764,0.938909,0.363059,0.975924,0.400764,0.938909,-0.467231,0.961184,-0.173303,0.847027,6815,9880,7004,9695,6815,9880,7004,9695,9770,0,0,0,5959,389,4500,4500
9.635174,9770,19,1,1,2,60,0,0,0,0,0,0,0.683634,0.025871,-1.614868,-3.059739,-0.898986,0.536269,-0.549827,0.418370,-1.792507,1.713689,-2.257881,-2.253528,6582,9476,6907,9357,1,282,5,-0.000000,-0.000000,1.500000,-0.026770,-0.686694,-0.115405,0.696838,8417.387695,8417,0,0.000000,0.000000,0.000000,0.000000,0.000000,0.000000,0.000000,0.000000,0.000000,0.000000,0.000000,0.000000,0,-0.686694,-0.026770,-0.115405,3.055950,0.904180,0.534928,-0.551211,0.421474,1.349895,1.623724,-2.299371,-2.183467,-0.391154,0.957511,-0.183206,0.859142,1.470000,1.530000,-0.000000,1.570796,0.371221,0.974180,0.439081,0.949428,0.371221,0.974180,0.439081,0.949428,-0.391154,0.957511,-0.183206,0.859142,6856,9871,7195,9747,6856,9871,7195,9747,9770,0,0,0,5972,343,4500,4500
9.644944,9770,19,1,1,2,60,0,0,0,0,0,0,0.652830,0.017163,-1.609438,-3.097185,-0.847997,0.548072,-0.535645,0.387485,-1.801187,1.798233,-2.211425,-2.299835,6495,9386,7155,9346,1,283,5,-0.000000,-0.000000,1.500000,-0.018011,-0.655927,-0.109986,0.665329,8432.907227,8432,0,0.000000,0.000000,0.000000,0.000000,0.000000,0.000000,0.000000,0.000000,0.000000,0.000000,0.000000,0.000000,0,-0.655927,-0.018011,-0.109986,3.093480,0.853014,0.547016,-0.537096,0.390561,1.341321,1.712615,-2.123616,-2.304494,-0.338588,0.953910,-0.159060,0.874768,1.470000,1.530000,-0.000000,1.570796,0.353183,0.955406,0.490638,0.947099,0.353183,0.955406,0.490638,0.947099,-0.338588,0.953910,-0.159060,0.874768,6766,9777,7453,9735,6766,9777,7453,9735,9770,0,0,0,5995,294,4500,4500
9.654714,9770,19,1,1,2,60,0,0,0,0,0,0,0.621657,0.008955,-1.603905,-3.133652,-0.798916,0.557221,-0.520664,0.356839,-1.810879,1.892945,-2.179327,-2.344322,6682,9347,7057,9326,1,284,5,-0.000000,-0.000000,1.500000,-0.009754,-0.624790,-0.104463,0.633538,8440.627930,8440,0,0.000000,0.000000,0.000000,0.000000,0.000000,0.000000,0.000000,0.000000,0.000000,0.000000,0.000000,0.000000,0,-0.624790,-0.009754,-0.104463,3.130056,0.803732,0.556417,-0.522202,0.359897,1.331726,1.597734,-2.115469,-2.275796,-0.320900,0.936952,-0.103842,0.882414,1.470000,1.530000,-0.000000,1.570796,0.392055,0.947170,0.470299,0.942978,0.392055,0.947170,0.470299,0.942978,-0.320900,0.936952,-0.103842,0.882414,6960,9736,7351,9715,6960,9736,7351,9715,9770,0,0,0,6011,242,4500,4500
9.664484,9770,19,1,1,2,60,0,0,0,0,0,0,0.590125,0.001226,-1.598294,-3.168917,-0.751977,0.564023,-0.504715,0.326337,-1.821491,1.999828,-2.157952,-2.386731,6947,9376,7002,9285,1,285,5,-0.000000,-0.000000,1.500000,-0.001978,-0.593294,-0.098858,0.601477,8492.439453,8492,0,0.000000,0.000000,0.000000,0.000000,0.000000,0.000000,0.000000,0.000000,0.000000,0.000000,0.000000,0.000000,0,-0.593294,-0.001978,-0.098858,3.165450,0.756569,0.563441,-0.506360,0.329381,1.321204,1.562928,-2.192295,-2.370775,-0.279581,0.920185,-0.086356,0.883808,1.470000,1.530000,-0.000000,1.570796,0.447121,0.953487,0.458891,0.934452,0.447121,0.953487,0.458891,0.934452,-0.279581,0.920185,-0.086356,0.883808,7236,9767,7294,9672,7236,9767,7294,9672,9770,0,0,0,6029,185,4500,4500
9.674254,9770,19,1,1,2,60,0,0,0,0,0,0,0.558248,-0.006046,-1.592627,-3.202873,-0.707274,0.568518,-0.487547,0.296036,-1.833029,2.131197,-2.125429,-2.426267,6394,9468,7692,9076,1,286,5,-0.000000,-0.000000,1.500000,0.005339,-0.561451,-0.093195,0.569158,8497.089844,8497,0,0.000000,0.000000,0.000000,0.000000,0.000000,0.000000,0.000000,0.000000,0.000000,0.000000,0.000000,0.000000,0,-0.561451,0.005339,-0.093195,3.199539,0.711642,0.568173,-0.489327,0.299052,1.309762,2.379987,-2.031506,-2.343620,-0.211187,0.914987,-0.084727,0.877943,1.470000,1.530000,-0.000000,1.570796,0.331973,0.972354,0.602613,0.890733,0.331973,0.972354,0.602613,0.890733,-0.211187,0.914987,-0.084727,0.877943,6660,9862,8013,9454,6660,9862,8013,9454,9770,0,0,0,6038,118,4500,4500
9.684024,9770,19,1,1,2,60,0,0,0,0,0,0,0.526039,-0.012884,-1.586928,-3.235392,-0.664899,0.570770,-0.469137,0.266039,-1.845525,2.219899,-2.102206,-2.463360,6823,9341,7474,8948,1,287,5,-0.000000,-0.000000,1.500000,0.012219,-0.529275,-0.087498,0.536598,8485.556641,8485,0,0.000000,0.000000,0.000000,0.000000,0.000000,0.000000,0.000000,0.000000,0.000000,0.000000,0.000000,0.000000,0,-0.529275,0.012219,-0.087498,3.232209,0.669028,0.570641,-0.471015,0.269029,1.297358,2.141081,-2.079572,-2.566283,-0.260319,0.926681,0.029361,0.839982,1.470000,1.530000,-0.000000,1.570796,0.421303,0.945979,0.556964,0.864199,0.421303,0.945979,0.556964,0.864199,-0.260319,0.926681,0.029361,0.839982,7107,9730,7785,9321,7107,9730,7785,9321,9770,0,0,0,6043,51,4500,4500
9.693794,9770,19,1,1,2,60,0,0,0,0,0,0,0.493514,-0.019312,-1.581216,-3.266264,-0.625086,0.571167,-0.450016,0.236278,-1.858908,2.262498,-2.081786,-2.496922,6928,9303,7495,8803,1,288,5,-0.000000,-0.000000,1.500000,0.018687,-0.496781,-0.081788,0.503815,8471.225586,8471,0,0.000000,0.000000,0.000000,0.000000,0.000000,0.000000,0.000000,0.000000,0.000000,0.000000,0.000000,0.000000,0,-0.496781,0.018687,-0.081788,3.263255,0.628947,0.571200,-0.451953,0.239240,1.284063,2.333051,-2.136289,-2.469440,-0.219820,0.913019,0.062635,0.796077,1.470000,1.530000,-0.000000,1.570796,0.443320,0.938145,0.561496,0.834019,0.443320,0.938145,0.561496,0.834019,-0.219820,0.913019,0.062635,0.796077,7217,9691,7807,9170,7217,9691,7807,9170,9770,0,0,0,5997,-3,4500,4500
9.703564,9770,19,1,1,2,60,0,0,0,0,0,0,0.460690,-0.025357,-1.575509,-3.295354,-0.588038,0.570116,-0.430358,0.206920,-1.873208,2.292203,-2.041554,-2.525709,6927,9253,7740,8793,1,289,5,-0.000000,-0.000000,1.500000,0.024769,-0.463985,-0.076079,0.470833,8518.921875,8519,0,0.000000,0.000000,0.000000,0.000000,0.000000,0.000000,0.000000,0.000000,0.000000,0.000000,0.000000,0.000000,0,-0.463985,0.024769,-0.076079,3.292526,0.591617,0.570281,-0.432345,0.209831,1.269858,2.463186,-1.978288,-2.476221,-0.177931,0.898567,0.086384,0.745697,1.470000,1.530000,-0.000000,1.570796,0.443186,0.927862,0.612377,0.831712,0.443186,0.927862,0.612377,0.831712,-0.177931,0.898567,0.086384,0.745697,7216,9639,8062,9159,7216,9639,8062,9159,9770,0,0,0,5921,-57,4500,4500
9.713334,9770,19,1,1,2,60,0,0,0,0,0,0,0.427585,-0.031046,-1.569821,-3.322726,-0.553724,0.567539,-0.410261,0.178166,-1.888452,2.305340,-1.992651,-2.550192,7289,9048,7593,8723,1,290,5,-0.000000,-0.000000,1.500000,0.030492,-0.430907,-0.070389,0.437682,8503.380859,8503,0,0.000000,0.000000,0.000000,0.000000,0.000000,0.000000,0.000000,0.000000,0.000000,0.000000,0.000000,0.000000,0,-0.430907,0.030492,-0.070389,3.320063,0.557034,0.567870,-0.412287,0.181012,1.254707,2.187642,-2.007357,-2.740880,-0.152630,0.881709,0.140828,0.713325,1.470000,1.530000,-0.000000,1.570796,0.518507,0.885020,0.581897,0.817280,0.518507,0.885020,0.581897,0.817280,-0.152630,0.881709,0.140828,0.713325,7593,9425,7909,9086,7593,9425,7909,9086,9770,0,0,0,5840,-108,4500,4500
9.723104,9770,19,1,1,2,60,0,0,0,0,0,0,0.394215,-0.036408,-1.564166,-3.348373,-0.522194,0.563597,-0.389735,0.150125,-1.904621,2.330797,-1.933370,-2.569930,7007,8984,7900,8649,1,291,5,-0.000000,-0.000000,1.500000,0.035885,-0.397563,-0.064730,0.404394,8473.723633,8473,0,0.000000,0.000000,0.000000,0.000000,0.000000,0.000000,0.000000,0.000000,0.000000,0.000000,0.000000,0.000000,0,-0.397563,0.035885,-0.064730,3.345888,0.525220,0.564043,-0.391815,0.152891,1.238631,2.524392,-1.853814,-2.600301,-0.078011,0.837771,0.149865,0.682334,1.470000,1.530000,-0.000000,1.570796,0.459778,0.871559,0.645786,0.801855,0.459778,0.871559,0.645786,0.801855,-0.078011,0.837771,0.149865,0.682334,7299,9358,8229,9009,7299,9358,8229,9009,9770,0,0,0,5771,-166,4500,4500
9.732874,9770,19,1,1,2,60,0,0,0,0,0,0,0.360599,-0.041470,-1.558557,-3.372223,-0.493532,0.558669,-0.368579,0.122918,-1.921697,2.358512,-1.877648,-2.585650,7515,8864,7578,8717,1,292,5,-0.000000,-0.000000,1.500000,0.040976,-0.363971,-0.059116,0.371010,8508.742188,8508,0,0.000000,0.000000,0.000000,0.000000,0.000000,0.000000,0.000000,0.000000,0.000000,0.000000,0.000000,0.000000,0,-0.363971,0.040976,-0.059116,3.369919,0.496270,0.559202,-0.370721,0.125603,1.221642,1.885853,-1.813877,-2.637762,-0.078968,0.800528,0.205622,0.651398,1.470000,1.530000,-0.000000,1.570796,0.565551,0.846593,0.578762,0.816088,0.565551,0.846593,0.578762,0.816088,-0.078968,0.800528,0.205622,0.651398,7828,9233,7894,9080,7828,9233,7894,9080,9770,0,0,0,5705,-230,4500,4500
9.742644,9770,19,1,1,2,60,0,0,0,0,0,0,0.326753,-0.046261,-1.553002,-3.394312,-0.467708,0.552753,-0.346697,0.096555,-1.939627,2.414218,-1.815782,-2.597759,6876,8907,8089,8602,1,293,5,-0.000000,-0.000000,1.500000,0.045793,-0.330148,-0.053555,0.337583,8456.286133,8456,0,0.000000,0.000000,0.000000,0.000000,0.000000,0.000000,0.000000,0.000000,0.000000,0.000000,0.000000,0.000000,0,-0.330148,0.045793,-0.053555,3.392181,0.470164,0.553393,-0.348933,0.099147,1.203798,2.557282,-1.580749,-2.463941,0.003688,0.758293,0.186697,0.643834,1.470000,1.530000,-0.000000,1.570796,0.432339,0.855556,0.685163,0.791971,0.432339,0.855556,0.685163,0.791971,0.003688,0.758293,0.186697,0.643834,7162,9278,8426,8960,7162,9278,8426,8960,9770,0,0,0,5646,-306,4500,4500
9.752414,9770,19,1,1,2,60,0,0,0,0,0,0,0.292697,-0.050809,-1.547511,-3.414609,-0.444724,0.546023,-0.323818,0.071127,-1.958399,2.461409,-1.766166,-2.607828,7111,8866,7821,8460,1,294,5,-0.000000,-0.000000,1.500000,0.050364,-0.296112,-0.048057,0.304184,8400.341797,8400,0,0.000000,0.000000,0.000000,0.000000,0.000000,0.000000,0.000000,0.000000,0.000000,0.000000,0.000000,0.000000,0,-0.296112,0.050364,-0.048057,3.412661,0.446895,0.546725,-0.326142,0.073634,1.185106,2.277926,-1.643654,-2.662341,-0.051008,0.739729,0.258949,0.620269,1.470000,1.530000,-0.000000,1.570796,0.481338,0.847022,0.629455,0.762459,0.481338,0.847022,0.629455,0.762459,-0.051008,0.739729,0.258949,0.620269,7407,9235,8147,8812,7407,9235,8147,8812,9770,0,0,0,5592,-391,4500,4500
9.762184,9770,19,1,1,2,60,0,0,0,0,0,0,0.258448,-0.055143,-1.542089,-3.433011,-0.424658,0.539003,-0.300243,0.046514,-1.977943,2.479580,-1.722623,-2.616201,7456,8820,7571,8452,1,295,5,-0.000000,-0.000000,1.500000,0.054719,-0.261881,-0.042628,0.270912,8411.042969,8411,0,0.000000,0.000000,0.000000,0.000000,0.000000,0.000000,0.000000,0.000000,0.000000,0.000000,0.000000,0.000000,0,-0.261881,0.054719,-0.042628,3.431256,0.426533,0.539709,-0.302628,0.048936,1.165638,1.994991,-1.734935,-2.533621,-0.045624,0.721753,0.258934,0.582751,1.470000,1.530000,-0.000000,1.570796,0.553420,0.837429,0.577120,0.760864,0.553420,0.837429,0.577120,0.760864,-0.045624,0.721753,0.258934,0.582751,7767,9187,7886,8804,7767,9187,7886,8804,9770,0,0,0,5544,-472,4500,4500
9.771954,9770,19,1,1,2,60,0,0,0,0,0,0,0.224026,-0.059293,-1.536738,-3.449546,-0.407505,0.531816,-0.275972,0.022916,-1.998281,2.517714,-1.647822,-2.621843,7043,8734,8164,8486,1,296,5,-0.000000,-0.000000,1.500000,0.058886,-0.227475,-0.037270,0.237911,8444.578125,8444,0,0.000000,0.000000,0.000000,0.000000,0.000000,0.000000,0.000000,0.000000,0.000000,0.000000,0.000000,0.000000,0,-0.227475,0.058886,-0.037270,3.447974,0.409092,0.532547,-0.278440,0.025219,1.145383,2.362283,-1.399414,-2.681885,0.014366,0.703302,0.217740,0.558741,1.470000,1.530000,-0.000000,1.570796,0.467141,0.819605,0.700843,0.768074,0.467141,0.819605,0.700843,0.768074,0.014366,0.703302,0.217740,0.558741,7336,9098,8504,8840,7336,9098,8504,8840,9770,0,0,0,5494,-562,4500,4500
9.781724,9770,19,1,1,2,60,0,0,0,0,0,0,0.189448,-0.063287,-1.531462,-3.464316,-0.393162,0.524097,-0.250831,0.000577,-2.019433,2.550130,-1.577184,-2.625664,6845,8765,8022,8035,1,297,5,-0.000000,-0.000000,1.500000,0.062894,-0.192912,-0.031986,0.205411,8246.795898,8246,0,0.000000,0.000000,0.000000,0.000000,0.000000,0.000000,0.000000,0.000000,0.000000,0.000000,0.000000,0.000000,0,-0.192912,0.062894,-0.031986,3.462917,0.394472,0.524901,-0.253378,0.002759,1.124309,2.835417,-1.682055,-2.833145,-0.017144,0.678084,0.290117,0.549851,1.470000,1.530000,-0.000000,1.570796,0.426075,0.826086,0.671208,0.674067,0.426075,0.826086,0.671208,0.674067,-0.017144,0.678084,0.290117,0.549851,7130,9130,8356,8370,7130,9130,8356,8370,9770,0,0,0,5455,-659,4500,3285
9.791494,9770,19,1,1,2,60,0,0,0,0,0,0,0.154732,-0.067153,-1.526262,-3.477171,-0.381688,0.516834,-0.225183,-0.020622,-2.041320,2.526396,-1.515714,-2.627663,6880,8662,7956,8105,1,298,5,-0.000000,-0.000000,1.500000,0.066771,-0.158209,-0.026779,0.173798,8229.971680,8230,0,0.000000,0.000000,0.000000,0.000000,0.000000,0.000000,0.000000,0.000000,0.000000,0.000000,0.000000,0.000000,0,-0.158209,0.066771,-0.026779,3.475975,0.382706,0.517509,-0.227753,-0.018555,1.102493,2.505160,-1.333035,-2.495517,-0.068572,0.667888,0.310695,0.470482,1.470000,1.530000,-0.000000,1.570796,0.433375,0.804537,0.657460,0.688606,0.433375,0.804537,0.657460,0.688606,-0.068572,0.667888,0.310695,0.470482,7167,9023,8287,8443,7167,9023,8287,8443,9770,0,0,0,5425,-744,4500,1636
9.801264,9770,19,1,1,2,60,0,0,0,0,0,0,0.119899,-0.070920,-1.521129,-3.488117,-0.373039,0.510604,-0.199559,-0.040614,-2.063902,2.462554,-1.447620,-2.627987,6952,8707,7692,7860,1,299,5,-0.000000,-0.000000,1.500000,0.070547,-0.123387,-0.021639,0.143769,8127.830078,8127,0,0.000000,0.000000,0.000000,0.000000,0.000000,0.000000,0.000000,0.000000,0.000000,0.000000,0.000000,0.000000,0,-0.123387,0.070547,-0.021639,3.487102,0.373782,0.511192,-0.202112,-0.038672,1.079979,2.569925,-1.563517,-2.468284,-0.094021,0.644747,0.312357,0.433783,1.470000,1.530000,-0.000000,1.570796,0.448337,0.813980,0.602469,0.637479,0.448337,0.813980,0.602469,0.637479,-0.094021,0.644747,0.312357,0.433783,7242,9070,8012,8187,7242,9070,8012,8187,9770,0,0,0,5398,-817,4500,48
9.811034,9770,19,1,1,2,60,0,0,0,0,0,0,0.084966,-0.074616,-1.516051,-3.497269,-0.367082,0.505607,-0.174198,-0.059235,-2.087147,2.382801,-1.351764,-2.626611,6999,8657,7697,7819,1,300,5,-0.000000,-0.000000,1.500000,0.074249,-0.088463,-0.016557,0.116673,8117.856934,8118,0,0.000000,0.000000,0.000000,0.000000,0.000000,0.000000,0.000000,0.000000,0.000000,0.000000,0.000000,0.000000,0,-0.088463,0.074249,-0.016557,3.496431,0.367561,0.506046,-0.176718,-0.057446,1.056800,2.488608,-1.524513,-2.630887,-0.097683,0.638142,0.270091,0.371290,1.470000,1.530000,-0.000000,1.570796,0.458206,0.803541,0.603592,0.628946,0.458206,0.803541,0.603592,0.628946,-0.097683,0.638142,0.270091,0.371290,7291,9018,8018,8145,7291,9018,8018,8145,9770,0,0,0,5378,-884,4500,-1504
9.820804,9770,19,1,1,2,60,0,0,0,0,0,0,0.049950,-0.078266,-1.511017,-3.504770,-0.363645,0.501818,-0.149226,-0.076107,-2.111043,2.295560,-1.219219,-2.623245,6684,8449,8015,7901,1,301,5,-0.000000,-0.000000,1.500000,0.077902,-0.053455,-0.011519,0.095178,8085.538086,8085,0,0.000000,0.000000,0.000000,0.000000,0.000000,0.000000,0.000000,0.000000,0.000000,0.000000,0.000000,0.000000,0,-0.053455,0.077902,-0.011519,3.504089,0.363881,0.502155,-0.151703,-0.074508,1.032967,2.495509,-1.168568,-2.499818,-0.092137,0.625921,0.245339,0.326671,1.470000,1.530000,-0.000000,1.570796,0.392341,0.760291,0.669797,0.646001,0.392341,0.760291,0.669797,0.646001,-0.092137,0.625921,0.245339,0.326671,6962,8801,8349,8230,6962,8801,8349,8230,9770,0,0,0,5376,-947,4500,-3050
9.830574,9770,19,1,1,2,60,0,0,0,0,0,0,0.014869,-0.081894,-1.506015,-3.510768,-0.362529,0.498955,-0.124771,-0.091044,-2.135525,2.192252,-1.091768,-2.618933,6829,8187,7703,7742,1,302,5,-0.000000,-0.000000,1.500000,0.081532,-0.018379,-0.006514,0.083831,7932.588867,7932,0,0.000000,0.000000,0.000000,0.000000,0.000000,0.000000,0.000000,0.000000,0.000000,0.000000,0.000000,0.000000,0,-0.018379,0.081532,-0.006514,3.510232,0.362542,0.499206,-0.127186,-0.089632,1.008539,2.178620,-1.257499,-2.666012,-0.140604,0.584473,0.282425,0.313030,1.470000,1.530000,-0.000000,1.570796,0.422738,0.705563,0.604791,0.612980,0.422738,0.705563,0.604791,0.612980,-0.140604,0.584473,0.282425,0.313030,7114,8528,8024,8065,7114,8528,8024,8065,9770,0,0,0,5365,-1005,4500,-4500
9.840344,9770,19,1,1,2,60,0,0,0,0,0,0,-0.020265,-0.085523,-1.501034,-3.515306,-0.363548,0.497685,-0.100977,-0.104202,-2.160479,2.092940,-0.975163,-2.613562,9600,9600,9600,9600,1,303,6,-1.530000,-1.470000,1.500000,-1.444840,-1.453250,-0.001532,2.049268,10000.000000,10000,0,0.000000,0.000000,0.000000,0.000000,0.000000,0.000000,0.000000,0.000000,0.000000,0.000000,0.000000,0.000000,0,-1.444840,1.453250,-0.001532,0.363356,-3.514916,0.497726,-0.103330,-0.102966,-0.587168,2.336663,-1.013003,-2.684030,-0.146082,0.516266,0.253764,0.278771,1.470000,1.530000,-0.000000,1.570796,1.000000,1.000000,1.000000,1.000000,1.000000,1.000000,1.000000,1.000000,-0.146082,0.516266,0.253764,0.278771,10000,10000,10000,10000,10000,10000,10000,10000,9770,0,0,0,5360,-1061,4500,-4500
9.850114,9770,19,1,1,2,60,0,0,0,0,0,0,-0.055441,-0.089175,-1.496104,-3.519498,-0.366994,0.486575,-0.077493,-0.115516,-2.185804,2.068512,-0.838077,-2.602990,9600,9600,9600,9600,1,304,6,-1.530000,-1.470000,1.500000,-1.441192,-1.418078,0.003410,2.021878,10000.000000,10000,0,0.000000,0.000000,0.000000,0.000000,0.000000,0.000000,0.000000,0.000000,0.000000,0.000000,0.000000,0.000000,0,-1.441192,1.418078,0.003410,0.366520,-3.519070,0.488455,-0.079854,-0.114476,-0.612462,1.761407,-0.965353,-2.700140,0.304866,0.706600,0.547385,0.562552,1.470000,1.530000,-0.000000,1.570796,1.000000,1.000000,1.000000,1.000000,1.000000,1.000000,1.000000,1.000000,0.304866,0.706600,0.547385,0.562552,10000,10000,10000,10000,10000,10000,10000,10000,9770,0,0,0,5352,-1137,4500,-4500
9.859884,9770,19,1,1,2,60,0,0,0,0,0,0,-0.090659,-0.092878,-1.491371,-3.523556,-0.373372,0.460630,-0.053417,-0.124682,-2.211380,2.138780,-0.671018,-2.585919,9600,9574,9600,9600,1,305,6,-1.530000,-1.470000,1.500000,-1.437495,-1.382865,0.008169,1.994687,9993.165039,9993,0,0.000000,0.000000,0.000000,0.000000,0.000000,0.000000,0.000000,0.000000,0.000000,0.000000,0.000000,0.000000,0,-1.437496,1.382865,0.008169,0.372599,-3.523181,0.463730,-0.055874,-0.123871,-0.638018,1.407681,-0.989866,-2.537773,0.578380,0.822044,0.725475,0.734675,1.470000,1.530000,-0.000000,1.570796,1.000000,0.994532,1.000000,1.000000,1.000000,0.994532,1.000000,1.000000,0.578380,0.822044,0.725475,0.734675,10000,9973,10000,10000,10000,9973,10000,10000,9770,0,0,0,5338,-1247,4500,-4500
9.869654,9770,19,1,1,2,60,0,0,0,0,0,0,-0.125913,-0.096661,-1.486954,-3.526650,-0.382740,0.425116,-0.028043,-0.131417,-2.237077,2.273779,-0.482586,-2.564519,7591,9486,9600,9600,1,306,6,-1.530000,-1.470000,1.500000,-1.433722,-1.347614,0.012621,1.967684,9447.013672,9447,0,0.000000,0.000000,0.000000,0.000000,0.000000,0.000000,0.000000,0.000000,0.000000,0.000000,0.000000,0.000000,0,-1.433722,1.347614,0.012621,0.381670,-3.526405,0.428984,-0.030653,-0.130860,-0.663709,2.118495,-0.462154,-2.531362,0.744275,0.887761,0.833493,0.839072,1.470000,1.530000,-0.000000,1.570796,0.581363,0.976248,1.000000,1.000000,0.581363,0.976248,1.000000,1.000000,0.744275,0.887761,0.833493,0.839072,7907,9881,10000,10000,7907,9881,10000,10000,9770,0,0,0,5307,-1386,4500,-4500
9.879424,9770,19,1,1,2,60,0,0,0,0,0,0,-0.161188,-0.100552,-1.482913,-3.527927,-0.394650,0.387070,-0.001350,-0.135869,-2.262786,2.349169,-0.365125,-2.547899,7014,9466,9600,9600,1,307,6,-1.530000,-1.470000,1.500000,-1.429843,-1.312340,0.016700,1.940867,9291.552734,9291,0,0.000000,0.000000,0.000000,0.000000,0.000000,0.000000,0.000000,0.000000,0.000000,0.000000,0.000000,0.000000,0,-1.429843,1.312340,0.016700,0.393360,-3.527896,0.390833,-0.004047,-0.135497,-0.689419,2.329053,-0.364069,-2.683915,0.515453,0.913232,0.899008,0.902392,1.470000,1.530000,-0.000000,1.570796,0.461216,0.972026,1.000000,1.000000,0.461216,0.972026,1.000000,1.000000,0.515453,0.913232,0.899008,0.902392,7306,9860,10000,10000,7306,9860,10000,10000,9770,0,0,0,5275,-1525,4500,-4500
9.889194,9770,19,1,1,2,60,0,0,0,0,0,0,-0.196464,-0.104574,-1.479244,-3.527033,-0.408673,0.350699,0.025453,-0.139136,-2.288503,2.291310,-0.367211,-2.541049,7351,9357,9600,9600,1,308,6,-1.530000,-1.470000,1.500000,-1.425835,-1.277063,0.020406,1.914239,9351.111328,9351,0,0.000000,0.000000,0.000000,0.000000,0.000000,0.000000,0.000000,0.000000,0.000000,0.000000,0.000000,0.000000,0,-1.425835,1.277063,0.020406,0.407178,-3.527217,0.354250,0.022805,-0.138830,-0.715133,2.315065,-0.119067,-2.504055,0.282117,0.925359,0.938745,0.940798,1.470000,1.530000,-0.000000,1.570796,0.531448,0.949440,1.000000,1.000000,0.531448,0.949440,1.000000,1.000000,0.282117,0.925359,0.938745,0.940798,7657,9747,10000,10000,7657,9747,10000,10000,9770,0,0,0,5256,-1629,4500,-4500
9.898964,9770,19,1,1,2,60,0,0,0,0,0,0,-0.231720,-0.108748,-1.475930,-3.524136,-0.424845,0.315679,0.051264,-0.142207,-2.314297,2.154039,-0.443348,-2.539729,8553,9455,9600,9600,1,309,6,-1.530000,-1.470000,1.500000,-1.421677,-1.241804,0.023754,1.887805,9689.501953,9689,0,0.000000,0.000000,0.000000,0.000000,0.000000,0.000000,0.000000,0.000000,0.000000,0.000000,0.000000,0.000000,0,-1.421677,1.241804,0.023754,0.423128,-3.524508,0.319145,0.048744,-0.141891,-0.740916,2.128262,-0.400700,-2.361570,0.195861,0.914940,0.962847,0.964092,1.470000,1.530000,-0.000000,1.570796,0.781819,0.969783,1.000000,1.000000,0.781819,0.969783,1.000000,1.000000,0.195861,0.914940,0.962847,0.964092,8909,9849,10000,10000,8909,9849,10000,10000,9770,0,0,0,5233,-1703,4500,-4500
9.908734,9770,19,1,1,2,60,0,0,0,0,0,0,-0.266937,-0.113097,-1.472970,-3.519533,-0.443566,0.279547,0.075789,-0.145416,-2.340206,2.029316,-0.507940,-2.536739,9487,9454,9600,9600,1,310,6,-1.530000,-1.470000,1.500000,-1.417347,-1.206582,0.026751,1.861566,9932.350586,9932,0,0.000000,0.000000,0.000000,0.000000,0.000000,0.000000,0.000000,0.000000,0.000000,0.000000,0.000000,0.000000,0,-1.417347,1.206582,0.026751,0.441570,-3.520063,0.283261,0.073384,-0.145098,-0.766814,1.870373,-0.561330,-2.551533,0.340570,0.924630,0.977466,0.978221,1.470000,1.530000,-0.000000,1.570796,0.976328,0.969553,1.000000,1.000000,0.976328,0.969553,1.000000,1.000000,0.340570,0.924630,0.977466,0.978221,9882,9848,10000,10000,9882,9848,10000,10000,9770,0,0,0,5208,-1772,4500,-4500
9.918504,9770,19,1,1,2,60,0,0,0,0,0,0,-0.302100,-0.117649,-1.470388,-3.513418,-0.465278,0.240181,0.099578,-0.148257,-2.366151,1.990463,-0.493605,-2.526698,9580,9600,9600,9600,1,311,6,-1.530000,-1.470000,1.500000,-1.412816,-1.171413,0.029372,1.835516,9994.784180,9994,0,0.000000,0.000000,0.000000,0.000000,0.000000,0.000000,0.000000,0.000000,0.000000,0.000000,0.000000,0.000000,0,-1.412816,1.171413,0.029372,0.462967,-3.514096,0.244272,0.097205,-0.148014,-0.792763,2.048856,-0.603307,-2.537810,0.581407,0.930326,0.986332,0.986790,1.470000,1.530000,-0.000000,1.570796,0.995827,1.000000,1.000000,1.000000,0.995827,1.000000,1.000000,1.000000,0.581407,0.930326,0.986332,0.986790,9979,10000,10000,10000,9979,10000,10000,10000,9770,0,0,0,5188,-1863,4500,-4500
9.928274,9770,19,1,1,2,60,0,0,0,0,0,0,-0.337194,-0.122436,-1.468218,-3.505810,-0.490085,0.197540,0.123510,-0.149869,-2.391951,2.034855,-0.391681,-2.509843,9600,9600,9600,9600,1,312,6,-1.530000,-1.470000,1.500000,-1.408054,-1.136312,0.031584,1.809646,10000.000000,10000,0,0.000000,0.000000,0.000000,0.000000,0.000000,0.000000,0.000000,0.000000,0.000000,0.000000,0.000000,0.000000,0,-1.408054,1.136312,0.031584,0.487468,-3.506641,0.201921,0.121092,-0.149786,-0.818587,2.005609,-0.769233,-2.374061,0.742827,0.957741,0.991710,0.991988,1.470000,1.530000,-0.000000,1.570796,1.000000,1.000000,1.000000,1.000000,1.000000,1.000000,1.000000,1.000000,0.742827,0.957741,0.991710,0.991988,10000,10000,10000,10000,10000,10000,10000,10000,9770,0,0,0,5176,-1985,4500,-4500
9.938044,9770,19,1,1,2,60,0,0,0,0,0,0,-0.372203,-0.127487,-1.466488,-3.496578,-0.517842,0.152736,0.148149,-0.149505,-2.417399,2.130072,-0.225432,-2.488613,9237,9600,9600,9600,1,313,6,-1.530000,-1.470000,1.500000,-1.403031,-1.101294,0.033359,1.783944,9905.484375,9905,0,0.000000,0.000000,0.000000,0.000000,0.000000,0.000000,0.000000,0.000000,0.000000,0.000000,0.000000,0.000000,0,-1.403031,1.101294,0.033359,0.514939,-3.497580,0.157281,0.145643,-0.149646,-0.844080,1.706403,-0.391974,-2.570382,0.844016,0.974368,0.994972,0.995140,1.470000,1.530000,-0.000000,1.570796,0.924387,1.000000,1.000000,1.000000,0.924387,1.000000,1.000000,1.000000,0.844016,0.974368,0.994972,0.995140,9622,10000,10000,10000,9622,10000,10000,10000,9770,0,0,0,5162,-2130,4500,-4500
9.947814,9770,19,1,1,2,60,0,0,0,0,0,0,-0.407109,-0.132831,-1.465210,-3.485518,-0.548224,0.107440,0.173723,-0.146729,-2.442303,2.236306,-0.033633,-2.465965,8402,9600,9600,9600,1,314,6,-1.530000,-1.470000,1.500000,-1.397718,-1.066376,0.034683,1.758402,9688.007812,9688,0,0.000000,0.000000,0.000000,0.000000,0.000000,0.000000,0.000000,0.000000,0.000000,0.000000,0.000000,0.000000,0,-1.397718,1.066376,0.034683,0.545077,-3.486713,0.111954,0.171126,-0.147119,-0.869045,2.348732,-0.101929,-2.578286,0.845889,0.984454,0.996950,0.997052,1.470000,1.530000,-0.000000,1.570796,0.750406,1.000000,1.000000,1.000000,0.750406,1.000000,1.000000,1.000000,0.845889,0.984454,0.996950,0.997052,8752,10000,10000,10000,8752,10000,10000,10000,9770,0,0,0,5150,-2288,4500,-4500
9.957584,9770,19,1,1,2,60,0,0,0,0,0,0,-0.441894,-0.138490,-1.464377,-3.472476,-0.580649,0.063942,0.199929,-0.141584,-2.466560,2.288167,0.128293,-2.446247,8507,9519,9600,9600,1,315,6,-1.530000,-1.470000,1.500000,-1.392091,-1.031578,0.035559,1.733013,9694.173828,9694,0,0.000000,0.000000,0.000000,0.000000,0.000000,0.000000,0.000000,0.000000,0.000000,0.000000,0.000000,0.000000,0,-1.392091,1.031578,0.035559,0.577327,-3.473872,0.068173,0.197302,-0.142193,-0.893367,2.072248,-0.025114,-2.471178,0.710112,0.990571,0.998150,0.998212,1.470000,1.530000,-0.000000,1.570796,0.772230,0.983109,1.000000,1.000000,0.772230,0.983109,1.000000,1.000000,0.710112,0.990571,0.998150,0.998212,8861,9916,10000,10000,8861,9916,10000,10000,9770,0,0,0,5143,-2440,4500,-4500
9.967354,9770,19,1,1,2,60,0,0,0,0,0,0,-0.476538,-0.144483,-1.463966,-3.457353,-0.614900,0.022758,0.226068,-0.134499,-2.490183,2.283154,0.250444,-2.429659,8119,9558,9600,9600,1,316,6,-1.530000,-1.470000,1.500000,-1.386132,-0.996920,0.036011,1.707779,9603.264648,9603,0,0.000000,0.000000,0.000000,0.000000,0.000000,0.000000,0.000000,0.000000,0.000000,0.000000,0.000000,0.000000,0,-1.386132,0.996920,0.036011,0.611390,-3.458962,0.026792,0.223471,-0.135285,-0.917053,2.613665,0.374831,-2.566900,0.644933,0.980989,0.998878,0.998916,1.470000,1.530000,-0.000000,1.570796,0.691475,0.991137,1.000000,1.000000,0.691475,0.991137,1.000000,1.000000,0.644933,0.980989,0.998878,0.998916,8457,9956,10000,10000,8457,9956,10000,10000,9770,0,0,0,5139,-2573,4500,-4500
9.977124,9770,19,1,1,2,60,0,0,0,0,0,0,-0.511018,-0.150829,-1.463954,-3.440131,-0.650869,-0.016180,0.251622,-0.125843,-2.513193,2.225354,0.336871,-2.415789,8160,9441,9600,9600,1,317,6,-1.530000,-1.470000,1.500000,-1.379822,-0.962422,0.036062,1.682696,9583.476562,9583,0,0.000000,0.000000,0.000000,0.000000,0.000000,0.000000,0.000000,0.000000,0.000000,0.000000,0.000000,0.000000,0,-1.379822,0.962422,0.036062,0.647199,-3.441947,-0.012389,0.249110,-0.126768,-0.940122,2.494866,0.546629,-2.512087,0.541851,0.981494,0.999320,0.999342,1.470000,1.530000,-0.000000,1.570796,0.700065,0.966717,1.000000,1.000000,0.700065,0.966717,1.000000,1.000000,0.541851,0.981494,0.999320,0.999342,8500,9834,10000,10000,8500,9834,10000,10000,9770,0,0,0,5138,-2690,4500,-4500
9.986894,9770,19,1,1,2,60,0,0,0,0,0,0,-0.545315,-0.157543,-1.464320,-3.420865,-0.688435,-0.052930,0.276059,-0.116000,-2.535652,2.125350,0.390493,-2.403951,8712,9595,9600,9600,1,318,6,-1.530000,-1.470000,1.500000,-1.373146,-0.928106,0.035733,1.657766,9767.474609,9767,0,0.000000,0.000000,0.000000,0.000000,0.000000,0.000000,0.000000,0.000000,0.000000,0.000000,0.000000,0.000000,0,-1.373146,0.928106,0.035733,0.684607,-3.422882,-0.049341,0.273675,-0.117028,-0.962633,2.363402,0.223651,-2.313185,0.486088,0.962584,0.999587,0.999601,1.470000,1.530000,-0.000000,1.570796,0.815051,0.998928,1.000000,1.000000,0.815051,0.998928,1.000000,1.000000,0.486088,0.962584,0.999587,0.999601,9075,9995,10000,10000,9075,9995,10000,10000,9770,0,0,0,5130,-2789,4500,-4500
9.996664,9770,19,1,1,2,60,0,0,0,0,0,0,-0.579408,-0.164642,-1.465047,-3.399497,-0.727921,-0.088996,0.299150,-0.105155,-2.557575,2.020696,0.451976,-2.391565,9004,9153,9600,9600,1,319,6,-1.530000,-1.470000,1.500000,-1.366086,-0.893992,0.035042,1.632985,9728.190430,9728,0,0.000000,0.000000,0.000000,0.000000,0.000000,0.000000,0.000000,0.000000,0.000000,0.000000,0.000000,0.000000,0,-1.366086,0.893991,0.035042,0.723878,-3.401731,-0.085382,0.296901,-0.106289,-0.984613,1.822209,0.369337,-2.362508,0.542753,0.976462,0.999750,0.999758,1.470000,1.530000,-0.000000,1.570796,0.875723,0.906829,1.000000,1.000000,0.875723,0.906829,1.000000,1.000000,0.542753,0.976462,0.999750,0.999758,9379,9534,10000,10000,9379,9534,10000,10000,9770,0,0,0,5123,-2878,4500,-4500
10.006434,9770,19,1,1,2,60,0,0,0,0,0,0,-0.613276,-0.172148,-1.466135,-3.376039,-0.769359,-0.124753,0.321086,-0.093168,-2.578864,1.961456,0.531044,-2.376100,8782,9241,9600,9600,1,320,6,-1.530000,-1.470000,1.500000,-1.358621,-0.860100,0.033990,1.608347,9693.376953,9693,0,0.000000,0.000000,0.000000,0.000000,0.000000,0.000000,0.000000,0.000000,0.000000,0.000000,0.000000,0.000000,0,-1.358621,0.860100,0.033990,0.765135,-3.378476,-0.121209,0.318928,-0.094420,-1.005970,2.080531,0.526422,-2.246180,0.624868,0.912404,0.999848,0.999853,1.470000,1.530000,-0.000000,1.570796,0.829520,0.925181,1.000000,1.000000,0.829520,0.925181,1.000000,1.000000,0.624868,0.912404,0.999848,0.999853,9148,9626,10000,10000,9148,9626,10000,10000,9770,0,0,0,5119,-2977,4500,-4500
10.016204,9770,19,1,1,2,60,0,0,0,0,0,0,-0.646898,-0.180077,-1.467575,-3.350575,-0.812454,-0.159583,0.342341,-0.080024,-2.599441,1.937327,0.610514,-2.358371,8898,8983,9600,9600,1,321,6,-1.530000,-1.470000,1.500000,-1.350735,-0.826453,0.032585,1.583847,9656.513672,9656,0,0.000000,0.000000,0.000000,0.000000,0.000000,0.000000,0.000000,0.000000,0.000000,0.000000,0.000000,0.000000,0,-1.350735,0.826453,0.032585,0.808075,-3.353211,-0.156149,0.340241,-0.081389,-1.026620,1.671040,0.613010,-2.211397,0.638313,0.887993,0.999908,0.999911,1.470000,1.530000,-0.000000,1.570796,0.853840,0.871371,1.000000,1.000000,0.853840,0.871371,1.000000,1.000000,0.638313,0.887993,0.999908,0.999911,9269,9357,10000,10000,9269,9357,10000,10000,9770,0,0,0,5117,-3087,4110,-4500
10.025974,9770,19,1,1,2,60,0,0,0,0,0,0,-0.680254,-0.188446,-1.469356,-3.323149,-0.857016,-0.193099,0.363145,-0.065815,-2.619280,1.939315,0.680100,-2.338985,8546,9124,9600,9600,1,322,6,-1.530000,-1.470000,1.500000,-1.342411,-0.793069,0.030837,1.559480,9601.476562,9601,0,0.000000,0.000000,0.000000,0.000000,0.000000,0.000000,0.000000,0.000000,0.000000,0.000000,0.000000,0.000000,0,-1.342411,0.793069,0.030837,0.852497,-3.325980,-0.189812,0.361076,-0.067279,-1.046533,2.061384,0.863142,-2.262231,0.665607,0.830841,0.999944,0.999946,1.470000,1.530000,-0.000000,1.570796,0.780336,0.900845,1.000000,1.000000,0.780336,0.900845,1.000000,1.000000,0.665607,0.830841,0.999944,0.999946,8902,9504,10000,10000,8902,9504,10000,10000,9770,0,0,0,5116,-3208,3709,-4500
10.035744,9770,19,1,1,2,60,0,0,0,0,0,0,-0.713326,-0.197267,-1.471464,-3.293806,-0.902872,-0.224940,0.383684,-0.050715,-2.638399,1.941314,0.730489,-2.319301,8754,9172,9600,9600,1,323,6,-1.530000,-1.470000,1.500000,-1.333636,-0.759968,0.028761,1.535240,9668.184570,9668,0,0.000000,0.000000,0.000000,0.000000,0.000000,0.000000,0.000000,0.000000,0.000000,0.000000,0.000000,0.000000,0,-1.333636,0.759968,0.028761,0.898231,-3.296826,-0.221835,0.381646,-0.052258,-1.065721,1.954291,0.712805,-2.280401,0.624318,0.819371,0.999966,0.999967,1.470000,1.530000,-0.000000,1.570796,0.823841,0.910707,1.000000,1.000000,0.823841,0.910707,1.000000,1.000000,0.624318,0.819371,0.999966,0.999967,9119,9554,10000,10000,9119,9554,10000,10000,9770,0,0,0,5122,-3332,3323,-4500
10.045514,9770,19,1,1,2,60,0,0,0,0,0,0,-0.746093,-0.206555,-1.473882,-3.262472,-0.950151,-0.255510,0.403830,-0.034894,-2.656841,1.929770,0.773977,-2.299824,8915,9270,9600,9600,1,324,6,-1.530000,-1.470000,1.500000,-1.324396,-0.727169,0.026374,1.511124,9735.472656,9735,0,0.000000,0.000000,0.000000,0.000000,0.000000,0.000000,0.000000,0.000000,0.000000,0.000000,0.000000,0.000000,0,-1.324396,0.727169,0.026374,0.945353,-3.265698,-0.252495,0.401835,-0.036508,-1.084231,2.011012,0.682886,-2.363826,0.633511,0.820175,0.999979,0.999980,1.470000,1.530000,-0.000000,1.570796,0.857233,0.931146,1.000000,1.000000,0.857233,0.931146,1.000000,1.000000,0.633511,0.820175,0.999979,0.999980,9286,9656,10000,10000,9286,9656,10000,10000,9770,0,0,0,5129,-3455,2939,-4500
10.055284,9770,19,1,1,2,60,0,0,0,0,0,0,-0.778536,-0.216324,-1.476602,-3.229001,-0.999127,-0.285517,0.423521,-0.018332,-2.674573,1.914797,0.831394,-2.279918,8796,9387,9600,9600,1,325,6,-1.530000,-1.470000,1.500000,-1.314675,-0.694693,0.023683,1.487122,9734.968750,9735,0,0.000000,0.000000,0.000000,0.000000,0.000000,0.000000,0.000000,0.000000,0.000000,0.000000,0.000000,0.000000,0,-1.314675,0.694693,0.023683,0.994150,-3.232446,-0.282535,0.421573,-0.020026,-1.102038,2.106466,0.848381,-2.171535,0.665364,0.836746,0.999987,0.999988,1.470000,1.530000,-0.000000,1.570796,0.832332,0.955643,1.000000,1.000000,0.832332,0.955643,1.000000,1.000000,0.665364,0.836746,0.999987,0.999988,9162,9778,10000,10000,9162,9778,10000,10000,9770,0,0,0,5151,-3578,2522,-4500
10.065054,9770,19,1,1,2,60,0,0,0,0,0,0,-0.810631,-0.226593,-1.479620,-3.193353,-1.049803,-0.314993,0.442686,-0.000906,-2.691513,1.884006,0.904866,-2.260258,8662,9600,9600,9600,1,326,6,-1.530000,-1.470000,1.500000,-1.304457,-0.662562,0.020695,1.463224,9755.745117,9755,0,0.000000,0.000000,0.000000,0.000000,0.000000,0.000000,0.000000,0.000000,0.000000,0.000000,0.000000,0.000000,0,-1.304457,0.662562,0.020695,1.044664,-3.197015,-0.312078,0.440799,-0.002690,-1.119060,2.432961,0.858330,-2.320585,0.665089,0.866075,0.999993,0.999993,1.470000,1.530000,-0.000000,1.570796,0.804596,1.000000,1.000000,1.000000,0.804596,1.000000,1.000000,1.000000,0.665089,0.866075,0.999993,0.999993,9023,10000,10000,10000,9023,10000,10000,10000,9770,0,0,0,5164,-3696,2067,-4500
10.074824,9770,19,1,1,2,60,0,0,0,0,0,0,-0.842359,-0.237377,-1.482929,-3.155516,-1.102080,-0.343816,0.461046,0.017481,-2.707598,1.813193,0.992161,-2.242121,8879,9188,9600,9600,1,327,6,-1.530000,-1.470000,1.500000,-1.293725,-0.630797,0.017415,1.439421,9704.873047,9705,0,0.000000,0.000000,0.000000,0.000000,0.000000,0.000000,0.000000,0.000000,0.000000,0.000000,0.000000,0.000000,0,-1.293725,0.630797,0.017415,1.096783,-3.159399,-0.340965,0.459259,0.015597,-1.135233,1.610996,1.020959,-2.131652,0.643095,0.918770,0.999995,0.999995,1.470000,1.530000,-0.000000,1.570796,0.849753,0.914146,1.000000,1.000000,0.849753,0.914146,1.000000,1.000000,0.643095,0.918770,0.999995,0.999995,9249,9571,10000,10000,9249,9571,10000,10000,9770,0,0,0,5180,-3803,1561,-4500
10.084594,9770,19,1,1,2,60,0,0,0,0,0,0,-0.873696,-0.248692,-1.486521,-3.115570,-1.155697,-0.371537,0.478319,0.036875,-2.722791,1.734687,1.081502,-2.224190,8753,9218,9600,9600,1,328,6,-1.530000,-1.470000,1.500000,-1.282464,-0.599420,0.013851,1.415701,9680.097656,9680,0,0.000000,0.000000,0.000000,0.000000,0.000000,0.000000,0.000000,0.000000,0.000000,0.000000,0.000000,0.000000,0,-1.282464,0.599420,0.013851,1.150283,-3.119657,-0.368827,0.476637,0.034893,-1.150516,1.937070,1.059753,-2.316748,0.665291,0.883170,0.999997,0.999997,1.470000,1.530000,-0.000000,1.570796,0.823601,0.920477,1.000000,1.000000,0.823601,0.920477,1.000000,1.000000,0.665291,0.883170,0.999997,0.999997,9118,9602,10000,10000,9118,9602,10000,10000,9770,0,0,0,5199,-3899,1017,-4500
10.094364,9770,19,1,1,2,60,0,0,0,0,0,0,-0.904622,-0.260548,-1.490382,-3.073603,-1.210369,-0.397754,0.494602,0.057183,-2.737112,1.662637,1.161356,-2.205965,8783,9168,9600,9600,1,329,6,-1.530000,-1.470000,1.500000,-1.270662,-0.568451,0.010016,1.392056,9674.642578,9674,0,0.000000,0.000000,0.000000,0.000000,0.000000,0.000000,0.000000,0.000000,0.000000,0.000000,0.000000,0.000000,0,-1.270662,0.568451,0.010016,1.204858,-3.077890,-0.395201,0.493018,0.055115,-1.164921,1.657166,1.196596,-2.067401,0.658173,0.866559,0.999998,0.999998,1.470000,1.530000,-0.000000,1.570796,0.829791,0.909923,1.000000,1.000000,0.829791,0.909923,1.000000,1.000000,0.658173,0.866559,0.999998,0.999998,9149,9550,10000,10000,9149,9550,10000,10000,9770,0,0,0,5220,-3995,454,-4500
10.104134,9770,19,1,1,2,60,0,0,0,0,0,0,-0.935118,-0.272957,-1.494496,-3.029613,-1.265972,-0.422453,0.509914,0.078278,-2.750609,1.589292,1.231318,-2.187901,9221,8971,9600,9600,1,330,6,-1.530000,-1.470000,1.500000,-1.258309,-0.537912,0.005926,1.368475,9737.374023,9737,0,0.000000,0.000000,0.000000,0.000000,0.000000,0.000000,0.000000,0.000000,0.000000,0.000000,0.000000,0.000000,0,-1.258309,0.537911,0.005926,1.260372,-3.034104,-0.420049,0.508426,0.076137,-1.178499,1.216581,1.109498,-2.283900,0.658727,0.848179,0.999999,0.999999,1.470000,1.530000,-0.000000,1.570796,0.920900,0.868999,1.000000,1.000000,0.920900,0.868999,1.000000,1.000000,0.658727,0.848179,0.999999,0.999999,9605,9345,10000,10000,9605,9345,10000,10000,9770,0,0,0,5246,-4086,-133,-4500
10.113904,9770,19,1,1,2,60,0,0,0,0,0,0,-0.965162,-0.285928,-1.498851,-2.983450,-1.322630,-0.446047,0.524404,0.100086,-2.763304,1.547078,1.303738,-2.168553,8615,9252,9600,9600,1,331,6,-1.530000,-1.470000,1.500000,-1.245395,-0.507821,0.001595,1.344951,9652.850586,9652,0,0.000000,0.000000,0.000000,0.000000,0.000000,0.000000,0.000000,0.000000,0.000000,0.000000,0.000000,0.000000,0,-1.245395,0.507821,0.001595,1.316913,-2.988169,-0.443728,0.522979,0.097872,-1.191276,1.766362,1.563766,-2.159066,0.730761,0.804826,1.000000,1.000000,1.470000,1.530000,-0.000000,1.570796,0.794859,0.927421,1.000000,1.000000,0.794859,0.927421,1.000000,1.000000,0.730761,0.804826,1.000000,1.000000,8974,9637,10000,10000,8974,9637,10000,10000,9770,0,0,0,5250,-4183,-756,-4500
10.123674,9770,19,1,1,2,60,0,0,0,0,0,0,-0.994733,-0.299470,-1.503435,-2.935186,-1.380120,-0.468248,0.538322,0.122587,-2.775182,1.496997,1.370145,-2.149774,8720,9498,9600,9600,1,332,6,-1.530000,-1.470000,1.500000,-1.231910,-0.478202,-0.002967,1.321473,9744.140625,9744,0,0.000000,0.000000,0.000000,0.000000,0.000000,0.000000,0.000000,0.000000,0.000000,0.000000,0.000000,0.000000,0,-1.231910,0.478202,-0.002967,1.374344,-2.940103,-0.466106,0.536965,0.120309,-1.203232,1.751416,1.361225,-2.066137,0.675265,0.824506,1.000000,1.000000,1.470000,1.530000,-0.000000,1.570796,0.816578,0.978734,1.000000,1.000000,0.816578,0.978734,1.000000,1.000000,0.675265,0.824506,1.000000,1.000000,9083,9894,10000,10000,9083,9894,10000,10000,9770,0,0,0,5222,-4280,-1418,-4500
10.133444,9770,19,1,1,2,60,0,0,0,0,0,0,-1.023809,-0.313591,-1.508234,-2.884711,-1.438478,-0.489284,0.551305,0.145710,-2.786296,1.398734,1.438507,-2.133306,8701,9407,9600,9600,1,333,6,-1.530000,-1.470000,1.500000,-1.217848,-0.449076,-0.007745,1.298030,9715.750977,9715,0,0.000000,0.000000,0.000000,0.000000,0.000000,0.000000,0.000000,0.000000,0.000000,0.000000,0.000000,0.000000,0,-1.217848,0.449076,-0.007745,1.432597,-2.889865,-0.487216,0.550061,0.143367,-1.214423,1.614671,1.449751,-2.265254,0.658697,0.876822,1.000000,1.000000,1.470000,1.530000,-0.000000,1.570796,0.812788,0.959813,1.000000,1.000000,0.812788,0.959813,1.000000,1.000000,0.658697,0.876822,1.000000,1.000000,9064,9799,10000,10000,9064,9799,10000,10000,9770,0,0,0,5194,-4360,-2113,-4500
10.143214,9770,19,1,1,2,60,0,0,0,0,0,0,-1.052368,-0.328301,-1.513238,-2.831948,-1.497674,-0.509299,0.562962,0.169507,-2.796633,1.265855,1.513821,-2.118408,8683,9318,9600,9600,1,334,6,-1.530000,-1.470000,1.500000,-1.203197,-0.420464,-0.012729,1.274612,9687.866211,9687,0,0.000000,0.000000,0.000000,0.000000,0.000000,0.000000,0.000000,0.000000,0.000000,0.000000,0.000000,0.000000,0,-1.203197,0.420464,-0.012729,1.491726,-2.837324,-0.507352,0.561864,0.167097,-1.224837,1.530744,1.455422,-2.176982,0.645664,0.893664,1.000000,1.000000,1.470000,1.530000,-0.000000,1.570796,0.809059,0.941234,1.000000,1.000000,0.809059,0.941234,1.000000,1.000000,0.645664,0.893664,1.000000,1.000000,9045,9706,10000,10000,9045,9706,10000,10000,9770,0,0,0,5175,-4423,-2850,-4500
10.152984,9770,19,1,1,2,60,0,0,0,0,0,0,-1.080387,-0.343606,-1.518435,-2.777029,-1.557370,-0.527940,0.573070,0.193959,-2.806220,1.114799,1.585149,-2.104202,8743,9122,9600,9600,1,335,6,-1.530000,-1.470000,1.500000,-1.187952,-0.392390,-0.017907,1.251207,9652.304688,9652,0,0.000000,0.000000,0.000000,0.000000,0.000000,0.000000,0.000000,0.000000,0.000000,0.000000,0.000000,0.000000,0,-1.187952,0.392390,-0.017907,1.551386,-2.782616,-0.526141,0.572132,0.191486,-1.234497,1.223502,1.580714,-2.148299,0.634826,0.889259,1.000000,1.000000,1.470000,1.530000,-0.000000,1.570796,0.821479,0.900365,1.000000,1.000000,0.821479,0.900365,1.000000,1.000000,0.634826,0.889259,1.000000,1.000000,9107,9502,10000,10000,9107,9502,10000,10000,9770,0,0,0,5149,-4472,-3616,-4500
10.162754,9770,19,1,1,2,60,0,0,0,0,0,0,-1.107846,-0.359509,-1.523809,-2.720064,-1.617253,-0.544969,0.581560,0.218965,-2.815135,0.965261,1.644198,-2.089635,8684,9162,9600,9600,1,336,6,-1.530000,-1.470000,1.500000,-1.172109,-0.364874,-0.023264,1.227808,9647.466797,9647,0,0.000000,0.000000,0.000000,0.000000,0.000000,0.000000,0.000000,0.000000,0.000000,0.000000,0.000000,0.000000,0,-1.172109,0.364874,-0.023264,1.611263,-2.725851,-0.543340,0.580782,0.216444,-1.243475,1.219947,1.706733,-1.931615,0.638025,0.854425,1.000000,1.000000,1.470000,1.530000,-0.000000,1.570796,0.809124,0.908849,1.000000,1.000000,0.809124,0.908849,1.000000,1.000000,0.638025,0.854425,1.000000,1.000000,9046,9544,10000,10000,9046,9544,10000,10000,9770,0,0,0,5123,-4500,-4399,-4500
10.172524,9770,19,1,1,2,60,0,0,0,0,0,0,-1.134724,-0.376010,-1.529345,-2.661075,-1.677137,-0.560408,0.588487,0.244386,-2.823483,0.817140,1.690134,-2.074600,9184,9056,9600,9600,1,337,6,-1.530000,-1.470000,1.500000,-1.155667,-0.337938,-0.028785,1.204407,9750.119141,9750,0,0.000000,0.000000,0.000000,0.000000,0.000000,0.000000,0.000000,0.000000,0.000000,0.000000,0.000000,0.000000,0,-1.155667,0.337938,-0.028785,1.671151,-2.667066,-0.558931,0.587866,0.241829,-1.251875,0.806829,1.392566,-2.212229,0.630244,0.839974,1.000000,1.000000,1.470000,1.530000,-0.000000,1.570796,0.913450,0.886645,1.000000,1.000000,0.913450,0.886645,1.000000,1.000000,0.630244,0.839974,1.000000,1.000000,9567,9433,10000,10000,9567,9433,10000,10000,9770,0,0,0,5108,-4500,-4500,-4500
10.182294,9770,19,1,1,2,60,0,0,0,0,0,0,-1.160999,-0.393112,-1.535030,-2.599753,-1.737227,-0.574930,0.593951,0.270161,-2.831315,0.693550,1.743050,-2.058032,8770,8971,9600,9600,1,338,6,-1.530000,-1.470000,1.500000,-1.138625,-0.311601,-0.034455,1.180995,9619.945312,9620,0,0.000000,0.000000,0.000000,0.000000,0.000000,0.000000,0.000000,0.000000,0.000000,0.000000,0.000000,0.000000,0,-1.138625,0.311601,-0.034455,1.731204,-2.605999,-0.573504,0.593459,0.267565,-1.259760,0.796661,1.925245,-2.160258,0.707622,0.813736,1.000000,1.000000,1.470000,1.530000,-0.000000,1.570796,0.827005,0.868951,1.000000,1.000000,0.827005,0.868951,1.000000,1.000000,0.707622,0.813736,1.000000,1.000000,9135,9345,10000,10000,9135,9345,10000,10000,9770,0,0,0,5086,-4500,-4500,-4500
10.192064,9770,19,1,1,2,60,0,0,0,0,0,0,-1.186649,-0.410814,-1.540853,-2.536298,-1.797153,-0.588146,0.598263,0.296312,-2.838613,0.586431,1.789218,-2.040184,8717,8850,9600,9600,1,339,6,-1.530000,-1.470000,1.500000,-1.120983,-0.285887,-0.040265,1.157564,9574.890625,9574,0,0.000000,0.000000,0.000000,0.000000,0.000000,0.000000,0.000000,0.000000,0.000000,0.000000,0.000000,0.000000,0,-1.120983,0.285887,-0.040265,1.791185,-2.542727,-0.586905,0.597883,0.293685,-1.267107,0.544970,1.986949,-2.213198,0.686527,0.783898,1.000000,1.000000,1.470000,1.530000,-0.000000,1.570796,0.816079,0.843833,1.000000,1.000000,0.816079,0.843833,1.000000,1.000000,0.686527,0.783898,1.000000,1.000000,9080,9219,10000,10000,9080,9219,10000,10000,9770,0,0,0,5071,-4500,-4500,-4500
10.201834,9770,19,1,1,2,60,0,0,0,0,0,0,-1.211655,-0.429112,-1.546798,-2.471056,-1.856431,-0.599439,0.601425,0.322645,-2.845523,0.477645,1.807954,-2.021698,8717,8974,9600,9600,1,340,6,-1.530000,-1.470000,1.500000,-1.102744,-0.260816,-0.046199,1.134109,9607.080078,9607,0,0.000000,0.000000,0.000000,0.000000,0.000000,0.000000,0.000000,0.000000,0.000000,0.000000,0.000000,0.000000,0,-1.102744,0.260816,-0.046199,1.850534,-2.477660,-0.598394,0.601162,0.320011,-1.274048,0.572501,1.836979,-2.067161,0.665135,0.746034,1.000000,1.000000,1.470000,1.530000,-0.000000,1.570796,0.816034,0.869630,1.000000,1.000000,0.816034,0.869630,1.000000,1.000000,0.665135,0.746034,1.000000,1.000000,9080,9348,10000,10000,9080,9348,10000,10000,9770,0,0,0,5051,-4500,-4500,-4500
10.211604,9770,19,1,1,2,60,0,0,0,0,0,0,-1.235998,-0.448000,-1.552847,-2.403906,-1.915122,-0.609137,0.603361,0.348951,-2.852216,0.359865,1.808832,-2.002921,9171,8819,9600,9600,1,341,6,-1.530000,-1.470000,1.500000,-1.083915,-0.236406,-0.052238,1.110625,9684.778320,9684,0,0.000000,0.000000,0.000000,0.000000,0.000000,0.000000,0.000000,0.000000,0.000000,0.000000,0.000000,0.000000,0,-1.083915,0.236406,-0.052238,1.909276,-2.410712,-0.608227,0.603227,0.346325,-1.280757,0.104865,1.480862,-2.026761,0.652124,0.743368,1.000000,1.000000,1.470000,1.530000,-0.000000,1.570796,0.910651,0.837172,1.000000,1.000000,0.910651,0.837172,1.000000,1.000000,0.652124,0.743368,1.000000,1.000000,9553,9186,10000,10000,9553,9186,10000,10000,9770,0,0,0,5038,-4500,-4500,-4500
10.221374,9770,19,1,1,2,60,0,0,0,0,0,0,-1.259657,-0.467473,-1.558987,-2.334494,-1.973517,-0.617928,0.604058,0.375163,-2.858760,0.259346,1.813493,-1.982771,9070,8530,9600,9600,1,342,6,-1.530000,-1.470000,1.500000,-1.064501,-0.212678,-0.058369,1.087107,9583.110352,9583,0,0.000000,0.000000,0.000000,0.000000,0.000000,0.000000,0.000000,0.000000,0.000000,0.000000,0.000000,0.000000,0,-1.064501,0.212678,-0.058369,1.967687,-2.341543,-0.617078,0.604034,0.372545,-1.287317,-0.121458,1.775167,-2.077558,0.718690,0.716209,1.000000,1.000000,1.470000,1.530000,-0.000000,1.570796,0.889584,0.776904,1.000000,1.000000,0.889584,0.776904,1.000000,1.000000,0.718690,0.716209,1.000000,1.000000,9448,8885,10000,10000,9448,8885,10000,10000,9770,0,0,0,5019,-4500,-4500,-4500
10.231144,9770,19,1,1,2,60,0,0,0,0,0,0,-1.282610,-0.487527,-1.565210,-2.263038,-2.031357,-0.625507,0.603860,0.401283,-2.865153,0.197231,1.810782,-1.960122,8664,8782,9600,9600,1,343,6,-1.530000,-1.470000,1.500000,-1.044505,-0.189653,-0.064584,1.063546,9543.260742,9543,0,0.000000,0.000000,0.000000,0.000000,0.000000,0.000000,0.000000,0.000000,0.000000,0.000000,0.000000,0.000000,0,-1.044505,0.189653,-0.064584,2.025609,-2.270264,-0.624820,0.603910,0.398680,-1.293721,0.290068,1.937964,-1.872289,0.742486,0.652309,1.000000,1.000000,1.470000,1.530000,-0.000000,1.570796,0.804994,0.829614,1.000000,1.000000,0.804994,0.829614,1.000000,1.000000,0.742486,0.652309,1.000000,1.000000,9025,9148,10000,10000,9025,9148,10000,10000,9770,0,0,0,5008,-4500,-4500,-4500
10.240914,9770,19,1,1,2,60,0,0,0,0,0,0,-1.304840,-0.508154,-1.571498,-2.189914,-2.088284,-0.631390,0.602916,0.427137,-2.871524,0.127545,1.783125,-1.936970,8836,8713,9600,9600,1,344,6,-1.530000,-1.470000,1.500000,-1.023934,-0.167350,-0.070867,1.039937,9570.044922,9570,0,0.000000,0.000000,0.000000,0.000000,0.000000,0.000000,0.000000,0.000000,0.000000,0.000000,0.000000,0.000000,0,-1.023934,0.167350,-0.070867,2.082633,-2.197299,-0.630877,0.603053,0.424569,-1.300086,-0.074432,1.801696,-1.753093,0.690353,0.655032,1.000000,1.000000,1.470000,1.530000,-0.000000,1.570796,0.840748,0.815287,1.000000,1.000000,0.840748,0.815287,1.000000,1.000000,0.690353,0.655032,1.000000,1.000000,9204,9076,10000,10000,9204,9076,10000,10000,9770,0,0,0,4990,-4500,-4500,-4500
10.250684,9770,19,1,1,2,60,0,0,0,0,0,0,-1.326329,-0.529346,-1.577838,-2.115056,-2.144378,-0.635822,0.600929,0.452533,-2.878043,0.038238,1.737919,-1.913965,8738,8836,9600,9600,1,345,6,-1.530000,-1.470000,1.500000,-1.002798,-0.145786,-0.077202,1.016277,9576.656250,9576,0,0.000000,0.000000,0.000000,0.000000,0.000000,0.000000,0.000000,0.000000,0.000000,0.000000,0.000000,0.000000,0,-1.002798,0.145786,-0.077202,2.138802,-2.122624,-0.635434,0.601180,0.450017,-1.306584,0.234487,1.643885,-1.815482,0.686868,0.645409,1.000000,1.000000,1.470000,1.530000,-0.000000,1.570796,0.820496,0.840829,1.000000,1.000000,0.820496,0.840829,1.000000,1.000000,0.686868,0.645409,1.000000,1.000000,9102,9204,10000,10000,9102,9204,10000,10000,9770,0,0,0,4984,-4500,-4500,-4500
10.260454,9770,19,1,1,2,60,0,0,0,0,0,0,-1.347059,-0.551095,-1.584215,-2.038374,-2.199729,-0.639104,0.597700,0.477368,-2.884821,-0.069610,1.683747,-1.891183,8961,8339,9600,9600,1,346,6,-1.530000,-1.470000,1.500000,-0.981105,-0.124979,-0.083576,0.992558,9504.896484,9505,0,0.000000,0.000000,0.000000,0.000000,0.000000,0.000000,0.000000,0.000000,0.000000,0.000000,0.000000,0.000000,0,-0.981105,0.124979,-0.083576,2.194228,-2.046124,-0.638823,0.598087,0.474912,-1.313333,-0.373878,1.605685,-1.943697,0.668817,0.659672,1.000000,1.000000,1.470000,1.530000,-0.000000,1.570796,0.866801,0.737116,1.000000,1.000000,0.866801,0.737116,1.000000,1.000000,0.668817,0.659672,1.000000,1.000000,9334,8686,10000,10000,9334,8686,10000,10000,9770,0,0,0,4975,-4500,-4500,-4500
10.270224,9770,19,1,1,2,60,0,0,0,0,0,0,-1.367014,-0.573392,-1.590618,-1.960149,-2.254119,-0.641021,0.593088,0.501529,-2.891978,-0.163615,1.611267,-1.866928,8627,8507,9600,9600,1,347,6,-1.530000,-1.470000,1.500000,-0.958862,-0.104946,-0.089977,0.968775,9461.703125,9461,0,0.000000,0.000000,0.000000,0.000000,0.000000,0.000000,0.000000,0.000000,0.000000,0.000000,0.000000,0.000000,0,-0.958862,0.104946,-0.089977,2.248729,-1.968032,-0.640896,0.593606,0.499150,-1.320444,0.028247,1.805250,-1.652484,0.694308,0.586707,1.000000,1.000000,1.470000,1.530000,-0.000000,1.570796,0.797183,0.772179,1.000000,1.000000,0.797183,0.772179,1.000000,1.000000,0.694308,0.586707,1.000000,1.000000,8986,8861,10000,10000,8986,8861,10000,10000,9770,0,0,0,4969,-4500,-4500,-4500
10.279994,9770,19,1,1,2,60,0,0,0,0,0,0,-1.386179,-0.596227,-1.597031,-1.880712,-2.307320,-0.641370,0.587186,0.524786,-2.899695,-0.253194,1.509938,-1.841498,8652,8422,9600,9600,1,348,6,-1.530000,-1.470000,1.500000,-0.936080,-0.085702,-0.096390,0.944924,9446.645508,9446,0,0.000000,0.000000,0.000000,0.000000,0.000000,0.000000,0.000000,0.000000,0.000000,0.000000,0.000000,0.000000,0,-0.936080,0.085702,-0.096390,2.302055,-1.888706,-0.641402,0.587841,0.522509,-1.328095,-0.103858,1.599340,-1.915246,0.654984,0.570044,1.000000,1.000000,1.470000,1.530000,-0.000000,1.570796,0.802664,0.754652,1.000000,1.000000,0.802664,0.754652,1.000000,1.000000,0.654984,0.570044,1.000000,1.000000,9013,8773,10000,10000,9013,8773,10000,10000,9770,0,0,0,4956,-4500,-4500,-4500
10.289764,9770,19,1,1,2,60,0,0,0,0,0,0,-1.404544,-0.619587,-1.603440,-1.800187,-2.359300,-0.640292,0.579753,0.546880,-2.908195,-0.356007,1.380880,-1.815769,9169,8327,9600,9600,1,349,6,-1.530000,-1.470000,1.500000,-0.912772,-0.067256,-0.102800,0.921002,9556.486328,9556,0,0.000000,0.000000,0.000000,0.000000,0.000000,0.000000,0.000000,0.000000,0.000000,0.000000,0.000000,0.000000,0,-0.912772,0.067256,-0.102800,2.354156,-1.808288,-0.640456,0.580572,0.544730,-1.336508,-0.453083,1.066788,-1.843820,0.635446,0.546145,1.000000,1.000000,1.470000,1.530000,-0.000000,1.570796,0.910298,0.734891,1.000000,1.000000,0.910298,0.734891,1.000000,1.000000,0.635446,0.546145,1.000000,1.000000,9551,8674,10000,10000,9551,8674,10000,10000,9770,0,0,0,4951,-4500,-4500,-4500
10.299534,9770,19,1,1,2,60,0,0,0,0,0,0,-1.422097,-0.643462,-1.609834,-1.718179,-2.410410,-0.638577,0.570730,0.567644,-2.917620,-0.436271,1.247970,-1.788389,8855,8520,9600,9600,1,350,6,-1.530000,-1.470000,1.500000,-0.888949,-0.049622,-0.109195,0.897004,9524.648438,9524,0,0.000000,0.000000,0.000000,0.000000,0.000000,0.000000,0.000000,0.000000,0.000000,0.000000,0.000000,0.000000,0,-0.888949,0.049622,-0.109195,2.405329,-1.726457,-0.638757,0.571695,0.565628,-1.345840,-0.143287,1.237309,-1.731294,0.708297,0.516098,1.000000,1.000000,1.470000,1.530000,-0.000000,1.570796,0.844739,0.774980,1.000000,1.000000,0.844739,0.774980,1.000000,1.000000,0.708297,0.516098,1.000000,1.000000,9224,8875,10000,10000,9224,8875,10000,10000,9770,0,0,0,4949,-4500,-4500,-4500
10.309304,9770,19,1,1,2,60,0,0,0,0,0,0,-1.438820,-0.667843,-1.616208,-1.634712,-2.460685,-0.636499,0.560329,0.587073,-2.927962,-0.510337,1.115997,-1.760320,8892,8361,9600,9600,1,351,6,-1.530000,-1.470000,1.500000,-0.864618,-0.032814,-0.115572,0.872925,9492.719727,9492,0,0.000000,0.000000,0.000000,0.000000,0.000000,0.000000,0.000000,0.000000,0.000000,0.000000,0.000000,0.000000,0,-0.864618,0.032814,-0.115572,2.455702,-1.643112,-0.636728,0.561435,0.585192,-1.356089,-0.442815,1.127446,-1.734362,0.700892,0.529421,1.000000,1.000000,1.470000,1.530000,-0.000000,1.570796,0.852379,0.741797,1.000000,1.000000,0.852379,0.741797,1.000000,1.000000,0.700892,0.529421,1.000000,1.000000,9262,8709,10000,10000,9262,8709,10000,10000,9770,0,0,0,4945,-4500,-4500,-4500
10.319074,9770,19,1,1,2,60,0,0,0,0,0,0,-1.454703,-0.692721,-1.622559,-1.550218,-2.509887,-0.633834,0.548420,0.605087,-2.939282,-0.591837,0.972469,-1.732065,9166,8078,9600,9600,1,352,6,-1.530000,-1.470000,1.500000,-0.839788,-0.016847,-0.121925,0.848760,9490.746094,9490,0,0.000000,0.000000,0.000000,0.000000,0.000000,0.000000,0.000000,0.000000,0.000000,0.000000,0.000000,0.000000,0,-0.839788,0.016847,-0.121925,2.505018,-1.558706,-0.634127,0.549681,0.603354,-1.367307,-0.805538,0.821185,-1.879357,0.702413,0.511390,1.000000,1.000000,1.470000,1.530000,-0.000000,1.570796,0.909631,0.682966,1.000000,1.000000,0.909631,0.682966,1.000000,1.000000,0.702413,0.511390,1.000000,1.000000,9548,8415,10000,10000,9548,8415,10000,10000,9770,0,0,0,4942,-4500,-4500,-4500
10.328844,9770,19,1,1,2,60,0,0,0,0,0,0,-1.469737,-0.718086,-1.628880,-1.464888,-2.557953,-0.630647,0.535036,0.621534,-2.951663,-0.646575,0.815342,-1.701872,8786,8546,9600,9600,1,353,6,-1.530000,-1.470000,1.500000,-0.814472,-0.001728,-0.128250,0.824510,9513.312500,9513,0,0.000000,0.000000,0.000000,0.000000,0.000000,0.000000,0.000000,0.000000,0.000000,0.000000,0.000000,0.000000,0,-0.814472,0.001728,-0.128250,2.553197,-1.473456,-0.630984,0.536431,0.619964,-1.379579,-0.235860,0.895041,-1.645777,0.748389,0.454157,1.000000,1.000000,1.470000,1.530000,-0.000000,1.570796,0.830313,0.780337,1.000000,1.000000,0.830313,0.780337,1.000000,1.000000,0.748389,0.454157,1.000000,1.000000,9152,8902,10000,10000,9152,8902,10000,10000,9770,0,0,0,4941,-4500,-4500,-4500
10.338614,9770,19,1,1,2,60,0,0,0,0,0,0,-1.483913,-0.743924,-1.635168,-1.378794,-2.604913,-0.627204,0.520313,0.636276,-2.965156,-0.711340,0.648340,-1.671737,8938,8257,9379,9600,1,354,6,-1.530000,-1.470000,1.500000,-0.788681,0.012534,-0.134541,0.800172,9420.194336,9420,0,0.000000,0.000000,0.000000,0.000000,0.000000,0.000000,0.000000,0.000000,0.000000,0.000000,0.000000,0.000000,0,-0.788681,-0.012534,-0.134541,2.600267,-1.387435,-0.627553,0.521856,0.634882,-1.392959,-0.799210,0.744622,-1.589429,0.713857,0.496068,1.000000,1.000000,1.470000,1.530000,-0.000000,1.570796,0.861920,0.720257,0.953978,1.000000,0.861920,0.720257,0.953978,1.000000,0.713857,0.496068,1.000000,1.000000,9310,8601,9770,10000,9310,8601,9770,10000,9770,0,0,0,4934,-4500,-4500,-4500
10.348384,9770,19,1,1,2,60,0,0,0,0,0,0,-1.497226,-0.770226,-1.641419,-1.292446,-2.650529,-0.623283,0.504025,0.649225,-2.979791,-0.780164,0.477556,-1.643002,9027,8079,8622,9600,1,355,6,-1.530000,-1.470000,1.500000,-0.762425,0.025933,-0.140796,0.775750,9200.203125,9200,0,0.000000,0.000000,0.000000,0.000000,0.000000,0.000000,0.000000,0.000000,0.000000,0.000000,0.000000,0.000000,0,-0.762425,-0.025933,-0.140796,2.646035,-1.301078,-0.623703,0.505720,0.648013,-1.407480,-1.000711,0.460435,-1.765337,0.717785,0.474210,0.963783,1.000000,1.470000,1.530000,-0.000000,1.570796,0.880681,0.683237,0.796244,1.000000,0.880681,0.683237,0.796244,1.000000,0.717785,0.474210,0.963783,1.000000,9403,8416,8981,10000,9403,8416,8981,10000,9770,0,0,0,4932,-4494,-4500,-4500
10.358154,9770,19,1,1,2,60,0,0,0,0,0,0,-1.509679,-0.796973,-1.647624,-1.207070,-2.694165,-0.617870,0.486598,0.660432,-2.995496,-0.775442,0.331518,-1.617730,8787,8402,8297,9600,1,356,6,-1.530000,-1.470000,1.500000,-0.735721,0.038472,-0.147006,0.751250,9137.113281,9137,0,0.000000,0.000000,0.000000,0.000000,0.000000,0.000000,0.000000,0.000000,0.000000,0.000000,0.000000,0.000000,0,-0.735721,-0.038472,-0.147006,2.689898,-1.215543,-0.618492,0.488362,0.659381,-1.423087,-0.882262,0.375662,-1.519812,0.734932,0.431819,0.817690,1.000000,1.470000,1.530000,-0.000000,1.570796,0.830624,0.750419,0.728648,1.000000,0.830624,0.750419,0.728648,1.000000,0.734932,0.431819,0.817690,1.000000,9153,8752,8643,10000,9153,8752,8643,10000,9770,0,0,0,4932,-4474,-4500,-4500
10.367924,9770,19,1,1,2,60,0,0,0,0,0,0,-1.521288,-0.824144,-1.653764,-1.123207,-2.735672,-0.610682,0.468993,0.670233,-3.012047,-0.702388,0.229200,-1.599371,8436,8724,7972,9600,1,357,6,-1.530000,-1.470000,1.500000,-0.708591,0.050165,-0.153153,0.726687,9044.730469,9044,0,0.000000,0.000000,0.000000,0.000000,0.000000,0.000000,0.000000,0.000000,0.000000,0.000000,0.000000,0.000000,0,-0.708591,-0.050165,-0.153153,2.731606,-1.131534,-0.611465,0.470742,0.669305,-1.439564,-0.854941,0.225519,-1.588544,0.705939,0.458976,0.675886,1.000000,1.470000,1.530000,-0.000000,1.570796,0.757544,0.817452,0.660789,1.000000,0.757544,0.817452,0.660789,1.000000,0.705939,0.458976,0.675886,1.000000,8788,9087,8304,10000,8788,9087,8304,10000,9770,0,0,0,4931,-4481,-4500,-4500
10.377694,9770,19,1,1,2,60,0,0,0,0,0,0,-1.532066,-0.851720,-1.659824,-1.040872,-2.775259,-0.601911,0.451714,0.679037,-3.029234,-0.615849,0.168073,-1.590330,8054,8993,7622,9600,1,358,6,-1.530000,-1.470000,1.500000,-0.681055,0.061025,-0.159222,0.702077,8924.501953,8924,0,0.000000,0.000000,0.000000,0.000000,0.000000,0.000000,0.000000,0.000000,0.000000,0.000000,0.000000,0.000000,0,-0.681055,-0.061025,-0.159222,2.771378,-1.049042,-0.602850,0.453424,0.678190,-1.456694,-0.799282,0.100238,-1.465551,0.630844,0.528198,0.536477,1.000000,1.470000,1.530000,-0.000000,1.570796,0.677929,0.873617,0.588057,1.000000,0.677929,0.873617,0.588057,1.000000,0.630844,0.528198,0.536477,1.000000,8390,9368,7940,10000,8390,9368,7940,10000,9770,0,0,0,4935,-4500,-4500,-4500
10.387464,9770,19,1,1,2,60,0,0,0,0,0,0,-1.542030,-0.879682,-1.665787,-0.960215,-2.813040,-0.591505,0.434771,0.687222,-3.046923,-0.551191,0.141911,-1.592102,7350,9252,7969,9600,1,359,6,-1.530000,-1.470000,1.500000,-0.653131,0.071069,-0.165196,0.677437,8898.662109,8898,0,0.000000,0.000000,0.000000,0.000000,0.000000,0.000000,0.000000,0.000000,0.000000,0.000000,0.000000,0.000000,0,-0.653131,-0.071069,-0.165196,2.809336,-0.968210,-0.592613,0.436457,0.686422,-1.474337,-0.361547,0.203059,-1.569632,0.522645,0.614382,0.394685,1.000000,1.470000,1.530000,-0.000000,1.570796,0.531270,0.927552,0.660107,1.000000,0.531270,0.927552,0.660107,1.000000,0.522645,0.614382,0.394685,1.000000,7656,9638,8301,10000,7656,9638,8301,10000,9770,0,0,0,4936,-4500,-4500,-4500
10.397234,9770,19,1,1,2,60,0,0,0,0,0,0,-1.551195,-0.908013,-1.671639,-0.880970,-2.849292,-0.579785,0.417628,0.694980,-3.065120,-0.575571,0.109605,-1.602940,7445,8850,7402,9600,1,360,6,-1.530000,-1.470000,1.500000,-0.624836,0.080314,-0.171059,0.652788,8671.130859,8671,0,0.000000,0.000000,0.000000,0.000000,0.000000,0.000000,0.000000,0.000000,0.000000,0.000000,0.000000,0.000000,0,-0.624836,-0.080314,-0.171059,2.845726,-0.888847,-0.580998,0.419386,0.694229,-1.492475,-0.805321,0.032351,-1.774172,0.341608,0.709098,0.365383,1.000000,1.470000,1.530000,-0.000000,1.570796,0.551005,0.843895,0.542005,1.000000,0.551005,0.843895,0.542005,1.000000,0.341608,0.709098,0.365383,1.000000,7755,9219,7710,10000,7755,9219,7710,10000,9770,0,0,0,4951,-4500,-4500,-4500
10.407004,9770,19,1,1,2,60,0,0,0,0,0,0,-1.559577,-0.936698,-1.677364,-0.803486,-2.883867,-0.566382,0.399330,0.702143,-3.084008,-0.645575,0.059261,-1.620145,7351,8749,7075,9600,1,361,6,-1.530000,-1.470000,1.500000,-0.596186,0.088773,-0.176798,0.628153,8535.226562,8535,0,0.000000,0.000000,0.000000,0.000000,0.000000,0.000000,0.000000,0.000000,0.000000,0.000000,0.000000,0.000000,0,-0.596186,-0.088773,-0.176798,2.880490,-0.811145,-0.567807,0.401217,0.701457,-1.511288,-0.792494,-0.037177,-1.676947,0.247334,0.700714,0.254671,1.000000,1.470000,1.530000,-0.000000,1.570796,0.531304,0.822889,0.473989,1.000000,0.531304,0.822889,0.473989,1.000000,0.247334,0.700714,0.254671,1.000000,7657,9114,7370,10000,7657,9114,7370,10000,9770,0,0,0,4955,-4492,-4500,-4500
10.416774,9770,19,1,1,2,60,0,0,0,0,0,0,-1.567196,-0.965717,-1.682945,-0.728175,-2.916543,-0.550896,0.379827,0.708607,-3.103694,-0.692433,0.003004,-1.642499,6827,8634,7319,9600,1,362,6,-1.530000,-1.470000,1.500000,-0.567199,0.096467,-0.182394,0.603563,8432.164062,8432,0,0.000000,0.000000,0.000000,0.000000,0.000000,0.000000,0.000000,0.000000,0.000000,0.000000,0.000000,0.000000,0,-0.567199,-0.096467,-0.182394,2.913357,-0.735617,-0.552527,0.381825,0.707994,-1.530892,-0.771941,0.195370,-1.824691,0.174649,0.679098,0.133996,1.000000,1.470000,1.530000,-0.000000,1.570796,0.422130,0.798864,0.524738,1.000000,0.422130,0.798864,0.524738,1.000000,0.174649,0.679098,0.133996,1.000000,7111,8994,7624,10000,7111,8994,7624,10000,9770,0,0,0,4962,-4464,-4500,-4500
10.426544,9770,19,1,1,2,60,0,0,0,0,0,0,-1.574073,-0.995054,-1.688359,-0.654924,-2.947391,-0.533515,0.359201,0.714187,-3.124289,-0.742577,-0.089220,-1.667597,6871,8510,6671,9600,1,363,6,-1.530000,-1.470000,1.500000,-0.537893,0.103418,-0.187826,0.579054,8242.746094,8242,0,0.000000,0.000000,0.000000,0.000000,0.000000,0.000000,0.000000,0.000000,0.000000,0.000000,0.000000,0.000000,0,-0.537893,-0.103418,-0.187826,2.944383,-0.662168,-0.535324,0.361323,0.713683,-1.551386,-1.166515,0.013990,-1.601105,0.044651,0.647082,0.100740,1.000000,1.470000,1.530000,-0.000000,1.570796,0.431395,0.772902,0.389899,1.000000,0.431395,0.772902,0.389899,1.000000,0.044651,0.647082,0.100740,1.000000,7157,8865,6949,10000,7157,8865,6949,10000,9770,0,0,0,4969,-4432,-4500,-4500
10.436314,9770,19,1,1,2,60,0,0,0,0,0,0,-1.580230,-1.024689,-1.693590,-0.583909,-2.976357,-0.514168,0.337315,0.718474,3.137227,-0.777943,-0.209768,-1.695511,6501,8551,6627,9600,1,364,6,-1.530000,-1.470000,1.500000,-0.508287,0.109646,-0.193076,0.554668,8145.602051,8145,0,0.000000,0.000000,0.000000,0.000000,0.000000,0.000000,0.000000,0.000000,0.000000,0.000000,0.000000,0.000000,0,-0.508287,-0.109646,-0.193076,2.973543,-0.590911,-0.516186,0.339552,0.718109,-1.572946,-1.232872,-0.034855,-1.834516,-0.026905,0.607232,-0.025541,1.000000,1.470000,1.530000,-0.000000,1.570796,0.354428,0.781448,0.380605,1.000000,0.354428,0.781448,0.380605,1.000000,-0.026905,0.607232,-0.025541,1.000000,6772,8907,6903,10000,6772,8907,6903,10000,9770,0,0,0,4988,-4400,-4500,-4500
10.446084,9770,19,1,1,2,60,0,0,0,0,0,0,-1.585689,-1.054603,-1.698617,-0.515125,-3.003499,-0.493029,0.314411,0.721267,3.114442,-0.796179,-0.347977,-1.726886,6298,8921,6571,9600,1,365,6,-1.530000,-1.470000,1.500000,-0.478400,0.115173,-0.198124,0.530457,8174.408203,8174,0,0.000000,0.000000,0.000000,0.000000,0.000000,0.000000,0.000000,0.000000,0.000000,0.000000,0.000000,0.000000,0,-0.478400,-0.115173,-0.198124,3.000859,-0.521915,-0.495205,0.316746,0.721062,-1.595618,-1.072821,-0.279604,-1.732010,-0.130875,0.589787,-0.109447,1.000000,1.470000,1.530000,-0.000000,1.570796,0.311943,0.858530,0.369053,1.000000,0.311943,0.858530,0.369053,1.000000,-0.130875,0.589787,-0.109447,1.000000,6560,9293,6845,10000,6560,9293,6845,10000,9770,0,0,0,4999,-4371,-4500,-4500
10.455854,9770,19,1,1,2,60,0,0,0,0,0,0,-1.590469,-1.084780,-1.703426,-0.447894,-3.029192,-0.471039,0.290443,0.722370,3.090534,-0.840042,-0.495691,-1.762340,6047,9077,6691,9600,1,366,6,-1.530000,-1.470000,1.500000,-0.448249,0.120021,-0.202955,0.506481,8181.040039,8181,0,0.000000,0.000000,0.000000,0.000000,0.000000,0.000000,0.000000,0.000000,0.000000,0.000000,0.000000,0.000000,0,-0.448249,-0.120021,-0.202955,3.026678,-0.454567,-0.473248,0.292896,0.722338,-1.619416,-0.996315,-0.374844,-1.862232,-0.227369,0.639865,-0.169430,1.000000,1.470000,1.530000,-0.000000,1.570796,0.259820,0.890990,0.394023,1.000000,0.259820,0.890990,0.394023,1.000000,-0.227369,0.639865,-0.169430,1.000000,6299,9455,6970,10000,6299,9455,6970,10000,9770,0,0,0,5023,-4336,-4500,-4500
10.465624,9770,19,1,1,2,60,0,0,0,0,0,0,-1.594583,-1.115208,-1.708015,-0.381618,-3.053719,-0.449061,0.265042,0.721694,3.065563,-0.939321,-0.648302,-1.801608,5864,9240,6834,9600,1,367,6,-1.530000,-1.470000,1.500000,-0.417845,0.124201,-0.207566,0.482809,8212.942383,8213,0,0.000000,0.000000,0.000000,0.000000,0.000000,0.000000,0.000000,0.000000,0.000000,0.000000,0.000000,0.000000,0,-0.417845,-0.124201,-0.207566,3.051316,-0.388211,-0.451244,0.267661,0.721845,-1.644284,-0.676808,-0.453620,-1.747167,-0.326913,0.695782,-0.186162,1.000000,1.470000,1.530000,-0.000000,1.570796,0.221617,0.924907,0.423830,1.000000,0.221617,0.924907,0.423830,1.000000,-0.326913,0.695782,-0.186162,1.000000,6108,9625,7119,10000,6108,9625,7119,10000,9770,0,0,0,5032,-4282,-4500,-4500
10.475394,9770,19,1,1,2,60,0,0,0,0,0,0,-1.598037,-1.145875,-1.712388,-0.315942,-3.077160,-0.427681,0.237654,0.719099,3.039613,-1.108872,-0.810107,-1.843403,6133,9072,6293,9600,1,368,6,-1.530000,-1.470000,1.500000,-0.387202,0.127722,-0.211960,0.459527,8098.566895,8098,0,0.000000,0.000000,0.000000,0.000000,0.000000,0.000000,0.000000,0.000000,0.000000,0.000000,0.000000,0.000000,0,-0.387202,-0.127722,-0.211960,3.074866,-0.322488,-0.429780,0.240499,0.719450,-1.670140,-0.850906,-0.729014,-1.804420,-0.417353,0.756389,-0.172855,1.000000,1.470000,1.530000,-0.000000,1.570796,0.277886,0.889915,0.311053,1.000000,0.277886,0.889915,0.311053,1.000000,-0.417353,0.756389,-0.172855,1.000000,6389,9450,6555,10000,6389,9450,6555,10000,9770,0,0,0,5054,-4199,-4500,-4500
10.485164,9770,19,1,1,2,60,0,0,0,0,0,0,-1.600840,-1.176769,-1.716549,-0.251173,-3.099233,-0.406724,0.207916,0.714492,3.012830,-1.297052,-0.962506,-1.887669,6442,8536,5589,9600,1,369,6,-1.530000,-1.470000,1.500000,-0.356330,0.130589,-0.216142,0.436740,7855.960449,7856,0,0.000000,0.000000,0.000000,0.000000,0.000000,0.000000,0.000000,0.000000,0.000000,0.000000,0.000000,0.000000,0,-0.356330,-0.130589,-0.216142,3.097097,-0.257597,-0.408809,0.210989,0.715041,-1.696849,-1.423325,-0.884508,-1.798036,-0.427928,0.765613,-0.253531,1.000000,1.470000,1.530000,-0.000000,1.570796,0.341985,0.778369,0.164414,1.000000,0.341985,0.778369,0.164414,1.000000,-0.427928,0.765613,-0.253531,1.000000,6710,8892,5822,10000,6710,8892,5822,10000,9770,0,0,0,5066,-4096,-4500,-4500
10.494934,9770,19,1,1,2,60,0,0,0,0,0,0,-1.603004,-1.207874,-1.720498,-0.188346,-3.119351,-0.385093,0.176366,0.707981,2.985434,-1.405581,-1.092049,-1.933813,5980,8944,5929,9600,1,370,6,-1.530000,-1.470000,1.500000,-0.325245,0.132815,-0.220113,0.414577,7930.655273,7930,0,0.000000,0.000000,0.000000,0.000000,0.000000,0.000000,0.000000,0.000000,0.000000,0.000000,0.000000,0.000000,0,-0.325245,-0.132815,-0.220113,3.117436,-0.194527,-0.387301,0.179567,0.708713,-1.724195,-0.921892,-0.959397,-1.917234,-0.383899,0.683427,-0.417860,1.000000,1.470000,1.530000,-0.000000,1.570796,0.245864,0.863365,0.235296,1.000000,0.245864,0.863365,0.235296,1.000000,-0.383899,0.683427,-0.417860,1.000000,6229,9317,6176,10000,6229,9317,6176,10000,9770,0,0,0,5087,-4004,-4500,-4500
10.504704,9770,19,1,1,2,60,0,0,0,0,0,0,-1.604550,-1.239169,-1.724229,-0.127200,-3.137544,-0.363192,0.143954,0.699678,2.957629,-1.472881,-1.210991,-1.982315,5880,8920,5912,9600,1,371,6,-1.530000,-1.470000,1.500000,-0.293968,0.134423,-0.223865,0.393195,7893.852539,7893,0,0.000000,0.000000,0.000000,0.000000,0.000000,0.000000,0.000000,0.000000,0.000000,0.000000,0.000000,0.000000,0,-0.293968,-0.134423,-0.223865,3.135804,-0.133263,-0.365362,0.147227,0.700589,-1.751966,-1.217446,-1.059200,-2.147426,-0.432836,0.700465,-0.461751,1.000000,1.470000,1.530000,-0.000000,1.570796,0.225080,0.858437,0.231565,1.000000,0.225080,0.858437,0.231565,1.000000,-0.432836,0.700465,-0.461751,1.000000,6125,9292,6158,10000,6125,9292,6158,10000,9770,0,0,0,5099,-3926,-4500,-4500
10.514474,9770,19,1,1,2,60,0,0,0,0,0,0,-1.605491,-1.270636,-1.727742,-0.067242,-3.153947,-0.341703,0.110835,0.689562,2.929573,-1.552311,-1.332484,-2.032170,6235,8545,5183,9600,1,372,6,-1.530000,-1.470000,1.500000,-0.262517,0.135424,-0.227400,0.372781,7698.915039,7698,0,0.000000,0.000000,0.000000,0.000000,0.000000,0.000000,0.000000,0.000000,0.000000,0.000000,0.000000,0.000000,0,-0.262517,-0.135424,-0.227400,3.152389,-0.073186,-0.343830,0.114178,0.690658,-1.780004,-1.841862,-1.493498,-2.080797,-0.478874,0.706921,-0.491308,1.000000,1.470000,1.530000,-0.000000,1.570796,0.298995,0.780296,0.079841,1.000000,0.298995,0.780296,0.079841,1.000000,-0.478874,0.706921,-0.491308,1.000000,6495,8901,5399,10000,6495,8901,5399,10000,9770,0,0,0,5111,-3843,-4500,-4500
10.524244,9770,19,1,1,2,60,0,0,0,0,0,0,-1.605842,-1.302257,-1.731040,-0.009007,-3.168316,-0.320019,0.077286,0.677591,2.901430,-1.584951,-1.446965,-2.082954,5762,9142,5848,9600,1,373,6,-1.530000,-1.470000,1.500000,-0.230911,0.135833,-0.230720,0.353557,7904.157715,7904,0,0.000000,0.000000,0.000000,0.000000,0.000000,0.000000,0.000000,0.000000,0.000000,0.000000,0.000000,0.000000,0,-0.230911,-0.135833,-0.230720,3.166975,-0.014742,-0.322209,0.080636,0.678869,-1.808146,-1.146004,-1.526265,-2.147452,-0.448630,0.649345,-0.628632,1.000000,1.470000,1.530000,-0.000000,1.570796,0.200321,0.904688,0.218318,1.000000,0.200321,0.904688,0.218318,1.000000,-0.448630,0.649345,-0.628632,1.000000,6002,9523,6092,10000,6002,9523,6092,10000,9770,0,0,0,5135,-3769,-4500,-4500
10.534014,9770,19,1,1,2,60,0,0,0,0,0,0,-1.605617,-1.334010,-1.734123,0.048125,-3.180816,-0.299013,0.043842,0.663820,2.873362,-1.621069,-1.557688,-2.135028,6233,8743,5207,9600,1,374,6,-1.530000,-1.470000,1.500000,-0.199171,0.135665,-0.233824,0.335780,7755.784180,7756,0,0.000000,0.000000,0.000000,0.000000,0.000000,0.000000,0.000000,0.000000,0.000000,0.000000,0.000000,0.000000,0,-0.199171,-0.135665,-0.233824,3.179643,0.042434,-0.301044,0.047190,0.665279,-1.836227,-1.831242,-1.767784,-2.132825,-0.507937,0.712312,-0.602951,1.000000,1.470000,1.530000,-0.000000,1.570796,0.298537,0.821334,0.084757,1.000000,0.298537,0.821334,0.084757,1.000000,-0.507937,0.712312,-0.602951,1.000000,6493,9107,5424,10000,6493,9107,5424,10000,9770,0,0,0,5149,-3700,-4500,-4500
10.543784,9770,19,1,1,2,60,0,0,0,0,0,0,-1.604826,-1.365878,-1.737002,0.104222,-3.191418,-0.278834,0.010431,0.648257,2.845510,-1.650672,-1.660636,-2.188058,6393,8484,4860,9600,1,375,6,-1.530000,-1.470000,1.500000,-0.167313,0.134930,-0.236724,0.319747,7639.903320,7639,0,0.000000,0.000000,0.000000,0.000000,0.000000,0.000000,0.000000,0.000000,0.000000,0.000000,0.000000,0.000000,0,-0.167313,-0.134930,-0.236724,3.190450,0.098675,-0.280835,0.013757,0.649891,-1.864108,-2.066627,-2.045265,-2.146772,-0.466619,0.684909,-0.692479,1.000000,1.470000,1.530000,-0.000000,1.570796,0.331855,0.767606,0.012461,1.000000,0.331855,0.767606,0.012461,1.000000,-0.466619,0.684909,-0.692479,1.000000,6659,8838,5062,10000,6659,8838,5062,10000,9770,0,0,0,5170,-3626,-4500,-4500
10.553554,9770,19,1,1,2,60,0,0,0,0,0,0,-1.603483,-1.397841,-1.739680,0.158649,-3.199914,-0.258661,-0.022329,0.631005,2.818004,-1.607923,-1.752560,-2.241116,5967,8679,5464,9600,1,376,6,-1.530000,-1.470000,1.500000,-0.135359,0.133642,-0.239421,0.305785,7737.210938,7737,0,0.000000,0.000000,0.000000,0.000000,0.000000,0.000000,0.000000,0.000000,0.000000,0.000000,0.000000,0.000000,0,-0.135359,-0.133642,-0.239421,3.199159,0.153285,-0.260682,-0.019107,0.632803,-1.891653,-1.663817,-1.799135,-2.300881,-0.415338,0.626008,-0.803673,1.000000,1.470000,1.530000,-0.000000,1.570796,0.243176,0.808275,0.138318,1.000000,0.243176,0.808275,0.138318,1.000000,-0.415338,0.626008,-0.803673,1.000000,6216,9041,5692,10000,6216,9041,5692,10000,9770,0,0,0,5181,-3574,-4500,-4500
10.563324,9770,19,1,1,2,60,0,0,0,0,0,0,-1.601604,-1.429877,-1.742157,0.211681,-3.206393,-0.238900,-0.053796,0.612062,2.790955,-1.544814,-1.859621,-2.293082,5917,8635,5370,9469,1,377,6,-1.530000,-1.470000,1.500000,-0.103329,0.131816,-0.241918,0.294239,7654.191895,7654,0,0.000000,0.000000,0.000000,0.000000,0.000000,0.000000,0.000000,0.000000,0.000000,0.000000,0.000000,0.000000,0,-0.103329,-0.131816,-0.241918,3.205832,0.206428,-0.240838,-0.050709,0.614038,-1.918753,-1.657901,-1.914414,-2.351667,-0.454020,0.622287,-0.772074,1.000000,1.470000,1.530000,-0.000000,1.570796,0.232724,0.798931,0.118876,0.972823,0.232724,0.798931,0.118876,0.972823,-0.454020,0.622287,-0.772074,1.000000,6164,8995,5594,9864,6164,8995,5594,9864,9770,0,0,0,5203,-3535,-4500,-4500
10.573094,9770,19,1,1,2,60,0,0,0,0,0,0,-1.599202,-1.461968,-1.744440,0.263329,-3.210889,-0.219633,-0.083987,0.591217,2.764482,-1.503178,-1.988044,-2.343641,5982,7940,4958,9468,1,378,6,-1.530000,-1.470000,1.500000,-0.071243,0.129465,-0.244220,0.285448,7382.420898,7382,0,0.000000,0.000000,0.000000,0.000000,0.000000,0.000000,0.000000,0.000000,0.000000,0.000000,0.000000,0.000000,0,-0.071243,-0.129465,-0.244220,3.210530,0.258234,-0.221546,-0.081022,0.593391,-1.945289,-2.115621,-1.897818,-2.321031,-0.485707,0.612676,-0.768208,0.978613,1.470000,1.530000,-0.000000,1.570796,0.246117,0.654283,0.032986,0.972551,0.246117,0.654283,0.032986,0.972551,-0.485707,0.612676,-0.768208,0.978613,6231,8271,5165,9863,6231,8271,5165,9863,9770,0,0,0,5215,-3493,-4500,-4500
10.582864,9770,19,1,1,2,60,0,0,0,0,0,0,-1.596295,-1.494091,-1.746527,0.312684,-3.213286,-0.199572,-0.112773,0.568269,2.738725,-1.427366,-2.145991,-2.391306,5643,8299,5236,8738,1,379,6,-1.530000,-1.470000,1.500000,-0.039122,0.126608,-0.246328,0.279709,7269.899414,7269,0,0.000000,0.000000,0.000000,0.000000,0.000000,0.000000,0.000000,0.000000,0.000000,0.000000,0.000000,0.000000,0,-0.039122,-0.126608,-0.246328,3.213141,0.307868,-0.201636,-0.109977,0.570667,-1.971125,-1.468269,-2.206943,-2.644352,-0.494386,0.493018,-0.833453,0.965428,1.470000,1.530000,-0.000000,1.570796,0.175539,0.729067,0.090886,0.820427,0.175539,0.729067,0.090886,0.820427,-0.494386,0.493018,-0.833453,0.965428,5878,8645,5454,9102,5878,8645,5454,9102,9770,0,0,0,5235,-3461,-4500,-4500
10.592634,9770,19,1,1,2,60,0,0,0,0,0,0,-1.592910,-1.526228,-1.748405,0.359173,-3.213588,-0.177839,-0.139814,0.543038,2.713834,-1.372662,-2.306958,-2.435786,5672,8273,5162,8404,1,380,6,-1.530000,-1.470000,1.500000,-0.006986,0.123269,-0.248227,0.277238,7164.037598,7164,0,0.000000,0.000000,0.000000,0.000000,0.000000,0.000000,0.000000,0.000000,0.000000,0.000000,0.000000,0.000000,0,-0.006986,-0.123269,-0.248227,3.213649,0.354649,-0.180081,-0.137174,0.545660,-1.996108,-1.435867,-2.316864,-2.568048,-0.555191,0.479292,-0.827462,0.837718,1.470000,1.530000,-0.000000,1.570796,0.181570,0.723625,0.075301,0.750734,0.181570,0.723625,0.075301,0.750734,-0.555191,0.479292,-0.827462,0.837718,5908,8618,5377,8754,5908,8618,5377,8754,9770,0,0,0,5246,-3430,-4500,-4500
10.602404,9770,19,1,1,2,60,0,0,0,0,0,0,-1.589076,-1.558356,-1.750055,0.402785,-3.211879,-0.154382,-0.165705,0.515756,2.689875,-1.393746,-2.437612,-2.477870,9600,9600,7315,9600,1,381,7,-3.000000,0.060000,1.500000,-1.444856,1.649479,-0.249901,2.206998,9405.118164,9405,0,0.000000,0.000000,0.000000,0.000000,0.000000,0.000000,0.000000,0.000000,0.000000,0.000000,0.000000,0.000000,0,-1.649479,1.444856,-0.249901,0.398545,-3.212139,-0.156794,-0.163148,0.518567,2.692228,-1.148567,-2.665155,-2.530802,-0.587325,0.466685,-0.836093,0.705413,1.470000,1.530000,-0.000000,1.570796,1.000000,1.000000,0.524094,1.000000,1.000000,1.000000,0.524094,1.000000,-0.587325,0.466685,-0.836093,0.705413,10000,10000,7620,10000,10000,10000,7620,10000,9770,0,0,0,5271,-3378,-4500,-4500
10.612174,9770,19,1,1,2,60,0,0,0,0,0,0,-1.584798,-1.590456,-1.751503,0.449399,-3.208216,-0.139098,-0.190866,0.486959,2.666844,-1.412344,-2.490414,-2.513865,9600,9600,6741,7908,1,382,7,-3.000000,0.060000,1.500000,-1.412752,1.645247,-0.251364,2.183092,8815.040039,8815,0,0.000000,0.000000,0.000000,0.000000,0.000000,0.000000,0.000000,0.000000,0.000000,0.000000,0.000000,0.000000,0,-1.645247,1.412752,-0.251364,0.444444,-3.208681,-0.139972,-0.188391,0.489879,2.669108,-1.454472,-2.313739,-2.715525,0.037239,0.676528,-0.488155,0.821324,1.470000,1.530000,-0.000000,1.570796,1.000000,1.000000,0.404465,0.647567,1.000000,1.000000,0.404465,0.647567,0.037239,0.676528,-0.488155,0.821324,10000,10000,7022,8238,10000,10000,7022,8238,9770,0,0,0,5276,-3317,-4500,-4500
10.621944,9770,19,1,1,2,60,0,0,0,0,0,0,-1.580028,-1.622507,-1.752859,0.499740,-3.202187,-0.133623,-0.215227,0.457984,2.644540,-1.435142,-2.360602,-2.540791,9600,9600,6298,6062,1,383,7,-3.000000,0.060000,1.500000,-1.380695,1.640528,-0.252725,2.159055,8218.731445,8218,0,0.000000,0.000000,0.000000,0.000000,0.000000,0.000000,0.000000,0.000000,0.000000,0.000000,0.000000,0.000000,0,-1.640528,1.380695,-0.252725,0.494656,-3.202905,-0.133926,-0.212812,0.460830,2.646751,-1.716616,-2.347965,-2.532855,0.416056,0.803804,-0.371261,0.614285,1.470000,1.530000,-0.000000,1.570796,1.000000,1.000000,0.312026,0.262959,1.000000,1.000000,0.312026,0.262959,0.416056,0.803804,-0.371261,0.614285,10000,10000,6560,6315,10000,10000,6560,6315,9770,0,0,0,5225,-3252,-4500,-4500
10.631714,9770,19,1,1,2,60,0,0,0,0,0,0,-1.574756,-1.654484,-1.754176,0.549408,-3.193669,-0.129995,-0.239623,0.431115,2.622406,-1.548462,-1.968182,-2.560138,8812,9600,6347,5715,1,384,7,-3.000000,0.060000,1.500000,-1.348709,1.635305,-0.254046,2.134896,7935.842773,7935,0,0.000000,0.000000,0.000000,0.000000,0.000000,0.000000,0.000000,0.000000,0.000000,0.000000,0.000000,0.000000,0,-1.635305,1.348709,-0.254046,0.544519,-3.194628,-0.130385,-0.237141,0.433632,2.624634,-1.414362,-2.113616,-2.327802,0.645820,0.881001,-0.373105,0.186046,1.470000,1.530000,-0.000000,1.570796,0.835834,1.000000,0.322225,0.190615,0.835834,1.000000,0.322225,0.190615,0.645820,0.881001,-0.373105,0.186046,9179,10000,6611,5953,9179,10000,6611,5953,9770,0,0,0,5184,-3155,-4500,-4500
10.641484,9770,19,1,1,2,60,0,0,0,0,0,0,-1.568999,-1.686363,-1.755448,0.596926,-3.182892,-0.124511,-0.265571,0.408647,2.599689,-1.788714,-1.384695,-2.575870,8863,9600,6606,6722,1,385,7,-3.000000,0.060000,1.500000,-1.316820,1.629595,-0.255323,2.110636,8278.708984,8278,0,0.000000,0.000000,0.000000,0.000000,0.000000,0.000000,0.000000,0.000000,0.000000,0.000000,0.000000,0.000000,0,-1.629595,1.316820,-0.255323,0.592263,-3.184065,-0.125167,-0.262860,0.410656,2.602006,-2.094924,-1.259324,-2.674775,0.655991,0.927823,-0.366198,-0.130625,1.470000,1.530000,-0.000000,1.570796,0.846366,1.000000,0.376138,0.400463,0.846366,1.000000,0.376138,0.400463,0.655991,0.927823,-0.366198,-0.130625,9232,10000,6881,7002,9232,10000,6881,7002,9770,0,0,0,5168,-3004,-4500,-4500
10.651254,9770,19,1,1,2,60,0,0,0,0,0,0,-1.562773,-1.718123,-1.756659,0.643659,-3.169866,-0.118417,-0.294413,0.391579,2.575813,-2.094168,-0.744275,-2.590226,9180,9600,7177,7655,1,386,7,-3.000000,0.060000,1.500000,-1.285047,1.623416,-0.256540,2.086298,8753.179688,8753,0,0.000000,0.000000,0.000000,0.000000,0.000000,0.000000,0.000000,0.000000,0.000000,0.000000,0.000000,0.000000,0,-1.623416,1.285047,-0.256540,0.638971,-3.171274,-0.119000,-0.291381,0.393039,2.578264,-2.369230,-0.857713,-2.627083,0.670447,0.956223,-0.319582,-0.157557,1.470000,1.530000,-0.000000,1.570796,0.912428,1.000000,0.495279,0.594836,0.912428,1.000000,0.495279,0.594836,0.670447,0.956223,-0.319582,-0.157557,9562,10000,7476,7974,9562,10000,7476,7974,9770,0,0,0,5185,-2805,-4500,-4500
10.661024,9770,19,1,1,2,60,0,0,0,0,0,0,-1.556072,-1.749738,-1.757820,0.692015,-3.154267,-0.114760,-0.326499,0.379802,2.550444,-2.380532,-0.133643,-2.601459,9244,9600,8213,8664,1,387,7,-3.000000,0.060000,1.500000,-1.253417,1.616764,-0.257705,2.061890,9302.427734,9302,0,0.000000,0.000000,0.000000,0.000000,0.000000,0.000000,0.000000,0.000000,0.000000,0.000000,0.000000,0.000000,0,-1.616764,1.253417,-0.257705,0.687063,-3.155949,-0.114983,-0.323150,0.380759,2.553053,-2.661798,-0.155157,-2.941612,0.731202,0.973448,-0.197551,-0.020933,1.470000,1.530000,-0.000000,1.570796,0.925890,1.000000,0.711092,0.804960,0.925890,1.000000,0.711092,0.804960,0.731202,0.973448,-0.197551,-0.020933,9629,10000,8555,9025,9629,10000,8555,9025,9770,0,0,0,5215,-2582,-4500,-4500
10.670794,9770,19,1,1,2,60,0,0,0,0,0,0,-1.548869,-1.781181,-1.758970,0.744244,-3.135635,-0.116052,-0.361569,0.372453,2.523514,-2.626321,0.364099,-2.606696,8999,9600,8815,8957,1,388,7,-3.000000,0.060000,1.500000,-1.221955,1.609613,-0.258854,2.037408,9471.287109,9471,0,0.000000,0.000000,0.000000,0.000000,0.000000,0.000000,0.000000,0.000000,0.000000,0.000000,0.000000,0.000000,0,-1.609613,1.221955,-0.258854,0.738811,-3.137642,-0.115685,-0.357939,0.373030,2.526271,-2.555402,0.381017,-2.660646,0.778646,0.983895,0.046296,0.227288,1.470000,1.530000,-0.000000,1.570796,0.874703,1.000000,0.836384,0.865943,0.874703,1.000000,0.836384,0.865943,0.778646,0.983895,0.046296,0.227288,9374,10000,9182,9330,9374,10000,9182,9330,9770,0,0,0,5252,-2351,-4500,-4500
10.680564,9770,19,1,1,2,60,0,0,0,0,0,0,-1.541116,-1.812419,-1.760162,0.801358,-3.113751,-0.122341,-0.399340,0.367981,2.495314,-2.866757,0.695619,-2.605399,9426,9600,8781,9266,1,389,7,-3.000000,0.060000,1.500000,-1.190694,1.601917,-0.260039,2.012837,9654.559570,9654,0,0.000000,0.000000,0.000000,0.000000,0.000000,0.000000,0.000000,0.000000,0.000000,0.000000,0.000000,0.000000,0,-1.601917,1.190694,-0.260039,0.795430,-3.116085,-0.121541,-0.395442,0.368348,2.498177,-3.078951,0.579568,-2.695379,0.767141,0.990232,0.292793,0.425832,1.470000,1.530000,-0.000000,1.570796,0.963889,1.000000,0.829315,0.930444,0.963889,1.000000,0.829315,0.930444,0.767141,0.990232,0.292793,0.425832,9819,10000,9147,9652,9819,10000,9147,9652,9770,0,0,0,5287,-2108,-4500,-4500
10.690334,9770,19,1,1,2,60,0,0,0,0,0,0,-1.532764,-1.843421,-1.761438,0.863669,-3.088528,-0.132528,-0.439623,0.364808,2.466309,-3.081467,0.893100,-2.598766,9390,9600,8960,9483,1,390,7,-3.000000,0.060000,1.500000,-1.159668,1.593628,-0.261306,1.988155,9747.791016,9748,0,0.000000,0.000000,0.000000,0.000000,0.000000,0.000000,0.000000,0.000000,0.000000,0.000000,0.000000,0.000000,0,-1.593628,1.159668,-0.261306,0.857203,-3.091202,-0.131374,-0.435497,0.365100,2.469234,-2.909055,0.839893,-2.458033,0.830346,0.994075,0.436739,0.597013,1.470000,1.530000,-0.000000,1.570796,0.956173,1.000000,0.866513,0.975547,0.956173,1.000000,0.866513,0.975547,0.830346,0.994075,0.436739,0.597013,9781,10000,9333,9878,9781,10000,9333,9878,9770,0,0,0,5280,-1856,-4500,-4500
10.700104,9770,19,1,1,2,60,0,0,0,0,0,0,-1.523760,-1.874152,-1.762833,0.931230,-3.059919,-0.145349,-0.481839,0.361825,2.436920,-3.249504,0.988871,-2.588263,9454,9600,9084,9600,1,391,7,-3.000000,0.060000,1.500000,-1.128908,1.584691,-0.262687,1.963335,9827.800781,9827,0,0.000000,0.000000,0.000000,0.000000,0.000000,0.000000,0.000000,0.000000,0.000000,0.000000,0.000000,0.000000,0,-1.584691,1.128908,-0.262687,0.924248,-3.062930,-0.143997,-0.477547,0.362142,2.439864,-2.827524,1.057225,-2.420903,0.862611,0.996407,0.553319,0.736333,1.470000,1.530000,-0.000000,1.570796,0.969548,1.000000,0.892693,1.000000,0.969548,1.000000,0.892693,1.000000,0.862611,0.996407,0.553319,0.736333,9848,10000,9463,10000,9848,10000,9463,10000,9770,0,0,0,5259,-1607,-4500,-4500
10.709874,9770,19,1,1,2,60,0,0,0,0,0,0,-1.514053,-1.904578,-1.764363,1.003850,-3.027954,-0.159444,-0.525413,0.358132,2.407609,-3.381208,0.998237,-2.574864,9600,9600,8671,9600,1,392,7,-3.000000,0.060000,1.500000,-1.098450,1.575056,-0.264204,1.938349,9758.000000,9758,0,0.000000,0.000000,0.000000,0.000000,0.000000,0.000000,0.000000,0.000000,0.000000,0.000000,0.000000,0.000000,0,-1.575056,1.098450,-0.264204,0.996370,-3.031299,-0.158016,-0.521010,0.358553,2.410523,-3.544130,0.894624,-2.466290,0.892705,0.997821,0.644630,0.840078,1.470000,1.530000,-0.000000,1.570796,1.000000,1.000000,0.806400,1.000000,1.000000,1.000000,0.806400,1.000000,0.892705,0.997821,0.644630,0.840078,10000,10000,9032,10000,10000,10000,9032,10000,9770,0,0,0,5250,-1361,-4500,-4500
10.719644,9770,19,1,1,2,60,0,0,0,0,0,0,-1.503594,-1.934667,-1.766033,1.080809,-2.992841,-0.173053,-0.569736,0.353164,2.378771,-3.454989,0.969149,-2.560424,9600,9600,8829,9600,1,393,7,-3.000000,0.060000,1.500000,-1.068326,1.564675,-0.265860,1.913167,9799.210938,9799,0,0.000000,0.000000,0.000000,0.000000,0.000000,0.000000,0.000000,0.000000,0.000000,0.000000,0.000000,0.000000,0,-1.564675,1.068326,-0.265860,1.072942,-2.996486,-0.171761,-0.565292,0.353723,2.381627,-3.568711,1.195072,-2.450567,0.934922,0.998678,0.632107,0.903002,1.470000,1.530000,-0.000000,1.570796,1.000000,1.000000,0.839369,1.000000,1.000000,1.000000,0.839369,1.000000,0.934922,0.998678,0.632107,0.903002,10000,10000,9197,10000,10000,10000,9197,10000,9770,0,0,0,5227,-1126,-4500,-4500
10.729414,9770,19,1,1,2,60,0,0,0,0,0,0,-1.492345,-1.964388,-1.767831,1.161600,-2.954762,-0.185055,-0.614092,0.346773,2.350609,-3.476173,0.923512,-2.545442,9600,9600,8885,9600,1,394,7,-3.000000,0.060000,1.500000,-1.038567,1.553506,-0.267646,1.887760,9813.698242,9813,0,0.000000,0.000000,0.000000,0.000000,0.000000,0.000000,0.000000,0.000000,0.000000,0.000000,0.000000,0.000000,0,-1.553506,1.038567,-0.267646,1.153354,-2.958700,-0.183942,-0.609670,0.347479,2.353389,-3.405696,1.183410,-2.454080,0.960528,0.999198,0.650455,0.941168,1.470000,1.530000,-0.000000,1.570796,1.000000,1.000000,0.850958,1.000000,1.000000,1.000000,0.850958,1.000000,0.960528,0.999198,0.650455,0.941168,10000,10000,9255,10000,10000,10000,9255,10000,9770,0,0,0,5219,-905,-4500,-4500
10.739184,9770,19,1,1,2,60,0,0,0,0,0,0,-1.480267,-1.993713,-1.769738,1.246018,-2.913826,-0.194958,-0.658004,0.338861,2.323334,-3.468860,0.859084,-2.529482,9600,9600,8671,9600,1,395,7,-3.000000,0.060000,1.500000,-1.009201,1.541513,-0.269544,1.862097,9758.027344,9758,0,0.000000,0.000000,0.000000,0.000000,0.000000,0.000000,0.000000,0.000000,0.000000,0.000000,0.000000,0.000000,0,-1.541513,1.009201,-0.269544,1.237422,-2.918044,-0.194077,-0.653642,0.339723,2.326015,-3.397102,1.017282,-2.501752,0.976059,0.999514,0.670704,0.964316,1.470000,1.530000,-0.000000,1.570796,1.000000,1.000000,0.806422,1.000000,1.000000,1.000000,0.806422,1.000000,0.976059,0.999514,0.670704,0.964316,10000,10000,9032,10000,10000,10000,9032,10000,9770,0,0,0,5209,-692,-4500,-4500
10.748954,9770,19,1,1,2,60,0,0,0,0,0,0,-1.467328,-2.022614,-1.771729,1.333508,-2.870301,-0.202020,-0.701109,0.329402,2.297125,-3.430321,0.788954,-2.513423,9600,9600,8633,9600,1,396,7,-3.000000,0.060000,1.500000,-0.980257,1.528661,-0.271528,1.836147,9748.363281,9748,0,0.000000,0.000000,0.000000,0.000000,0.000000,0.000000,0.000000,0.000000,0.000000,0.000000,0.000000,0.000000,0,-1.528661,0.980257,-0.271528,1.324637,-2.874762,-0.201459,-0.696846,0.330415,2.299695,-3.225453,1.073596,-2.458009,0.985479,0.999705,0.647938,0.978357,1.470000,1.530000,-0.000000,1.570796,1.000000,1.000000,0.798690,1.000000,1.000000,1.000000,0.798690,1.000000,0.985479,0.999705,0.647938,0.978357,10000,10000,8993,10000,10000,10000,8993,10000,9770,0,0,0,5193,-486,-4500,-4500
10.758724,9770,19,1,1,2,60,0,0,0,0,0,0,-1.453499,-2.051066,-1.773773,1.423626,-2.824434,-0.205785,-0.743024,0.318488,2.272059,-3.358230,0.721643,-2.497806,9600,9600,8360,9600,1,397,7,-3.000000,0.060000,1.500000,-0.951758,1.514923,-0.273567,1.809882,9676.923828,9677,0,0.000000,0.000000,0.000000,0.000000,0.000000,0.000000,0.000000,0.000000,0.000000,0.000000,0.000000,0.000000,0,-1.514923,0.951758,-0.273567,1.414502,-2.829121,-0.205560,-0.738896,0.319641,2.274513,-3.410712,0.851669,-2.461819,0.991193,0.999821,0.628045,0.986873,1.470000,1.530000,-0.000000,1.570796,1.000000,1.000000,0.741539,1.000000,1.000000,1.000000,0.741539,1.000000,0.991193,0.999821,0.628045,0.986873,10000,10000,8708,10000,10000,10000,8708,10000,9770,0,0,0,5189,-290,-4500,-4500
10.768494,9770,19,1,1,2,60,0,0,0,0,0,0,-1.438757,-2.079049,-1.775835,1.515885,-2.776531,-0.205883,-0.783377,0.306264,2.248144,-3.245507,0.666960,-2.483274,9600,9600,8089,9600,1,398,7,-3.000000,0.060000,1.500000,-0.923728,1.500273,-0.275629,1.783273,9606.556641,9606,0,0.000000,0.000000,0.000000,0.000000,0.000000,0.000000,0.000000,0.000000,0.000000,0.000000,0.000000,0.000000,0,-1.500273,0.923728,-0.275629,1.506574,-2.781405,-0.206045,-0.779424,0.307539,2.250486,-3.304237,0.471142,-2.528627,0.994658,0.999891,0.571005,0.992038,1.470000,1.530000,-0.000000,1.570796,1.000000,1.000000,0.685245,1.000000,1.000000,1.000000,0.685245,1.000000,0.994658,0.999891,0.571005,0.992038,10000,10000,8426,10000,10000,10000,8426,10000,9770,0,0,0,5188,-105,-4500,-4500
10.778264,9770,19,1,1,2,60,0,0,0,0,0,0,-1.423083,-2.106543,-1.777876,1.609721,-2.726978,-0.201993,-0.821724,0.292959,2.225260,-3.079963,0.636964,-2.470648,9600,9600,8052,9600,1,399,7,-3.000000,0.060000,1.500000,-0.896184,1.484693,-0.277673,1.756292,9596.648438,9596,0,0.000000,0.000000,0.000000,0.000000,0.000000,0.000000,0.000000,0.000000,0.000000,0.000000,0.000000,0.000000,0,-1.484693,0.896184,-0.277673,1.600274,-2.731999,-0.202560,-0.817994,0.294330,2.227508,-3.002182,0.459156,-2.447440,0.996760,0.999934,0.492109,0.995171,1.470000,1.530000,-0.000000,1.570796,1.000000,1.000000,0.677319,1.000000,1.000000,1.000000,0.677319,1.000000,0.996760,0.999934,0.492109,0.995171,10000,10000,8387,10000,10000,10000,8387,10000,9770,0,0,0,5188,62,-4500,-4500
10.788034,9770,19,1,1,2,60,0,0,0,0,0,0,-1.406464,-2.133533,-1.779856,1.704970,-2.676037,-0.194265,-0.857602,0.278823,2.203214,-2.866287,0.628985,-2.459662,9600,9600,8075,9600,1,400,7,-3.000000,0.060000,1.500000,-0.869143,1.468168,-0.279662,1.728913,9602.738281,9602,0,0.000000,0.000000,0.000000,0.000000,0.000000,0.000000,0.000000,0.000000,0.000000,0.000000,0.000000,0.000000,0,-1.468168,0.869143,-0.279662,1.695380,-2.681188,-0.195199,-0.854136,0.280269,2.205386,-2.719412,0.567214,-2.514411,0.998035,0.999960,0.438018,0.997071,1.470000,1.530000,-0.000000,1.570796,1.000000,1.000000,0.682191,1.000000,1.000000,1.000000,0.682191,1.000000,0.998035,0.999960,0.438018,0.997071,10000,10000,8411,10000,10000,10000,8411,10000,9770,0,0,0,5193,211,-4500,-4500
10.797804,9770,19,1,1,2,60,0,0,0,0,0,0,-1.388883,-2.160008,-1.781740,1.801699,-2.623898,-0.183104,-0.890653,0.264042,2.181854,-2.618292,0.632622,-2.449535,9600,9599,7980,9600,1,401,7,-3.000000,0.060000,1.500000,-0.842616,1.450685,-0.281557,1.701106,9578.054688,9578,0,0.000000,0.000000,0.000000,0.000000,0.000000,0.000000,0.000000,0.000000,0.000000,0.000000,0.000000,0.000000,0,-1.450685,0.842616,-0.281557,1.791959,-2.629159,-0.184364,-0.887483,0.265545,2.183962,-2.594267,0.649813,-2.426196,0.998808,0.999976,0.409045,0.998223,1.470000,1.530000,-0.000000,1.570796,1.000000,0.999858,0.662586,1.000000,1.000000,0.999858,0.662586,1.000000,0.998808,0.999976,0.409045,0.998223,10000,9999,8313,10000,10000,9999,8313,10000,9770,0,0,0,5197,343,-4500,-4500
10.807574,9770,19,1,1,2,60,0,0,0,0,0,0,-1.370328,-2.185956,-1.783495,1.899783,-2.570857,-0.168782,-0.920606,0.248746,2.161069,-2.340717,0.644621,-2.440044,9503,9156,8028,9600,1,402,7,-3.000000,0.060000,1.500000,-0.816615,1.432227,-0.283326,1.672845,9449.945312,9449,0,0.000000,0.000000,0.000000,0.000000,0.000000,0.000000,0.000000,0.000000,0.000000,0.000000,0.000000,0.000000,0,-1.432227,0.816615,-0.283326,1.889920,-2.576192,-0.170350,-0.917757,0.250295,2.163125,-2.544793,0.856532,-2.412813,0.999277,0.999873,0.376043,0.998922,1.470000,1.530000,-0.000000,1.570796,0.979868,0.907610,0.672478,1.000000,0.979868,0.907610,0.672478,1.000000,0.999277,0.999873,0.376043,0.998922,9899,9538,8362,10000,9899,9538,8362,10000,9770,0,0,0,5217,461,-4500,-4500
10.817344,9770,19,1,1,2,60,0,0,0,0,0,0,-1.350787,-2.211371,-1.785088,1.998420,-2.517533,-0.151072,-0.947122,0.233000,2.140834,-2.020544,0.637921,-2.429577,9261,9511,8026,9600,1,403,7,-3.000000,0.060000,1.500000,-0.791147,1.412786,-0.284937,1.644100,9478.482422,9478,0,0.000000,0.000000,0.000000,0.000000,0.000000,0.000000,0.000000,0.000000,0.000000,0.000000,0.000000,0.000000,0,-1.412786,0.791147,-0.284937,1.988551,-2.522862,-0.152996,-0.944639,0.234597,2.142827,-1.767713,0.593608,-2.345725,0.983719,0.927218,0.363811,0.999346,1.470000,1.530000,-0.000000,1.570796,0.929371,0.981490,0.671925,1.000000,0.929371,0.981490,0.671925,1.000000,0.983719,0.927218,0.363811,0.999346,9647,9907,8360,10000,9647,9907,8360,10000,9770,0,0,0,5229,560,-4500,-4500
10.827114,9770,19,1,1,2,60,0,0,0,0,0,0,-1.330259,-2.236253,-1.786487,2.097411,-2.464228,-0.130377,-0.969853,0.216732,2.121328,-1.691513,0.605906,-2.419843,8976,9504,8001,9600,1,404,7,-3.000000,0.060000,1.500000,-0.766211,1.392357,-0.286357,1.614849,9396.008789,9396,0,0.000000,0.000000,0.000000,0.000000,0.000000,0.000000,0.000000,0.000000,0.000000,0.000000,0.000000,0.000000,0,-1.392357,0.766211,-0.286357,2.087487,-2.469557,-0.132557,-0.967748,0.218383,2.123243,-1.416974,0.663675,-2.314245,0.934544,0.941289,0.355957,0.999604,1.470000,1.530000,-0.000000,1.570796,0.870074,0.979920,0.666813,1.000000,0.870074,0.979920,0.666813,1.000000,0.934544,0.941289,0.355957,0.999604,9350,9900,8334,10000,9350,9900,8334,10000,9770,0,0,0,5240,644,-4500,-4500
10.836884,9770,19,1,1,2,60,0,0,0,0,0,0,-1.308740,-2.260603,-1.787665,2.196519,-2.411208,-0.107126,-0.988942,0.199890,2.102667,-1.389308,0.549918,-2.413383,8859,9248,7887,9600,1,405,7,-3.000000,0.060000,1.500000,-0.741808,1.370936,-0.287558,1.585066,9269.230469,9269,0,0.000000,0.000000,0.000000,0.000000,0.000000,0.000000,0.000000,0.000000,0.000000,0.000000,0.000000,0.000000,0,-1.370936,0.741808,-0.287558,2.186614,-2.416489,-0.109559,-0.987189,0.201603,2.104491,-1.247913,0.646952,-2.449358,0.858055,0.948588,0.347170,0.999759,1.470000,1.530000,-0.000000,1.570796,0.845501,0.926697,0.643186,1.000000,0.845501,0.926697,0.643186,1.000000,0.858055,0.948588,0.347170,0.999759,9228,9633,8216,10000,9228,9633,8216,10000,9770,0,0,0,5265,728,-4500,-4500
10.846654,9770,19,1,1,2,60,0,0,0,0,0,0,-1.286233,-2.284427,-1.788596,2.294903,-2.358939,-0.081277,-1.004581,0.182374,2.085028,-1.096081,0.460466,-2.409691,8738,9263,7749,9600,1,406,7,-3.000000,0.060000,1.500000,-0.717932,1.348527,-0.288515,1.554732,9205.703125,9205,0,0.000000,0.000000,0.000000,0.000000,0.000000,0.000000,0.000000,0.000000,0.000000,0.000000,0.000000,0.000000,0,-1.348527,0.717932,-0.288515,2.285110,-2.364126,-0.083971,-1.003173,0.184160,2.086739,-0.882476,0.469867,-2.290179,0.792325,0.911132,0.323248,0.999854,1.470000,1.530000,-0.000000,1.570796,0.820381,0.929852,0.614329,1.000000,0.820381,0.929852,0.614329,1.000000,0.792325,0.911132,0.323248,0.999854,9102,9649,8072,10000,9102,9649,8072,10000,9770,0,0,0,5292,810,-4500,-4500
10.856424,9770,19,1,1,2,60,0,0,0,0,0,0,-1.262748,-2.307734,-1.789256,2.392127,-2.307620,-0.053101,-1.016732,0.164077,2.068618,-0.796862,0.343573,-2.408730,8520,9139,7812,9600,1,407,7,-3.000000,0.060000,1.500000,-0.694574,1.325140,-0.289202,1.523833,9133.245117,9133,0,0.000000,0.000000,0.000000,0.000000,0.000000,0.000000,0.000000,0.000000,0.000000,0.000000,0.000000,0.000000,0,-1.325140,0.694574,-0.289202,2.382455,-2.312711,-0.056005,-1.015676,0.165944,2.070200,-0.628890,0.490914,-2.339620,0.732690,0.890897,0.286030,0.999911,1.470000,1.530000,-0.000000,1.570796,0.775017,0.904079,0.627500,1.000000,0.775017,0.904079,0.627500,1.000000,0.732690,0.890897,0.286030,0.999911,8875,9520,8137,10000,8875,9520,8137,10000,9770,0,0,0,5309,883,-4500,-4500
10.866194,9770,19,1,1,2,60,0,0,0,0,0,0,-1.238298,-2.330532,-1.789623,2.487970,-2.257286,-0.023029,-1.025373,0.144911,2.053598,-0.498984,0.194305,-2.410626,8702,9063,7435,9600,1,408,7,-3.000000,0.060000,1.500000,-0.671725,1.300786,-0.289600,1.492356,9062.724609,9062,0,0.000000,0.000000,0.000000,0.000000,0.000000,0.000000,0.000000,0.000000,0.000000,0.000000,0.000000,0.000000,0,-1.300786,0.671725,-0.289600,2.478450,-2.262278,-0.026107,-1.024665,0.146871,2.055031,-0.691579,0.267356,-2.329377,0.660821,0.858341,0.273820,0.999946,1.470000,1.530000,-0.000000,1.570796,0.813016,0.888257,0.548907,1.000000,0.813016,0.888257,0.548907,1.000000,0.660821,0.858341,0.273820,0.999946,9065,9441,7745,10000,9065,9441,7745,10000,9770,0,0,0,5340,951,-4500,-4500
10.875964,9770,19,1,1,2,60,0,0,0,0,0,0,-1.212899,-2.352833,-1.789680,2.582217,-2.207904,0.008527,-1.030433,0.124790,2.040124,-0.174705,0.031473,-2.414469,8862,9396,7215,9600,1,409,7,-3.000000,0.060000,1.500000,-0.649375,1.275481,-0.289689,1.460294,9133.764648,9133,0,0.000000,0.000000,0.000000,0.000000,0.000000,0.000000,0.000000,0.000000,0.000000,0.000000,0.000000,0.000000,0,-1.275481,0.649375,-0.289689,2.572864,-2.212804,0.005321,-1.030098,0.126844,2.041404,-0.438286,-0.117544,-2.444298,0.647133,0.826145,0.204567,0.999967,1.470000,1.530000,-0.000000,1.570796,0.846298,0.957428,0.503285,1.000000,0.846298,0.957428,0.503285,1.000000,0.647133,0.826145,0.204567,0.999967,9231,9787,7516,10000,9231,9787,7516,10000,9770,0,0,0,5372,1004,-4500,-4500
10.885734,9770,19,1,1,2,60,0,0,0,0,0,0,-1.186564,-2.374643,-1.789418,2.675377,-2.159082,0.040644,-1.031592,0.103813,2.028018,0.188351,-0.101939,-2.420361,8453,9492,7515,9600,1,410,7,-3.000000,0.060000,1.500000,-0.627516,1.249239,-0.289459,1.427642,9130.178711,9130,0,0.000000,0.000000,0.000000,0.000000,0.000000,0.000000,0.000000,0.000000,0.000000,0.000000,0.000000,0.000000,0,-1.249239,0.627516,-0.289459,2.666093,-2.163951,0.037435,-1.031659,0.105943,2.029180,-0.012366,-0.129967,-2.399526,0.665022,0.861050,0.126661,0.999980,1.470000,1.530000,-0.000000,1.570796,0.760954,0.977658,0.565531,1.000000,0.760954,0.977658,0.565531,1.000000,0.665022,0.861050,0.126661,0.999980,8805,9888,7828,10000,8805,9888,7828,10000,9770,0,0,0,5405,1035,-4500,-4500
10.895504,9770,19,1,1,2,60,0,0,0,0,0,0,-1.159301,-2.395967,-1.788836,2.767694,-2.110579,0.072570,-1.028777,0.082156,2.016932,0.539134,-0.222522,-2.429420,8220,9531,7516,9600,1,411,7,-3.000000,0.060000,1.500000,-0.606144,1.222069,-0.288909,1.394393,9079.682617,9079,0,0.000000,0.000000,0.000000,0.000000,0.000000,0.000000,0.000000,0.000000,0.000000,0.000000,0.000000,0.000000,0,-1.222069,0.606144,-0.288909,2.758506,-2.115416,0.069398,-1.029228,0.084352,2.017997,0.374386,-0.300967,-2.407631,0.608711,0.898141,0.128393,0.999988,1.470000,1.530000,-0.000000,1.570796,0.712322,0.985617,0.565807,1.000000,0.712322,0.985617,0.565807,1.000000,0.608711,0.898141,0.128393,0.999988,8562,9928,7829,10000,8562,9928,7829,10000,9770,0,0,0,5438,1054,-4500,-4500
10.905274,9770,19,1,1,2,60,0,0,0,0,0,0,-1.131123,-2.416807,-1.787937,2.858731,-2.062462,0.104048,-1.022386,0.059789,2.006805,0.845292,-0.358084,-2.442344,8311,9472,7316,9600,1,412,7,-3.000000,0.060000,1.500000,-0.585255,1.193981,-0.288041,1.360545,9036.197266,9036,0,0.000000,0.000000,0.000000,0.000000,0.000000,0.000000,0.000000,0.000000,0.000000,0.000000,0.000000,0.000000,0,-1.193981,0.585255,-0.288041,2.849695,-2.067257,0.100928,-1.023172,0.062061,2.007773,0.508923,-0.464413,-2.424814,0.536286,0.926901,0.129660,0.999993,1.470000,1.530000,-0.000000,1.570796,0.731334,0.973375,0.524250,1.000000,0.731334,0.973375,0.524250,1.000000,0.536286,0.926901,0.129660,0.999993,8657,9867,7621,10000,8657,9867,7621,10000,9770,0,0,0,5470,1075,-4500,-4500
10.915044,9770,19,1,1,2,60,0,0,0,0,0,0,-1.102042,-2.437169,-1.786726,2.948069,-2.014743,0.134884,-1.012792,0.036642,1.997633,1.133992,-0.499855,-2.458071,8202,9360,7506,9600,1,413,7,-3.000000,0.060000,1.500000,-0.564846,1.164990,-0.286861,1.326100,9028.410156,9028,0,0.000000,0.000000,0.000000,0.000000,0.000000,0.000000,0.000000,0.000000,0.000000,0.000000,0.000000,0.000000,0,-1.164990,0.564846,-0.286861,2.939218,-2.019500,0.131838,-1.013892,0.038992,1.998510,0.743740,-0.457743,-2.412571,0.507320,0.934711,0.097726,0.999995,1.470000,1.530000,-0.000000,1.570796,0.708854,0.949994,0.563879,1.000000,0.708854,0.949994,0.563879,1.000000,0.507320,0.934711,0.097726,0.999995,8544,9750,7819,10000,8544,9750,7819,10000,9770,0,0,0,5490,1096,-4500,-4500
10.924814,9770,19,1,1,2,60,0,0,0,0,0,0,-1.072079,-2.457056,-1.785212,3.035503,-1.967296,0.164791,-1.000085,0.012669,1.989370,1.418820,-0.655949,-2.475048,7967,9416,7781,9600,1,414,7,-3.000000,0.060000,1.500000,-0.544912,1.135115,-0.285377,1.291067,9052.859375,9053,0,0.000000,0.000000,0.000000,0.000000,0.000000,0.000000,0.000000,0.000000,0.000000,0.000000,0.000000,0.000000,0,-1.135115,0.544912,-0.285377,3.026848,-1.972034,0.161852,-1.001493,0.015107,1.990153,1.267408,-0.566393,-2.459532,0.472061,0.921049,0.109543,0.999997,1.470000,1.530000,-0.000000,1.570796,0.659706,0.961521,0.621061,1.000000,0.659706,0.961521,0.621061,1.000000,0.472061,0.921049,0.109543,0.999997,8299,9808,8105,10000,8299,9808,8105,10000,9770,0,0,0,5521,1108,-4500,-4500
10.934584,9770,19,1,1,2,60,0,0,0,0,0,0,-1.041252,-2.476468,-1.783406,3.121060,-1.919856,0.193320,-0.984464,-0.012284,1.982133,1.673518,-0.847550,-2.493288,7889,9454,7811,9600,1,415,7,-3.000000,0.060000,1.500000,-0.525452,1.104373,-0.283599,1.255455,9050.500000,9050,0,0.000000,0.000000,0.000000,0.000000,0.000000,0.000000,0.000000,0.000000,0.000000,0.000000,0.000000,0.000000,0,-1.104373,0.525452,-0.283599,3.112589,-1.924608,0.190542,-0.986145,-0.009738,1.982804,1.563613,-0.623723,-2.357809,0.411998,0.921833,0.161709,0.999998,1.470000,1.530000,-0.000000,1.570796,0.643637,0.969597,0.627167,1.000000,0.643637,0.969597,0.627167,1.000000,0.411998,0.921833,0.161709,0.999998,8218,9848,8136,10000,8218,9848,8136,10000,9770,0,0,0,5554,1120,-4500,-4500
10.944354,9770,19,1,1,2,60,0,0,0,0,0,0,-1.009580,-2.495404,-1.781324,3.204679,-1.872138,0.220108,-0.966370,-0.038458,1.976118,1.888157,-1.073823,-2.513160,8482,9600,7241,9600,1,416,7,-3.000000,0.060000,1.500000,-0.506468,1.072784,-0.281544,1.219280,9094.390625,9094,0,0.000000,0.000000,0.000000,0.000000,0.000000,0.000000,0.000000,0.000000,0.000000,0.000000,0.000000,0.000000,0,-1.072784,0.506468,-0.281544,3.196410,-1.876930,0.217514,-0.968279,-0.035779,1.976660,1.568250,-1.142792,-2.444853,0.362923,0.928664,0.198154,0.999999,1.470000,1.530000,-0.000000,1.570796,0.766910,1.000000,0.508603,1.000000,0.766910,1.000000,0.508603,1.000000,0.362923,0.928664,0.198154,0.999999,8835,10000,7543,10000,8835,10000,7543,10000,9770,0,0,0,5583,1135,-4114,-4500
10.954124,9770,19,1,1,2,60,0,0,0,0,0,0,-0.977082,-2.513860,-1.778985,3.286376,-1.823742,0.244754,-0.946004,-0.065946,1.971282,2.120850,-1.276270,-2.533035,8339,9600,7657,9600,1,417,7,-3.000000,0.060000,1.500000,-0.487964,1.040369,-0.279230,1.182558,9165.499023,9165,0,0.000000,0.000000,0.000000,0.000000,0.000000,0.000000,0.000000,0.000000,0.000000,0.000000,0.000000,0.000000,0,-1.040369,0.487964,-0.279230,3.278294,-1.828623,0.242396,-0.948154,-0.063144,1.971726,1.967186,-1.228278,-2.538803,0.430166,0.956732,0.126956,1.000000,1.470000,1.530000,-0.000000,1.570796,0.737233,1.000000,0.595166,1.000000,0.737233,1.000000,0.595166,1.000000,0.430166,0.956732,0.126956,1.000000,8686,10000,7976,10000,8686,10000,7976,10000,9770,0,0,0,5608,1143,-3678,-4500
10.963894,9770,19,1,1,2,60,0,0,0,0,0,0,-0.943778,-2.531826,-1.776414,3.366235,-1.774225,0.266784,-0.923072,-0.094567,1.967207,2.374988,-1.452766,-2.551890,8110,9600,7867,9568,1,418,7,-3.000000,0.060000,1.500000,-0.469948,1.007144,-0.276681,1.145313,9152.453125,9152,0,0.000000,0.000000,0.000000,0.000000,0.000000,0.000000,0.000000,0.000000,0.000000,0.000000,0.000000,0.000000,0,-1.007144,0.469948,-0.276681,3.358338,-1.779236,0.264706,-0.925482,-0.091655,1.967586,2.287035,-1.268776,-2.439850,0.447596,0.973757,0.151893,1.000000,1.470000,1.530000,-0.000000,1.570796,0.689565,1.000000,0.639093,0.993305,0.689565,1.000000,0.639093,0.993305,0.447596,0.973757,0.151893,1.000000,8448,10000,8195,9967,8448,10000,8195,9967,9770,0,0,0,5625,1132,-3255,-4500
10.973664,9770,19,1,1,2,60,0,0,0,0,0,0,-0.909686,-2.549290,-1.773638,3.443844,-1.723419,0.286111,-0.897636,-0.124343,1.963751,2.608397,-1.641887,-2.570645,8292,9600,7548,9116,1,419,7,-3.000000,0.060000,1.500000,-0.452433,0.973130,-0.273924,1.107571,8999.226562,8999,0,0.000000,0.000000,0.000000,0.000000,0.000000,0.000000,0.000000,0.000000,0.000000,0.000000,0.000000,0.000000,0,-0.973130,0.452433,-0.273924,3.436201,-1.728560,0.284297,-0.900283,-0.121309,1.964068,2.459584,-1.666356,-2.712734,0.420657,0.984083,0.201586,0.994731,1.470000,1.530000,-0.000000,1.570796,0.727629,1.000000,0.572557,0.899195,0.727629,1.000000,0.572557,0.899195,0.420657,0.984083,0.201586,0.994731,8638,10000,7863,9496,8638,10000,7863,9496,9770,0,0,0,5649,1114,-2805,-4500
10.983434,9770,19,1,1,2,60,0,0,0,0,0,0,-0.874837,-2.566240,-1.770680,3.518028,-1.671602,0.303447,-0.869985,-0.155323,1.960804,2.816052,-1.810841,-2.587741,7880,9600,7899,8886,1,420,7,-3.000000,0.060000,1.500000,-0.435431,0.938355,-0.270983,1.069365,8922.989258,8923,0,0.000000,0.000000,0.000000,0.000000,0.000000,0.000000,0.000000,0.000000,0.000000,0.000000,0.000000,0.000000,0,-0.938355,0.435431,-0.270983,3.510790,-1.676824,0.301786,-0.872844,-0.152177,1.961088,3.032722,-1.697150,-2.586516,0.434271,0.990346,0.179365,0.917477,1.470000,1.530000,-0.000000,1.570796,0.641507,1.000000,0.645623,0.851261,0.641507,1.000000,0.645623,0.851261,0.434271,0.990346,0.179365,0.917477,8208,10000,8228,9256,8208,10000,8228,9256,9770,0,0,0,5663,1094,-2337,-4500
10.993204,9770,19,1,1,2,60,0,0,0,0,0,0,-0.839268,-2.582667,-1.767557,3.587955,-1.618954,0.319384,-0.840459,-0.187332,1.958013,2.965644,-1.958278,-2.602944,8549,9600,7053,8469,1,421,7,-3.000000,0.060000,1.500000,-0.418952,0.902856,-0.267876,1.030741,8768.688477,8768,0,0.000000,0.000000,0.000000,0.000000,0.000000,0.000000,0.000000,0.000000,0.000000,0.000000,0.000000,0.000000,0,-0.902856,0.418952,-0.267876,3.581158,-1.624261,0.317852,-0.843475,-0.184086,1.958290,2.582730,-2.156462,-2.428203,0.374756,0.994145,0.223387,0.832899,1.470000,1.530000,-0.000000,1.570796,0.781057,1.000000,0.469472,0.764422,0.781057,1.000000,0.469472,0.764422,0.374756,0.994145,0.223387,0.832899,8905,10000,7347,8822,8905,10000,7347,8822,9770,0,0,0,5688,1080,-1868,-4500
11.002974,9770,19,1,1,2,60,0,0,0,0,0,0,-0.803026,-2.598564,-1.764280,3.653083,-1.565592,0.334444,-0.809481,-0.220132,1.955003,3.099599,-2.033116,-2.613718,8030,9600,7532,8206,1,422,7,-3.000000,0.060000,1.500000,-0.403002,0.866679,-0.264614,0.991748,8689.690430,8689,0,0.000000,0.000000,0.000000,0.000000,0.000000,0.000000,0.000000,0.000000,0.000000,0.000000,0.000000,0.000000,0,-0.866679,0.403002,-0.264614,3.646791,-1.570961,0.332971,-0.812653,-0.216837,1.955338,3.231486,-2.188507,-2.647107,0.448476,0.996448,0.111467,0.713263,1.470000,1.530000,-0.000000,1.570796,0.672943,1.000000,0.569225,0.709584,0.672943,1.000000,0.569225,0.709584,0.448476,0.996448,0.111467,0.713263,8365,10000,7846,8548,8365,10000,7846,8548,9770,0,0,0,5702,1068,-1440,-4500
11.012744,9770,19,1,1,2,60,0,0,0,0,0,0,-0.766161,-2.613923,-1.760855,3.713185,-1.511584,0.348956,-0.776919,-0.253089,1.951066,3.206070,-2.039440,-2.619966,7232,9600,8052,8018,1,423,7,-3.000000,0.060000,1.500000,-0.387588,0.829874,-0.261204,0.952440,8568.380859,8568,0,0.000000,0.000000,0.000000,0.000000,0.000000,0.000000,0.000000,0.000000,0.000000,0.000000,0.000000,0.000000,0,-0.829874,0.387588,-0.261204,3.707395,-1.517018,0.347534,-0.780236,-0.249797,1.951513,3.789989,-1.786525,-2.552912,0.408110,0.997846,0.122084,0.597546,1.470000,1.530000,-0.000000,1.570796,0.506629,1.000000,0.677648,0.670428,0.506629,1.000000,0.677648,0.670428,0.408110,0.997846,0.122084,0.597546,7533,10000,8388,8352,7533,10000,8388,8352,9770,0,0,0,5723,1055,-1082,-4500
11.022514,9770,19,1,1,2,60,0,0,0,0,0,0,-0.728722,-2.628740,-1.757287,3.768197,-1.457037,0.363171,-0.743429,-0.285991,1.945966,3.197154,-2.057062,-2.626472,7544,9600,7442,7665,1,424,7,-3.000000,0.060000,1.500000,-0.372717,0.792490,-0.257650,0.912876,8398.375000,8398,0,0.000000,0.000000,0.000000,0.000000,0.000000,0.000000,0.000000,0.000000,0.000000,0.000000,0.000000,0.000000,0,-0.792490,0.372717,-0.257650,3.762919,-1.462518,0.361762,-0.746783,-0.282698,1.946524,3.361392,-1.926075,-2.715508,0.252748,0.998693,0.213846,0.496546,1.470000,1.530000,-0.000000,1.570796,0.571535,1.000000,0.550331,0.596835,0.571535,1.000000,0.550331,0.596835,0.252748,0.998693,0.213846,0.496546,7858,10000,7752,7984,7858,10000,7752,7984,9770,0,0,0,5735,1071,-707,-4500
11.032284,9770,19,1,1,2,60,0,0,0,0,0,0,-0.690762,-2.643008,-1.753576,3.818010,-1.402182,0.377655,-0.710083,-0.318875,1.939727,3.102641,-2.058095,-2.632594,7591,9584,7501,7660,1,425,7,-3.000000,0.060000,1.500000,-0.358394,0.754580,-0.253954,0.873115,8420.791016,8420,0,0.000000,0.000000,0.000000,0.000000,0.000000,0.000000,0.000000,0.000000,0.000000,0.000000,0.000000,0.000000,0,-0.754580,0.358394,-0.253954,3.813256,-1.407682,0.376187,-0.713398,-0.315597,1.940411,3.387155,-1.954388,-2.670280,0.209593,0.999207,0.169312,0.377374,1.470000,1.530000,-0.000000,1.570796,0.581491,0.996666,0.562772,0.595704,0.581491,0.996666,0.562772,0.595704,0.209593,0.999207,0.169312,0.377374,7907,9983,7814,7979,7907,9983,7814,7979,9770,0,0,0,5757,1119,-315,-4500
11.042054,9770,19,1,1,2,60,0,0,0,0,0,0,-0.652330,-2.656726,-1.749719,3.863110,-1.346766,0.392287,-0.677189,-0.351384,1.932064,2.980804,-2.015115,-2.636447,8101,9553,7328,7719,1,426,7,-3.000000,0.060000,1.500000,-0.344621,0.716193,-0.250111,0.833218,8515.798828,8516,0,0.000000,0.000000,0.000000,0.000000,0.000000,0.000000,0.000000,0.000000,0.000000,0.000000,0.000000,0.000000,0,-0.716193,0.344621,-0.250111,3.858791,-1.352347,0.390833,-0.680456,-0.348160,1.932902,2.880661,-1.965783,-2.703879,0.191253,0.996896,0.152090,0.304202,1.470000,1.530000,-0.000000,1.570796,0.687729,0.990142,0.526664,0.608103,0.687729,0.990142,0.526664,0.608103,0.191253,0.996896,0.152090,0.304202,8439,9951,7633,8041,8439,9951,7633,8041,9770,0,0,0,5770,1182,45,-4500
11.051824,9770,19,1,1,2,60,0,0,0,0,0,0,-0.613469,-2.669883,-1.745718,3.904343,-1.290121,0.406279,-0.644591,-0.383113,1.922713,2.884703,-1.923397,-2.636333,8172,9600,7354,7632,1,427,7,-3.000000,0.060000,1.500000,-0.331407,0.677374,-0.246125,0.793248,8530.429688,8530,0,0.000000,0.000000,0.000000,0.000000,0.000000,0.000000,0.000000,0.000000,0.000000,0.000000,0.000000,0.000000,0,-0.677374,0.331407,-0.246125,3.900378,-1.295853,0.404923,-0.647856,-0.379990,1.923733,2.951604,-2.077713,-2.641264,0.263732,0.990360,0.113230,0.269579,1.470000,1.530000,-0.000000,1.570796,0.702424,1.000000,0.531958,0.589962,0.702424,1.000000,0.531958,0.589962,0.263732,0.990360,0.113230,0.269579,8512,10000,7660,7950,8512,10000,7660,7950,9770,0,0,0,5792,1245,365,-4500
11.061594,9770,19,1,1,2,60,0,0,0,0,0,0,-0.574215,-2.682466,-1.741583,3.942138,-1.231957,0.419287,-0.611659,-0.413538,1.911372,2.831740,-1.778254,-2.631469,7981,9585,7597,7667,1,428,7,-3.000000,0.060000,1.500000,-0.318766,0.638157,-0.242002,0.753274,8549.420898,8549,0,0.000000,0.000000,0.000000,0.000000,0.000000,0.000000,0.000000,0.000000,0.000000,0.000000,0.000000,0.000000,0,-0.638157,0.318766,-0.242002,3.938510,-1.237840,0.418028,-0.614984,-0.410569,1.912603,2.920854,-1.727899,-2.643709,0.319257,0.994153,0.093827,0.234302,1.470000,1.530000,-0.000000,1.570796,0.662837,0.996765,0.582710,0.597224,0.662837,0.996765,0.582710,0.597224,0.319257,0.994153,0.093827,0.234302,8314,9984,7914,7986,8314,9984,7914,7986,9770,0,0,0,5806,1295,628,-4500
11.071364,9770,19,1,1,2,60,0,0,0,0,0,0,-0.534602,-2.694459,-1.737323,3.976620,-1.172338,0.431336,-0.577929,-0.442216,1.897836,2.793753,-1.608069,-2.623892,8289,9600,7148,7422,1,429,7,-3.000000,0.060000,1.500000,-0.306714,0.598578,-0.237755,0.713370,8452.728516,8452,0,0.000000,0.000000,0.000000,0.000000,0.000000,0.000000,0.000000,0.000000,0.000000,0.000000,0.000000,0.000000,0,-0.598578,0.306714,-0.237755,3.973319,-1.178361,0.430172,-0.581343,-0.439433,1.899290,2.531492,-1.938770,-2.642045,0.321782,0.993909,0.121996,0.218621,1.470000,1.530000,-0.000000,1.570796,0.726705,1.000000,0.489277,0.546201,0.726705,1.000000,0.489277,0.546201,0.321782,0.993909,0.121996,0.218621,8634,10000,7446,7731,8634,10000,7446,7731,9770,0,0,0,5817,1336,848,-4500
11.081134,9770,19,1,1,2,60,0,0,0,0,0,0,-0.494662,-2.705849,-1.732946,4.007676,-1.111698,0.442922,-0.543123,-0.468803,1.882004,2.781078,-1.394121,-2.612939,7720,9596,7708,7541,1,430,7,-3.000000,0.060000,1.500000,-0.295262,0.558669,-0.233389,0.673618,8480.242188,8480,0,0.000000,0.000000,0.000000,0.000000,0.000000,0.000000,0.000000,0.000000,0.000000,0.000000,0.000000,0.000000,0,-0.558669,0.295262,-0.233389,4.004727,-1.117795,0.441772,-0.546667,-0.466256,1.883698,2.896914,-1.499098,-2.439093,0.373573,0.996305,0.065556,0.168958,1.470000,1.530000,-0.000000,1.570796,0.608386,0.999110,0.605704,0.570993,0.608386,0.999110,0.605704,0.570993,0.373573,0.996305,0.065556,0.168958,8042,9996,8029,7855,8042,9996,8029,7855,9770,0,0,0,5837,1365,1015,-4500
11.090904,9770,19,1,1,2,60,0,0,0,0,0,0,-0.454430,-2.716629,-1.728454,4.035345,-1.050319,0.454193,-0.506930,-0.492829,1.863737,2.761867,-1.166884,-2.601084,7374,9361,7938,7601,1,431,7,-3.000000,0.060000,1.500000,-0.284421,0.518465,-0.228909,0.634114,8405.068359,8404,0,0.000000,0.000000,0.000000,0.000000,0.000000,0.000000,0.000000,0.000000,0.000000,0.000000,0.000000,0.000000,0,-0.518465,0.284421,-0.228909,4.032725,-1.056489,0.453086,-0.510604,-0.490543,1.865669,2.883412,-1.050964,-2.533934,0.311877,0.997059,0.122944,0.158345,1.470000,1.530000,-0.000000,1.570796,0.536250,0.950217,0.653893,0.583696,0.536250,0.950217,0.653893,0.583696,0.311877,0.997059,0.122944,0.158345,7681,9751,8269,7918,7681,9751,8269,7918,9770,0,0,0,5848,1388,1134,-4500
11.100674,9770,19,1,1,2,60,0,0,0,0,0,0,-0.413940,-2.726793,-1.723851,4.059650,-0.988565,0.465390,-0.469711,-0.514389,1.843261,2.704094,-0.986428,-2.591798,7353,9042,7846,7585,1,432,7,-3.000000,0.060000,1.500000,-0.274196,0.478000,-0.224316,0.594966,8288.031250,8288,0,0.000000,0.000000,0.000000,0.000000,0.000000,0.000000,0.000000,0.000000,0.000000,0.000000,0.000000,0.000000,0,-0.478000,0.274196,-0.224316,4.057370,-0.994747,0.464265,-0.473464,-0.512333,1.845397,2.758054,-0.957308,-2.692136,0.217689,0.959039,0.195674,0.161905,1.470000,1.530000,-0.000000,1.570796,0.531848,0.883790,0.634528,0.580259,0.531848,0.883790,0.634528,0.580259,0.217689,0.959039,0.195674,0.161905,7659,9419,8173,7901,7659,9419,8173,7901,9770,0,0,0,5870,1417,1286,-4500
11.110444,9770,19,1,1,2,60,0,0,0,0,0,0,-0.373226,-2.736340,-1.719133,4.080520,-0.927030,0.477216,-0.431873,-0.533879,1.820954,2.638278,-0.859826,-2.584409,7605,9013,7777,7666,1,433,7,-3.000000,0.060000,1.500000,-0.264587,0.437306,-0.219610,0.556302,8349.411133,8349,0,0.000000,0.000000,0.000000,0.000000,0.000000,0.000000,0.000000,0.000000,0.000000,0.000000,0.000000,0.000000,0,-0.437306,0.264587,-0.219610,4.078585,-0.933166,0.475996,-0.435682,-0.532012,1.823258,2.552074,-0.935883,-2.545606,0.157097,0.883706,0.224548,0.161359,1.470000,1.530000,-0.000000,1.570796,0.584422,0.877857,0.620167,0.597083,0.584422,0.877857,0.620167,0.597083,0.157097,0.883706,0.224548,0.161359,7922,9389,8101,7985,7922,9389,8101,7985,9770,0,0,0,5881,1440,1510,-4500
11.120214,9770,19,1,1,2,60,0,0,0,0,0,0,-0.332321,-2.745272,-1.714293,4.098200,-0.865610,0.489469,-0.393406,-0.551592,1.797119,2.602598,-0.760420,-2.576857,7596,8937,8077,7853,1,434,7,-3.000000,0.060000,1.500000,-0.255593,0.396419,-0.214783,0.518274,8454.048828,8454,0,0.000000,0.000000,0.000000,0.000000,0.000000,0.000000,0.000000,0.000000,0.000000,0.000000,0.000000,0.000000,0,-0.396419,0.255593,-0.214783,4.096566,-0.871758,0.488241,-0.397289,-0.549898,1.799566,2.504474,-0.597119,-2.619172,0.161719,0.833345,0.230759,0.174268,1.470000,1.530000,-0.000000,1.570796,0.582598,0.861737,0.682881,0.636024,0.582598,0.861737,0.682881,0.636024,0.161719,0.833345,0.230759,0.174268,7913,9309,8414,8180,7913,9309,8414,8180,9770,0,0,0,5894,1453,1768,-4500
11.129984,9770,19,1,1,2,60,0,0,0,0,0,0,-0.291255,-2.753589,-1.709333,4.113036,-0.803716,0.501300,-0.354049,-0.567666,1.771954,2.600757,-0.688221,-2.568896,7618,9003,8019,7713,1,435,7,-3.000000,0.060000,1.500000,-0.247215,0.355368,-0.209834,0.481074,8425.166016,8425,0,0.000000,0.000000,0.000000,0.000000,0.000000,0.000000,0.000000,0.000000,0.000000,0.000000,0.000000,0.000000,0,-0.355368,0.247215,-0.209834,4.111676,-0.809936,0.500149,-0.358030,-0.566126,1.774523,2.486069,-0.623166,-2.583856,0.163087,0.790114,0.283879,0.212741,1.470000,1.530000,-0.000000,1.570796,0.586967,0.875694,0.670616,0.606856,0.586967,0.875694,0.670616,0.606856,0.163087,0.790114,0.283879,0.212741,7935,9378,8353,8034,7935,9378,8353,8034,9770,0,0,0,5916,1452,2057,-4500
11.139754,9770,19,1,1,2,60,0,0,0,0,0,0,-0.250056,-2.761283,-1.704257,4.125076,-0.741303,0.512633,-0.313663,-0.582277,1.745653,2.615172,-0.631581,-2.560252,7314,9010,8147,7484,1,436,7,-3.000000,0.060000,1.500000,-0.239458,0.314181,-0.204770,0.444951,8321.548828,8321,0,0.000000,0.000000,0.000000,0.000000,0.000000,0.000000,0.000000,0.000000,0.000000,0.000000,0.000000,0.000000,0,-0.314181,0.239458,-0.204770,4.124000,-0.747560,0.511512,-0.317749,-0.580882,1.748331,2.861712,-0.537631,-2.735999,0.167355,0.774876,0.306446,0.213123,1.470000,1.530000,-0.000000,1.570796,0.523711,0.876998,0.697237,0.559291,0.523711,0.876998,0.697237,0.559291,0.167355,0.774876,0.306446,0.213123,7619,9385,8486,7796,7619,9385,8486,7796,9770,0,0,0,5926,1440,2372,-4500
11.149524,9770,19,1,1,2,60,0,0,0,0,0,0,-0.208753,-2.768352,-1.699068,4.134194,-0.678874,0.524164,-0.272338,-0.595420,1.718329,2.607780,-0.578421,-2.550918,7263,9057,8056,7380,1,437,7,-3.000000,0.060000,1.500000,-0.232327,0.272887,-0.199592,0.410219,8270.188477,8270,0,0.000000,0.000000,0.000000,0.000000,0.000000,0.000000,0.000000,0.000000,0.000000,0.000000,0.000000,0.000000,0,-0.272887,0.232327,-0.199592,4.133415,-0.685108,0.522988,-0.276501,-0.594172,1.721104,2.706511,-0.399045,-2.468262,0.120165,0.766661,0.341082,0.175924,1.470000,1.530000,-0.000000,1.570796,0.513228,0.886824,0.678495,0.537603,0.513228,0.886824,0.678495,0.537603,0.120165,0.766661,0.341082,0.175924,7566,9434,8392,7688,7566,9434,8392,7688,9770,0,0,0,5948,1425,2698,-4500
11.159294,9770,19,1,1,2,60,0,0,0,0,0,0,-0.167375,-2.774799,-1.693760,4.140382,-0.616758,0.536349,-0.230498,-0.607051,1.690083,2.563250,-0.519241,-2.540985,7308,9082,7720,6983,1,438,7,-3.000000,0.060000,1.500000,-0.225818,0.231515,-0.194296,0.377285,8097.049805,8097,0,0.000000,0.000000,0.000000,0.000000,0.000000,0.000000,0.000000,0.000000,0.000000,0.000000,0.000000,0.000000,0,-0.231515,0.225818,-0.194296,4.139893,-0.622955,0.535100,-0.234693,-0.605960,1.692947,2.864239,-0.690090,-2.639163,0.083294,0.769410,0.347341,0.136295,1.470000,1.530000,-0.000000,1.570796,0.522491,0.891953,0.608493,0.454702,0.522491,0.891953,0.608493,0.454702,0.083294,0.769410,0.347341,0.136295,7612,9460,8042,7274,7612,9460,8042,7274,9770,0,0,0,5962,1419,3018,-4500
11.169064,9770,19,1,1,2,60,0,0,0,0,0,0,-0.125950,-2.780629,-1.688324,4.143683,-0.555442,0.549868,-0.188522,-0.616907,1.660989,2.491844,-0.418785,-2.528650,7248,9104,7858,7119,1,439,7,-3.000000,0.060000,1.500000,-0.219927,0.190094,-0.188873,0.346665,8158.439453,8158,0,0.000000,0.000000,0.000000,0.000000,0.000000,0.000000,0.000000,0.000000,0.000000,0.000000,0.000000,0.000000,0,-0.190094,0.219927,-0.188873,4.143479,-0.561528,0.548444,-0.192717,-0.616016,